<?xml version="1.0" encoding="utf-8"?>
<!-- Generated by PRONEXUS WORKS --><link:linkbase xmlns:link="http://www.xbrl.org/2003/linkbase" xmlns:xsi="http://www.w3.org/2001/XMLSchema-instance" xmlns:xbrli="http://www.xbrl.org/2003/instance" xmlns:xlink="http://www.w3.org/1999/xlink">  <link:labelLink xlink:type="extended" xlink:role="http://www.xbrl.org/2003/role/link">    <link:loc xlink:type="locator" xlink:href="tse-qcedjpfr-87690-2022-09-30-01-2022-11-04.xsd#tse-qcedjpfr-87690_DepositsForInsuranceCompanyDebitCA" xlink:label="DepositsForInsuranceCompanyDebitCA" />    <link:loc xlink:type="locator" xlink:href="tse-qcedjpfr-87690-2022-09-30-01-2022-11-04.xsd#tse-qcedjpfr-87690_DepositForInsuranceCompanyCreditCL" xlink:label="DepositForInsuranceCompanyCreditCL" />    <link:label xlink:type="resource" xlink:label="label_DepositsForInsuranceCompanyDebitCA" xml:lang="en" xlink:role="http://www.xbrl.org/2003/role/label" id="label_DepositsForInsuranceCompanyDebitCA">Deposits for insurance company(debit)</link:label>    <link:labelArc xlink:type="arc" xlink:arcrole="http://www.xbrl.org/2003/arcrole/concept-label" xlink:from="DepositsForInsuranceCompanyDebitCA" xlink:to="label_DepositsForInsuranceCompanyDebitCA" />    <link:label xlink:type="resource" xlink:label="label_DepositsForInsuranceCompanyDebitCA_2" xml:lang="en" xlink:role="http://www.xbrl.org/2003/role/verboseLabel" id="label_DepositsForInsuranceCompanyDebitCA_2">Deposits for insurance company(debit)-CA</link:label>    <link:labelArc xlink:type="arc" xlink:arcrole="http://www.xbrl.org/2003/arcrole/concept-label" xlink:from="DepositsForInsuranceCompanyDebitCA" xlink:to="label_DepositsForInsuranceCompanyDebitCA_2" />    <link:label xlink:type="resource" xlink:label="label_DepositForInsuranceCompanyCreditCL" xml:lang="en" xlink:role="http://www.xbrl.org/2003/role/label" id="label_DepositForInsuranceCompanyCreditCL">Deposit for insurance company(credit)</link:label>    <link:labelArc xlink:type="arc" xlink:arcrole="http://www.xbrl.org/2003/arcrole/concept-label" xlink:from="DepositForInsuranceCompanyCreditCL" xlink:to="label_DepositForInsuranceCompanyCreditCL" />    <link:label xlink:type="resource" xlink:label="label_DepositForInsuranceCompanyCreditCL_2" xml:lang="en" xlink:role="http://www.xbrl.org/2003/role/verboseLabel" id="label_DepositForInsuranceCompanyCreditCL_2">Deposit for insurance company(credit)-CL</link:label>    <link:labelArc xlink:type="arc" xlink:arcrole="http://www.xbrl.org/2003/arcrole/concept-label" xlink:from="DepositForInsuranceCompanyCreditCL" xlink:to="label_DepositForInsuranceCompanyCreditCL_2" />  </link:labelLink></link:linkbase>