<?xml version="1.0" encoding="utf-8"?>
<!-- Generated by PRONEXUS WORKS --><link:linkbase xmlns:link="http://www.xbrl.org/2003/linkbase" xmlns:xsi="http://www.w3.org/2001/XMLSchema-instance" xmlns:xbrli="http://www.xbrl.org/2003/instance" xmlns:xlink="http://www.w3.org/1999/xlink" xmlns:xbrldt="http://xbrl.org/2005/xbrldt">  <link:roleRef xlink:type="simple" roleURI="http://disclosure.edinet-fsa.go.jp/role/jpigp/rol_CondensedQuarterlyConsolidatedStatementOfCashFlowsIFRS" xlink:href="http://disclosure.edinet-fsa.go.jp/taxonomy/jpigp/2020-11-01/jpigp_rt_2020-11-01.xsd#rol_CondensedQuarterlyConsolidatedStatementOfCashFlowsIFRS" />  <link:roleRef xlink:type="simple" roleURI="http://disclosure.edinet-fsa.go.jp/role/jpigp/rol_CondensedQuarterlyConsolidatedStatementOfChangesInEquityIFRS" xlink:href="http://disclosure.edinet-fsa.go.jp/taxonomy/jpigp/2020-11-01/jpigp_rt_2020-11-01.xsd#rol_CondensedQuarterlyConsolidatedStatementOfChangesInEquityIFRS" />  <link:roleRef xlink:type="simple" roleURI="http://disclosure.edinet-fsa.go.jp/role/jpigp/rol_CondensedYearToQuarterEndConsolidatedStatementOfComprehensiveIncomeIFRS" xlink:href="http://disclosure.edinet-fsa.go.jp/taxonomy/jpigp/2020-11-01/jpigp_rt_2020-11-01.xsd#rol_CondensedYearToQuarterEndConsolidatedStatementOfComprehensiveIncomeIFRS" />  <link:roleRef xlink:type="simple" roleURI="http://disclosure.edinet-fsa.go.jp/role/jpigp/rol_CondensedQuarterlyConsolidatedStatementOfFinancialPositionIFRS" xlink:href="http://disclosure.edinet-fsa.go.jp/taxonomy/jpigp/2020-11-01/jpigp_rt_2020-11-01.xsd#rol_CondensedQuarterlyConsolidatedStatementOfFinancialPositionIFRS" />  <link:roleRef xlink:type="simple" roleURI="http://disclosure.edinet-fsa.go.jp/role/jpigp/rol_CondensedYearToQuarterEndConsolidatedStatementOfProfitOrLossIFRS" xlink:href="http://disclosure.edinet-fsa.go.jp/taxonomy/jpigp/2020-11-01/jpigp_rt_2020-11-01.xsd#rol_CondensedYearToQuarterEndConsolidatedStatementOfProfitOrLossIFRS" />  <link:arcroleRef xlink:type="simple" arcroleURI="http://xbrl.org/int/dim/arcrole/hypercube-dimension" xlink:href="http://www.xbrl.org/2005/xbrldt-2005.xsd#hypercube-dimension" />  <link:arcroleRef xlink:type="simple" arcroleURI="http://xbrl.org/int/dim/arcrole/domain-member" xlink:href="http://www.xbrl.org/2005/xbrldt-2005.xsd#domain-member" />  <link:arcroleRef xlink:type="simple" arcroleURI="http://xbrl.org/int/dim/arcrole/dimension-domain" xlink:href="http://www.xbrl.org/2005/xbrldt-2005.xsd#dimension-domain" />  <link:arcroleRef xlink:type="simple" arcroleURI="http://xbrl.org/int/dim/arcrole/dimension-default" xlink:href="http://www.xbrl.org/2005/xbrldt-2005.xsd#dimension-default" />  <link:arcroleRef xlink:type="simple" arcroleURI="http://xbrl.org/int/dim/arcrole/all" xlink:href="http://www.xbrl.org/2005/xbrldt-2005.xsd#all" />  <link:definitionLink xlink:type="extended" xlink:role="http://disclosure.edinet-fsa.go.jp/role/jpigp/rol_CondensedYearToQuarterEndConsolidatedStatementOfProfitOrLossIFRS">    <link:loc xlink:type="locator" xlink:href="http://disclosure.edinet-fsa.go.jp/taxonomy/jpigp/2020-11-01/jpigp_cor_2020-11-01.xsd#jpigp_cor_CondensedYearToQuarterEndConsolidatedStatementOfProfitOrLossIFRSHeading" xlink:label="CondensedYearToQuarterEndConsolidatedStatementOfProfitOrLossIFRSHeading" />    <link:loc xlink:type="locator" xlink:href="http://disclosure.edinet-fsa.go.jp/taxonomy/jpigp/2020-11-01/jpigp_cor_2020-11-01.xsd#jpigp_cor_StatementOfProfitOrLossIFRSTable" xlink:label="StatementOfProfitOrLossIFRSTable_2" />    <link:definitionArc xlink:type="arc" xbrldt:contextElement="scenario" xbrldt:closed="true" xlink:arcrole="http://xbrl.org/int/dim/arcrole/all" xlink:from="CondensedYearToQuarterEndConsolidatedStatementOfProfitOrLossIFRSHeading" xlink:to="StatementOfProfitOrLossIFRSTable_2" order="1.0" />    <link:loc xlink:type="locator" xlink:href="http://disclosure.edinet-fsa.go.jp/taxonomy/jpigp/2020-11-01/jpigp_cor_2020-11-01.xsd#jpigp_cor_StatementOfProfitOrLossIFRSTable" xlink:label="StatementOfProfitOrLossIFRSTable" />    <link:loc xlink:type="locator" xlink:href="http://disclosure.edinet-fsa.go.jp/taxonomy/jppfs/2020-11-01/jppfs_cor_2020-11-01.xsd#jppfs_cor_ConsolidatedOrNonConsolidatedAxis" xlink:label="ConsolidatedOrNonConsolidatedAxis_2" />    <link:definitionArc xlink:type="arc" xlink:arcrole="http://xbrl.org/int/dim/arcrole/hypercube-dimension" xlink:from="StatementOfProfitOrLossIFRSTable" xlink:to="ConsolidatedOrNonConsolidatedAxis_2" order="1.0" />    <link:loc xlink:type="locator" xlink:href="http://disclosure.edinet-fsa.go.jp/taxonomy/jppfs/2020-11-01/jppfs_cor_2020-11-01.xsd#jppfs_cor_ConsolidatedOrNonConsolidatedAxis" xlink:label="ConsolidatedOrNonConsolidatedAxis" />    <link:loc xlink:type="locator" xlink:href="http://disclosure.edinet-fsa.go.jp/taxonomy/jppfs/2020-11-01/jppfs_cor_2020-11-01.xsd#jppfs_cor_ConsolidatedMember" xlink:label="ConsolidatedMember_2" />    <link:definitionArc xlink:type="arc" xlink:arcrole="http://xbrl.org/int/dim/arcrole/dimension-domain" xlink:from="ConsolidatedOrNonConsolidatedAxis" xlink:to="ConsolidatedMember_2" order="1.0" />    <link:loc xlink:type="locator" xlink:href="http://disclosure.edinet-fsa.go.jp/taxonomy/jppfs/2020-11-01/jppfs_cor_2020-11-01.xsd#jppfs_cor_ConsolidatedMember" xlink:label="ConsolidatedMember" />    <link:definitionArc xlink:type="arc" xlink:arcrole="http://xbrl.org/int/dim/arcrole/dimension-default" xlink:from="ConsolidatedOrNonConsolidatedAxis" xlink:to="ConsolidatedMember" order="2.0" />    <link:loc xlink:type="locator" xlink:href="http://disclosure.edinet-fsa.go.jp/taxonomy/jpigp/2020-11-01/jpigp_cor_2020-11-01.xsd#jpigp_cor_StatementOfProfitOrLossIFRSLineItems" xlink:label="StatementOfProfitOrLossIFRSLineItems_2" />    <link:definitionArc xlink:type="arc" xlink:arcrole="http://xbrl.org/int/dim/arcrole/domain-member" xlink:from="CondensedYearToQuarterEndConsolidatedStatementOfProfitOrLossIFRSHeading" xlink:to="StatementOfProfitOrLossIFRSLineItems_2" order="2.0" />    <link:loc xlink:type="locator" xlink:href="http://disclosure.edinet-fsa.go.jp/taxonomy/jpigp/2020-11-01/jpigp_cor_2020-11-01.xsd#jpigp_cor_StatementOfProfitOrLossIFRSLineItems" xlink:label="StatementOfProfitOrLossIFRSLineItems" />    <link:loc xlink:type="locator" xlink:href="tse-qcediffr-45960-2022-09-30-01-2022-11-11.xsd#tse-qcediffr-45960_OperatingRevenueIFRS" xlink:label="OperatingRevenueIFRS" />    <link:definitionArc xlink:type="arc" xlink:arcrole="http://xbrl.org/int/dim/arcrole/domain-member" xlink:from="StatementOfProfitOrLossIFRSLineItems" xlink:to="OperatingRevenueIFRS" order="1.0" />    <link:loc xlink:type="locator" xlink:href="tse-qcediffr-45960-2022-09-30-01-2022-11-11.xsd#tse-qcediffr-45960_ExpensesIFRSAbstract" xlink:label="ExpensesIFRSAbstract_2" />    <link:definitionArc xlink:type="arc" xlink:arcrole="http://xbrl.org/int/dim/arcrole/domain-member" xlink:from="StatementOfProfitOrLossIFRSLineItems" xlink:to="ExpensesIFRSAbstract_2" order="2.0" />    <link:loc xlink:type="locator" xlink:href="tse-qcediffr-45960-2022-09-30-01-2022-11-11.xsd#tse-qcediffr-45960_ExpensesIFRSAbstract" xlink:label="ExpensesIFRSAbstract" />    <link:loc xlink:type="locator" xlink:href="http://disclosure.edinet-fsa.go.jp/taxonomy/jpigp/2020-11-01/jpigp_cor_2020-11-01.xsd#jpigp_cor_CostOfSalesIFRS" xlink:label="CostOfSalesIFRS" />    <link:definitionArc xlink:type="arc" xlink:arcrole="http://xbrl.org/int/dim/arcrole/domain-member" xlink:from="ExpensesIFRSAbstract" xlink:to="CostOfSalesIFRS" order="1.0" />    <link:loc xlink:type="locator" xlink:href="http://disclosure.edinet-fsa.go.jp/taxonomy/jpigp/2020-11-01/jpigp_cor_2020-11-01.xsd#jpigp_cor_ResearchAndDevelopmentExpenditureRecognizedAsExpenseDuringPeriodIFRS" xlink:label="ResearchAndDevelopmentExpenditureRecognizedAsExpenseDuringPeriodIFRS" />    <link:definitionArc xlink:type="arc" xlink:arcrole="http://xbrl.org/int/dim/arcrole/domain-member" xlink:from="ExpensesIFRSAbstract" xlink:to="ResearchAndDevelopmentExpenditureRecognizedAsExpenseDuringPeriodIFRS" order="2.0" />    <link:loc xlink:type="locator" xlink:href="http://disclosure.edinet-fsa.go.jp/taxonomy/jpigp/2020-11-01/jpigp_cor_2020-11-01.xsd#jpigp_cor_SellingGeneralAndAdministrativeExpensesIFRS" xlink:label="SellingGeneralAndAdministrativeExpensesIFRS" />    <link:definitionArc xlink:type="arc" xlink:arcrole="http://xbrl.org/int/dim/arcrole/domain-member" xlink:from="ExpensesIFRSAbstract" xlink:to="SellingGeneralAndAdministrativeExpensesIFRS" order="3.0" />    <link:loc xlink:type="locator" xlink:href="tse-qcediffr-45960-2022-09-30-01-2022-11-11.xsd#tse-qcediffr-45960_TotalExpensesIFRS" xlink:label="TotalExpensesIFRS" />    <link:definitionArc xlink:type="arc" xlink:arcrole="http://xbrl.org/int/dim/arcrole/domain-member" xlink:from="ExpensesIFRSAbstract" xlink:to="TotalExpensesIFRS" order="4.0" />    <link:loc xlink:type="locator" xlink:href="http://disclosure.edinet-fsa.go.jp/taxonomy/jpigp/2020-11-01/jpigp_cor_2020-11-01.xsd#jpigp_cor_OtherOperatingIncomeIFRS" xlink:label="OtherOperatingIncomeIFRS" />    <link:definitionArc xlink:type="arc" xlink:arcrole="http://xbrl.org/int/dim/arcrole/domain-member" xlink:from="StatementOfProfitOrLossIFRSLineItems" xlink:to="OtherOperatingIncomeIFRS" order="3.0" />    <link:loc xlink:type="locator" xlink:href="http://disclosure.edinet-fsa.go.jp/taxonomy/jpigp/2020-11-01/jpigp_cor_2020-11-01.xsd#jpigp_cor_OperatingProfitLossIFRS" xlink:label="OperatingProfitLossIFRS" />    <link:definitionArc xlink:type="arc" xlink:arcrole="http://xbrl.org/int/dim/arcrole/domain-member" xlink:from="StatementOfProfitOrLossIFRSLineItems" xlink:to="OperatingProfitLossIFRS" order="4.0" />    <link:loc xlink:type="locator" xlink:href="tse-qcediffr-45960-2022-09-30-01-2022-11-11.xsd#tse-qcediffr-45960_OtherIncomeAndExpenseNetIFRSAbstract" xlink:label="OtherIncomeAndExpenseNetIFRSAbstract_2" />    <link:definitionArc xlink:type="arc" xlink:arcrole="http://xbrl.org/int/dim/arcrole/domain-member" xlink:from="StatementOfProfitOrLossIFRSLineItems" xlink:to="OtherIncomeAndExpenseNetIFRSAbstract_2" order="5.0" />    <link:loc xlink:type="locator" xlink:href="tse-qcediffr-45960-2022-09-30-01-2022-11-11.xsd#tse-qcediffr-45960_OtherIncomeAndExpenseNetIFRSAbstract" xlink:label="OtherIncomeAndExpenseNetIFRSAbstract" />    <link:loc xlink:type="locator" xlink:href="http://disclosure.edinet-fsa.go.jp/taxonomy/jpigp/2020-11-01/jpigp_cor_2020-11-01.xsd#jpigp_cor_FinanceIncomeIFRS" xlink:label="FinanceIncomeIFRS" />    <link:definitionArc xlink:type="arc" xlink:arcrole="http://xbrl.org/int/dim/arcrole/domain-member" xlink:from="OtherIncomeAndExpenseNetIFRSAbstract" xlink:to="FinanceIncomeIFRS" order="1.0" />    <link:loc xlink:type="locator" xlink:href="http://disclosure.edinet-fsa.go.jp/taxonomy/jpigp/2020-11-01/jpigp_cor_2020-11-01.xsd#jpigp_cor_FinanceCostsIFRS" xlink:label="FinanceCostsIFRS" />    <link:definitionArc xlink:type="arc" xlink:arcrole="http://xbrl.org/int/dim/arcrole/domain-member" xlink:from="OtherIncomeAndExpenseNetIFRSAbstract" xlink:to="FinanceCostsIFRS" order="2.0" />    <link:loc xlink:type="locator" xlink:href="http://disclosure.edinet-fsa.go.jp/taxonomy/jpigp/2020-11-01/jpigp_cor_2020-11-01.xsd#jpigp_cor_OtherIncomeIFRS" xlink:label="OtherIncomeIFRS" />    <link:definitionArc xlink:type="arc" xlink:arcrole="http://xbrl.org/int/dim/arcrole/domain-member" xlink:from="OtherIncomeAndExpenseNetIFRSAbstract" xlink:to="OtherIncomeIFRS" order="3.0" />    <link:loc xlink:type="locator" xlink:href="http://disclosure.edinet-fsa.go.jp/taxonomy/jpigp/2020-11-01/jpigp_cor_2020-11-01.xsd#jpigp_cor_OtherIncomeAndExpensesNetIFRS" xlink:label="OtherIncomeAndExpensesNetIFRS" />    <link:definitionArc xlink:type="arc" xlink:arcrole="http://xbrl.org/int/dim/arcrole/domain-member" xlink:from="OtherIncomeAndExpenseNetIFRSAbstract" xlink:to="OtherIncomeAndExpensesNetIFRS" order="4.0" />    <link:loc xlink:type="locator" xlink:href="http://disclosure.edinet-fsa.go.jp/taxonomy/jpigp/2020-11-01/jpigp_cor_2020-11-01.xsd#jpigp_cor_ProfitLossBeforeTaxIFRS" xlink:label="ProfitLossBeforeTaxIFRS" />    <link:definitionArc xlink:type="arc" xlink:arcrole="http://xbrl.org/int/dim/arcrole/domain-member" xlink:from="StatementOfProfitOrLossIFRSLineItems" xlink:to="ProfitLossBeforeTaxIFRS" order="6.0" />    <link:loc xlink:type="locator" xlink:href="http://disclosure.edinet-fsa.go.jp/taxonomy/jpigp/2020-11-01/jpigp_cor_2020-11-01.xsd#jpigp_cor_ProfitLossIFRS" xlink:label="ProfitLossIFRS" />    <link:definitionArc xlink:type="arc" xlink:arcrole="http://xbrl.org/int/dim/arcrole/domain-member" xlink:from="StatementOfProfitOrLossIFRSLineItems" xlink:to="ProfitLossIFRS" order="7.0" />    <link:loc xlink:type="locator" xlink:href="http://disclosure.edinet-fsa.go.jp/taxonomy/jpigp/2020-11-01/jpigp_cor_2020-11-01.xsd#jpigp_cor_ProfitLossAttributableToIFRSAbstract" xlink:label="ProfitLossAttributableToIFRSAbstract_2" />    <link:definitionArc xlink:type="arc" xlink:arcrole="http://xbrl.org/int/dim/arcrole/domain-member" xlink:from="StatementOfProfitOrLossIFRSLineItems" xlink:to="ProfitLossAttributableToIFRSAbstract_2" order="8.0" />    <link:loc xlink:type="locator" xlink:href="http://disclosure.edinet-fsa.go.jp/taxonomy/jpigp/2020-11-01/jpigp_cor_2020-11-01.xsd#jpigp_cor_ProfitLossAttributableToIFRSAbstract" xlink:label="ProfitLossAttributableToIFRSAbstract" />    <link:loc xlink:type="locator" xlink:href="http://disclosure.edinet-fsa.go.jp/taxonomy/jpigp/2020-11-01/jpigp_cor_2020-11-01.xsd#jpigp_cor_ProfitLossAttributableToOwnersOfParentIFRS" xlink:label="ProfitLossAttributableToOwnersOfParentIFRS" />    <link:definitionArc xlink:type="arc" xlink:arcrole="http://xbrl.org/int/dim/arcrole/domain-member" xlink:from="ProfitLossAttributableToIFRSAbstract" xlink:to="ProfitLossAttributableToOwnersOfParentIFRS" order="1.0" />    <link:loc xlink:type="locator" xlink:href="http://disclosure.edinet-fsa.go.jp/taxonomy/jpigp/2020-11-01/jpigp_cor_2020-11-01.xsd#jpigp_cor_EarningsLossPerShareIFRSAbstract" xlink:label="EarningsLossPerShareIFRSAbstract_2" />    <link:definitionArc xlink:type="arc" xlink:arcrole="http://xbrl.org/int/dim/arcrole/domain-member" xlink:from="StatementOfProfitOrLossIFRSLineItems" xlink:to="EarningsLossPerShareIFRSAbstract_2" order="9.0" />    <link:loc xlink:type="locator" xlink:href="http://disclosure.edinet-fsa.go.jp/taxonomy/jpigp/2020-11-01/jpigp_cor_2020-11-01.xsd#jpigp_cor_EarningsLossPerShareIFRSAbstract" xlink:label="EarningsLossPerShareIFRSAbstract" />    <link:loc xlink:type="locator" xlink:href="http://disclosure.edinet-fsa.go.jp/taxonomy/jpigp/2020-11-01/jpigp_cor_2020-11-01.xsd#jpigp_cor_BasicEarningsLossPerShareIFRS" xlink:label="BasicEarningsLossPerShareIFRS" />    <link:definitionArc xlink:type="arc" xlink:arcrole="http://xbrl.org/int/dim/arcrole/domain-member" xlink:from="EarningsLossPerShareIFRSAbstract" xlink:to="BasicEarningsLossPerShareIFRS" order="1.0" />    <link:loc xlink:type="locator" xlink:href="http://disclosure.edinet-fsa.go.jp/taxonomy/jpigp/2020-11-01/jpigp_cor_2020-11-01.xsd#jpigp_cor_DilutedEarningsLossPerShareIFRS" xlink:label="DilutedEarningsLossPerShareIFRS" />    <link:definitionArc xlink:type="arc" xlink:arcrole="http://xbrl.org/int/dim/arcrole/domain-member" xlink:from="EarningsLossPerShareIFRSAbstract" xlink:to="DilutedEarningsLossPerShareIFRS" order="2.0" />  </link:definitionLink>  <link:definitionLink xlink:type="extended" xlink:role="http://disclosure.edinet-fsa.go.jp/role/jpigp/rol_CondensedQuarterlyConsolidatedStatementOfFinancialPositionIFRS">    <link:loc xlink:type="locator" xlink:href="http://disclosure.edinet-fsa.go.jp/taxonomy/jpigp/2020-11-01/jpigp_cor_2020-11-01.xsd#jpigp_cor_CondensedQuarterlyConsolidatedStatementOfFinancialPositionIFRSHeading" xlink:label="CondensedQuarterlyConsolidatedStatementOfFinancialPositionIFRSHeading" />    <link:loc xlink:type="locator" xlink:href="http://disclosure.edinet-fsa.go.jp/taxonomy/jpigp/2020-11-01/jpigp_cor_2020-11-01.xsd#jpigp_cor_StatementOfFinancialPositionIFRSTable" xlink:label="StatementOfFinancialPositionIFRSTable_2" />    <link:definitionArc xlink:type="arc" xbrldt:contextElement="scenario" xbrldt:closed="true" xlink:arcrole="http://xbrl.org/int/dim/arcrole/all" xlink:from="CondensedQuarterlyConsolidatedStatementOfFinancialPositionIFRSHeading" xlink:to="StatementOfFinancialPositionIFRSTable_2" order="1.0" />    <link:loc xlink:type="locator" xlink:href="http://disclosure.edinet-fsa.go.jp/taxonomy/jpigp/2020-11-01/jpigp_cor_2020-11-01.xsd#jpigp_cor_StatementOfFinancialPositionIFRSTable" xlink:label="StatementOfFinancialPositionIFRSTable" />    <link:loc xlink:type="locator" xlink:href="http://disclosure.edinet-fsa.go.jp/taxonomy/jppfs/2020-11-01/jppfs_cor_2020-11-01.xsd#jppfs_cor_ConsolidatedOrNonConsolidatedAxis" xlink:label="ConsolidatedOrNonConsolidatedAxis_2" />    <link:definitionArc xlink:type="arc" xlink:arcrole="http://xbrl.org/int/dim/arcrole/hypercube-dimension" xlink:from="StatementOfFinancialPositionIFRSTable" xlink:to="ConsolidatedOrNonConsolidatedAxis_2" order="1.0" />    <link:loc xlink:type="locator" xlink:href="http://disclosure.edinet-fsa.go.jp/taxonomy/jppfs/2020-11-01/jppfs_cor_2020-11-01.xsd#jppfs_cor_ConsolidatedOrNonConsolidatedAxis" xlink:label="ConsolidatedOrNonConsolidatedAxis" />    <link:loc xlink:type="locator" xlink:href="http://disclosure.edinet-fsa.go.jp/taxonomy/jppfs/2020-11-01/jppfs_cor_2020-11-01.xsd#jppfs_cor_ConsolidatedMember" xlink:label="ConsolidatedMember_2" />    <link:definitionArc xlink:type="arc" xlink:arcrole="http://xbrl.org/int/dim/arcrole/dimension-domain" xlink:from="ConsolidatedOrNonConsolidatedAxis" xlink:to="ConsolidatedMember_2" order="1.0" />    <link:loc xlink:type="locator" xlink:href="http://disclosure.edinet-fsa.go.jp/taxonomy/jppfs/2020-11-01/jppfs_cor_2020-11-01.xsd#jppfs_cor_ConsolidatedMember" xlink:label="ConsolidatedMember" />    <link:definitionArc xlink:type="arc" xlink:arcrole="http://xbrl.org/int/dim/arcrole/dimension-default" xlink:from="ConsolidatedOrNonConsolidatedAxis" xlink:to="ConsolidatedMember" order="2.0" />    <link:loc xlink:type="locator" xlink:href="http://disclosure.edinet-fsa.go.jp/taxonomy/jpigp/2020-11-01/jpigp_cor_2020-11-01.xsd#jpigp_cor_StatementOfFinancialPositionIFRSLineItems" xlink:label="StatementOfFinancialPositionIFRSLineItems_2" />    <link:definitionArc xlink:type="arc" xlink:arcrole="http://xbrl.org/int/dim/arcrole/domain-member" xlink:from="CondensedQuarterlyConsolidatedStatementOfFinancialPositionIFRSHeading" xlink:to="StatementOfFinancialPositionIFRSLineItems_2" order="2.0" />    <link:loc xlink:type="locator" xlink:href="http://disclosure.edinet-fsa.go.jp/taxonomy/jpigp/2020-11-01/jpigp_cor_2020-11-01.xsd#jpigp_cor_StatementOfFinancialPositionIFRSLineItems" xlink:label="StatementOfFinancialPositionIFRSLineItems" />    <link:loc xlink:type="locator" xlink:href="http://disclosure.edinet-fsa.go.jp/taxonomy/jpigp/2020-11-01/jpigp_cor_2020-11-01.xsd#jpigp_cor_AssetsIFRSAbstract" xlink:label="AssetsIFRSAbstract_2" />    <link:definitionArc xlink:type="arc" xlink:arcrole="http://xbrl.org/int/dim/arcrole/domain-member" xlink:from="StatementOfFinancialPositionIFRSLineItems" xlink:to="AssetsIFRSAbstract_2" order="1.0" />    <link:loc xlink:type="locator" xlink:href="http://disclosure.edinet-fsa.go.jp/taxonomy/jpigp/2020-11-01/jpigp_cor_2020-11-01.xsd#jpigp_cor_AssetsIFRSAbstract" xlink:label="AssetsIFRSAbstract" />    <link:loc xlink:type="locator" xlink:href="http://disclosure.edinet-fsa.go.jp/taxonomy/jpigp/2020-11-01/jpigp_cor_2020-11-01.xsd#jpigp_cor_CurrentAssetsIFRSAbstract" xlink:label="CurrentAssetsIFRSAbstract_2" />    <link:definitionArc xlink:type="arc" xlink:arcrole="http://xbrl.org/int/dim/arcrole/domain-member" xlink:from="AssetsIFRSAbstract" xlink:to="CurrentAssetsIFRSAbstract_2" order="1.0" />    <link:loc xlink:type="locator" xlink:href="http://disclosure.edinet-fsa.go.jp/taxonomy/jpigp/2020-11-01/jpigp_cor_2020-11-01.xsd#jpigp_cor_CurrentAssetsIFRSAbstract" xlink:label="CurrentAssetsIFRSAbstract" />    <link:loc xlink:type="locator" xlink:href="http://disclosure.edinet-fsa.go.jp/taxonomy/jpigp/2020-11-01/jpigp_cor_2020-11-01.xsd#jpigp_cor_CashAndCashEquivalentsIFRS" xlink:label="CashAndCashEquivalentsIFRS" />    <link:definitionArc xlink:type="arc" xlink:arcrole="http://xbrl.org/int/dim/arcrole/domain-member" xlink:from="CurrentAssetsIFRSAbstract" xlink:to="CashAndCashEquivalentsIFRS" order="1.0" />    <link:loc xlink:type="locator" xlink:href="http://disclosure.edinet-fsa.go.jp/taxonomy/jpigp/2020-11-01/jpigp_cor_2020-11-01.xsd#jpigp_cor_TradeReceivables2CAIFRS" xlink:label="TradeReceivables2CAIFRS" />    <link:definitionArc xlink:type="arc" xlink:arcrole="http://xbrl.org/int/dim/arcrole/domain-member" xlink:from="CurrentAssetsIFRSAbstract" xlink:to="TradeReceivables2CAIFRS" order="2.0" />    <link:loc xlink:type="locator" xlink:href="http://disclosure.edinet-fsa.go.jp/taxonomy/jpigp/2020-11-01/jpigp_cor_2020-11-01.xsd#jpigp_cor_InventoriesCAIFRS" xlink:label="InventoriesCAIFRS" />    <link:definitionArc xlink:type="arc" xlink:arcrole="http://xbrl.org/int/dim/arcrole/domain-member" xlink:from="CurrentAssetsIFRSAbstract" xlink:to="InventoriesCAIFRS" order="3.0" />    <link:loc xlink:type="locator" xlink:href="http://disclosure.edinet-fsa.go.jp/taxonomy/jpigp/2020-11-01/jpigp_cor_2020-11-01.xsd#jpigp_cor_OtherFinancialAssetsCAIFRS" xlink:label="OtherFinancialAssetsCAIFRS" />    <link:definitionArc xlink:type="arc" xlink:arcrole="http://xbrl.org/int/dim/arcrole/domain-member" xlink:from="CurrentAssetsIFRSAbstract" xlink:to="OtherFinancialAssetsCAIFRS" order="4.0" />    <link:loc xlink:type="locator" xlink:href="http://disclosure.edinet-fsa.go.jp/taxonomy/jpigp/2020-11-01/jpigp_cor_2020-11-01.xsd#jpigp_cor_OtherCurrentAssetsCAIFRS" xlink:label="OtherCurrentAssetsCAIFRS" />    <link:definitionArc xlink:type="arc" xlink:arcrole="http://xbrl.org/int/dim/arcrole/domain-member" xlink:from="CurrentAssetsIFRSAbstract" xlink:to="OtherCurrentAssetsCAIFRS" order="5.0" />    <link:loc xlink:type="locator" xlink:href="http://disclosure.edinet-fsa.go.jp/taxonomy/jpigp/2020-11-01/jpigp_cor_2020-11-01.xsd#jpigp_cor_CurrentAssetsIFRS" xlink:label="CurrentAssetsIFRS" />    <link:definitionArc xlink:type="arc" xlink:arcrole="http://xbrl.org/int/dim/arcrole/domain-member" xlink:from="CurrentAssetsIFRSAbstract" xlink:to="CurrentAssetsIFRS" order="6.0" />    <link:loc xlink:type="locator" xlink:href="http://disclosure.edinet-fsa.go.jp/taxonomy/jpigp/2020-11-01/jpigp_cor_2020-11-01.xsd#jpigp_cor_NonCurrentAssetsIFRSAbstract" xlink:label="NonCurrentAssetsIFRSAbstract_2" />    <link:definitionArc xlink:type="arc" xlink:arcrole="http://xbrl.org/int/dim/arcrole/domain-member" xlink:from="AssetsIFRSAbstract" xlink:to="NonCurrentAssetsIFRSAbstract_2" order="2.0" />    <link:loc xlink:type="locator" xlink:href="http://disclosure.edinet-fsa.go.jp/taxonomy/jpigp/2020-11-01/jpigp_cor_2020-11-01.xsd#jpigp_cor_NonCurrentAssetsIFRSAbstract" xlink:label="NonCurrentAssetsIFRSAbstract" />    <link:loc xlink:type="locator" xlink:href="http://disclosure.edinet-fsa.go.jp/taxonomy/jpigp/2020-11-01/jpigp_cor_2020-11-01.xsd#jpigp_cor_PropertyPlantAndEquipmentIFRS" xlink:label="PropertyPlantAndEquipmentIFRS" />    <link:definitionArc xlink:type="arc" xlink:arcrole="http://xbrl.org/int/dim/arcrole/domain-member" xlink:from="NonCurrentAssetsIFRSAbstract" xlink:to="PropertyPlantAndEquipmentIFRS" order="1.0" />    <link:loc xlink:type="locator" xlink:href="http://disclosure.edinet-fsa.go.jp/taxonomy/jpigp/2020-11-01/jpigp_cor_2020-11-01.xsd#jpigp_cor_OtherNonCurrentAssetsNCAIFRS" xlink:label="OtherNonCurrentAssetsNCAIFRS" />    <link:definitionArc xlink:type="arc" xlink:arcrole="http://xbrl.org/int/dim/arcrole/domain-member" xlink:from="NonCurrentAssetsIFRSAbstract" xlink:to="OtherNonCurrentAssetsNCAIFRS" order="2.0" />    <link:loc xlink:type="locator" xlink:href="http://disclosure.edinet-fsa.go.jp/taxonomy/jpigp/2020-11-01/jpigp_cor_2020-11-01.xsd#jpigp_cor_NonCurrentAssetsIFRS" xlink:label="NonCurrentAssetsIFRS" />    <link:definitionArc xlink:type="arc" xlink:arcrole="http://xbrl.org/int/dim/arcrole/domain-member" xlink:from="NonCurrentAssetsIFRSAbstract" xlink:to="NonCurrentAssetsIFRS" order="3.0" />    <link:loc xlink:type="locator" xlink:href="http://disclosure.edinet-fsa.go.jp/taxonomy/jpigp/2020-11-01/jpigp_cor_2020-11-01.xsd#jpigp_cor_AssetsIFRS" xlink:label="AssetsIFRS" />    <link:definitionArc xlink:type="arc" xlink:arcrole="http://xbrl.org/int/dim/arcrole/domain-member" xlink:from="AssetsIFRSAbstract" xlink:to="AssetsIFRS" order="3.0" />    <link:loc xlink:type="locator" xlink:href="http://disclosure.edinet-fsa.go.jp/taxonomy/jpigp/2020-11-01/jpigp_cor_2020-11-01.xsd#jpigp_cor_LiabilitiesAndEquityIFRSAbstract" xlink:label="LiabilitiesAndEquityIFRSAbstract_2" />    <link:definitionArc xlink:type="arc" xlink:arcrole="http://xbrl.org/int/dim/arcrole/domain-member" xlink:from="StatementOfFinancialPositionIFRSLineItems" xlink:to="LiabilitiesAndEquityIFRSAbstract_2" order="2.0" />    <link:loc xlink:type="locator" xlink:href="http://disclosure.edinet-fsa.go.jp/taxonomy/jpigp/2020-11-01/jpigp_cor_2020-11-01.xsd#jpigp_cor_LiabilitiesAndEquityIFRSAbstract" xlink:label="LiabilitiesAndEquityIFRSAbstract" />    <link:loc xlink:type="locator" xlink:href="http://disclosure.edinet-fsa.go.jp/taxonomy/jpigp/2020-11-01/jpigp_cor_2020-11-01.xsd#jpigp_cor_LiabilitiesIFRSAbstract" xlink:label="LiabilitiesIFRSAbstract" />    <link:definitionArc xlink:type="arc" xlink:arcrole="http://xbrl.org/int/dim/arcrole/domain-member" xlink:from="LiabilitiesAndEquityIFRSAbstract" xlink:to="LiabilitiesIFRSAbstract" order="1.0" />    <link:loc xlink:type="locator" xlink:href="http://disclosure.edinet-fsa.go.jp/taxonomy/jpigp/2020-11-01/jpigp_cor_2020-11-01.xsd#jpigp_cor_CurrentLiabilitiesIFRSAbstract" xlink:label="CurrentLiabilitiesIFRSAbstract_2" />    <link:definitionArc xlink:type="arc" xlink:arcrole="http://xbrl.org/int/dim/arcrole/domain-member" xlink:from="LiabilitiesAndEquityIFRSAbstract" xlink:to="CurrentLiabilitiesIFRSAbstract_2" order="2.0" />    <link:loc xlink:type="locator" xlink:href="http://disclosure.edinet-fsa.go.jp/taxonomy/jpigp/2020-11-01/jpigp_cor_2020-11-01.xsd#jpigp_cor_CurrentLiabilitiesIFRSAbstract" xlink:label="CurrentLiabilitiesIFRSAbstract" />    <link:loc xlink:type="locator" xlink:href="tse-qcediffr-45960-2022-09-30-01-2022-11-11.xsd#tse-qcediffr-45960_AccountsPayableCLIFRS" xlink:label="AccountsPayableCLIFRS" />    <link:definitionArc xlink:type="arc" xlink:arcrole="http://xbrl.org/int/dim/arcrole/domain-member" xlink:from="CurrentLiabilitiesIFRSAbstract" xlink:to="AccountsPayableCLIFRS" order="1.0" />    <link:loc xlink:type="locator" xlink:href="tse-qcediffr-45960-2022-09-30-01-2022-11-11.xsd#tse-qcediffr-45960_AccruedLiabilitiesCLIFRS" xlink:label="AccruedLiabilitiesCLIFRS" />    <link:definitionArc xlink:type="arc" xlink:arcrole="http://xbrl.org/int/dim/arcrole/domain-member" xlink:from="CurrentLiabilitiesIFRSAbstract" xlink:to="AccruedLiabilitiesCLIFRS" order="2.0" />    <link:loc xlink:type="locator" xlink:href="tse-qcediffr-45960-2022-09-30-01-2022-11-11.xsd#tse-qcediffr-45960_AccruedCompensationCLIFRS" xlink:label="AccruedCompensationCLIFRS" />    <link:definitionArc xlink:type="arc" xlink:arcrole="http://xbrl.org/int/dim/arcrole/domain-member" xlink:from="CurrentLiabilitiesIFRSAbstract" xlink:to="AccruedCompensationCLIFRS" order="3.0" />    <link:loc xlink:type="locator" xlink:href="tse-qcediffr-45960-2022-09-30-01-2022-11-11.xsd#tse-qcediffr-45960_DeferredRentAndLeaseIncentivesCLIFRS" xlink:label="DeferredRentAndLeaseIncentivesCLIFRS" />    <link:definitionArc xlink:type="arc" xlink:arcrole="http://xbrl.org/int/dim/arcrole/domain-member" xlink:from="CurrentLiabilitiesIFRSAbstract" xlink:to="DeferredRentAndLeaseIncentivesCLIFRS" order="4.0" />    <link:loc xlink:type="locator" xlink:href="http://disclosure.edinet-fsa.go.jp/taxonomy/jpigp/2020-11-01/jpigp_cor_2020-11-01.xsd#jpigp_cor_LeaseLiabilitiesCLIFRS" xlink:label="LeaseLiabilitiesCLIFRS" />    <link:definitionArc xlink:type="arc" xlink:arcrole="http://xbrl.org/int/dim/arcrole/domain-member" xlink:from="CurrentLiabilitiesIFRSAbstract" xlink:to="LeaseLiabilitiesCLIFRS" order="5.0" />    <link:loc xlink:type="locator" xlink:href="http://disclosure.edinet-fsa.go.jp/taxonomy/jpigp/2020-11-01/jpigp_cor_2020-11-01.xsd#jpigp_cor_TotalCurrentLiabilitiesIFRS" xlink:label="TotalCurrentLiabilitiesIFRS" />    <link:definitionArc xlink:type="arc" xlink:arcrole="http://xbrl.org/int/dim/arcrole/domain-member" xlink:from="CurrentLiabilitiesIFRSAbstract" xlink:to="TotalCurrentLiabilitiesIFRS" order="6.0" />    <link:loc xlink:type="locator" xlink:href="http://disclosure.edinet-fsa.go.jp/taxonomy/jpigp/2020-11-01/jpigp_cor_2020-11-01.xsd#jpigp_cor_NonCurrentLiabilitiesIFRSAbstract" xlink:label="NonCurrentLiabilitiesIFRSAbstract_2" />    <link:definitionArc xlink:type="arc" xlink:arcrole="http://xbrl.org/int/dim/arcrole/domain-member" xlink:from="LiabilitiesAndEquityIFRSAbstract" xlink:to="NonCurrentLiabilitiesIFRSAbstract_2" order="3.0" />    <link:loc xlink:type="locator" xlink:href="http://disclosure.edinet-fsa.go.jp/taxonomy/jpigp/2020-11-01/jpigp_cor_2020-11-01.xsd#jpigp_cor_NonCurrentLiabilitiesIFRSAbstract" xlink:label="NonCurrentLiabilitiesIFRSAbstract" />    <link:loc xlink:type="locator" xlink:href="http://disclosure.edinet-fsa.go.jp/taxonomy/jpigp/2020-11-01/jpigp_cor_2020-11-01.xsd#jpigp_cor_LeaseLiabilitiesNCLIFRS" xlink:label="LeaseLiabilitiesNCLIFRS" />    <link:definitionArc xlink:type="arc" xlink:arcrole="http://xbrl.org/int/dim/arcrole/domain-member" xlink:from="NonCurrentLiabilitiesIFRSAbstract" xlink:to="LeaseLiabilitiesNCLIFRS" order="1.0" />    <link:loc xlink:type="locator" xlink:href="http://disclosure.edinet-fsa.go.jp/taxonomy/jpigp/2020-11-01/jpigp_cor_2020-11-01.xsd#jpigp_cor_NonCurrentLabilitiesIFRS" xlink:label="NonCurrentLabilitiesIFRS" />    <link:definitionArc xlink:type="arc" xlink:arcrole="http://xbrl.org/int/dim/arcrole/domain-member" xlink:from="NonCurrentLiabilitiesIFRSAbstract" xlink:to="NonCurrentLabilitiesIFRS" order="2.0" />    <link:loc xlink:type="locator" xlink:href="http://disclosure.edinet-fsa.go.jp/taxonomy/jpigp/2020-11-01/jpigp_cor_2020-11-01.xsd#jpigp_cor_LiabilitiesIFRS" xlink:label="LiabilitiesIFRS" />    <link:definitionArc xlink:type="arc" xlink:arcrole="http://xbrl.org/int/dim/arcrole/domain-member" xlink:from="LiabilitiesAndEquityIFRSAbstract" xlink:to="LiabilitiesIFRS" order="4.0" />    <link:loc xlink:type="locator" xlink:href="http://disclosure.edinet-fsa.go.jp/taxonomy/jpigp/2020-11-01/jpigp_cor_2020-11-01.xsd#jpigp_cor_EquityIFRSAbstract" xlink:label="EquityIFRSAbstract_2" />    <link:definitionArc xlink:type="arc" xlink:arcrole="http://xbrl.org/int/dim/arcrole/domain-member" xlink:from="LiabilitiesAndEquityIFRSAbstract" xlink:to="EquityIFRSAbstract_2" order="5.0" />    <link:loc xlink:type="locator" xlink:href="http://disclosure.edinet-fsa.go.jp/taxonomy/jpigp/2020-11-01/jpigp_cor_2020-11-01.xsd#jpigp_cor_EquityIFRSAbstract" xlink:label="EquityIFRSAbstract" />    <link:loc xlink:type="locator" xlink:href="http://disclosure.edinet-fsa.go.jp/taxonomy/jpigp/2020-11-01/jpigp_cor_2020-11-01.xsd#jpigp_cor_ShareCapitalIFRS" xlink:label="ShareCapitalIFRS" />    <link:definitionArc xlink:type="arc" xlink:arcrole="http://xbrl.org/int/dim/arcrole/domain-member" xlink:from="EquityIFRSAbstract" xlink:to="ShareCapitalIFRS" order="1.0" />    <link:loc xlink:type="locator" xlink:href="http://disclosure.edinet-fsa.go.jp/taxonomy/jpigp/2020-11-01/jpigp_cor_2020-11-01.xsd#jpigp_cor_CapitalSurplusIFRS" xlink:label="CapitalSurplusIFRS" />    <link:definitionArc xlink:type="arc" xlink:arcrole="http://xbrl.org/int/dim/arcrole/domain-member" xlink:from="EquityIFRSAbstract" xlink:to="CapitalSurplusIFRS" order="2.0" />    <link:loc xlink:type="locator" xlink:href="http://disclosure.edinet-fsa.go.jp/taxonomy/jpigp/2020-11-01/jpigp_cor_2020-11-01.xsd#jpigp_cor_RetainedEarningsIFRS" xlink:label="RetainedEarningsIFRS" />    <link:definitionArc xlink:type="arc" xlink:arcrole="http://xbrl.org/int/dim/arcrole/domain-member" xlink:from="EquityIFRSAbstract" xlink:to="RetainedEarningsIFRS" order="3.0" />    <link:loc xlink:type="locator" xlink:href="http://disclosure.edinet-fsa.go.jp/taxonomy/jpigp/2020-11-01/jpigp_cor_2020-11-01.xsd#jpigp_cor_OtherComponentsOfEquityIFRS" xlink:label="OtherComponentsOfEquityIFRS" />    <link:definitionArc xlink:type="arc" xlink:arcrole="http://xbrl.org/int/dim/arcrole/domain-member" xlink:from="EquityIFRSAbstract" xlink:to="OtherComponentsOfEquityIFRS" order="4.0" />    <link:loc xlink:type="locator" xlink:href="http://disclosure.edinet-fsa.go.jp/taxonomy/jpigp/2020-11-01/jpigp_cor_2020-11-01.xsd#jpigp_cor_EquityAttributableToOwnersOfParentIFRS" xlink:label="EquityAttributableToOwnersOfParentIFRS" />    <link:definitionArc xlink:type="arc" xlink:arcrole="http://xbrl.org/int/dim/arcrole/domain-member" xlink:from="EquityIFRSAbstract" xlink:to="EquityAttributableToOwnersOfParentIFRS" order="5.0" />    <link:loc xlink:type="locator" xlink:href="http://disclosure.edinet-fsa.go.jp/taxonomy/jpigp/2020-11-01/jpigp_cor_2020-11-01.xsd#jpigp_cor_EquityIFRS" xlink:label="EquityIFRS" />    <link:definitionArc xlink:type="arc" xlink:arcrole="http://xbrl.org/int/dim/arcrole/domain-member" xlink:from="EquityIFRSAbstract" xlink:to="EquityIFRS" order="6.0" />    <link:loc xlink:type="locator" xlink:href="http://disclosure.edinet-fsa.go.jp/taxonomy/jpigp/2020-11-01/jpigp_cor_2020-11-01.xsd#jpigp_cor_LiabilitiesAndEquityIFRS" xlink:label="LiabilitiesAndEquityIFRS" />    <link:definitionArc xlink:type="arc" xlink:arcrole="http://xbrl.org/int/dim/arcrole/domain-member" xlink:from="LiabilitiesAndEquityIFRSAbstract" xlink:to="LiabilitiesAndEquityIFRS" order="6.0" />  </link:definitionLink>  <link:definitionLink xlink:type="extended" xlink:role="http://disclosure.edinet-fsa.go.jp/role/jpigp/rol_CondensedYearToQuarterEndConsolidatedStatementOfComprehensiveIncomeIFRS">    <link:loc xlink:type="locator" xlink:href="http://disclosure.edinet-fsa.go.jp/taxonomy/jpigp/2020-11-01/jpigp_cor_2020-11-01.xsd#jpigp_cor_CondensedYearToQuarterEndConsolidatedStatementOfComprehensiveIncomeIFRSHeading" xlink:label="CondensedYearToQuarterEndConsolidatedStatementOfComprehensiveIncomeIFRSHeading" />    <link:loc xlink:type="locator" xlink:href="http://disclosure.edinet-fsa.go.jp/taxonomy/jpigp/2020-11-01/jpigp_cor_2020-11-01.xsd#jpigp_cor_StatementOfComprehensiveIncomeIFRSTable" xlink:label="StatementOfComprehensiveIncomeIFRSTable_2" />    <link:definitionArc xlink:type="arc" xbrldt:contextElement="scenario" xbrldt:closed="true" xlink:arcrole="http://xbrl.org/int/dim/arcrole/all" xlink:from="CondensedYearToQuarterEndConsolidatedStatementOfComprehensiveIncomeIFRSHeading" xlink:to="StatementOfComprehensiveIncomeIFRSTable_2" order="1.0" />    <link:loc xlink:type="locator" xlink:href="http://disclosure.edinet-fsa.go.jp/taxonomy/jpigp/2020-11-01/jpigp_cor_2020-11-01.xsd#jpigp_cor_StatementOfComprehensiveIncomeIFRSTable" xlink:label="StatementOfComprehensiveIncomeIFRSTable" />    <link:loc xlink:type="locator" xlink:href="http://disclosure.edinet-fsa.go.jp/taxonomy/jppfs/2020-11-01/jppfs_cor_2020-11-01.xsd#jppfs_cor_ConsolidatedOrNonConsolidatedAxis" xlink:label="ConsolidatedOrNonConsolidatedAxis_2" />    <link:definitionArc xlink:type="arc" xlink:arcrole="http://xbrl.org/int/dim/arcrole/hypercube-dimension" xlink:from="StatementOfComprehensiveIncomeIFRSTable" xlink:to="ConsolidatedOrNonConsolidatedAxis_2" order="1.0" />    <link:loc xlink:type="locator" xlink:href="http://disclosure.edinet-fsa.go.jp/taxonomy/jppfs/2020-11-01/jppfs_cor_2020-11-01.xsd#jppfs_cor_ConsolidatedOrNonConsolidatedAxis" xlink:label="ConsolidatedOrNonConsolidatedAxis" />    <link:loc xlink:type="locator" xlink:href="http://disclosure.edinet-fsa.go.jp/taxonomy/jppfs/2020-11-01/jppfs_cor_2020-11-01.xsd#jppfs_cor_ConsolidatedMember" xlink:label="ConsolidatedMember_2" />    <link:definitionArc xlink:type="arc" xlink:arcrole="http://xbrl.org/int/dim/arcrole/dimension-domain" xlink:from="ConsolidatedOrNonConsolidatedAxis" xlink:to="ConsolidatedMember_2" order="1.0" />    <link:loc xlink:type="locator" xlink:href="http://disclosure.edinet-fsa.go.jp/taxonomy/jppfs/2020-11-01/jppfs_cor_2020-11-01.xsd#jppfs_cor_ConsolidatedMember" xlink:label="ConsolidatedMember" />    <link:definitionArc xlink:type="arc" xlink:arcrole="http://xbrl.org/int/dim/arcrole/dimension-default" xlink:from="ConsolidatedOrNonConsolidatedAxis" xlink:to="ConsolidatedMember" order="2.0" />    <link:loc xlink:type="locator" xlink:href="http://disclosure.edinet-fsa.go.jp/taxonomy/jpigp/2020-11-01/jpigp_cor_2020-11-01.xsd#jpigp_cor_StatementOfComprehensiveIncomeIFRSLineItems" xlink:label="StatementOfComprehensiveIncomeIFRSLineItems_2" />    <link:definitionArc xlink:type="arc" xlink:arcrole="http://xbrl.org/int/dim/arcrole/domain-member" xlink:from="CondensedYearToQuarterEndConsolidatedStatementOfComprehensiveIncomeIFRSHeading" xlink:to="StatementOfComprehensiveIncomeIFRSLineItems_2" order="2.0" />    <link:loc xlink:type="locator" xlink:href="http://disclosure.edinet-fsa.go.jp/taxonomy/jpigp/2020-11-01/jpigp_cor_2020-11-01.xsd#jpigp_cor_StatementOfComprehensiveIncomeIFRSLineItems" xlink:label="StatementOfComprehensiveIncomeIFRSLineItems" />    <link:loc xlink:type="locator" xlink:href="http://disclosure.edinet-fsa.go.jp/taxonomy/jpigp/2020-11-01/jpigp_cor_2020-11-01.xsd#jpigp_cor_ProfitLossIFRS" xlink:label="ProfitLossIFRS" />    <link:definitionArc xlink:type="arc" xlink:arcrole="http://xbrl.org/int/dim/arcrole/domain-member" xlink:from="StatementOfComprehensiveIncomeIFRSLineItems" xlink:to="ProfitLossIFRS" order="1.0" />    <link:loc xlink:type="locator" xlink:href="http://disclosure.edinet-fsa.go.jp/taxonomy/jpigp/2020-11-01/jpigp_cor_2020-11-01.xsd#jpigp_cor_OtherComprehensiveIncomeIFRSAbstract" xlink:label="OtherComprehensiveIncomeIFRSAbstract_2" />    <link:definitionArc xlink:type="arc" xlink:arcrole="http://xbrl.org/int/dim/arcrole/domain-member" xlink:from="StatementOfComprehensiveIncomeIFRSLineItems" xlink:to="OtherComprehensiveIncomeIFRSAbstract_2" order="2.0" />    <link:loc xlink:type="locator" xlink:href="http://disclosure.edinet-fsa.go.jp/taxonomy/jpigp/2020-11-01/jpigp_cor_2020-11-01.xsd#jpigp_cor_OtherComprehensiveIncomeIFRSAbstract" xlink:label="OtherComprehensiveIncomeIFRSAbstract" />    <link:loc xlink:type="locator" xlink:href="http://disclosure.edinet-fsa.go.jp/taxonomy/jpigp/2020-11-01/jpigp_cor_2020-11-01.xsd#jpigp_cor_ItemsThatMayBeReclassifiedToProfitOrLossOCIIFRSAbstract" xlink:label="ItemsThatMayBeReclassifiedToProfitOrLossOCIIFRSAbstract_2" />    <link:definitionArc xlink:type="arc" xlink:arcrole="http://xbrl.org/int/dim/arcrole/domain-member" xlink:from="OtherComprehensiveIncomeIFRSAbstract" xlink:to="ItemsThatMayBeReclassifiedToProfitOrLossOCIIFRSAbstract_2" order="1.0" />    <link:loc xlink:type="locator" xlink:href="http://disclosure.edinet-fsa.go.jp/taxonomy/jpigp/2020-11-01/jpigp_cor_2020-11-01.xsd#jpigp_cor_ItemsThatMayBeReclassifiedToProfitOrLossOCIIFRSAbstract" xlink:label="ItemsThatMayBeReclassifiedToProfitOrLossOCIIFRSAbstract" />    <link:loc xlink:type="locator" xlink:href="http://disclosure.edinet-fsa.go.jp/taxonomy/jpigp/2020-11-01/jpigp_cor_2020-11-01.xsd#jpigp_cor_ExchangeDifferencesOnTranslationOfForeignOperationsNetOfTaxItemsThatMayBeReclassifiedToProfitOrLossOCIIFRS" xlink:label="ExchangeDifferencesOnTranslationOfForeignOperationsNetOfTaxItemsThatMayBeReclassifiedToProfitOrLossOCIIFRS" />    <link:definitionArc xlink:type="arc" xlink:arcrole="http://xbrl.org/int/dim/arcrole/domain-member" xlink:from="ItemsThatMayBeReclassifiedToProfitOrLossOCIIFRSAbstract" xlink:to="ExchangeDifferencesOnTranslationOfForeignOperationsNetOfTaxItemsThatMayBeReclassifiedToProfitOrLossOCIIFRS" order="1.0" />    <link:loc xlink:type="locator" xlink:href="http://disclosure.edinet-fsa.go.jp/taxonomy/jpigp/2020-11-01/jpigp_cor_2020-11-01.xsd#jpigp_cor_OtherComprehensiveIncomeIFRS" xlink:label="OtherComprehensiveIncomeIFRS" />    <link:definitionArc xlink:type="arc" xlink:arcrole="http://xbrl.org/int/dim/arcrole/domain-member" xlink:from="OtherComprehensiveIncomeIFRSAbstract" xlink:to="OtherComprehensiveIncomeIFRS" order="2.0" />    <link:loc xlink:type="locator" xlink:href="http://disclosure.edinet-fsa.go.jp/taxonomy/jpigp/2020-11-01/jpigp_cor_2020-11-01.xsd#jpigp_cor_ComprehensiveIncomeIFRS" xlink:label="ComprehensiveIncomeIFRS" />    <link:definitionArc xlink:type="arc" xlink:arcrole="http://xbrl.org/int/dim/arcrole/domain-member" xlink:from="StatementOfComprehensiveIncomeIFRSLineItems" xlink:to="ComprehensiveIncomeIFRS" order="3.0" />    <link:loc xlink:type="locator" xlink:href="http://disclosure.edinet-fsa.go.jp/taxonomy/jpigp/2020-11-01/jpigp_cor_2020-11-01.xsd#jpigp_cor_ComprehensiveIncomeAttributableToIFRSAbstract" xlink:label="ComprehensiveIncomeAttributableToIFRSAbstract_2" />    <link:definitionArc xlink:type="arc" xlink:arcrole="http://xbrl.org/int/dim/arcrole/domain-member" xlink:from="StatementOfComprehensiveIncomeIFRSLineItems" xlink:to="ComprehensiveIncomeAttributableToIFRSAbstract_2" order="4.0" />    <link:loc xlink:type="locator" xlink:href="http://disclosure.edinet-fsa.go.jp/taxonomy/jpigp/2020-11-01/jpigp_cor_2020-11-01.xsd#jpigp_cor_ComprehensiveIncomeAttributableToIFRSAbstract" xlink:label="ComprehensiveIncomeAttributableToIFRSAbstract" />    <link:loc xlink:type="locator" xlink:href="http://disclosure.edinet-fsa.go.jp/taxonomy/jpigp/2020-11-01/jpigp_cor_2020-11-01.xsd#jpigp_cor_ComprehensiveIncomeAttributableToOwnersOfParentIFRS" xlink:label="ComprehensiveIncomeAttributableToOwnersOfParentIFRS" />    <link:definitionArc xlink:type="arc" xlink:arcrole="http://xbrl.org/int/dim/arcrole/domain-member" xlink:from="ComprehensiveIncomeAttributableToIFRSAbstract" xlink:to="ComprehensiveIncomeAttributableToOwnersOfParentIFRS" order="1.0" />  </link:definitionLink>  <link:definitionLink xlink:type="extended" xlink:role="http://disclosure.edinet-fsa.go.jp/role/jpigp/rol_CondensedQuarterlyConsolidatedStatementOfChangesInEquityIFRS">    <link:loc xlink:type="locator" xlink:href="http://disclosure.edinet-fsa.go.jp/taxonomy/jpigp/2020-11-01/jpigp_cor_2020-11-01.xsd#jpigp_cor_CondensedQuarterlyConsolidatedStatementOfChangesInEquityIFRSHeading" xlink:label="CondensedQuarterlyConsolidatedStatementOfChangesInEquityIFRSHeading" />    <link:loc xlink:type="locator" xlink:href="http://disclosure.edinet-fsa.go.jp/taxonomy/jpigp/2020-11-01/jpigp_cor_2020-11-01.xsd#jpigp_cor_StatementOfChangesInEquityIFRSTable" xlink:label="StatementOfChangesInEquityIFRSTable_2" />    <link:definitionArc xlink:type="arc" xbrldt:contextElement="scenario" xbrldt:closed="true" xlink:arcrole="http://xbrl.org/int/dim/arcrole/all" xlink:from="CondensedQuarterlyConsolidatedStatementOfChangesInEquityIFRSHeading" xlink:to="StatementOfChangesInEquityIFRSTable_2" order="1.0" />    <link:loc xlink:type="locator" xlink:href="http://disclosure.edinet-fsa.go.jp/taxonomy/jpigp/2020-11-01/jpigp_cor_2020-11-01.xsd#jpigp_cor_StatementOfChangesInEquityIFRSTable" xlink:label="StatementOfChangesInEquityIFRSTable" />    <link:loc xlink:type="locator" xlink:href="http://disclosure.edinet-fsa.go.jp/taxonomy/jppfs/2020-11-01/jppfs_cor_2020-11-01.xsd#jppfs_cor_ConsolidatedOrNonConsolidatedAxis" xlink:label="ConsolidatedOrNonConsolidatedAxis_2" />    <link:definitionArc xlink:type="arc" xlink:arcrole="http://xbrl.org/int/dim/arcrole/hypercube-dimension" xlink:from="StatementOfChangesInEquityIFRSTable" xlink:to="ConsolidatedOrNonConsolidatedAxis_2" order="1.0" />    <link:loc xlink:type="locator" xlink:href="http://disclosure.edinet-fsa.go.jp/taxonomy/jppfs/2020-11-01/jppfs_cor_2020-11-01.xsd#jppfs_cor_ConsolidatedOrNonConsolidatedAxis" xlink:label="ConsolidatedOrNonConsolidatedAxis" />    <link:loc xlink:type="locator" xlink:href="http://disclosure.edinet-fsa.go.jp/taxonomy/jppfs/2020-11-01/jppfs_cor_2020-11-01.xsd#jppfs_cor_ConsolidatedMember" xlink:label="ConsolidatedMember_2" />    <link:definitionArc xlink:type="arc" xlink:arcrole="http://xbrl.org/int/dim/arcrole/dimension-domain" xlink:from="ConsolidatedOrNonConsolidatedAxis" xlink:to="ConsolidatedMember_2" order="1.0" />    <link:loc xlink:type="locator" xlink:href="http://disclosure.edinet-fsa.go.jp/taxonomy/jppfs/2020-11-01/jppfs_cor_2020-11-01.xsd#jppfs_cor_ConsolidatedMember" xlink:label="ConsolidatedMember" />    <link:definitionArc xlink:type="arc" xlink:arcrole="http://xbrl.org/int/dim/arcrole/dimension-default" xlink:from="ConsolidatedOrNonConsolidatedAxis" xlink:to="ConsolidatedMember" order="2.0" />    <link:loc xlink:type="locator" xlink:href="http://disclosure.edinet-fsa.go.jp/taxonomy/jpigp/2020-11-01/jpigp_cor_2020-11-01.xsd#jpigp_cor_ComponentsOfEquityIFRSAxis" xlink:label="ComponentsOfEquityIFRSAxis_2" />    <link:definitionArc xlink:type="arc" xlink:arcrole="http://xbrl.org/int/dim/arcrole/hypercube-dimension" xlink:from="StatementOfChangesInEquityIFRSTable" xlink:to="ComponentsOfEquityIFRSAxis_2" order="2.0" />    <link:loc xlink:type="locator" xlink:href="http://disclosure.edinet-fsa.go.jp/taxonomy/jpigp/2020-11-01/jpigp_cor_2020-11-01.xsd#jpigp_cor_ComponentsOfEquityIFRSAxis" xlink:label="ComponentsOfEquityIFRSAxis" />    <link:loc xlink:type="locator" xlink:href="http://disclosure.edinet-fsa.go.jp/taxonomy/jpigp/2020-11-01/jpigp_cor_2020-11-01.xsd#jpigp_cor_EquityIFRSMember" xlink:label="EquityIFRSMember_2" />    <link:definitionArc xlink:type="arc" xlink:arcrole="http://xbrl.org/int/dim/arcrole/dimension-domain" xlink:from="ComponentsOfEquityIFRSAxis" xlink:to="EquityIFRSMember_2" order="1.0" />    <link:loc xlink:type="locator" xlink:href="http://disclosure.edinet-fsa.go.jp/taxonomy/jpigp/2020-11-01/jpigp_cor_2020-11-01.xsd#jpigp_cor_EquityIFRSMember" xlink:label="EquityIFRSMember_3" />    <link:loc xlink:type="locator" xlink:href="http://disclosure.edinet-fsa.go.jp/taxonomy/jpigp/2020-11-01/jpigp_cor_2020-11-01.xsd#jpigp_cor_EquityAttributableToOwnersOfParentIFRSMember" xlink:label="EquityAttributableToOwnersOfParentIFRSMember_2" />    <link:definitionArc xlink:type="arc" xlink:arcrole="http://xbrl.org/int/dim/arcrole/domain-member" xlink:from="EquityIFRSMember_3" xlink:to="EquityAttributableToOwnersOfParentIFRSMember_2" order="1.0" />    <link:loc xlink:type="locator" xlink:href="http://disclosure.edinet-fsa.go.jp/taxonomy/jpigp/2020-11-01/jpigp_cor_2020-11-01.xsd#jpigp_cor_EquityAttributableToOwnersOfParentIFRSMember" xlink:label="EquityAttributableToOwnersOfParentIFRSMember" />    <link:loc xlink:type="locator" xlink:href="http://disclosure.edinet-fsa.go.jp/taxonomy/jpigp/2020-11-01/jpigp_cor_2020-11-01.xsd#jpigp_cor_ShareCapitalIFRSMember" xlink:label="ShareCapitalIFRSMember" />    <link:definitionArc xlink:type="arc" xlink:arcrole="http://xbrl.org/int/dim/arcrole/domain-member" xlink:from="EquityAttributableToOwnersOfParentIFRSMember" xlink:to="ShareCapitalIFRSMember" order="1.0" />    <link:loc xlink:type="locator" xlink:href="http://disclosure.edinet-fsa.go.jp/taxonomy/jpigp/2020-11-01/jpigp_cor_2020-11-01.xsd#jpigp_cor_CapitalSurplusIFRSMember" xlink:label="CapitalSurplusIFRSMember" />    <link:definitionArc xlink:type="arc" xlink:arcrole="http://xbrl.org/int/dim/arcrole/domain-member" xlink:from="EquityAttributableToOwnersOfParentIFRSMember" xlink:to="CapitalSurplusIFRSMember" order="2.0" />    <link:loc xlink:type="locator" xlink:href="http://disclosure.edinet-fsa.go.jp/taxonomy/jpigp/2020-11-01/jpigp_cor_2020-11-01.xsd#jpigp_cor_RetainedEarningsIFRSMember" xlink:label="RetainedEarningsIFRSMember" />    <link:definitionArc xlink:type="arc" xlink:arcrole="http://xbrl.org/int/dim/arcrole/domain-member" xlink:from="EquityAttributableToOwnersOfParentIFRSMember" xlink:to="RetainedEarningsIFRSMember" order="3.0" />    <link:loc xlink:type="locator" xlink:href="http://disclosure.edinet-fsa.go.jp/taxonomy/jpigp/2020-11-01/jpigp_cor_2020-11-01.xsd#jpigp_cor_OtherComponentsOfEquityIFRSMember" xlink:label="OtherComponentsOfEquityIFRSMember" />    <link:definitionArc xlink:type="arc" xlink:arcrole="http://xbrl.org/int/dim/arcrole/domain-member" xlink:from="EquityAttributableToOwnersOfParentIFRSMember" xlink:to="OtherComponentsOfEquityIFRSMember" order="4.0" />    <link:loc xlink:type="locator" xlink:href="http://disclosure.edinet-fsa.go.jp/taxonomy/jpigp/2020-11-01/jpigp_cor_2020-11-01.xsd#jpigp_cor_EquityIFRSMember" xlink:label="EquityIFRSMember" />    <link:definitionArc xlink:type="arc" xlink:arcrole="http://xbrl.org/int/dim/arcrole/dimension-default" xlink:from="ComponentsOfEquityIFRSAxis" xlink:to="EquityIFRSMember" order="2.0" />    <link:loc xlink:type="locator" xlink:href="http://disclosure.edinet-fsa.go.jp/taxonomy/jpigp/2020-11-01/jpigp_cor_2020-11-01.xsd#jpigp_cor_StatementOfChangesInEquityIFRSLineItems" xlink:label="StatementOfChangesInEquityIFRSLineItems_2" />    <link:definitionArc xlink:type="arc" xlink:arcrole="http://xbrl.org/int/dim/arcrole/domain-member" xlink:from="CondensedQuarterlyConsolidatedStatementOfChangesInEquityIFRSHeading" xlink:to="StatementOfChangesInEquityIFRSLineItems_2" order="2.0" />    <link:loc xlink:type="locator" xlink:href="http://disclosure.edinet-fsa.go.jp/taxonomy/jpigp/2020-11-01/jpigp_cor_2020-11-01.xsd#jpigp_cor_StatementOfChangesInEquityIFRSLineItems" xlink:label="StatementOfChangesInEquityIFRSLineItems" />    <link:loc xlink:type="locator" xlink:href="http://disclosure.edinet-fsa.go.jp/taxonomy/jpigp/2020-11-01/jpigp_cor_2020-11-01.xsd#jpigp_cor_EquityIFRS" xlink:label="EquityIFRS" />    <link:definitionArc xlink:type="arc" xlink:arcrole="http://xbrl.org/int/dim/arcrole/domain-member" xlink:from="StatementOfChangesInEquityIFRSLineItems" xlink:to="EquityIFRS" order="1.0" />    <link:loc xlink:type="locator" xlink:href="http://disclosure.edinet-fsa.go.jp/taxonomy/jpigp/2020-11-01/jpigp_cor_2020-11-01.xsd#jpigp_cor_ComprehensiveIncomeIFRSAbstract" xlink:label="ComprehensiveIncomeIFRSAbstract_2" />    <link:definitionArc xlink:type="arc" xlink:arcrole="http://xbrl.org/int/dim/arcrole/domain-member" xlink:from="StatementOfChangesInEquityIFRSLineItems" xlink:to="ComprehensiveIncomeIFRSAbstract_2" order="2.0" />    <link:loc xlink:type="locator" xlink:href="http://disclosure.edinet-fsa.go.jp/taxonomy/jpigp/2020-11-01/jpigp_cor_2020-11-01.xsd#jpigp_cor_ComprehensiveIncomeIFRSAbstract" xlink:label="ComprehensiveIncomeIFRSAbstract" />    <link:loc xlink:type="locator" xlink:href="http://disclosure.edinet-fsa.go.jp/taxonomy/jpigp/2020-11-01/jpigp_cor_2020-11-01.xsd#jpigp_cor_ProfitLossIFRS" xlink:label="ProfitLossIFRS" />    <link:definitionArc xlink:type="arc" xlink:arcrole="http://xbrl.org/int/dim/arcrole/domain-member" xlink:from="ComprehensiveIncomeIFRSAbstract" xlink:to="ProfitLossIFRS" order="1.0" />    <link:loc xlink:type="locator" xlink:href="http://disclosure.edinet-fsa.go.jp/taxonomy/jpigp/2020-11-01/jpigp_cor_2020-11-01.xsd#jpigp_cor_ExchangeDifferencesOnTranslationOfForeignOperationsNetOfTaxItemsThatMayBeReclassifiedToProfitOrLossOCIIFRS" xlink:label="ExchangeDifferencesOnTranslationOfForeignOperationsNetOfTaxItemsThatMayBeReclassifiedToProfitOrLossOCIIFRS" />    <link:definitionArc xlink:type="arc" xlink:arcrole="http://xbrl.org/int/dim/arcrole/domain-member" xlink:from="ComprehensiveIncomeIFRSAbstract" xlink:to="ExchangeDifferencesOnTranslationOfForeignOperationsNetOfTaxItemsThatMayBeReclassifiedToProfitOrLossOCIIFRS" order="2.0" />    <link:loc xlink:type="locator" xlink:href="http://disclosure.edinet-fsa.go.jp/taxonomy/jpigp/2020-11-01/jpigp_cor_2020-11-01.xsd#jpigp_cor_ComprehensiveIncomeIFRS" xlink:label="ComprehensiveIncomeIFRS" />    <link:definitionArc xlink:type="arc" xlink:arcrole="http://xbrl.org/int/dim/arcrole/domain-member" xlink:from="ComprehensiveIncomeIFRSAbstract" xlink:to="ComprehensiveIncomeIFRS" order="3.0" />    <link:loc xlink:type="locator" xlink:href="http://disclosure.edinet-fsa.go.jp/taxonomy/jpigp/2020-11-01/jpigp_cor_2020-11-01.xsd#jpigp_cor_TransactionsWithOwnersIFRSAbstract" xlink:label="TransactionsWithOwnersIFRSAbstract_2" />    <link:definitionArc xlink:type="arc" xlink:arcrole="http://xbrl.org/int/dim/arcrole/domain-member" xlink:from="StatementOfChangesInEquityIFRSLineItems" xlink:to="TransactionsWithOwnersIFRSAbstract_2" order="3.0" />    <link:loc xlink:type="locator" xlink:href="http://disclosure.edinet-fsa.go.jp/taxonomy/jpigp/2020-11-01/jpigp_cor_2020-11-01.xsd#jpigp_cor_TransactionsWithOwnersIFRSAbstract" xlink:label="TransactionsWithOwnersIFRSAbstract" />    <link:loc xlink:type="locator" xlink:href="http://disclosure.edinet-fsa.go.jp/taxonomy/jpigp/2020-11-01/jpigp_cor_2020-11-01.xsd#jpigp_cor_ShareBasedPaymentTransactionsSSIFRS" xlink:label="ShareBasedPaymentTransactionsSSIFRS" />    <link:definitionArc xlink:type="arc" xlink:arcrole="http://xbrl.org/int/dim/arcrole/domain-member" xlink:from="TransactionsWithOwnersIFRSAbstract" xlink:to="ShareBasedPaymentTransactionsSSIFRS" order="1.0" />    <link:loc xlink:type="locator" xlink:href="http://disclosure.edinet-fsa.go.jp/taxonomy/jpigp/2020-11-01/jpigp_cor_2020-11-01.xsd#jpigp_cor_IssuanceOfNewSharesSSIFRS" xlink:label="IssuanceOfNewSharesSSIFRS" />    <link:definitionArc xlink:type="arc" xlink:arcrole="http://xbrl.org/int/dim/arcrole/domain-member" xlink:from="TransactionsWithOwnersIFRSAbstract" xlink:to="IssuanceOfNewSharesSSIFRS" order="2.0" />    <link:loc xlink:type="locator" xlink:href="tse-qcediffr-45960-2022-09-30-01-2022-11-11.xsd#tse-qcediffr-45960_CostOfIssuanceOfNewSharesSSIFRS" xlink:label="CostOfIssuanceOfNewSharesSSIFRS" />    <link:definitionArc xlink:type="arc" xlink:arcrole="http://xbrl.org/int/dim/arcrole/domain-member" xlink:from="TransactionsWithOwnersIFRSAbstract" xlink:to="CostOfIssuanceOfNewSharesSSIFRS" order="3.0" />    <link:loc xlink:type="locator" xlink:href="http://disclosure.edinet-fsa.go.jp/taxonomy/jpigp/2020-11-01/jpigp_cor_2020-11-01.xsd#jpigp_cor_TotalTransactionsWithOwnersIFRS" xlink:label="TotalTransactionsWithOwnersIFRS" />    <link:definitionArc xlink:type="arc" xlink:arcrole="http://xbrl.org/int/dim/arcrole/domain-member" xlink:from="TransactionsWithOwnersIFRSAbstract" xlink:to="TotalTransactionsWithOwnersIFRS" order="4.0" />  </link:definitionLink>  <link:definitionLink xlink:type="extended" xlink:role="http://disclosure.edinet-fsa.go.jp/role/jpigp/rol_CondensedQuarterlyConsolidatedStatementOfCashFlowsIFRS">    <link:loc xlink:type="locator" xlink:href="http://disclosure.edinet-fsa.go.jp/taxonomy/jpigp/2020-11-01/jpigp_cor_2020-11-01.xsd#jpigp_cor_CondensedQuarterlyConsolidatedStatementOfCashFlowsIFRSHeading" xlink:label="CondensedQuarterlyConsolidatedStatementOfCashFlowsIFRSHeading" />    <link:loc xlink:type="locator" xlink:href="http://disclosure.edinet-fsa.go.jp/taxonomy/jpigp/2020-11-01/jpigp_cor_2020-11-01.xsd#jpigp_cor_StatementOfCashFlowsIFRSTable" xlink:label="StatementOfCashFlowsIFRSTable_2" />    <link:definitionArc xlink:type="arc" xbrldt:contextElement="scenario" xbrldt:closed="true" xlink:arcrole="http://xbrl.org/int/dim/arcrole/all" xlink:from="CondensedQuarterlyConsolidatedStatementOfCashFlowsIFRSHeading" xlink:to="StatementOfCashFlowsIFRSTable_2" order="1.0" />    <link:loc xlink:type="locator" xlink:href="http://disclosure.edinet-fsa.go.jp/taxonomy/jpigp/2020-11-01/jpigp_cor_2020-11-01.xsd#jpigp_cor_StatementOfCashFlowsIFRSTable" xlink:label="StatementOfCashFlowsIFRSTable" />    <link:loc xlink:type="locator" xlink:href="http://disclosure.edinet-fsa.go.jp/taxonomy/jppfs/2020-11-01/jppfs_cor_2020-11-01.xsd#jppfs_cor_ConsolidatedOrNonConsolidatedAxis" xlink:label="ConsolidatedOrNonConsolidatedAxis_2" />    <link:definitionArc xlink:type="arc" xlink:arcrole="http://xbrl.org/int/dim/arcrole/hypercube-dimension" xlink:from="StatementOfCashFlowsIFRSTable" xlink:to="ConsolidatedOrNonConsolidatedAxis_2" order="1.0" />    <link:loc xlink:type="locator" xlink:href="http://disclosure.edinet-fsa.go.jp/taxonomy/jppfs/2020-11-01/jppfs_cor_2020-11-01.xsd#jppfs_cor_ConsolidatedOrNonConsolidatedAxis" xlink:label="ConsolidatedOrNonConsolidatedAxis" />    <link:loc xlink:type="locator" xlink:href="http://disclosure.edinet-fsa.go.jp/taxonomy/jppfs/2020-11-01/jppfs_cor_2020-11-01.xsd#jppfs_cor_ConsolidatedMember" xlink:label="ConsolidatedMember_2" />    <link:definitionArc xlink:type="arc" xlink:arcrole="http://xbrl.org/int/dim/arcrole/dimension-domain" xlink:from="ConsolidatedOrNonConsolidatedAxis" xlink:to="ConsolidatedMember_2" order="1.0" />    <link:loc xlink:type="locator" xlink:href="http://disclosure.edinet-fsa.go.jp/taxonomy/jppfs/2020-11-01/jppfs_cor_2020-11-01.xsd#jppfs_cor_ConsolidatedMember" xlink:label="ConsolidatedMember" />    <link:definitionArc xlink:type="arc" xlink:arcrole="http://xbrl.org/int/dim/arcrole/dimension-default" xlink:from="ConsolidatedOrNonConsolidatedAxis" xlink:to="ConsolidatedMember" order="2.0" />    <link:loc xlink:type="locator" xlink:href="http://disclosure.edinet-fsa.go.jp/taxonomy/jpigp/2020-11-01/jpigp_cor_2020-11-01.xsd#jpigp_cor_StatementOfCashFlowsIFRSLineItems" xlink:label="StatementOfCashFlowsIFRSLineItems_2" />    <link:definitionArc xlink:type="arc" xlink:arcrole="http://xbrl.org/int/dim/arcrole/domain-member" xlink:from="CondensedQuarterlyConsolidatedStatementOfCashFlowsIFRSHeading" xlink:to="StatementOfCashFlowsIFRSLineItems_2" order="2.0" />    <link:loc xlink:type="locator" xlink:href="http://disclosure.edinet-fsa.go.jp/taxonomy/jpigp/2020-11-01/jpigp_cor_2020-11-01.xsd#jpigp_cor_StatementOfCashFlowsIFRSLineItems" xlink:label="StatementOfCashFlowsIFRSLineItems" />    <link:loc xlink:type="locator" xlink:href="http://disclosure.edinet-fsa.go.jp/taxonomy/jpigp/2020-11-01/jpigp_cor_2020-11-01.xsd#jpigp_cor_CashFlowsFromOperatingActivitiesIFRSAbstract" xlink:label="CashFlowsFromOperatingActivitiesIFRSAbstract_2" />    <link:definitionArc xlink:type="arc" xlink:arcrole="http://xbrl.org/int/dim/arcrole/domain-member" xlink:from="StatementOfCashFlowsIFRSLineItems" xlink:to="CashFlowsFromOperatingActivitiesIFRSAbstract_2" order="1.0" />    <link:loc xlink:type="locator" xlink:href="http://disclosure.edinet-fsa.go.jp/taxonomy/jpigp/2020-11-01/jpigp_cor_2020-11-01.xsd#jpigp_cor_CashFlowsFromOperatingActivitiesIFRSAbstract" xlink:label="CashFlowsFromOperatingActivitiesIFRSAbstract" />    <link:loc xlink:type="locator" xlink:href="http://disclosure.edinet-fsa.go.jp/taxonomy/jpigp/2020-11-01/jpigp_cor_2020-11-01.xsd#jpigp_cor_ProfitLossIFRS" xlink:label="ProfitLossIFRS" />    <link:definitionArc xlink:type="arc" xlink:arcrole="http://xbrl.org/int/dim/arcrole/domain-member" xlink:from="CashFlowsFromOperatingActivitiesIFRSAbstract" xlink:to="ProfitLossIFRS" order="1.0" />    <link:loc xlink:type="locator" xlink:href="http://disclosure.edinet-fsa.go.jp/taxonomy/jpigp/2020-11-01/jpigp_cor_2020-11-01.xsd#jpigp_cor_AdjustmentsForOpeCFIFRSAbstract" xlink:label="AdjustmentsForOpeCFIFRSAbstract_2" />    <link:definitionArc xlink:type="arc" xlink:arcrole="http://xbrl.org/int/dim/arcrole/domain-member" xlink:from="CashFlowsFromOperatingActivitiesIFRSAbstract" xlink:to="AdjustmentsForOpeCFIFRSAbstract_2" order="2.0" />    <link:loc xlink:type="locator" xlink:href="http://disclosure.edinet-fsa.go.jp/taxonomy/jpigp/2020-11-01/jpigp_cor_2020-11-01.xsd#jpigp_cor_AdjustmentsForOpeCFIFRSAbstract" xlink:label="AdjustmentsForOpeCFIFRSAbstract" />    <link:loc xlink:type="locator" xlink:href="http://disclosure.edinet-fsa.go.jp/taxonomy/jpigp/2020-11-01/jpigp_cor_2020-11-01.xsd#jpigp_cor_DepreciationExpenseOpeCFIFRS" xlink:label="DepreciationExpenseOpeCFIFRS" />    <link:definitionArc xlink:type="arc" xlink:arcrole="http://xbrl.org/int/dim/arcrole/domain-member" xlink:from="AdjustmentsForOpeCFIFRSAbstract" xlink:to="DepreciationExpenseOpeCFIFRS" order="1.0" />    <link:loc xlink:type="locator" xlink:href="tse-qcediffr-45960-2022-09-30-01-2022-11-11.xsd#tse-qcediffr-45960_StockBasedCompensationOpeCFIFRS" xlink:label="StockBasedCompensationOpeCFIFRS" />    <link:definitionArc xlink:type="arc" xlink:arcrole="http://xbrl.org/int/dim/arcrole/domain-member" xlink:from="AdjustmentsForOpeCFIFRSAbstract" xlink:to="StockBasedCompensationOpeCFIFRS" order="2.0" />    <link:loc xlink:type="locator" xlink:href="tse-qcediffr-45960-2022-09-30-01-2022-11-11.xsd#tse-qcediffr-45960_AmortizationNetOfPremiumDiscountOnMarketableSecuritiesOpeCFIFRS" xlink:label="AmortizationNetOfPremiumDiscountOnMarketableSecuritiesOpeCFIFRS" />    <link:definitionArc xlink:type="arc" xlink:arcrole="http://xbrl.org/int/dim/arcrole/domain-member" xlink:from="AdjustmentsForOpeCFIFRSAbstract" xlink:to="AmortizationNetOfPremiumDiscountOnMarketableSecuritiesOpeCFIFRS" order="3.0" />    <link:loc xlink:type="locator" xlink:href="http://disclosure.edinet-fsa.go.jp/taxonomy/jpigp/2020-11-01/jpigp_cor_2020-11-01.xsd#jpigp_cor_LossGainOnSaleAndRetirementOfFixedAssetsOpeCFIFRS" xlink:label="LossGainOnSaleAndRetirementOfFixedAssetsOpeCFIFRS" />    <link:definitionArc xlink:type="arc" xlink:arcrole="http://xbrl.org/int/dim/arcrole/domain-member" xlink:from="AdjustmentsForOpeCFIFRSAbstract" xlink:to="LossGainOnSaleAndRetirementOfFixedAssetsOpeCFIFRS" order="4.0" />    <link:loc xlink:type="locator" xlink:href="http://disclosure.edinet-fsa.go.jp/taxonomy/jpigp/2020-11-01/jpigp_cor_2020-11-01.xsd#jpigp_cor_FinanceIncomeOpeCFIFRS" xlink:label="FinanceIncomeOpeCFIFRS" />    <link:definitionArc xlink:type="arc" xlink:arcrole="http://xbrl.org/int/dim/arcrole/domain-member" xlink:from="AdjustmentsForOpeCFIFRSAbstract" xlink:to="FinanceIncomeOpeCFIFRS" order="5.0" />    <link:loc xlink:type="locator" xlink:href="http://disclosure.edinet-fsa.go.jp/taxonomy/jpigp/2020-11-01/jpigp_cor_2020-11-01.xsd#jpigp_cor_FinanceCostsOpeCFIFRS" xlink:label="FinanceCostsOpeCFIFRS" />    <link:definitionArc xlink:type="arc" xlink:arcrole="http://xbrl.org/int/dim/arcrole/domain-member" xlink:from="AdjustmentsForOpeCFIFRSAbstract" xlink:to="FinanceCostsOpeCFIFRS" order="6.0" />    <link:loc xlink:type="locator" xlink:href="http://disclosure.edinet-fsa.go.jp/taxonomy/jpigp/2020-11-01/jpigp_cor_2020-11-01.xsd#jpigp_cor_ChangesInWorkingCapitalOpeCFIFRSAbstract" xlink:label="ChangesInWorkingCapitalOpeCFIFRSAbstract_2" />    <link:definitionArc xlink:type="arc" xlink:arcrole="http://xbrl.org/int/dim/arcrole/domain-member" xlink:from="CashFlowsFromOperatingActivitiesIFRSAbstract" xlink:to="ChangesInWorkingCapitalOpeCFIFRSAbstract_2" order="3.0" />    <link:loc xlink:type="locator" xlink:href="http://disclosure.edinet-fsa.go.jp/taxonomy/jpigp/2020-11-01/jpigp_cor_2020-11-01.xsd#jpigp_cor_ChangesInWorkingCapitalOpeCFIFRSAbstract" xlink:label="ChangesInWorkingCapitalOpeCFIFRSAbstract" />    <link:loc xlink:type="locator" xlink:href="tse-qcediffr-45960-2022-09-30-01-2022-11-11.xsd#tse-qcediffr-45960_TradeReceivablesOpeCFIFRS" xlink:label="TradeReceivablesOpeCFIFRS" />    <link:definitionArc xlink:type="arc" xlink:arcrole="http://xbrl.org/int/dim/arcrole/domain-member" xlink:from="ChangesInWorkingCapitalOpeCFIFRSAbstract" xlink:to="TradeReceivablesOpeCFIFRS" order="1.0" />    <link:loc xlink:type="locator" xlink:href="tse-qcediffr-45960-2022-09-30-01-2022-11-11.xsd#tse-qcediffr-45960_OtherCurrentAssetsOpeCFIFRS" xlink:label="OtherCurrentAssetsOpeCFIFRS" />    <link:definitionArc xlink:type="arc" xlink:arcrole="http://xbrl.org/int/dim/arcrole/domain-member" xlink:from="ChangesInWorkingCapitalOpeCFIFRSAbstract" xlink:to="OtherCurrentAssetsOpeCFIFRS" order="2.0" />    <link:loc xlink:type="locator" xlink:href="tse-qcediffr-45960-2022-09-30-01-2022-11-11.xsd#tse-qcediffr-45960_AccountsPayableOpeCFIFRS" xlink:label="AccountsPayableOpeCFIFRS" />    <link:definitionArc xlink:type="arc" xlink:arcrole="http://xbrl.org/int/dim/arcrole/domain-member" xlink:from="ChangesInWorkingCapitalOpeCFIFRSAbstract" xlink:to="AccountsPayableOpeCFIFRS" order="3.0" />    <link:loc xlink:type="locator" xlink:href="tse-qcediffr-45960-2022-09-30-01-2022-11-11.xsd#tse-qcediffr-45960_AccruedLiabilitiesOpeCFIFRS" xlink:label="AccruedLiabilitiesOpeCFIFRS" />    <link:definitionArc xlink:type="arc" xlink:arcrole="http://xbrl.org/int/dim/arcrole/domain-member" xlink:from="ChangesInWorkingCapitalOpeCFIFRSAbstract" xlink:to="AccruedLiabilitiesOpeCFIFRS" order="4.0" />    <link:loc xlink:type="locator" xlink:href="tse-qcediffr-45960-2022-09-30-01-2022-11-11.xsd#tse-qcediffr-45960_AccruedCompensationOpeCFIFRS" xlink:label="AccruedCompensationOpeCFIFRS" />    <link:definitionArc xlink:type="arc" xlink:arcrole="http://xbrl.org/int/dim/arcrole/domain-member" xlink:from="ChangesInWorkingCapitalOpeCFIFRSAbstract" xlink:to="AccruedCompensationOpeCFIFRS" order="5.0" />    <link:loc xlink:type="locator" xlink:href="tse-qcediffr-45960-2022-09-30-01-2022-11-11.xsd#tse-qcediffr-45960_DeferredRentAndLeaseIncentivesOpeCFIFRS" xlink:label="DeferredRentAndLeaseIncentivesOpeCFIFRS" />    <link:definitionArc xlink:type="arc" xlink:arcrole="http://xbrl.org/int/dim/arcrole/domain-member" xlink:from="ChangesInWorkingCapitalOpeCFIFRSAbstract" xlink:to="DeferredRentAndLeaseIncentivesOpeCFIFRS" order="6.0" />    <link:loc xlink:type="locator" xlink:href="tse-qcediffr-45960-2022-09-30-01-2022-11-11.xsd#tse-qcediffr-45960_OtherAssetsOpeCFIFRS" xlink:label="OtherAssetsOpeCFIFRS" />    <link:definitionArc xlink:type="arc" xlink:arcrole="http://xbrl.org/int/dim/arcrole/domain-member" xlink:from="ChangesInWorkingCapitalOpeCFIFRSAbstract" xlink:to="OtherAssetsOpeCFIFRS" order="7.0" />    <link:loc xlink:type="locator" xlink:href="http://disclosure.edinet-fsa.go.jp/taxonomy/jpigp/2020-11-01/jpigp_cor_2020-11-01.xsd#jpigp_cor_SubtotalOpeCFIFRS" xlink:label="SubtotalOpeCFIFRS" />    <link:definitionArc xlink:type="arc" xlink:arcrole="http://xbrl.org/int/dim/arcrole/domain-member" xlink:from="CashFlowsFromOperatingActivitiesIFRSAbstract" xlink:to="SubtotalOpeCFIFRS" order="4.0" />    <link:loc xlink:type="locator" xlink:href="http://disclosure.edinet-fsa.go.jp/taxonomy/jpigp/2020-11-01/jpigp_cor_2020-11-01.xsd#jpigp_cor_InterestPaidOpeCFIFRS" xlink:label="InterestPaidOpeCFIFRS" />    <link:definitionArc xlink:type="arc" xlink:arcrole="http://xbrl.org/int/dim/arcrole/domain-member" xlink:from="CashFlowsFromOperatingActivitiesIFRSAbstract" xlink:to="InterestPaidOpeCFIFRS" order="5.0" />    <link:loc xlink:type="locator" xlink:href="http://disclosure.edinet-fsa.go.jp/taxonomy/jpigp/2020-11-01/jpigp_cor_2020-11-01.xsd#jpigp_cor_NetCashProvidedByUsedInOperatingActivitiesIFRS" xlink:label="NetCashProvidedByUsedInOperatingActivitiesIFRS" />    <link:definitionArc xlink:type="arc" xlink:arcrole="http://xbrl.org/int/dim/arcrole/domain-member" xlink:from="CashFlowsFromOperatingActivitiesIFRSAbstract" xlink:to="NetCashProvidedByUsedInOperatingActivitiesIFRS" order="6.0" />    <link:loc xlink:type="locator" xlink:href="http://disclosure.edinet-fsa.go.jp/taxonomy/jpigp/2020-11-01/jpigp_cor_2020-11-01.xsd#jpigp_cor_CashFlowsFromInvestingActivitiesIFRSAbstract" xlink:label="CashFlowsFromInvestingActivitiesIFRSAbstract_2" />    <link:definitionArc xlink:type="arc" xlink:arcrole="http://xbrl.org/int/dim/arcrole/domain-member" xlink:from="StatementOfCashFlowsIFRSLineItems" xlink:to="CashFlowsFromInvestingActivitiesIFRSAbstract_2" order="2.0" />    <link:loc xlink:type="locator" xlink:href="http://disclosure.edinet-fsa.go.jp/taxonomy/jpigp/2020-11-01/jpigp_cor_2020-11-01.xsd#jpigp_cor_CashFlowsFromInvestingActivitiesIFRSAbstract" xlink:label="CashFlowsFromInvestingActivitiesIFRSAbstract" />    <link:loc xlink:type="locator" xlink:href="tse-qcediffr-45960-2022-09-30-01-2022-11-11.xsd#tse-qcediffr-45960_InterestReceivedInvCFIFRS" xlink:label="InterestReceivedInvCFIFRS" />    <link:definitionArc xlink:type="arc" xlink:arcrole="http://xbrl.org/int/dim/arcrole/domain-member" xlink:from="CashFlowsFromInvestingActivitiesIFRSAbstract" xlink:to="InterestReceivedInvCFIFRS" order="1.0" />    <link:loc xlink:type="locator" xlink:href="http://disclosure.edinet-fsa.go.jp/taxonomy/jpigp/2020-11-01/jpigp_cor_2020-11-01.xsd#jpigp_cor_PurchaseOfOtherFinancialAssetsInvCFIFRS" xlink:label="PurchaseOfOtherFinancialAssetsInvCFIFRS" />    <link:definitionArc xlink:type="arc" xlink:arcrole="http://xbrl.org/int/dim/arcrole/domain-member" xlink:from="CashFlowsFromInvestingActivitiesIFRSAbstract" xlink:to="PurchaseOfOtherFinancialAssetsInvCFIFRS" order="2.0" />    <link:loc xlink:type="locator" xlink:href="tse-qcediffr-45960-2022-09-30-01-2022-11-11.xsd#tse-qcediffr-45960_MaturitiesOfMarketableSecuritiesAvailableForSaleInvCFIFRS" xlink:label="MaturitiesOfMarketableSecuritiesAvailableForSaleInvCFIFRS" />    <link:definitionArc xlink:type="arc" xlink:arcrole="http://xbrl.org/int/dim/arcrole/domain-member" xlink:from="CashFlowsFromInvestingActivitiesIFRSAbstract" xlink:to="MaturitiesOfMarketableSecuritiesAvailableForSaleInvCFIFRS" order="3.0" />    <link:loc xlink:type="locator" xlink:href="http://disclosure.edinet-fsa.go.jp/taxonomy/jpigp/2020-11-01/jpigp_cor_2020-11-01.xsd#jpigp_cor_PurchaseOfPropertyPlantAndEquipmentInvCFIFRS" xlink:label="PurchaseOfPropertyPlantAndEquipmentInvCFIFRS" />    <link:definitionArc xlink:type="arc" xlink:arcrole="http://xbrl.org/int/dim/arcrole/domain-member" xlink:from="CashFlowsFromInvestingActivitiesIFRSAbstract" xlink:to="PurchaseOfPropertyPlantAndEquipmentInvCFIFRS" order="4.0" />    <link:loc xlink:type="locator" xlink:href="tse-qcediffr-45960-2022-09-30-01-2022-11-11.xsd#tse-qcediffr-45960_CollectionOfLeaseReceivableInvCFIFRS" xlink:label="CollectionOfLeaseReceivableInvCFIFRS" />    <link:definitionArc xlink:type="arc" xlink:arcrole="http://xbrl.org/int/dim/arcrole/domain-member" xlink:from="CashFlowsFromInvestingActivitiesIFRSAbstract" xlink:to="CollectionOfLeaseReceivableInvCFIFRS" order="5.0" />    <link:loc xlink:type="locator" xlink:href="http://disclosure.edinet-fsa.go.jp/taxonomy/jpigp/2020-11-01/jpigp_cor_2020-11-01.xsd#jpigp_cor_ProceedsFromCollectionOfLeaseholdDepositsAndGuaranteeDepositsInvCFIFRS" xlink:label="ProceedsFromCollectionOfLeaseholdDepositsAndGuaranteeDepositsInvCFIFRS" />    <link:definitionArc xlink:type="arc" xlink:arcrole="http://xbrl.org/int/dim/arcrole/domain-member" xlink:from="CashFlowsFromInvestingActivitiesIFRSAbstract" xlink:to="ProceedsFromCollectionOfLeaseholdDepositsAndGuaranteeDepositsInvCFIFRS" order="6.0" />    <link:loc xlink:type="locator" xlink:href="http://disclosure.edinet-fsa.go.jp/taxonomy/jpigp/2020-11-01/jpigp_cor_2020-11-01.xsd#jpigp_cor_NetCashProvidedByUsedInInvestingActivitiesIFRS" xlink:label="NetCashProvidedByUsedInInvestingActivitiesIFRS" />    <link:definitionArc xlink:type="arc" xlink:arcrole="http://xbrl.org/int/dim/arcrole/domain-member" xlink:from="CashFlowsFromInvestingActivitiesIFRSAbstract" xlink:to="NetCashProvidedByUsedInInvestingActivitiesIFRS" order="7.0" />    <link:loc xlink:type="locator" xlink:href="http://disclosure.edinet-fsa.go.jp/taxonomy/jpigp/2020-11-01/jpigp_cor_2020-11-01.xsd#jpigp_cor_CashFlowsFromFinancingActivitiesIFRSAbstract" xlink:label="CashFlowsFromFinancingActivitiesIFRSAbstract_2" />    <link:definitionArc xlink:type="arc" xlink:arcrole="http://xbrl.org/int/dim/arcrole/domain-member" xlink:from="StatementOfCashFlowsIFRSLineItems" xlink:to="CashFlowsFromFinancingActivitiesIFRSAbstract_2" order="3.0" />    <link:loc xlink:type="locator" xlink:href="http://disclosure.edinet-fsa.go.jp/taxonomy/jpigp/2020-11-01/jpigp_cor_2020-11-01.xsd#jpigp_cor_CashFlowsFromFinancingActivitiesIFRSAbstract" xlink:label="CashFlowsFromFinancingActivitiesIFRSAbstract" />    <link:loc xlink:type="locator" xlink:href="tse-qcediffr-45960-2022-09-30-01-2022-11-11.xsd#tse-qcediffr-45960_ProceedsFromIssuanceOfCommonStockFinCFIFRS" xlink:label="ProceedsFromIssuanceOfCommonStockFinCFIFRS" />    <link:definitionArc xlink:type="arc" xlink:arcrole="http://xbrl.org/int/dim/arcrole/domain-member" xlink:from="CashFlowsFromFinancingActivitiesIFRSAbstract" xlink:to="ProceedsFromIssuanceOfCommonStockFinCFIFRS" order="1.0" />    <link:loc xlink:type="locator" xlink:href="http://disclosure.edinet-fsa.go.jp/taxonomy/jpigp/2020-11-01/jpigp_cor_2020-11-01.xsd#jpigp_cor_ProceedsFromIssuanceOfShareAcquisitionRightsFinCFIFRS" xlink:label="ProceedsFromIssuanceOfShareAcquisitionRightsFinCFIFRS" />    <link:definitionArc xlink:type="arc" xlink:arcrole="http://xbrl.org/int/dim/arcrole/domain-member" xlink:from="CashFlowsFromFinancingActivitiesIFRSAbstract" xlink:to="ProceedsFromIssuanceOfShareAcquisitionRightsFinCFIFRS" order="2.0" />    <link:loc xlink:type="locator" xlink:href="http://disclosure.edinet-fsa.go.jp/taxonomy/jpigp/2020-11-01/jpigp_cor_2020-11-01.xsd#jpigp_cor_RepaymentsOfLeaseObligationsFinCFIFRS" xlink:label="RepaymentsOfLeaseObligationsFinCFIFRS" />    <link:definitionArc xlink:type="arc" xlink:arcrole="http://xbrl.org/int/dim/arcrole/domain-member" xlink:from="CashFlowsFromFinancingActivitiesIFRSAbstract" xlink:to="RepaymentsOfLeaseObligationsFinCFIFRS" order="3.0" />    <link:loc xlink:type="locator" xlink:href="http://disclosure.edinet-fsa.go.jp/taxonomy/jpigp/2020-11-01/jpigp_cor_2020-11-01.xsd#jpigp_cor_NetCashProvidedByUsedInFinancingActivitiesIFRS" xlink:label="NetCashProvidedByUsedInFinancingActivitiesIFRS" />    <link:definitionArc xlink:type="arc" xlink:arcrole="http://xbrl.org/int/dim/arcrole/domain-member" xlink:from="CashFlowsFromFinancingActivitiesIFRSAbstract" xlink:to="NetCashProvidedByUsedInFinancingActivitiesIFRS" order="4.0" />    <link:loc xlink:type="locator" xlink:href="http://disclosure.edinet-fsa.go.jp/taxonomy/jpigp/2020-11-01/jpigp_cor_2020-11-01.xsd#jpigp_cor_EffectOfExchangeRateChangesOnCashAndCashEquivalentsIFRS" xlink:label="EffectOfExchangeRateChangesOnCashAndCashEquivalentsIFRS" />    <link:definitionArc xlink:type="arc" xlink:arcrole="http://xbrl.org/int/dim/arcrole/domain-member" xlink:from="StatementOfCashFlowsIFRSLineItems" xlink:to="EffectOfExchangeRateChangesOnCashAndCashEquivalentsIFRS" order="4.0" />    <link:loc xlink:type="locator" xlink:href="http://disclosure.edinet-fsa.go.jp/taxonomy/jpigp/2020-11-01/jpigp_cor_2020-11-01.xsd#jpigp_cor_NetIncreaseDecreaseInCashAndCashEquivalentsIFRS" xlink:label="NetIncreaseDecreaseInCashAndCashEquivalentsIFRS" />    <link:definitionArc xlink:type="arc" xlink:arcrole="http://xbrl.org/int/dim/arcrole/domain-member" xlink:from="StatementOfCashFlowsIFRSLineItems" xlink:to="NetIncreaseDecreaseInCashAndCashEquivalentsIFRS" order="5.0" />    <link:loc xlink:type="locator" xlink:href="http://disclosure.edinet-fsa.go.jp/taxonomy/jpigp/2020-11-01/jpigp_cor_2020-11-01.xsd#jpigp_cor_CashAndCashEquivalentsIFRS" xlink:label="CashAndCashEquivalentsIFRS" />    <link:definitionArc xlink:type="arc" xlink:arcrole="http://xbrl.org/int/dim/arcrole/domain-member" xlink:from="StatementOfCashFlowsIFRSLineItems" xlink:to="CashAndCashEquivalentsIFRS" order="6.0" />  </link:definitionLink></link:linkbase>