<?xml version="1.0" encoding="utf-8"?>
<!-- Generated by PRONEXUS WORKS --><link:linkbase xmlns:link="http://www.xbrl.org/2003/linkbase" xmlns:xsi="http://www.w3.org/2001/XMLSchema-instance" xmlns:xbrli="http://www.xbrl.org/2003/instance" xmlns:xlink="http://www.w3.org/1999/xlink" xmlns:xbrldt="http://xbrl.org/2005/xbrldt">  <link:roleRef xlink:type="simple" roleURI="http://disclosure.edinet-fsa.go.jp/role/jppfs/rol_cai_BalanceSheet-ListOfAccounts" xlink:href="http://disclosure.edinet-fsa.go.jp/taxonomy/jppfs/2021-11-01/jppfs_rt_2021-11-01.xsd#rol_cai_BalanceSheet-ListOfAccounts" />  <link:roleRef xlink:type="simple" roleURI="http://disclosure.edinet-fsa.go.jp/role/jppfs/rol_QuarterlyConsolidatedStatementOfCashFlows-indirect" xlink:href="http://disclosure.edinet-fsa.go.jp/taxonomy/jppfs/2021-11-01/jppfs_rt_2021-11-01.xsd#rol_QuarterlyConsolidatedStatementOfCashFlows-indirect" />  <link:roleRef xlink:type="simple" roleURI="http://disclosure.edinet-fsa.go.jp/role/jppfs/rol_YearToQuarterEndConsolidatedStatementOfComprehensiveIncome" xlink:href="http://disclosure.edinet-fsa.go.jp/taxonomy/jppfs/2021-11-01/jppfs_rt_2021-11-01.xsd#rol_YearToQuarterEndConsolidatedStatementOfComprehensiveIncome" />  <link:roleRef xlink:type="simple" roleURI="http://disclosure.edinet-fsa.go.jp/role/jppfs/rol_YearToQuarterEndConsolidatedStatementOfIncome" xlink:href="http://disclosure.edinet-fsa.go.jp/taxonomy/jppfs/2021-11-01/jppfs_rt_2021-11-01.xsd#rol_YearToQuarterEndConsolidatedStatementOfIncome" />  <link:roleRef xlink:type="simple" roleURI="http://disclosure.edinet-fsa.go.jp/role/jppfs/rol_QuarterlyConsolidatedBalanceSheet" xlink:href="http://disclosure.edinet-fsa.go.jp/taxonomy/jppfs/2021-11-01/jppfs_rt_2021-11-01.xsd#rol_QuarterlyConsolidatedBalanceSheet" />  <link:arcroleRef xlink:type="simple" arcroleURI="http://xbrl.org/int/dim/arcrole/hypercube-dimension" xlink:href="http://www.xbrl.org/2005/xbrldt-2005.xsd#hypercube-dimension" />  <link:arcroleRef xlink:type="simple" arcroleURI="http://xbrl.org/int/dim/arcrole/domain-member" xlink:href="http://www.xbrl.org/2005/xbrldt-2005.xsd#domain-member" />  <link:arcroleRef xlink:type="simple" arcroleURI="http://xbrl.org/int/dim/arcrole/dimension-domain" xlink:href="http://www.xbrl.org/2005/xbrldt-2005.xsd#dimension-domain" />  <link:arcroleRef xlink:type="simple" arcroleURI="http://xbrl.org/int/dim/arcrole/dimension-default" xlink:href="http://www.xbrl.org/2005/xbrldt-2005.xsd#dimension-default" />  <link:arcroleRef xlink:type="simple" arcroleURI="http://xbrl.org/int/dim/arcrole/all" xlink:href="http://www.xbrl.org/2005/xbrldt-2005.xsd#all" />  <link:definitionLink xlink:type="extended" xlink:role="http://disclosure.edinet-fsa.go.jp/role/jppfs/rol_QuarterlyConsolidatedBalanceSheet">    <link:loc xlink:type="locator" xlink:href="http://disclosure.edinet-fsa.go.jp/taxonomy/jppfs/2021-11-01/jppfs_cor_2021-11-01.xsd#jppfs_cor_QuarterlyConsolidatedBalanceSheetHeading" xlink:label="QuarterlyConsolidatedBalanceSheetHeading" />    <link:loc xlink:type="locator" xlink:href="http://disclosure.edinet-fsa.go.jp/taxonomy/jppfs/2021-11-01/jppfs_cor_2021-11-01.xsd#jppfs_cor_BalanceSheetTable" xlink:label="BalanceSheetTable_2" />    <link:definitionArc xlink:type="arc" xbrldt:contextElement="scenario" xbrldt:closed="true" xlink:arcrole="http://xbrl.org/int/dim/arcrole/all" xlink:from="QuarterlyConsolidatedBalanceSheetHeading" xlink:to="BalanceSheetTable_2" order="1.0" />    <link:loc xlink:type="locator" xlink:href="http://disclosure.edinet-fsa.go.jp/taxonomy/jppfs/2021-11-01/jppfs_cor_2021-11-01.xsd#jppfs_cor_BalanceSheetTable" xlink:label="BalanceSheetTable" />    <link:loc xlink:type="locator" xlink:href="http://disclosure.edinet-fsa.go.jp/taxonomy/jppfs/2021-11-01/jppfs_cor_2021-11-01.xsd#jppfs_cor_ConsolidatedOrNonConsolidatedAxis" xlink:label="ConsolidatedOrNonConsolidatedAxis_2" />    <link:definitionArc xlink:type="arc" xlink:arcrole="http://xbrl.org/int/dim/arcrole/hypercube-dimension" xlink:from="BalanceSheetTable" xlink:to="ConsolidatedOrNonConsolidatedAxis_2" order="1.0" />    <link:loc xlink:type="locator" xlink:href="http://disclosure.edinet-fsa.go.jp/taxonomy/jppfs/2021-11-01/jppfs_cor_2021-11-01.xsd#jppfs_cor_ConsolidatedOrNonConsolidatedAxis" xlink:label="ConsolidatedOrNonConsolidatedAxis" />    <link:loc xlink:type="locator" xlink:href="http://disclosure.edinet-fsa.go.jp/taxonomy/jppfs/2021-11-01/jppfs_cor_2021-11-01.xsd#jppfs_cor_ConsolidatedMember" xlink:label="ConsolidatedMember" />    <link:definitionArc xlink:type="arc" xlink:arcrole="http://xbrl.org/int/dim/arcrole/dimension-default" xlink:from="ConsolidatedOrNonConsolidatedAxis" xlink:to="ConsolidatedMember" order="1.0" />    <link:loc xlink:type="locator" xlink:href="http://disclosure.edinet-fsa.go.jp/taxonomy/jppfs/2021-11-01/jppfs_cor_2021-11-01.xsd#jppfs_cor_ConsolidatedMember" xlink:label="ConsolidatedMember_2" />    <link:definitionArc xlink:type="arc" xlink:arcrole="http://xbrl.org/int/dim/arcrole/dimension-domain" xlink:from="ConsolidatedOrNonConsolidatedAxis" xlink:to="ConsolidatedMember_2" order="2.0" />    <link:loc xlink:type="locator" xlink:href="http://disclosure.edinet-fsa.go.jp/taxonomy/jppfs/2021-11-01/jppfs_cor_2021-11-01.xsd#jppfs_cor_BalanceSheetLineItems" xlink:label="BalanceSheetLineItems_2" />    <link:definitionArc xlink:type="arc" xlink:arcrole="http://xbrl.org/int/dim/arcrole/domain-member" xlink:from="QuarterlyConsolidatedBalanceSheetHeading" xlink:to="BalanceSheetLineItems_2" order="2.0" />    <link:loc xlink:type="locator" xlink:href="http://disclosure.edinet-fsa.go.jp/taxonomy/jppfs/2021-11-01/jppfs_cor_2021-11-01.xsd#jppfs_cor_BalanceSheetLineItems" xlink:label="BalanceSheetLineItems" />    <link:loc xlink:type="locator" xlink:href="http://disclosure.edinet-fsa.go.jp/taxonomy/jppfs/2021-11-01/jppfs_cor_2021-11-01.xsd#jppfs_cor_AssetsAbstract" xlink:label="AssetsAbstract_2" />    <link:definitionArc xlink:type="arc" xlink:arcrole="http://xbrl.org/int/dim/arcrole/domain-member" xlink:from="BalanceSheetLineItems" xlink:to="AssetsAbstract_2" order="1.0" />    <link:loc xlink:type="locator" xlink:href="http://disclosure.edinet-fsa.go.jp/taxonomy/jppfs/2021-11-01/jppfs_cor_2021-11-01.xsd#jppfs_cor_AssetsAbstract" xlink:label="AssetsAbstract" />    <link:loc xlink:type="locator" xlink:href="http://disclosure.edinet-fsa.go.jp/taxonomy/jppfs/2021-11-01/jppfs_cor_2021-11-01.xsd#jppfs_cor_CurrentAssetsAbstract" xlink:label="CurrentAssetsAbstract_2" />    <link:definitionArc xlink:type="arc" xlink:arcrole="http://xbrl.org/int/dim/arcrole/domain-member" xlink:from="AssetsAbstract" xlink:to="CurrentAssetsAbstract_2" order="1.0" />    <link:loc xlink:type="locator" xlink:href="http://disclosure.edinet-fsa.go.jp/taxonomy/jppfs/2021-11-01/jppfs_cor_2021-11-01.xsd#jppfs_cor_CurrentAssetsAbstract" xlink:label="CurrentAssetsAbstract" />    <link:loc xlink:type="locator" xlink:href="http://disclosure.edinet-fsa.go.jp/taxonomy/jppfs/2021-11-01/jppfs_cor_2021-11-01.xsd#jppfs_cor_CashAndDeposits" xlink:label="CashAndDeposits" />    <link:definitionArc xlink:type="arc" xlink:arcrole="http://xbrl.org/int/dim/arcrole/domain-member" xlink:from="CurrentAssetsAbstract" xlink:to="CashAndDeposits" order="1.0" />    <link:loc xlink:type="locator" xlink:href="http://disclosure.edinet-fsa.go.jp/taxonomy/jppfs/2021-11-01/jppfs_cor_2021-11-01.xsd#jppfs_cor_AccountsReceivableTrade" xlink:label="AccountsReceivableTrade" />    <link:definitionArc xlink:type="arc" xlink:arcrole="http://xbrl.org/int/dim/arcrole/domain-member" xlink:from="CurrentAssetsAbstract" xlink:to="AccountsReceivableTrade" order="2.0" />    <link:loc xlink:type="locator" xlink:href="http://disclosure.edinet-fsa.go.jp/taxonomy/jppfs/2021-11-01/jppfs_cor_2021-11-01.xsd#jppfs_cor_MerchandiseAndFinishedGoods" xlink:label="MerchandiseAndFinishedGoods" />    <link:definitionArc xlink:type="arc" xlink:arcrole="http://xbrl.org/int/dim/arcrole/domain-member" xlink:from="CurrentAssetsAbstract" xlink:to="MerchandiseAndFinishedGoods" order="3.0" />    <link:loc xlink:type="locator" xlink:href="tse-qcedjpfr-48390-2022-09-30-01-2022-10-31.xsd#tse-qcedjpfr-48390_BroadcastingLicensesCA" xlink:label="BroadcastingLicensesCA" />    <link:definitionArc xlink:type="arc" xlink:arcrole="http://xbrl.org/int/dim/arcrole/domain-member" xlink:from="CurrentAssetsAbstract" xlink:to="BroadcastingLicensesCA" order="4.0" />    <link:loc xlink:type="locator" xlink:href="http://disclosure.edinet-fsa.go.jp/taxonomy/jppfs/2021-11-01/jppfs_cor_2021-11-01.xsd#jppfs_cor_WorkInProcess" xlink:label="WorkInProcess" />    <link:definitionArc xlink:type="arc" xlink:arcrole="http://xbrl.org/int/dim/arcrole/domain-member" xlink:from="CurrentAssetsAbstract" xlink:to="WorkInProcess" order="5.0" />    <link:loc xlink:type="locator" xlink:href="http://disclosure.edinet-fsa.go.jp/taxonomy/jppfs/2021-11-01/jppfs_cor_2021-11-01.xsd#jppfs_cor_Supplies" xlink:label="Supplies" />    <link:definitionArc xlink:type="arc" xlink:arcrole="http://xbrl.org/int/dim/arcrole/domain-member" xlink:from="CurrentAssetsAbstract" xlink:to="Supplies" order="6.0" />    <link:loc xlink:type="locator" xlink:href="http://disclosure.edinet-fsa.go.jp/taxonomy/jppfs/2021-11-01/jppfs_cor_2021-11-01.xsd#jppfs_cor_OtherCA" xlink:label="OtherCA" />    <link:definitionArc xlink:type="arc" xlink:arcrole="http://xbrl.org/int/dim/arcrole/domain-member" xlink:from="CurrentAssetsAbstract" xlink:to="OtherCA" order="7.0" />    <link:loc xlink:type="locator" xlink:href="http://disclosure.edinet-fsa.go.jp/taxonomy/jppfs/2021-11-01/jppfs_cor_2021-11-01.xsd#jppfs_cor_AllowanceForDoubtfulAccountsCA" xlink:label="AllowanceForDoubtfulAccountsCA" />    <link:definitionArc xlink:type="arc" xlink:arcrole="http://xbrl.org/int/dim/arcrole/domain-member" xlink:from="CurrentAssetsAbstract" xlink:to="AllowanceForDoubtfulAccountsCA" order="8.0" />    <link:loc xlink:type="locator" xlink:href="http://disclosure.edinet-fsa.go.jp/taxonomy/jppfs/2021-11-01/jppfs_cor_2021-11-01.xsd#jppfs_cor_CurrentAssets" xlink:label="CurrentAssets" />    <link:definitionArc xlink:type="arc" xlink:arcrole="http://xbrl.org/int/dim/arcrole/domain-member" xlink:from="CurrentAssetsAbstract" xlink:to="CurrentAssets" order="9.0" />    <link:loc xlink:type="locator" xlink:href="http://disclosure.edinet-fsa.go.jp/taxonomy/jppfs/2021-11-01/jppfs_cor_2021-11-01.xsd#jppfs_cor_NoncurrentAssetsAbstract" xlink:label="NoncurrentAssetsAbstract_2" />    <link:definitionArc xlink:type="arc" xlink:arcrole="http://xbrl.org/int/dim/arcrole/domain-member" xlink:from="AssetsAbstract" xlink:to="NoncurrentAssetsAbstract_2" order="2.0" />    <link:loc xlink:type="locator" xlink:href="http://disclosure.edinet-fsa.go.jp/taxonomy/jppfs/2021-11-01/jppfs_cor_2021-11-01.xsd#jppfs_cor_NoncurrentAssetsAbstract" xlink:label="NoncurrentAssetsAbstract" />    <link:loc xlink:type="locator" xlink:href="http://disclosure.edinet-fsa.go.jp/taxonomy/jppfs/2021-11-01/jppfs_cor_2021-11-01.xsd#jppfs_cor_PropertyPlantAndEquipmentAbstract" xlink:label="PropertyPlantAndEquipmentAbstract_2" />    <link:definitionArc xlink:type="arc" xlink:arcrole="http://xbrl.org/int/dim/arcrole/domain-member" xlink:from="NoncurrentAssetsAbstract" xlink:to="PropertyPlantAndEquipmentAbstract_2" order="1.0" />    <link:loc xlink:type="locator" xlink:href="http://disclosure.edinet-fsa.go.jp/taxonomy/jppfs/2021-11-01/jppfs_cor_2021-11-01.xsd#jppfs_cor_PropertyPlantAndEquipmentAbstract" xlink:label="PropertyPlantAndEquipmentAbstract" />    <link:loc xlink:type="locator" xlink:href="http://disclosure.edinet-fsa.go.jp/taxonomy/jppfs/2021-11-01/jppfs_cor_2021-11-01.xsd#jppfs_cor_BuildingsAndStructuresNet" xlink:label="BuildingsAndStructuresNet" />    <link:definitionArc xlink:type="arc" xlink:arcrole="http://xbrl.org/int/dim/arcrole/domain-member" xlink:from="PropertyPlantAndEquipmentAbstract" xlink:to="BuildingsAndStructuresNet" order="1.0" />    <link:loc xlink:type="locator" xlink:href="http://disclosure.edinet-fsa.go.jp/taxonomy/jppfs/2021-11-01/jppfs_cor_2021-11-01.xsd#jppfs_cor_MachineryAndEquipmentNet" xlink:label="MachineryAndEquipmentNet" />    <link:definitionArc xlink:type="arc" xlink:arcrole="http://xbrl.org/int/dim/arcrole/domain-member" xlink:from="PropertyPlantAndEquipmentAbstract" xlink:to="MachineryAndEquipmentNet" order="2.0" />    <link:loc xlink:type="locator" xlink:href="http://disclosure.edinet-fsa.go.jp/taxonomy/jppfs/2021-11-01/jppfs_cor_2021-11-01.xsd#jppfs_cor_ToolsFurnitureAndFixturesNet" xlink:label="ToolsFurnitureAndFixturesNet" />    <link:definitionArc xlink:type="arc" xlink:arcrole="http://xbrl.org/int/dim/arcrole/domain-member" xlink:from="PropertyPlantAndEquipmentAbstract" xlink:to="ToolsFurnitureAndFixturesNet" order="3.0" />    <link:loc xlink:type="locator" xlink:href="http://disclosure.edinet-fsa.go.jp/taxonomy/jppfs/2021-11-01/jppfs_cor_2021-11-01.xsd#jppfs_cor_ConstructionInProgress" xlink:label="ConstructionInProgress" />    <link:definitionArc xlink:type="arc" xlink:arcrole="http://xbrl.org/int/dim/arcrole/domain-member" xlink:from="PropertyPlantAndEquipmentAbstract" xlink:to="ConstructionInProgress" order="4.0" />    <link:loc xlink:type="locator" xlink:href="http://disclosure.edinet-fsa.go.jp/taxonomy/jppfs/2021-11-01/jppfs_cor_2021-11-01.xsd#jppfs_cor_OtherNetPPE" xlink:label="OtherNetPPE" />    <link:definitionArc xlink:type="arc" xlink:arcrole="http://xbrl.org/int/dim/arcrole/domain-member" xlink:from="PropertyPlantAndEquipmentAbstract" xlink:to="OtherNetPPE" order="5.0" />    <link:loc xlink:type="locator" xlink:href="http://disclosure.edinet-fsa.go.jp/taxonomy/jppfs/2021-11-01/jppfs_cor_2021-11-01.xsd#jppfs_cor_PropertyPlantAndEquipment" xlink:label="PropertyPlantAndEquipment" />    <link:definitionArc xlink:type="arc" xlink:arcrole="http://xbrl.org/int/dim/arcrole/domain-member" xlink:from="PropertyPlantAndEquipmentAbstract" xlink:to="PropertyPlantAndEquipment" order="6.0" />    <link:loc xlink:type="locator" xlink:href="http://disclosure.edinet-fsa.go.jp/taxonomy/jppfs/2021-11-01/jppfs_cor_2021-11-01.xsd#jppfs_cor_IntangibleAssetsAbstract" xlink:label="IntangibleAssetsAbstract_2" />    <link:definitionArc xlink:type="arc" xlink:arcrole="http://xbrl.org/int/dim/arcrole/domain-member" xlink:from="NoncurrentAssetsAbstract" xlink:to="IntangibleAssetsAbstract_2" order="2.0" />    <link:loc xlink:type="locator" xlink:href="http://disclosure.edinet-fsa.go.jp/taxonomy/jppfs/2021-11-01/jppfs_cor_2021-11-01.xsd#jppfs_cor_IntangibleAssetsAbstract" xlink:label="IntangibleAssetsAbstract" />    <link:loc xlink:type="locator" xlink:href="http://disclosure.edinet-fsa.go.jp/taxonomy/jppfs/2021-11-01/jppfs_cor_2021-11-01.xsd#jppfs_cor_LeaseholdRight" xlink:label="LeaseholdRight" />    <link:definitionArc xlink:type="arc" xlink:arcrole="http://xbrl.org/int/dim/arcrole/domain-member" xlink:from="IntangibleAssetsAbstract" xlink:to="LeaseholdRight" order="1.0" />    <link:loc xlink:type="locator" xlink:href="http://disclosure.edinet-fsa.go.jp/taxonomy/jppfs/2021-11-01/jppfs_cor_2021-11-01.xsd#jppfs_cor_OtherIA" xlink:label="OtherIA" />    <link:definitionArc xlink:type="arc" xlink:arcrole="http://xbrl.org/int/dim/arcrole/domain-member" xlink:from="IntangibleAssetsAbstract" xlink:to="OtherIA" order="2.0" />    <link:loc xlink:type="locator" xlink:href="http://disclosure.edinet-fsa.go.jp/taxonomy/jppfs/2021-11-01/jppfs_cor_2021-11-01.xsd#jppfs_cor_IntangibleAssets" xlink:label="IntangibleAssets" />    <link:definitionArc xlink:type="arc" xlink:arcrole="http://xbrl.org/int/dim/arcrole/domain-member" xlink:from="IntangibleAssetsAbstract" xlink:to="IntangibleAssets" order="3.0" />    <link:loc xlink:type="locator" xlink:href="http://disclosure.edinet-fsa.go.jp/taxonomy/jppfs/2021-11-01/jppfs_cor_2021-11-01.xsd#jppfs_cor_InvestmentsAndOtherAssetsAbstract" xlink:label="InvestmentsAndOtherAssetsAbstract_2" />    <link:definitionArc xlink:type="arc" xlink:arcrole="http://xbrl.org/int/dim/arcrole/domain-member" xlink:from="NoncurrentAssetsAbstract" xlink:to="InvestmentsAndOtherAssetsAbstract_2" order="3.0" />    <link:loc xlink:type="locator" xlink:href="http://disclosure.edinet-fsa.go.jp/taxonomy/jppfs/2021-11-01/jppfs_cor_2021-11-01.xsd#jppfs_cor_InvestmentsAndOtherAssetsAbstract" xlink:label="InvestmentsAndOtherAssetsAbstract" />    <link:loc xlink:type="locator" xlink:href="http://disclosure.edinet-fsa.go.jp/taxonomy/jppfs/2021-11-01/jppfs_cor_2021-11-01.xsd#jppfs_cor_InvestmentSecurities" xlink:label="InvestmentSecurities" />    <link:definitionArc xlink:type="arc" xlink:arcrole="http://xbrl.org/int/dim/arcrole/domain-member" xlink:from="InvestmentsAndOtherAssetsAbstract" xlink:to="InvestmentSecurities" order="1.0" />    <link:loc xlink:type="locator" xlink:href="http://disclosure.edinet-fsa.go.jp/taxonomy/jppfs/2021-11-01/jppfs_cor_2021-11-01.xsd#jppfs_cor_DeferredTaxAssets" xlink:label="DeferredTaxAssets" />    <link:definitionArc xlink:type="arc" xlink:arcrole="http://xbrl.org/int/dim/arcrole/domain-member" xlink:from="InvestmentsAndOtherAssetsAbstract" xlink:to="DeferredTaxAssets" order="2.0" />    <link:loc xlink:type="locator" xlink:href="http://disclosure.edinet-fsa.go.jp/taxonomy/jppfs/2021-11-01/jppfs_cor_2021-11-01.xsd#jppfs_cor_OtherIOA" xlink:label="OtherIOA" />    <link:definitionArc xlink:type="arc" xlink:arcrole="http://xbrl.org/int/dim/arcrole/domain-member" xlink:from="InvestmentsAndOtherAssetsAbstract" xlink:to="OtherIOA" order="3.0" />    <link:loc xlink:type="locator" xlink:href="http://disclosure.edinet-fsa.go.jp/taxonomy/jppfs/2021-11-01/jppfs_cor_2021-11-01.xsd#jppfs_cor_AllowanceForDoubtfulAccountsIOAByGroup" xlink:label="AllowanceForDoubtfulAccountsIOAByGroup" />    <link:definitionArc xlink:type="arc" xlink:arcrole="http://xbrl.org/int/dim/arcrole/domain-member" xlink:from="InvestmentsAndOtherAssetsAbstract" xlink:to="AllowanceForDoubtfulAccountsIOAByGroup" order="4.0" />    <link:loc xlink:type="locator" xlink:href="http://disclosure.edinet-fsa.go.jp/taxonomy/jppfs/2021-11-01/jppfs_cor_2021-11-01.xsd#jppfs_cor_InvestmentsAndOtherAssets" xlink:label="InvestmentsAndOtherAssets" />    <link:definitionArc xlink:type="arc" xlink:arcrole="http://xbrl.org/int/dim/arcrole/domain-member" xlink:from="InvestmentsAndOtherAssetsAbstract" xlink:to="InvestmentsAndOtherAssets" order="5.0" />    <link:loc xlink:type="locator" xlink:href="http://disclosure.edinet-fsa.go.jp/taxonomy/jppfs/2021-11-01/jppfs_cor_2021-11-01.xsd#jppfs_cor_NoncurrentAssets" xlink:label="NoncurrentAssets" />    <link:definitionArc xlink:type="arc" xlink:arcrole="http://xbrl.org/int/dim/arcrole/domain-member" xlink:from="NoncurrentAssetsAbstract" xlink:to="NoncurrentAssets" order="4.0" />    <link:loc xlink:type="locator" xlink:href="http://disclosure.edinet-fsa.go.jp/taxonomy/jppfs/2021-11-01/jppfs_cor_2021-11-01.xsd#jppfs_cor_Assets" xlink:label="Assets" />    <link:definitionArc xlink:type="arc" xlink:arcrole="http://xbrl.org/int/dim/arcrole/domain-member" xlink:from="AssetsAbstract" xlink:to="Assets" order="3.0" />    <link:loc xlink:type="locator" xlink:href="http://disclosure.edinet-fsa.go.jp/taxonomy/jppfs/2021-11-01/jppfs_cor_2021-11-01.xsd#jppfs_cor_LiabilitiesAbstract" xlink:label="LiabilitiesAbstract_2" />    <link:definitionArc xlink:type="arc" xlink:arcrole="http://xbrl.org/int/dim/arcrole/domain-member" xlink:from="BalanceSheetLineItems" xlink:to="LiabilitiesAbstract_2" order="2.0" />    <link:loc xlink:type="locator" xlink:href="http://disclosure.edinet-fsa.go.jp/taxonomy/jppfs/2021-11-01/jppfs_cor_2021-11-01.xsd#jppfs_cor_LiabilitiesAbstract" xlink:label="LiabilitiesAbstract" />    <link:loc xlink:type="locator" xlink:href="http://disclosure.edinet-fsa.go.jp/taxonomy/jppfs/2021-11-01/jppfs_cor_2021-11-01.xsd#jppfs_cor_CurrentLiabilitiesAbstract" xlink:label="CurrentLiabilitiesAbstract_2" />    <link:definitionArc xlink:type="arc" xlink:arcrole="http://xbrl.org/int/dim/arcrole/domain-member" xlink:from="LiabilitiesAbstract" xlink:to="CurrentLiabilitiesAbstract_2" order="1.0" />    <link:loc xlink:type="locator" xlink:href="http://disclosure.edinet-fsa.go.jp/taxonomy/jppfs/2021-11-01/jppfs_cor_2021-11-01.xsd#jppfs_cor_CurrentLiabilitiesAbstract" xlink:label="CurrentLiabilitiesAbstract" />    <link:loc xlink:type="locator" xlink:href="http://disclosure.edinet-fsa.go.jp/taxonomy/jppfs/2021-11-01/jppfs_cor_2021-11-01.xsd#jppfs_cor_AccountsPayableTrade" xlink:label="AccountsPayableTrade" />    <link:definitionArc xlink:type="arc" xlink:arcrole="http://xbrl.org/int/dim/arcrole/domain-member" xlink:from="CurrentLiabilitiesAbstract" xlink:to="AccountsPayableTrade" order="1.0" />    <link:loc xlink:type="locator" xlink:href="http://disclosure.edinet-fsa.go.jp/taxonomy/jppfs/2021-11-01/jppfs_cor_2021-11-01.xsd#jppfs_cor_IncomeTaxesPayable" xlink:label="IncomeTaxesPayable" />    <link:definitionArc xlink:type="arc" xlink:arcrole="http://xbrl.org/int/dim/arcrole/domain-member" xlink:from="CurrentLiabilitiesAbstract" xlink:to="IncomeTaxesPayable" order="2.0" />    <link:loc xlink:type="locator" xlink:href="http://disclosure.edinet-fsa.go.jp/taxonomy/jppfs/2021-11-01/jppfs_cor_2021-11-01.xsd#jppfs_cor_ProvisionCL" xlink:label="ProvisionCL" />    <link:definitionArc xlink:type="arc" xlink:arcrole="http://xbrl.org/int/dim/arcrole/domain-member" xlink:from="CurrentLiabilitiesAbstract" xlink:to="ProvisionCL" order="3.0" />    <link:loc xlink:type="locator" xlink:href="http://disclosure.edinet-fsa.go.jp/taxonomy/jppfs/2021-11-01/jppfs_cor_2021-11-01.xsd#jppfs_cor_OtherCL" xlink:label="OtherCL" />    <link:definitionArc xlink:type="arc" xlink:arcrole="http://xbrl.org/int/dim/arcrole/domain-member" xlink:from="CurrentLiabilitiesAbstract" xlink:to="OtherCL" order="4.0" />    <link:loc xlink:type="locator" xlink:href="http://disclosure.edinet-fsa.go.jp/taxonomy/jppfs/2021-11-01/jppfs_cor_2021-11-01.xsd#jppfs_cor_CurrentLiabilities" xlink:label="CurrentLiabilities" />    <link:definitionArc xlink:type="arc" xlink:arcrole="http://xbrl.org/int/dim/arcrole/domain-member" xlink:from="CurrentLiabilitiesAbstract" xlink:to="CurrentLiabilities" order="5.0" />    <link:loc xlink:type="locator" xlink:href="http://disclosure.edinet-fsa.go.jp/taxonomy/jppfs/2021-11-01/jppfs_cor_2021-11-01.xsd#jppfs_cor_NoncurrentLiabilitiesAbstract" xlink:label="NoncurrentLiabilitiesAbstract_2" />    <link:definitionArc xlink:type="arc" xlink:arcrole="http://xbrl.org/int/dim/arcrole/domain-member" xlink:from="LiabilitiesAbstract" xlink:to="NoncurrentLiabilitiesAbstract_2" order="2.0" />    <link:loc xlink:type="locator" xlink:href="http://disclosure.edinet-fsa.go.jp/taxonomy/jppfs/2021-11-01/jppfs_cor_2021-11-01.xsd#jppfs_cor_NoncurrentLiabilitiesAbstract" xlink:label="NoncurrentLiabilitiesAbstract" />    <link:loc xlink:type="locator" xlink:href="http://disclosure.edinet-fsa.go.jp/taxonomy/jppfs/2021-11-01/jppfs_cor_2021-11-01.xsd#jppfs_cor_NetDefinedBenefitLiability" xlink:label="NetDefinedBenefitLiability" />    <link:definitionArc xlink:type="arc" xlink:arcrole="http://xbrl.org/int/dim/arcrole/domain-member" xlink:from="NoncurrentLiabilitiesAbstract" xlink:to="NetDefinedBenefitLiability" order="1.0" />    <link:loc xlink:type="locator" xlink:href="http://disclosure.edinet-fsa.go.jp/taxonomy/jppfs/2021-11-01/jppfs_cor_2021-11-01.xsd#jppfs_cor_OtherNCL" xlink:label="OtherNCL" />    <link:definitionArc xlink:type="arc" xlink:arcrole="http://xbrl.org/int/dim/arcrole/domain-member" xlink:from="NoncurrentLiabilitiesAbstract" xlink:to="OtherNCL" order="2.0" />    <link:loc xlink:type="locator" xlink:href="http://disclosure.edinet-fsa.go.jp/taxonomy/jppfs/2021-11-01/jppfs_cor_2021-11-01.xsd#jppfs_cor_NoncurrentLiabilities" xlink:label="NoncurrentLiabilities" />    <link:definitionArc xlink:type="arc" xlink:arcrole="http://xbrl.org/int/dim/arcrole/domain-member" xlink:from="NoncurrentLiabilitiesAbstract" xlink:to="NoncurrentLiabilities" order="3.0" />    <link:loc xlink:type="locator" xlink:href="http://disclosure.edinet-fsa.go.jp/taxonomy/jppfs/2021-11-01/jppfs_cor_2021-11-01.xsd#jppfs_cor_Liabilities" xlink:label="Liabilities" />    <link:definitionArc xlink:type="arc" xlink:arcrole="http://xbrl.org/int/dim/arcrole/domain-member" xlink:from="LiabilitiesAbstract" xlink:to="Liabilities" order="3.0" />    <link:loc xlink:type="locator" xlink:href="http://disclosure.edinet-fsa.go.jp/taxonomy/jppfs/2021-11-01/jppfs_cor_2021-11-01.xsd#jppfs_cor_NetAssetsAbstract" xlink:label="NetAssetsAbstract_2" />    <link:definitionArc xlink:type="arc" xlink:arcrole="http://xbrl.org/int/dim/arcrole/domain-member" xlink:from="BalanceSheetLineItems" xlink:to="NetAssetsAbstract_2" order="3.0" />    <link:loc xlink:type="locator" xlink:href="http://disclosure.edinet-fsa.go.jp/taxonomy/jppfs/2021-11-01/jppfs_cor_2021-11-01.xsd#jppfs_cor_NetAssetsAbstract" xlink:label="NetAssetsAbstract" />    <link:loc xlink:type="locator" xlink:href="http://disclosure.edinet-fsa.go.jp/taxonomy/jppfs/2021-11-01/jppfs_cor_2021-11-01.xsd#jppfs_cor_ShareholdersEquityAbstract" xlink:label="ShareholdersEquityAbstract_2" />    <link:definitionArc xlink:type="arc" xlink:arcrole="http://xbrl.org/int/dim/arcrole/domain-member" xlink:from="NetAssetsAbstract" xlink:to="ShareholdersEquityAbstract_2" order="1.0" />    <link:loc xlink:type="locator" xlink:href="http://disclosure.edinet-fsa.go.jp/taxonomy/jppfs/2021-11-01/jppfs_cor_2021-11-01.xsd#jppfs_cor_ShareholdersEquityAbstract" xlink:label="ShareholdersEquityAbstract" />    <link:loc xlink:type="locator" xlink:href="http://disclosure.edinet-fsa.go.jp/taxonomy/jppfs/2021-11-01/jppfs_cor_2021-11-01.xsd#jppfs_cor_CapitalStock" xlink:label="CapitalStock" />    <link:definitionArc xlink:type="arc" xlink:arcrole="http://xbrl.org/int/dim/arcrole/domain-member" xlink:from="ShareholdersEquityAbstract" xlink:to="CapitalStock" order="1.0" />    <link:loc xlink:type="locator" xlink:href="http://disclosure.edinet-fsa.go.jp/taxonomy/jppfs/2021-11-01/jppfs_cor_2021-11-01.xsd#jppfs_cor_CapitalSurplus" xlink:label="CapitalSurplus" />    <link:definitionArc xlink:type="arc" xlink:arcrole="http://xbrl.org/int/dim/arcrole/domain-member" xlink:from="ShareholdersEquityAbstract" xlink:to="CapitalSurplus" order="2.0" />    <link:loc xlink:type="locator" xlink:href="http://disclosure.edinet-fsa.go.jp/taxonomy/jppfs/2021-11-01/jppfs_cor_2021-11-01.xsd#jppfs_cor_RetainedEarnings" xlink:label="RetainedEarnings" />    <link:definitionArc xlink:type="arc" xlink:arcrole="http://xbrl.org/int/dim/arcrole/domain-member" xlink:from="ShareholdersEquityAbstract" xlink:to="RetainedEarnings" order="3.0" />    <link:loc xlink:type="locator" xlink:href="http://disclosure.edinet-fsa.go.jp/taxonomy/jppfs/2021-11-01/jppfs_cor_2021-11-01.xsd#jppfs_cor_TreasuryStock" xlink:label="TreasuryStock" />    <link:definitionArc xlink:type="arc" xlink:arcrole="http://xbrl.org/int/dim/arcrole/domain-member" xlink:from="ShareholdersEquityAbstract" xlink:to="TreasuryStock" order="4.0" />    <link:loc xlink:type="locator" xlink:href="http://disclosure.edinet-fsa.go.jp/taxonomy/jppfs/2021-11-01/jppfs_cor_2021-11-01.xsd#jppfs_cor_ShareholdersEquity" xlink:label="ShareholdersEquity" />    <link:definitionArc xlink:type="arc" xlink:arcrole="http://xbrl.org/int/dim/arcrole/domain-member" xlink:from="ShareholdersEquityAbstract" xlink:to="ShareholdersEquity" order="5.0" />    <link:loc xlink:type="locator" xlink:href="http://disclosure.edinet-fsa.go.jp/taxonomy/jppfs/2021-11-01/jppfs_cor_2021-11-01.xsd#jppfs_cor_ValuationAndTranslationAdjustmentsAbstract" xlink:label="ValuationAndTranslationAdjustmentsAbstract_2" />    <link:definitionArc xlink:type="arc" xlink:arcrole="http://xbrl.org/int/dim/arcrole/domain-member" xlink:from="NetAssetsAbstract" xlink:to="ValuationAndTranslationAdjustmentsAbstract_2" order="2.0" />    <link:loc xlink:type="locator" xlink:href="http://disclosure.edinet-fsa.go.jp/taxonomy/jppfs/2021-11-01/jppfs_cor_2021-11-01.xsd#jppfs_cor_ValuationAndTranslationAdjustmentsAbstract" xlink:label="ValuationAndTranslationAdjustmentsAbstract" />    <link:loc xlink:type="locator" xlink:href="http://disclosure.edinet-fsa.go.jp/taxonomy/jppfs/2021-11-01/jppfs_cor_2021-11-01.xsd#jppfs_cor_ValuationDifferenceOnAvailableForSaleSecurities" xlink:label="ValuationDifferenceOnAvailableForSaleSecurities" />    <link:definitionArc xlink:type="arc" xlink:arcrole="http://xbrl.org/int/dim/arcrole/domain-member" xlink:from="ValuationAndTranslationAdjustmentsAbstract" xlink:to="ValuationDifferenceOnAvailableForSaleSecurities" order="1.0" />    <link:loc xlink:type="locator" xlink:href="http://disclosure.edinet-fsa.go.jp/taxonomy/jppfs/2021-11-01/jppfs_cor_2021-11-01.xsd#jppfs_cor_DeferredGainsOrLossesOnHedges" xlink:label="DeferredGainsOrLossesOnHedges" />    <link:definitionArc xlink:type="arc" xlink:arcrole="http://xbrl.org/int/dim/arcrole/domain-member" xlink:from="ValuationAndTranslationAdjustmentsAbstract" xlink:to="DeferredGainsOrLossesOnHedges" order="2.0" />    <link:loc xlink:type="locator" xlink:href="http://disclosure.edinet-fsa.go.jp/taxonomy/jppfs/2021-11-01/jppfs_cor_2021-11-01.xsd#jppfs_cor_RemeasurementsOfDefinedBenefitPlans" xlink:label="RemeasurementsOfDefinedBenefitPlans" />    <link:definitionArc xlink:type="arc" xlink:arcrole="http://xbrl.org/int/dim/arcrole/domain-member" xlink:from="ValuationAndTranslationAdjustmentsAbstract" xlink:to="RemeasurementsOfDefinedBenefitPlans" order="3.0" />    <link:loc xlink:type="locator" xlink:href="http://disclosure.edinet-fsa.go.jp/taxonomy/jppfs/2021-11-01/jppfs_cor_2021-11-01.xsd#jppfs_cor_ValuationAndTranslationAdjustments" xlink:label="ValuationAndTranslationAdjustments" />    <link:definitionArc xlink:type="arc" xlink:arcrole="http://xbrl.org/int/dim/arcrole/domain-member" xlink:from="ValuationAndTranslationAdjustmentsAbstract" xlink:to="ValuationAndTranslationAdjustments" order="4.0" />    <link:loc xlink:type="locator" xlink:href="http://disclosure.edinet-fsa.go.jp/taxonomy/jppfs/2021-11-01/jppfs_cor_2021-11-01.xsd#jppfs_cor_NetAssets" xlink:label="NetAssets" />    <link:definitionArc xlink:type="arc" xlink:arcrole="http://xbrl.org/int/dim/arcrole/domain-member" xlink:from="NetAssetsAbstract" xlink:to="NetAssets" order="3.0" />    <link:loc xlink:type="locator" xlink:href="http://disclosure.edinet-fsa.go.jp/taxonomy/jppfs/2021-11-01/jppfs_cor_2021-11-01.xsd#jppfs_cor_LiabilitiesAndNetAssets" xlink:label="LiabilitiesAndNetAssets" />    <link:definitionArc xlink:type="arc" xlink:arcrole="http://xbrl.org/int/dim/arcrole/domain-member" xlink:from="BalanceSheetLineItems" xlink:to="LiabilitiesAndNetAssets" order="4.0" />  </link:definitionLink>  <link:definitionLink xlink:type="extended" xlink:role="http://disclosure.edinet-fsa.go.jp/role/jppfs/rol_YearToQuarterEndConsolidatedStatementOfIncome">    <link:loc xlink:type="locator" xlink:href="http://disclosure.edinet-fsa.go.jp/taxonomy/jppfs/2021-11-01/jppfs_cor_2021-11-01.xsd#jppfs_cor_YearToQuarterEndConsolidatedStatementOfIncomeHeading" xlink:label="YearToQuarterEndConsolidatedStatementOfIncomeHeading" />    <link:loc xlink:type="locator" xlink:href="http://disclosure.edinet-fsa.go.jp/taxonomy/jppfs/2021-11-01/jppfs_cor_2021-11-01.xsd#jppfs_cor_StatementOfIncomeTable" xlink:label="StatementOfIncomeTable_2" />    <link:definitionArc xlink:type="arc" xbrldt:contextElement="scenario" xbrldt:closed="true" xlink:arcrole="http://xbrl.org/int/dim/arcrole/all" xlink:from="YearToQuarterEndConsolidatedStatementOfIncomeHeading" xlink:to="StatementOfIncomeTable_2" order="1.0" />    <link:loc xlink:type="locator" xlink:href="http://disclosure.edinet-fsa.go.jp/taxonomy/jppfs/2021-11-01/jppfs_cor_2021-11-01.xsd#jppfs_cor_StatementOfIncomeTable" xlink:label="StatementOfIncomeTable" />    <link:loc xlink:type="locator" xlink:href="http://disclosure.edinet-fsa.go.jp/taxonomy/jppfs/2021-11-01/jppfs_cor_2021-11-01.xsd#jppfs_cor_ConsolidatedOrNonConsolidatedAxis" xlink:label="ConsolidatedOrNonConsolidatedAxis_2" />    <link:definitionArc xlink:type="arc" xlink:arcrole="http://xbrl.org/int/dim/arcrole/hypercube-dimension" xlink:from="StatementOfIncomeTable" xlink:to="ConsolidatedOrNonConsolidatedAxis_2" order="1.0" />    <link:loc xlink:type="locator" xlink:href="http://disclosure.edinet-fsa.go.jp/taxonomy/jppfs/2021-11-01/jppfs_cor_2021-11-01.xsd#jppfs_cor_ConsolidatedOrNonConsolidatedAxis" xlink:label="ConsolidatedOrNonConsolidatedAxis" />    <link:loc xlink:type="locator" xlink:href="http://disclosure.edinet-fsa.go.jp/taxonomy/jppfs/2021-11-01/jppfs_cor_2021-11-01.xsd#jppfs_cor_ConsolidatedMember" xlink:label="ConsolidatedMember" />    <link:definitionArc xlink:type="arc" xlink:arcrole="http://xbrl.org/int/dim/arcrole/dimension-default" xlink:from="ConsolidatedOrNonConsolidatedAxis" xlink:to="ConsolidatedMember" order="1.0" />    <link:loc xlink:type="locator" xlink:href="http://disclosure.edinet-fsa.go.jp/taxonomy/jppfs/2021-11-01/jppfs_cor_2021-11-01.xsd#jppfs_cor_ConsolidatedMember" xlink:label="ConsolidatedMember_2" />    <link:definitionArc xlink:type="arc" xlink:arcrole="http://xbrl.org/int/dim/arcrole/dimension-domain" xlink:from="ConsolidatedOrNonConsolidatedAxis" xlink:to="ConsolidatedMember_2" order="2.0" />    <link:loc xlink:type="locator" xlink:href="http://disclosure.edinet-fsa.go.jp/taxonomy/jppfs/2021-11-01/jppfs_cor_2021-11-01.xsd#jppfs_cor_StatementOfIncomeLineItems" xlink:label="StatementOfIncomeLineItems_2" />    <link:definitionArc xlink:type="arc" xlink:arcrole="http://xbrl.org/int/dim/arcrole/domain-member" xlink:from="YearToQuarterEndConsolidatedStatementOfIncomeHeading" xlink:to="StatementOfIncomeLineItems_2" order="2.0" />    <link:loc xlink:type="locator" xlink:href="http://disclosure.edinet-fsa.go.jp/taxonomy/jppfs/2021-11-01/jppfs_cor_2021-11-01.xsd#jppfs_cor_StatementOfIncomeLineItems" xlink:label="StatementOfIncomeLineItems" />    <link:loc xlink:type="locator" xlink:href="http://disclosure.edinet-fsa.go.jp/taxonomy/jppfs/2021-11-01/jppfs_cor_2021-11-01.xsd#jppfs_cor_NetSales" xlink:label="NetSales" />    <link:definitionArc xlink:type="arc" xlink:arcrole="http://xbrl.org/int/dim/arcrole/domain-member" xlink:from="StatementOfIncomeLineItems" xlink:to="NetSales" order="1.0" />    <link:loc xlink:type="locator" xlink:href="http://disclosure.edinet-fsa.go.jp/taxonomy/jppfs/2021-11-01/jppfs_cor_2021-11-01.xsd#jppfs_cor_CostOfSales" xlink:label="CostOfSales" />    <link:definitionArc xlink:type="arc" xlink:arcrole="http://xbrl.org/int/dim/arcrole/domain-member" xlink:from="StatementOfIncomeLineItems" xlink:to="CostOfSales" order="2.0" />    <link:loc xlink:type="locator" xlink:href="http://disclosure.edinet-fsa.go.jp/taxonomy/jppfs/2021-11-01/jppfs_cor_2021-11-01.xsd#jppfs_cor_GrossProfit" xlink:label="GrossProfit" />    <link:definitionArc xlink:type="arc" xlink:arcrole="http://xbrl.org/int/dim/arcrole/domain-member" xlink:from="StatementOfIncomeLineItems" xlink:to="GrossProfit" order="3.0" />    <link:loc xlink:type="locator" xlink:href="http://disclosure.edinet-fsa.go.jp/taxonomy/jppfs/2021-11-01/jppfs_cor_2021-11-01.xsd#jppfs_cor_SellingGeneralAndAdministrativeExpenses" xlink:label="SellingGeneralAndAdministrativeExpenses" />    <link:definitionArc xlink:type="arc" xlink:arcrole="http://xbrl.org/int/dim/arcrole/domain-member" xlink:from="StatementOfIncomeLineItems" xlink:to="SellingGeneralAndAdministrativeExpenses" order="4.0" />    <link:loc xlink:type="locator" xlink:href="http://disclosure.edinet-fsa.go.jp/taxonomy/jppfs/2021-11-01/jppfs_cor_2021-11-01.xsd#jppfs_cor_OperatingIncome" xlink:label="OperatingIncome" />    <link:definitionArc xlink:type="arc" xlink:arcrole="http://xbrl.org/int/dim/arcrole/domain-member" xlink:from="StatementOfIncomeLineItems" xlink:to="OperatingIncome" order="5.0" />    <link:loc xlink:type="locator" xlink:href="http://disclosure.edinet-fsa.go.jp/taxonomy/jppfs/2021-11-01/jppfs_cor_2021-11-01.xsd#jppfs_cor_NonOperatingIncomeAbstract" xlink:label="NonOperatingIncomeAbstract_2" />    <link:definitionArc xlink:type="arc" xlink:arcrole="http://xbrl.org/int/dim/arcrole/domain-member" xlink:from="StatementOfIncomeLineItems" xlink:to="NonOperatingIncomeAbstract_2" order="6.0" />    <link:loc xlink:type="locator" xlink:href="http://disclosure.edinet-fsa.go.jp/taxonomy/jppfs/2021-11-01/jppfs_cor_2021-11-01.xsd#jppfs_cor_NonOperatingIncomeAbstract" xlink:label="NonOperatingIncomeAbstract" />    <link:loc xlink:type="locator" xlink:href="http://disclosure.edinet-fsa.go.jp/taxonomy/jppfs/2021-11-01/jppfs_cor_2021-11-01.xsd#jppfs_cor_InterestIncomeNOI" xlink:label="InterestIncomeNOI" />    <link:definitionArc xlink:type="arc" xlink:arcrole="http://xbrl.org/int/dim/arcrole/domain-member" xlink:from="NonOperatingIncomeAbstract" xlink:to="InterestIncomeNOI" order="1.0" />    <link:loc xlink:type="locator" xlink:href="http://disclosure.edinet-fsa.go.jp/taxonomy/jppfs/2021-11-01/jppfs_cor_2021-11-01.xsd#jppfs_cor_ForeignExchangeGainsNOI" xlink:label="ForeignExchangeGainsNOI" />    <link:definitionArc xlink:type="arc" xlink:arcrole="http://xbrl.org/int/dim/arcrole/domain-member" xlink:from="NonOperatingIncomeAbstract" xlink:to="ForeignExchangeGainsNOI" order="2.0" />    <link:loc xlink:type="locator" xlink:href="http://disclosure.edinet-fsa.go.jp/taxonomy/jppfs/2021-11-01/jppfs_cor_2021-11-01.xsd#jppfs_cor_EquityInEarningsOfAffiliatesNOI" xlink:label="EquityInEarningsOfAffiliatesNOI" />    <link:definitionArc xlink:type="arc" xlink:arcrole="http://xbrl.org/int/dim/arcrole/domain-member" xlink:from="NonOperatingIncomeAbstract" xlink:to="EquityInEarningsOfAffiliatesNOI" order="3.0" />    <link:loc xlink:type="locator" xlink:href="http://disclosure.edinet-fsa.go.jp/taxonomy/jppfs/2021-11-01/jppfs_cor_2021-11-01.xsd#jppfs_cor_SubsidyIncomeNOIBounty" xlink:label="SubsidyIncomeNOIBounty" />    <link:definitionArc xlink:type="arc" xlink:arcrole="http://xbrl.org/int/dim/arcrole/domain-member" xlink:from="NonOperatingIncomeAbstract" xlink:to="SubsidyIncomeNOIBounty" order="4.0" />    <link:loc xlink:type="locator" xlink:href="http://disclosure.edinet-fsa.go.jp/taxonomy/jppfs/2021-11-01/jppfs_cor_2021-11-01.xsd#jppfs_cor_OtherNOI" xlink:label="OtherNOI" />    <link:definitionArc xlink:type="arc" xlink:arcrole="http://xbrl.org/int/dim/arcrole/domain-member" xlink:from="NonOperatingIncomeAbstract" xlink:to="OtherNOI" order="5.0" />    <link:loc xlink:type="locator" xlink:href="http://disclosure.edinet-fsa.go.jp/taxonomy/jppfs/2021-11-01/jppfs_cor_2021-11-01.xsd#jppfs_cor_NonOperatingIncome" xlink:label="NonOperatingIncome" />    <link:definitionArc xlink:type="arc" xlink:arcrole="http://xbrl.org/int/dim/arcrole/domain-member" xlink:from="NonOperatingIncomeAbstract" xlink:to="NonOperatingIncome" order="6.0" />    <link:loc xlink:type="locator" xlink:href="http://disclosure.edinet-fsa.go.jp/taxonomy/jppfs/2021-11-01/jppfs_cor_2021-11-01.xsd#jppfs_cor_NonOperatingExpensesAbstract" xlink:label="NonOperatingExpensesAbstract_2" />    <link:definitionArc xlink:type="arc" xlink:arcrole="http://xbrl.org/int/dim/arcrole/domain-member" xlink:from="StatementOfIncomeLineItems" xlink:to="NonOperatingExpensesAbstract_2" order="7.0" />    <link:loc xlink:type="locator" xlink:href="http://disclosure.edinet-fsa.go.jp/taxonomy/jppfs/2021-11-01/jppfs_cor_2021-11-01.xsd#jppfs_cor_NonOperatingExpensesAbstract" xlink:label="NonOperatingExpensesAbstract" />    <link:loc xlink:type="locator" xlink:href="http://disclosure.edinet-fsa.go.jp/taxonomy/jppfs/2021-11-01/jppfs_cor_2021-11-01.xsd#jppfs_cor_ForeignExchangeLossesNOE" xlink:label="ForeignExchangeLossesNOE" />    <link:definitionArc xlink:type="arc" xlink:arcrole="http://xbrl.org/int/dim/arcrole/domain-member" xlink:from="NonOperatingExpensesAbstract" xlink:to="ForeignExchangeLossesNOE" order="1.0" />    <link:loc xlink:type="locator" xlink:href="http://disclosure.edinet-fsa.go.jp/taxonomy/jppfs/2021-11-01/jppfs_cor_2021-11-01.xsd#jppfs_cor_OtherNOE" xlink:label="OtherNOE" />    <link:definitionArc xlink:type="arc" xlink:arcrole="http://xbrl.org/int/dim/arcrole/domain-member" xlink:from="NonOperatingExpensesAbstract" xlink:to="OtherNOE" order="2.0" />    <link:loc xlink:type="locator" xlink:href="http://disclosure.edinet-fsa.go.jp/taxonomy/jppfs/2021-11-01/jppfs_cor_2021-11-01.xsd#jppfs_cor_NonOperatingExpenses" xlink:label="NonOperatingExpenses" />    <link:definitionArc xlink:type="arc" xlink:arcrole="http://xbrl.org/int/dim/arcrole/domain-member" xlink:from="NonOperatingExpensesAbstract" xlink:to="NonOperatingExpenses" order="3.0" />    <link:loc xlink:type="locator" xlink:href="http://disclosure.edinet-fsa.go.jp/taxonomy/jppfs/2021-11-01/jppfs_cor_2021-11-01.xsd#jppfs_cor_OrdinaryIncome" xlink:label="OrdinaryIncome" />    <link:definitionArc xlink:type="arc" xlink:arcrole="http://xbrl.org/int/dim/arcrole/domain-member" xlink:from="StatementOfIncomeLineItems" xlink:to="OrdinaryIncome" order="8.0" />    <link:loc xlink:type="locator" xlink:href="http://disclosure.edinet-fsa.go.jp/taxonomy/jppfs/2021-11-01/jppfs_cor_2021-11-01.xsd#jppfs_cor_ExtraordinaryIncomeAbstract" xlink:label="ExtraordinaryIncomeAbstract_2" />    <link:definitionArc xlink:type="arc" xlink:arcrole="http://xbrl.org/int/dim/arcrole/domain-member" xlink:from="StatementOfIncomeLineItems" xlink:to="ExtraordinaryIncomeAbstract_2" order="9.0" />    <link:loc xlink:type="locator" xlink:href="http://disclosure.edinet-fsa.go.jp/taxonomy/jppfs/2021-11-01/jppfs_cor_2021-11-01.xsd#jppfs_cor_ExtraordinaryIncomeAbstract" xlink:label="ExtraordinaryIncomeAbstract" />    <link:loc xlink:type="locator" xlink:href="http://disclosure.edinet-fsa.go.jp/taxonomy/jppfs/2021-11-01/jppfs_cor_2021-11-01.xsd#jppfs_cor_GainOnSalesOfNoncurrentAssetsEI" xlink:label="GainOnSalesOfNoncurrentAssetsEI" />    <link:definitionArc xlink:type="arc" xlink:arcrole="http://xbrl.org/int/dim/arcrole/domain-member" xlink:from="ExtraordinaryIncomeAbstract" xlink:to="GainOnSalesOfNoncurrentAssetsEI" order="1.0" />    <link:loc xlink:type="locator" xlink:href="http://disclosure.edinet-fsa.go.jp/taxonomy/jppfs/2021-11-01/jppfs_cor_2021-11-01.xsd#jppfs_cor_ExtraordinaryIncome" xlink:label="ExtraordinaryIncome" />    <link:definitionArc xlink:type="arc" xlink:arcrole="http://xbrl.org/int/dim/arcrole/domain-member" xlink:from="ExtraordinaryIncomeAbstract" xlink:to="ExtraordinaryIncome" order="2.0" />    <link:loc xlink:type="locator" xlink:href="http://disclosure.edinet-fsa.go.jp/taxonomy/jppfs/2021-11-01/jppfs_cor_2021-11-01.xsd#jppfs_cor_ExtraordinaryLossAbstract" xlink:label="ExtraordinaryLossAbstract_2" />    <link:definitionArc xlink:type="arc" xlink:arcrole="http://xbrl.org/int/dim/arcrole/domain-member" xlink:from="StatementOfIncomeLineItems" xlink:to="ExtraordinaryLossAbstract_2" order="10.0" />    <link:loc xlink:type="locator" xlink:href="http://disclosure.edinet-fsa.go.jp/taxonomy/jppfs/2021-11-01/jppfs_cor_2021-11-01.xsd#jppfs_cor_ExtraordinaryLossAbstract" xlink:label="ExtraordinaryLossAbstract" />    <link:loc xlink:type="locator" xlink:href="http://disclosure.edinet-fsa.go.jp/taxonomy/jppfs/2021-11-01/jppfs_cor_2021-11-01.xsd#jppfs_cor_LossOnRetirementOfNoncurrentAssetsEL" xlink:label="LossOnRetirementOfNoncurrentAssetsEL" />    <link:definitionArc xlink:type="arc" xlink:arcrole="http://xbrl.org/int/dim/arcrole/domain-member" xlink:from="ExtraordinaryLossAbstract" xlink:to="LossOnRetirementOfNoncurrentAssetsEL" order="1.0" />    <link:loc xlink:type="locator" xlink:href="http://disclosure.edinet-fsa.go.jp/taxonomy/jppfs/2021-11-01/jppfs_cor_2021-11-01.xsd#jppfs_cor_ExtraordinaryLoss" xlink:label="ExtraordinaryLoss" />    <link:definitionArc xlink:type="arc" xlink:arcrole="http://xbrl.org/int/dim/arcrole/domain-member" xlink:from="ExtraordinaryLossAbstract" xlink:to="ExtraordinaryLoss" order="2.0" />    <link:loc xlink:type="locator" xlink:href="http://disclosure.edinet-fsa.go.jp/taxonomy/jppfs/2021-11-01/jppfs_cor_2021-11-01.xsd#jppfs_cor_IncomeBeforeIncomeTaxes" xlink:label="IncomeBeforeIncomeTaxes" />    <link:definitionArc xlink:type="arc" xlink:arcrole="http://xbrl.org/int/dim/arcrole/domain-member" xlink:from="StatementOfIncomeLineItems" xlink:to="IncomeBeforeIncomeTaxes" order="11.0" />    <link:loc xlink:type="locator" xlink:href="http://disclosure.edinet-fsa.go.jp/taxonomy/jppfs/2021-11-01/jppfs_cor_2021-11-01.xsd#jppfs_cor_IncomeTaxesCurrent" xlink:label="IncomeTaxesCurrent" />    <link:definitionArc xlink:type="arc" xlink:arcrole="http://xbrl.org/int/dim/arcrole/domain-member" xlink:from="StatementOfIncomeLineItems" xlink:to="IncomeTaxesCurrent" order="12.0" />    <link:loc xlink:type="locator" xlink:href="http://disclosure.edinet-fsa.go.jp/taxonomy/jppfs/2021-11-01/jppfs_cor_2021-11-01.xsd#jppfs_cor_IncomeTaxesDeferred" xlink:label="IncomeTaxesDeferred" />    <link:definitionArc xlink:type="arc" xlink:arcrole="http://xbrl.org/int/dim/arcrole/domain-member" xlink:from="StatementOfIncomeLineItems" xlink:to="IncomeTaxesDeferred" order="13.0" />    <link:loc xlink:type="locator" xlink:href="http://disclosure.edinet-fsa.go.jp/taxonomy/jppfs/2021-11-01/jppfs_cor_2021-11-01.xsd#jppfs_cor_IncomeTaxes" xlink:label="IncomeTaxes" />    <link:definitionArc xlink:type="arc" xlink:arcrole="http://xbrl.org/int/dim/arcrole/domain-member" xlink:from="StatementOfIncomeLineItems" xlink:to="IncomeTaxes" order="14.0" />    <link:loc xlink:type="locator" xlink:href="http://disclosure.edinet-fsa.go.jp/taxonomy/jppfs/2021-11-01/jppfs_cor_2021-11-01.xsd#jppfs_cor_ProfitLoss" xlink:label="ProfitLoss" />    <link:definitionArc xlink:type="arc" xlink:arcrole="http://xbrl.org/int/dim/arcrole/domain-member" xlink:from="StatementOfIncomeLineItems" xlink:to="ProfitLoss" order="15.0" />    <link:loc xlink:type="locator" xlink:href="http://disclosure.edinet-fsa.go.jp/taxonomy/jppfs/2021-11-01/jppfs_cor_2021-11-01.xsd#jppfs_cor_ProfitLossAttributableToOwnersOfParent" xlink:label="ProfitLossAttributableToOwnersOfParent" />    <link:definitionArc xlink:type="arc" xlink:arcrole="http://xbrl.org/int/dim/arcrole/domain-member" xlink:from="StatementOfIncomeLineItems" xlink:to="ProfitLossAttributableToOwnersOfParent" order="16.0" />  </link:definitionLink>  <link:definitionLink xlink:type="extended" xlink:role="http://disclosure.edinet-fsa.go.jp/role/jppfs/rol_YearToQuarterEndConsolidatedStatementOfComprehensiveIncome">    <link:loc xlink:type="locator" xlink:href="http://disclosure.edinet-fsa.go.jp/taxonomy/jppfs/2021-11-01/jppfs_cor_2021-11-01.xsd#jppfs_cor_YearToQuarterEndConsolidatedStatementOfComprehensiveIncomeHeading" xlink:label="YearToQuarterEndConsolidatedStatementOfComprehensiveIncomeHeading" />    <link:loc xlink:type="locator" xlink:href="http://disclosure.edinet-fsa.go.jp/taxonomy/jppfs/2021-11-01/jppfs_cor_2021-11-01.xsd#jppfs_cor_StatementOfComprehensiveIncomeTable" xlink:label="StatementOfComprehensiveIncomeTable_2" />    <link:definitionArc xlink:type="arc" xbrldt:contextElement="scenario" xbrldt:closed="true" xlink:arcrole="http://xbrl.org/int/dim/arcrole/all" xlink:from="YearToQuarterEndConsolidatedStatementOfComprehensiveIncomeHeading" xlink:to="StatementOfComprehensiveIncomeTable_2" order="1.0" />    <link:loc xlink:type="locator" xlink:href="http://disclosure.edinet-fsa.go.jp/taxonomy/jppfs/2021-11-01/jppfs_cor_2021-11-01.xsd#jppfs_cor_StatementOfComprehensiveIncomeTable" xlink:label="StatementOfComprehensiveIncomeTable" />    <link:loc xlink:type="locator" xlink:href="http://disclosure.edinet-fsa.go.jp/taxonomy/jppfs/2021-11-01/jppfs_cor_2021-11-01.xsd#jppfs_cor_ConsolidatedOrNonConsolidatedAxis" xlink:label="ConsolidatedOrNonConsolidatedAxis_2" />    <link:definitionArc xlink:type="arc" xlink:arcrole="http://xbrl.org/int/dim/arcrole/hypercube-dimension" xlink:from="StatementOfComprehensiveIncomeTable" xlink:to="ConsolidatedOrNonConsolidatedAxis_2" order="1.0" />    <link:loc xlink:type="locator" xlink:href="http://disclosure.edinet-fsa.go.jp/taxonomy/jppfs/2021-11-01/jppfs_cor_2021-11-01.xsd#jppfs_cor_ConsolidatedOrNonConsolidatedAxis" xlink:label="ConsolidatedOrNonConsolidatedAxis" />    <link:loc xlink:type="locator" xlink:href="http://disclosure.edinet-fsa.go.jp/taxonomy/jppfs/2021-11-01/jppfs_cor_2021-11-01.xsd#jppfs_cor_ConsolidatedMember" xlink:label="ConsolidatedMember" />    <link:definitionArc xlink:type="arc" xlink:arcrole="http://xbrl.org/int/dim/arcrole/dimension-default" xlink:from="ConsolidatedOrNonConsolidatedAxis" xlink:to="ConsolidatedMember" order="1.0" />    <link:loc xlink:type="locator" xlink:href="http://disclosure.edinet-fsa.go.jp/taxonomy/jppfs/2021-11-01/jppfs_cor_2021-11-01.xsd#jppfs_cor_ConsolidatedMember" xlink:label="ConsolidatedMember_2" />    <link:definitionArc xlink:type="arc" xlink:arcrole="http://xbrl.org/int/dim/arcrole/dimension-domain" xlink:from="ConsolidatedOrNonConsolidatedAxis" xlink:to="ConsolidatedMember_2" order="2.0" />    <link:loc xlink:type="locator" xlink:href="http://disclosure.edinet-fsa.go.jp/taxonomy/jppfs/2021-11-01/jppfs_cor_2021-11-01.xsd#jppfs_cor_StatementOfComprehensiveIncomeLineItems" xlink:label="StatementOfComprehensiveIncomeLineItems_2" />    <link:definitionArc xlink:type="arc" xlink:arcrole="http://xbrl.org/int/dim/arcrole/domain-member" xlink:from="YearToQuarterEndConsolidatedStatementOfComprehensiveIncomeHeading" xlink:to="StatementOfComprehensiveIncomeLineItems_2" order="2.0" />    <link:loc xlink:type="locator" xlink:href="http://disclosure.edinet-fsa.go.jp/taxonomy/jppfs/2021-11-01/jppfs_cor_2021-11-01.xsd#jppfs_cor_StatementOfComprehensiveIncomeLineItems" xlink:label="StatementOfComprehensiveIncomeLineItems" />    <link:loc xlink:type="locator" xlink:href="http://disclosure.edinet-fsa.go.jp/taxonomy/jppfs/2021-11-01/jppfs_cor_2021-11-01.xsd#jppfs_cor_ProfitLoss" xlink:label="ProfitLoss" />    <link:definitionArc xlink:type="arc" xlink:arcrole="http://xbrl.org/int/dim/arcrole/domain-member" xlink:from="StatementOfComprehensiveIncomeLineItems" xlink:to="ProfitLoss" order="1.0" />    <link:loc xlink:type="locator" xlink:href="http://disclosure.edinet-fsa.go.jp/taxonomy/jppfs/2021-11-01/jppfs_cor_2021-11-01.xsd#jppfs_cor_OtherComprehensiveIncomeAbstract" xlink:label="OtherComprehensiveIncomeAbstract_2" />    <link:definitionArc xlink:type="arc" xlink:arcrole="http://xbrl.org/int/dim/arcrole/domain-member" xlink:from="StatementOfComprehensiveIncomeLineItems" xlink:to="OtherComprehensiveIncomeAbstract_2" order="2.0" />    <link:loc xlink:type="locator" xlink:href="http://disclosure.edinet-fsa.go.jp/taxonomy/jppfs/2021-11-01/jppfs_cor_2021-11-01.xsd#jppfs_cor_OtherComprehensiveIncomeAbstract" xlink:label="OtherComprehensiveIncomeAbstract" />    <link:loc xlink:type="locator" xlink:href="http://disclosure.edinet-fsa.go.jp/taxonomy/jppfs/2021-11-01/jppfs_cor_2021-11-01.xsd#jppfs_cor_ValuationDifferenceOnAvailableForSaleSecuritiesNetOfTaxOCI" xlink:label="ValuationDifferenceOnAvailableForSaleSecuritiesNetOfTaxOCI" />    <link:definitionArc xlink:type="arc" xlink:arcrole="http://xbrl.org/int/dim/arcrole/domain-member" xlink:from="OtherComprehensiveIncomeAbstract" xlink:to="ValuationDifferenceOnAvailableForSaleSecuritiesNetOfTaxOCI" order="1.0" />    <link:loc xlink:type="locator" xlink:href="http://disclosure.edinet-fsa.go.jp/taxonomy/jppfs/2021-11-01/jppfs_cor_2021-11-01.xsd#jppfs_cor_DeferredGainsOrLossesOnHedgesNetOfTaxOCI" xlink:label="DeferredGainsOrLossesOnHedgesNetOfTaxOCI" />    <link:definitionArc xlink:type="arc" xlink:arcrole="http://xbrl.org/int/dim/arcrole/domain-member" xlink:from="OtherComprehensiveIncomeAbstract" xlink:to="DeferredGainsOrLossesOnHedgesNetOfTaxOCI" order="2.0" />    <link:loc xlink:type="locator" xlink:href="http://disclosure.edinet-fsa.go.jp/taxonomy/jppfs/2021-11-01/jppfs_cor_2021-11-01.xsd#jppfs_cor_RemeasurementsOfDefinedBenefitPlansNetOfTaxOCI" xlink:label="RemeasurementsOfDefinedBenefitPlansNetOfTaxOCI" />    <link:definitionArc xlink:type="arc" xlink:arcrole="http://xbrl.org/int/dim/arcrole/domain-member" xlink:from="OtherComprehensiveIncomeAbstract" xlink:to="RemeasurementsOfDefinedBenefitPlansNetOfTaxOCI" order="3.0" />    <link:loc xlink:type="locator" xlink:href="http://disclosure.edinet-fsa.go.jp/taxonomy/jppfs/2021-11-01/jppfs_cor_2021-11-01.xsd#jppfs_cor_ShareOfOtherComprehensiveIncomeOfAssociatesAccountedForUsingEquityMethodOCI" xlink:label="ShareOfOtherComprehensiveIncomeOfAssociatesAccountedForUsingEquityMethodOCI" />    <link:definitionArc xlink:type="arc" xlink:arcrole="http://xbrl.org/int/dim/arcrole/domain-member" xlink:from="OtherComprehensiveIncomeAbstract" xlink:to="ShareOfOtherComprehensiveIncomeOfAssociatesAccountedForUsingEquityMethodOCI" order="4.0" />    <link:loc xlink:type="locator" xlink:href="http://disclosure.edinet-fsa.go.jp/taxonomy/jppfs/2021-11-01/jppfs_cor_2021-11-01.xsd#jppfs_cor_OtherComprehensiveIncome" xlink:label="OtherComprehensiveIncome" />    <link:definitionArc xlink:type="arc" xlink:arcrole="http://xbrl.org/int/dim/arcrole/domain-member" xlink:from="OtherComprehensiveIncomeAbstract" xlink:to="OtherComprehensiveIncome" order="5.0" />    <link:loc xlink:type="locator" xlink:href="http://disclosure.edinet-fsa.go.jp/taxonomy/jppfs/2021-11-01/jppfs_cor_2021-11-01.xsd#jppfs_cor_ComprehensiveIncome" xlink:label="ComprehensiveIncome" />    <link:definitionArc xlink:type="arc" xlink:arcrole="http://xbrl.org/int/dim/arcrole/domain-member" xlink:from="StatementOfComprehensiveIncomeLineItems" xlink:to="ComprehensiveIncome" order="3.0" />    <link:loc xlink:type="locator" xlink:href="http://disclosure.edinet-fsa.go.jp/taxonomy/jppfs/2021-11-01/jppfs_cor_2021-11-01.xsd#jppfs_cor_ComprehensiveIncomeAttributableToAbstract" xlink:label="ComprehensiveIncomeAttributableToAbstract_2" />    <link:definitionArc xlink:type="arc" xlink:arcrole="http://xbrl.org/int/dim/arcrole/domain-member" xlink:from="StatementOfComprehensiveIncomeLineItems" xlink:to="ComprehensiveIncomeAttributableToAbstract_2" order="4.0" />    <link:loc xlink:type="locator" xlink:href="http://disclosure.edinet-fsa.go.jp/taxonomy/jppfs/2021-11-01/jppfs_cor_2021-11-01.xsd#jppfs_cor_ComprehensiveIncomeAttributableToAbstract" xlink:label="ComprehensiveIncomeAttributableToAbstract" />    <link:loc xlink:type="locator" xlink:href="http://disclosure.edinet-fsa.go.jp/taxonomy/jppfs/2021-11-01/jppfs_cor_2021-11-01.xsd#jppfs_cor_ComprehensiveIncomeAttributableToOwnersOfTheParent" xlink:label="ComprehensiveIncomeAttributableToOwnersOfTheParent" />    <link:definitionArc xlink:type="arc" xlink:arcrole="http://xbrl.org/int/dim/arcrole/domain-member" xlink:from="ComprehensiveIncomeAttributableToAbstract" xlink:to="ComprehensiveIncomeAttributableToOwnersOfTheParent" order="1.0" />  </link:definitionLink>  <link:definitionLink xlink:type="extended" xlink:role="http://disclosure.edinet-fsa.go.jp/role/jppfs/rol_QuarterlyConsolidatedStatementOfCashFlows-indirect">    <link:loc xlink:type="locator" xlink:href="http://disclosure.edinet-fsa.go.jp/taxonomy/jppfs/2021-11-01/jppfs_cor_2021-11-01.xsd#jppfs_cor_QuarterlyConsolidatedStatementOfCashFlowsHeading" xlink:label="QuarterlyConsolidatedStatementOfCashFlowsHeading" />    <link:loc xlink:type="locator" xlink:href="http://disclosure.edinet-fsa.go.jp/taxonomy/jppfs/2021-11-01/jppfs_cor_2021-11-01.xsd#jppfs_cor_StatementOfCashFlowsTable" xlink:label="StatementOfCashFlowsTable_2" />    <link:definitionArc xlink:type="arc" xbrldt:contextElement="scenario" xbrldt:closed="true" xlink:arcrole="http://xbrl.org/int/dim/arcrole/all" xlink:from="QuarterlyConsolidatedStatementOfCashFlowsHeading" xlink:to="StatementOfCashFlowsTable_2" order="1.0" />    <link:loc xlink:type="locator" xlink:href="http://disclosure.edinet-fsa.go.jp/taxonomy/jppfs/2021-11-01/jppfs_cor_2021-11-01.xsd#jppfs_cor_StatementOfCashFlowsTable" xlink:label="StatementOfCashFlowsTable" />    <link:loc xlink:type="locator" xlink:href="http://disclosure.edinet-fsa.go.jp/taxonomy/jppfs/2021-11-01/jppfs_cor_2021-11-01.xsd#jppfs_cor_ConsolidatedOrNonConsolidatedAxis" xlink:label="ConsolidatedOrNonConsolidatedAxis_2" />    <link:definitionArc xlink:type="arc" xlink:arcrole="http://xbrl.org/int/dim/arcrole/hypercube-dimension" xlink:from="StatementOfCashFlowsTable" xlink:to="ConsolidatedOrNonConsolidatedAxis_2" order="1.0" />    <link:loc xlink:type="locator" xlink:href="http://disclosure.edinet-fsa.go.jp/taxonomy/jppfs/2021-11-01/jppfs_cor_2021-11-01.xsd#jppfs_cor_ConsolidatedOrNonConsolidatedAxis" xlink:label="ConsolidatedOrNonConsolidatedAxis" />    <link:loc xlink:type="locator" xlink:href="http://disclosure.edinet-fsa.go.jp/taxonomy/jppfs/2021-11-01/jppfs_cor_2021-11-01.xsd#jppfs_cor_ConsolidatedMember" xlink:label="ConsolidatedMember" />    <link:definitionArc xlink:type="arc" xlink:arcrole="http://xbrl.org/int/dim/arcrole/dimension-default" xlink:from="ConsolidatedOrNonConsolidatedAxis" xlink:to="ConsolidatedMember" order="1.0" />    <link:loc xlink:type="locator" xlink:href="http://disclosure.edinet-fsa.go.jp/taxonomy/jppfs/2021-11-01/jppfs_cor_2021-11-01.xsd#jppfs_cor_ConsolidatedMember" xlink:label="ConsolidatedMember_2" />    <link:definitionArc xlink:type="arc" xlink:arcrole="http://xbrl.org/int/dim/arcrole/dimension-domain" xlink:from="ConsolidatedOrNonConsolidatedAxis" xlink:to="ConsolidatedMember_2" order="2.0" />    <link:loc xlink:type="locator" xlink:href="http://disclosure.edinet-fsa.go.jp/taxonomy/jppfs/2021-11-01/jppfs_cor_2021-11-01.xsd#jppfs_cor_StatementOfCashFlowsLineItems" xlink:label="StatementOfCashFlowsLineItems_2" />    <link:definitionArc xlink:type="arc" xlink:arcrole="http://xbrl.org/int/dim/arcrole/domain-member" xlink:from="QuarterlyConsolidatedStatementOfCashFlowsHeading" xlink:to="StatementOfCashFlowsLineItems_2" order="2.0" />    <link:loc xlink:type="locator" xlink:href="http://disclosure.edinet-fsa.go.jp/taxonomy/jppfs/2021-11-01/jppfs_cor_2021-11-01.xsd#jppfs_cor_StatementOfCashFlowsLineItems" xlink:label="StatementOfCashFlowsLineItems" />    <link:loc xlink:type="locator" xlink:href="http://disclosure.edinet-fsa.go.jp/taxonomy/jppfs/2021-11-01/jppfs_cor_2021-11-01.xsd#jppfs_cor_NetCashProvidedByUsedInOperatingActivitiesAbstract" xlink:label="NetCashProvidedByUsedInOperatingActivitiesAbstract_2" />    <link:definitionArc xlink:type="arc" xlink:arcrole="http://xbrl.org/int/dim/arcrole/domain-member" xlink:from="StatementOfCashFlowsLineItems" xlink:to="NetCashProvidedByUsedInOperatingActivitiesAbstract_2" order="1.0" />    <link:loc xlink:type="locator" xlink:href="http://disclosure.edinet-fsa.go.jp/taxonomy/jppfs/2021-11-01/jppfs_cor_2021-11-01.xsd#jppfs_cor_NetCashProvidedByUsedInOperatingActivitiesAbstract" xlink:label="NetCashProvidedByUsedInOperatingActivitiesAbstract" />    <link:loc xlink:type="locator" xlink:href="http://disclosure.edinet-fsa.go.jp/taxonomy/jppfs/2021-11-01/jppfs_cor_2021-11-01.xsd#jppfs_cor_IncomeBeforeIncomeTaxes" xlink:label="IncomeBeforeIncomeTaxes" />    <link:definitionArc xlink:type="arc" xlink:arcrole="http://xbrl.org/int/dim/arcrole/domain-member" xlink:from="NetCashProvidedByUsedInOperatingActivitiesAbstract" xlink:to="IncomeBeforeIncomeTaxes" order="1.0" />    <link:loc xlink:type="locator" xlink:href="http://disclosure.edinet-fsa.go.jp/taxonomy/jppfs/2021-11-01/jppfs_cor_2021-11-01.xsd#jppfs_cor_DepreciationAndAmortizationOpeCF" xlink:label="DepreciationAndAmortizationOpeCF" />    <link:definitionArc xlink:type="arc" xlink:arcrole="http://xbrl.org/int/dim/arcrole/domain-member" xlink:from="NetCashProvidedByUsedInOperatingActivitiesAbstract" xlink:to="DepreciationAndAmortizationOpeCF" order="2.0" />    <link:loc xlink:type="locator" xlink:href="http://disclosure.edinet-fsa.go.jp/taxonomy/jppfs/2021-11-01/jppfs_cor_2021-11-01.xsd#jppfs_cor_IncreaseDecreaseInAllowanceForDoubtfulAccountsOpeCF" xlink:label="IncreaseDecreaseInAllowanceForDoubtfulAccountsOpeCF" />    <link:definitionArc xlink:type="arc" xlink:arcrole="http://xbrl.org/int/dim/arcrole/domain-member" xlink:from="NetCashProvidedByUsedInOperatingActivitiesAbstract" xlink:to="IncreaseDecreaseInAllowanceForDoubtfulAccountsOpeCF" order="3.0" />    <link:loc xlink:type="locator" xlink:href="http://disclosure.edinet-fsa.go.jp/taxonomy/jppfs/2021-11-01/jppfs_cor_2021-11-01.xsd#jppfs_cor_IncreaseDecreaseInOtherProvisionOpeCF" xlink:label="IncreaseDecreaseInOtherProvisionOpeCF" />    <link:definitionArc xlink:type="arc" xlink:arcrole="http://xbrl.org/int/dim/arcrole/domain-member" xlink:from="NetCashProvidedByUsedInOperatingActivitiesAbstract" xlink:to="IncreaseDecreaseInOtherProvisionOpeCF" order="4.0" />    <link:loc xlink:type="locator" xlink:href="http://disclosure.edinet-fsa.go.jp/taxonomy/jppfs/2021-11-01/jppfs_cor_2021-11-01.xsd#jppfs_cor_IncreaseDecreaseInNetDefinedBenefitLiabilityOpeCF" xlink:label="IncreaseDecreaseInNetDefinedBenefitLiabilityOpeCF" />    <link:definitionArc xlink:type="arc" xlink:arcrole="http://xbrl.org/int/dim/arcrole/domain-member" xlink:from="NetCashProvidedByUsedInOperatingActivitiesAbstract" xlink:to="IncreaseDecreaseInNetDefinedBenefitLiabilityOpeCF" order="5.0" />    <link:loc xlink:type="locator" xlink:href="http://disclosure.edinet-fsa.go.jp/taxonomy/jppfs/2021-11-01/jppfs_cor_2021-11-01.xsd#jppfs_cor_InterestAndDividendsIncomeOpeCF" xlink:label="InterestAndDividendsIncomeOpeCF" />    <link:definitionArc xlink:type="arc" xlink:arcrole="http://xbrl.org/int/dim/arcrole/domain-member" xlink:from="NetCashProvidedByUsedInOperatingActivitiesAbstract" xlink:to="InterestAndDividendsIncomeOpeCF" order="6.0" />    <link:loc xlink:type="locator" xlink:href="http://disclosure.edinet-fsa.go.jp/taxonomy/jppfs/2021-11-01/jppfs_cor_2021-11-01.xsd#jppfs_cor_ForeignExchangeLossesGainsOpeCF" xlink:label="ForeignExchangeLossesGainsOpeCF" />    <link:definitionArc xlink:type="arc" xlink:arcrole="http://xbrl.org/int/dim/arcrole/domain-member" xlink:from="NetCashProvidedByUsedInOperatingActivitiesAbstract" xlink:to="ForeignExchangeLossesGainsOpeCF" order="7.0" />    <link:loc xlink:type="locator" xlink:href="http://disclosure.edinet-fsa.go.jp/taxonomy/jppfs/2021-11-01/jppfs_cor_2021-11-01.xsd#jppfs_cor_EquityInEarningsLossesOfAffiliatesOpeCF" xlink:label="EquityInEarningsLossesOfAffiliatesOpeCF" />    <link:definitionArc xlink:type="arc" xlink:arcrole="http://xbrl.org/int/dim/arcrole/domain-member" xlink:from="NetCashProvidedByUsedInOperatingActivitiesAbstract" xlink:to="EquityInEarningsLossesOfAffiliatesOpeCF" order="8.0" />    <link:loc xlink:type="locator" xlink:href="http://disclosure.edinet-fsa.go.jp/taxonomy/jppfs/2021-11-01/jppfs_cor_2021-11-01.xsd#jppfs_cor_LossOnRetirementOfNoncurrentAssetsOpeCF" xlink:label="LossOnRetirementOfNoncurrentAssetsOpeCF" />    <link:definitionArc xlink:type="arc" xlink:arcrole="http://xbrl.org/int/dim/arcrole/domain-member" xlink:from="NetCashProvidedByUsedInOperatingActivitiesAbstract" xlink:to="LossOnRetirementOfNoncurrentAssetsOpeCF" order="9.0" />    <link:loc xlink:type="locator" xlink:href="http://disclosure.edinet-fsa.go.jp/taxonomy/jppfs/2021-11-01/jppfs_cor_2021-11-01.xsd#jppfs_cor_LossGainOnSalesOfPropertyPlantAndEquipmentOpeCF" xlink:label="LossGainOnSalesOfPropertyPlantAndEquipmentOpeCF" />    <link:definitionArc xlink:type="arc" xlink:arcrole="http://xbrl.org/int/dim/arcrole/domain-member" xlink:from="NetCashProvidedByUsedInOperatingActivitiesAbstract" xlink:to="LossGainOnSalesOfPropertyPlantAndEquipmentOpeCF" order="10.0" />    <link:loc xlink:type="locator" xlink:href="http://disclosure.edinet-fsa.go.jp/taxonomy/jppfs/2021-11-01/jppfs_cor_2021-11-01.xsd#jppfs_cor_DecreaseIncreaseInNotesAndAccountsReceivableTradeOpeCF" xlink:label="DecreaseIncreaseInNotesAndAccountsReceivableTradeOpeCF" />    <link:definitionArc xlink:type="arc" xlink:arcrole="http://xbrl.org/int/dim/arcrole/domain-member" xlink:from="NetCashProvidedByUsedInOperatingActivitiesAbstract" xlink:to="DecreaseIncreaseInNotesAndAccountsReceivableTradeOpeCF" order="11.0" />    <link:loc xlink:type="locator" xlink:href="http://disclosure.edinet-fsa.go.jp/taxonomy/jppfs/2021-11-01/jppfs_cor_2021-11-01.xsd#jppfs_cor_IncreaseDecreaseInUnearnedRevenueOpeCF" xlink:label="IncreaseDecreaseInUnearnedRevenueOpeCF" />    <link:definitionArc xlink:type="arc" xlink:arcrole="http://xbrl.org/int/dim/arcrole/domain-member" xlink:from="NetCashProvidedByUsedInOperatingActivitiesAbstract" xlink:to="IncreaseDecreaseInUnearnedRevenueOpeCF" order="12.0" />    <link:loc xlink:type="locator" xlink:href="http://disclosure.edinet-fsa.go.jp/taxonomy/jppfs/2021-11-01/jppfs_cor_2021-11-01.xsd#jppfs_cor_DecreaseIncreaseInInventoriesOpeCF" xlink:label="DecreaseIncreaseInInventoriesOpeCF" />    <link:definitionArc xlink:type="arc" xlink:arcrole="http://xbrl.org/int/dim/arcrole/domain-member" xlink:from="NetCashProvidedByUsedInOperatingActivitiesAbstract" xlink:to="DecreaseIncreaseInInventoriesOpeCF" order="13.0" />    <link:loc xlink:type="locator" xlink:href="http://disclosure.edinet-fsa.go.jp/taxonomy/jppfs/2021-11-01/jppfs_cor_2021-11-01.xsd#jppfs_cor_IncreaseDecreaseInNotesAndAccountsPayableTradeOpeCF" xlink:label="IncreaseDecreaseInNotesAndAccountsPayableTradeOpeCF" />    <link:definitionArc xlink:type="arc" xlink:arcrole="http://xbrl.org/int/dim/arcrole/domain-member" xlink:from="NetCashProvidedByUsedInOperatingActivitiesAbstract" xlink:to="IncreaseDecreaseInNotesAndAccountsPayableTradeOpeCF" order="14.0" />    <link:loc xlink:type="locator" xlink:href="http://disclosure.edinet-fsa.go.jp/taxonomy/jppfs/2021-11-01/jppfs_cor_2021-11-01.xsd#jppfs_cor_IncreaseDecreaseInAccruedConsumptionTaxesOpeCF" xlink:label="IncreaseDecreaseInAccruedConsumptionTaxesOpeCF" />    <link:definitionArc xlink:type="arc" xlink:arcrole="http://xbrl.org/int/dim/arcrole/domain-member" xlink:from="NetCashProvidedByUsedInOperatingActivitiesAbstract" xlink:to="IncreaseDecreaseInAccruedConsumptionTaxesOpeCF" order="15.0" />    <link:loc xlink:type="locator" xlink:href="http://disclosure.edinet-fsa.go.jp/taxonomy/jppfs/2021-11-01/jppfs_cor_2021-11-01.xsd#jppfs_cor_DecreaseIncreaseInOtherAssetsOpeCF" xlink:label="DecreaseIncreaseInOtherAssetsOpeCF" />    <link:definitionArc xlink:type="arc" xlink:arcrole="http://xbrl.org/int/dim/arcrole/domain-member" xlink:from="NetCashProvidedByUsedInOperatingActivitiesAbstract" xlink:to="DecreaseIncreaseInOtherAssetsOpeCF" order="16.0" />    <link:loc xlink:type="locator" xlink:href="http://disclosure.edinet-fsa.go.jp/taxonomy/jppfs/2021-11-01/jppfs_cor_2021-11-01.xsd#jppfs_cor_IncreaseDecreaseInOtherLiabilitiesOpeCF" xlink:label="IncreaseDecreaseInOtherLiabilitiesOpeCF" />    <link:definitionArc xlink:type="arc" xlink:arcrole="http://xbrl.org/int/dim/arcrole/domain-member" xlink:from="NetCashProvidedByUsedInOperatingActivitiesAbstract" xlink:to="IncreaseDecreaseInOtherLiabilitiesOpeCF" order="17.0" />    <link:loc xlink:type="locator" xlink:href="http://disclosure.edinet-fsa.go.jp/taxonomy/jppfs/2021-11-01/jppfs_cor_2021-11-01.xsd#jppfs_cor_OtherNetOpeCF" xlink:label="OtherNetOpeCF" />    <link:definitionArc xlink:type="arc" xlink:arcrole="http://xbrl.org/int/dim/arcrole/domain-member" xlink:from="NetCashProvidedByUsedInOperatingActivitiesAbstract" xlink:to="OtherNetOpeCF" order="18.0" />    <link:loc xlink:type="locator" xlink:href="http://disclosure.edinet-fsa.go.jp/taxonomy/jppfs/2021-11-01/jppfs_cor_2021-11-01.xsd#jppfs_cor_SubtotalOpeCF" xlink:label="SubtotalOpeCF" />    <link:definitionArc xlink:type="arc" xlink:arcrole="http://xbrl.org/int/dim/arcrole/domain-member" xlink:from="NetCashProvidedByUsedInOperatingActivitiesAbstract" xlink:to="SubtotalOpeCF" order="19.0" />    <link:loc xlink:type="locator" xlink:href="http://disclosure.edinet-fsa.go.jp/taxonomy/jppfs/2021-11-01/jppfs_cor_2021-11-01.xsd#jppfs_cor_InterestAndDividendsIncomeReceivedOpeCFInvCF" xlink:label="InterestAndDividendsIncomeReceivedOpeCFInvCF" />    <link:definitionArc xlink:type="arc" xlink:arcrole="http://xbrl.org/int/dim/arcrole/domain-member" xlink:from="NetCashProvidedByUsedInOperatingActivitiesAbstract" xlink:to="InterestAndDividendsIncomeReceivedOpeCFInvCF" order="20.0" />    <link:loc xlink:type="locator" xlink:href="http://disclosure.edinet-fsa.go.jp/taxonomy/jppfs/2021-11-01/jppfs_cor_2021-11-01.xsd#jppfs_cor_IncomeTaxesPaidOpeCF" xlink:label="IncomeTaxesPaidOpeCF" />    <link:definitionArc xlink:type="arc" xlink:arcrole="http://xbrl.org/int/dim/arcrole/domain-member" xlink:from="NetCashProvidedByUsedInOperatingActivitiesAbstract" xlink:to="IncomeTaxesPaidOpeCF" order="21.0" />    <link:loc xlink:type="locator" xlink:href="http://disclosure.edinet-fsa.go.jp/taxonomy/jppfs/2021-11-01/jppfs_cor_2021-11-01.xsd#jppfs_cor_NetCashProvidedByUsedInOperatingActivities" xlink:label="NetCashProvidedByUsedInOperatingActivities" />    <link:definitionArc xlink:type="arc" xlink:arcrole="http://xbrl.org/int/dim/arcrole/domain-member" xlink:from="NetCashProvidedByUsedInOperatingActivitiesAbstract" xlink:to="NetCashProvidedByUsedInOperatingActivities" order="22.0" />    <link:loc xlink:type="locator" xlink:href="http://disclosure.edinet-fsa.go.jp/taxonomy/jppfs/2021-11-01/jppfs_cor_2021-11-01.xsd#jppfs_cor_NetCashProvidedByUsedInInvestmentActivitiesAbstract" xlink:label="NetCashProvidedByUsedInInvestmentActivitiesAbstract_2" />    <link:definitionArc xlink:type="arc" xlink:arcrole="http://xbrl.org/int/dim/arcrole/domain-member" xlink:from="StatementOfCashFlowsLineItems" xlink:to="NetCashProvidedByUsedInInvestmentActivitiesAbstract_2" order="2.0" />    <link:loc xlink:type="locator" xlink:href="http://disclosure.edinet-fsa.go.jp/taxonomy/jppfs/2021-11-01/jppfs_cor_2021-11-01.xsd#jppfs_cor_NetCashProvidedByUsedInInvestmentActivitiesAbstract" xlink:label="NetCashProvidedByUsedInInvestmentActivitiesAbstract" />    <link:loc xlink:type="locator" xlink:href="http://disclosure.edinet-fsa.go.jp/taxonomy/jppfs/2021-11-01/jppfs_cor_2021-11-01.xsd#jppfs_cor_PaymentsIntoTimeDepositsInvCF" xlink:label="PaymentsIntoTimeDepositsInvCF" />    <link:definitionArc xlink:type="arc" xlink:arcrole="http://xbrl.org/int/dim/arcrole/domain-member" xlink:from="NetCashProvidedByUsedInInvestmentActivitiesAbstract" xlink:to="PaymentsIntoTimeDepositsInvCF" order="1.0" />    <link:loc xlink:type="locator" xlink:href="http://disclosure.edinet-fsa.go.jp/taxonomy/jppfs/2021-11-01/jppfs_cor_2021-11-01.xsd#jppfs_cor_ProceedsFromWithdrawalOfTimeDepositsInvCF" xlink:label="ProceedsFromWithdrawalOfTimeDepositsInvCF" />    <link:definitionArc xlink:type="arc" xlink:arcrole="http://xbrl.org/int/dim/arcrole/domain-member" xlink:from="NetCashProvidedByUsedInInvestmentActivitiesAbstract" xlink:to="ProceedsFromWithdrawalOfTimeDepositsInvCF" order="2.0" />    <link:loc xlink:type="locator" xlink:href="http://disclosure.edinet-fsa.go.jp/taxonomy/jppfs/2021-11-01/jppfs_cor_2021-11-01.xsd#jppfs_cor_PurchaseOfPropertyPlantAndEquipmentInvCF" xlink:label="PurchaseOfPropertyPlantAndEquipmentInvCF" />    <link:definitionArc xlink:type="arc" xlink:arcrole="http://xbrl.org/int/dim/arcrole/domain-member" xlink:from="NetCashProvidedByUsedInInvestmentActivitiesAbstract" xlink:to="PurchaseOfPropertyPlantAndEquipmentInvCF" order="3.0" />    <link:loc xlink:type="locator" xlink:href="http://disclosure.edinet-fsa.go.jp/taxonomy/jppfs/2021-11-01/jppfs_cor_2021-11-01.xsd#jppfs_cor_ProceedsFromSalesOfPropertyPlantAndEquipmentInvCF" xlink:label="ProceedsFromSalesOfPropertyPlantAndEquipmentInvCF" />    <link:definitionArc xlink:type="arc" xlink:arcrole="http://xbrl.org/int/dim/arcrole/domain-member" xlink:from="NetCashProvidedByUsedInInvestmentActivitiesAbstract" xlink:to="ProceedsFromSalesOfPropertyPlantAndEquipmentInvCF" order="4.0" />    <link:loc xlink:type="locator" xlink:href="http://disclosure.edinet-fsa.go.jp/taxonomy/jppfs/2021-11-01/jppfs_cor_2021-11-01.xsd#jppfs_cor_PurchaseOfIntangibleAssetsInvCF" xlink:label="PurchaseOfIntangibleAssetsInvCF" />    <link:definitionArc xlink:type="arc" xlink:arcrole="http://xbrl.org/int/dim/arcrole/domain-member" xlink:from="NetCashProvidedByUsedInInvestmentActivitiesAbstract" xlink:to="PurchaseOfIntangibleAssetsInvCF" order="5.0" />    <link:loc xlink:type="locator" xlink:href="http://disclosure.edinet-fsa.go.jp/taxonomy/jppfs/2021-11-01/jppfs_cor_2021-11-01.xsd#jppfs_cor_PurchaseOfStocksOfSubsidiariesAndAffiliatesInvCF" xlink:label="PurchaseOfStocksOfSubsidiariesAndAffiliatesInvCF" />    <link:definitionArc xlink:type="arc" xlink:arcrole="http://xbrl.org/int/dim/arcrole/domain-member" xlink:from="NetCashProvidedByUsedInInvestmentActivitiesAbstract" xlink:to="PurchaseOfStocksOfSubsidiariesAndAffiliatesInvCF" order="6.0" />    <link:loc xlink:type="locator" xlink:href="http://disclosure.edinet-fsa.go.jp/taxonomy/jppfs/2021-11-01/jppfs_cor_2021-11-01.xsd#jppfs_cor_PaymentsOfLoansReceivableInvCF" xlink:label="PaymentsOfLoansReceivableInvCF" />    <link:definitionArc xlink:type="arc" xlink:arcrole="http://xbrl.org/int/dim/arcrole/domain-member" xlink:from="NetCashProvidedByUsedInInvestmentActivitiesAbstract" xlink:to="PaymentsOfLoansReceivableInvCF" order="7.0" />    <link:loc xlink:type="locator" xlink:href="http://disclosure.edinet-fsa.go.jp/taxonomy/jppfs/2021-11-01/jppfs_cor_2021-11-01.xsd#jppfs_cor_CollectionOfLoansReceivableInvCF" xlink:label="CollectionOfLoansReceivableInvCF" />    <link:definitionArc xlink:type="arc" xlink:arcrole="http://xbrl.org/int/dim/arcrole/domain-member" xlink:from="NetCashProvidedByUsedInInvestmentActivitiesAbstract" xlink:to="CollectionOfLoansReceivableInvCF" order="8.0" />    <link:loc xlink:type="locator" xlink:href="http://disclosure.edinet-fsa.go.jp/taxonomy/jppfs/2021-11-01/jppfs_cor_2021-11-01.xsd#jppfs_cor_PaymentsForLeaseAndGuaranteeDepositsInvCF" xlink:label="PaymentsForLeaseAndGuaranteeDepositsInvCF" />    <link:definitionArc xlink:type="arc" xlink:arcrole="http://xbrl.org/int/dim/arcrole/domain-member" xlink:from="NetCashProvidedByUsedInInvestmentActivitiesAbstract" xlink:to="PaymentsForLeaseAndGuaranteeDepositsInvCF" order="9.0" />    <link:loc xlink:type="locator" xlink:href="http://disclosure.edinet-fsa.go.jp/taxonomy/jppfs/2021-11-01/jppfs_cor_2021-11-01.xsd#jppfs_cor_ProceedsFromCollectionOfLeaseAndGuaranteeDepositsInvCF" xlink:label="ProceedsFromCollectionOfLeaseAndGuaranteeDepositsInvCF" />    <link:definitionArc xlink:type="arc" xlink:arcrole="http://xbrl.org/int/dim/arcrole/domain-member" xlink:from="NetCashProvidedByUsedInInvestmentActivitiesAbstract" xlink:to="ProceedsFromCollectionOfLeaseAndGuaranteeDepositsInvCF" order="10.0" />    <link:loc xlink:type="locator" xlink:href="http://disclosure.edinet-fsa.go.jp/taxonomy/jppfs/2021-11-01/jppfs_cor_2021-11-01.xsd#jppfs_cor_NetCashProvidedByUsedInInvestmentActivities" xlink:label="NetCashProvidedByUsedInInvestmentActivities" />    <link:definitionArc xlink:type="arc" xlink:arcrole="http://xbrl.org/int/dim/arcrole/domain-member" xlink:from="NetCashProvidedByUsedInInvestmentActivitiesAbstract" xlink:to="NetCashProvidedByUsedInInvestmentActivities" order="11.0" />    <link:loc xlink:type="locator" xlink:href="http://disclosure.edinet-fsa.go.jp/taxonomy/jppfs/2021-11-01/jppfs_cor_2021-11-01.xsd#jppfs_cor_NetCashProvidedByUsedInFinancingActivitiesAbstract" xlink:label="NetCashProvidedByUsedInFinancingActivitiesAbstract_2" />    <link:definitionArc xlink:type="arc" xlink:arcrole="http://xbrl.org/int/dim/arcrole/domain-member" xlink:from="StatementOfCashFlowsLineItems" xlink:to="NetCashProvidedByUsedInFinancingActivitiesAbstract_2" order="3.0" />    <link:loc xlink:type="locator" xlink:href="http://disclosure.edinet-fsa.go.jp/taxonomy/jppfs/2021-11-01/jppfs_cor_2021-11-01.xsd#jppfs_cor_NetCashProvidedByUsedInFinancingActivitiesAbstract" xlink:label="NetCashProvidedByUsedInFinancingActivitiesAbstract" />    <link:loc xlink:type="locator" xlink:href="http://disclosure.edinet-fsa.go.jp/taxonomy/jppfs/2021-11-01/jppfs_cor_2021-11-01.xsd#jppfs_cor_RepaymentsOfFinanceLeaseObligationsFinCF" xlink:label="RepaymentsOfFinanceLeaseObligationsFinCF" />    <link:definitionArc xlink:type="arc" xlink:arcrole="http://xbrl.org/int/dim/arcrole/domain-member" xlink:from="NetCashProvidedByUsedInFinancingActivitiesAbstract" xlink:to="RepaymentsOfFinanceLeaseObligationsFinCF" order="1.0" />    <link:loc xlink:type="locator" xlink:href="http://disclosure.edinet-fsa.go.jp/taxonomy/jppfs/2021-11-01/jppfs_cor_2021-11-01.xsd#jppfs_cor_CashDividendsPaidFinCF" xlink:label="CashDividendsPaidFinCF" />    <link:definitionArc xlink:type="arc" xlink:arcrole="http://xbrl.org/int/dim/arcrole/domain-member" xlink:from="NetCashProvidedByUsedInFinancingActivitiesAbstract" xlink:to="CashDividendsPaidFinCF" order="2.0" />    <link:loc xlink:type="locator" xlink:href="http://disclosure.edinet-fsa.go.jp/taxonomy/jppfs/2021-11-01/jppfs_cor_2021-11-01.xsd#jppfs_cor_NetCashProvidedByUsedInFinancingActivities" xlink:label="NetCashProvidedByUsedInFinancingActivities" />    <link:definitionArc xlink:type="arc" xlink:arcrole="http://xbrl.org/int/dim/arcrole/domain-member" xlink:from="NetCashProvidedByUsedInFinancingActivitiesAbstract" xlink:to="NetCashProvidedByUsedInFinancingActivities" order="3.0" />    <link:loc xlink:type="locator" xlink:href="http://disclosure.edinet-fsa.go.jp/taxonomy/jppfs/2021-11-01/jppfs_cor_2021-11-01.xsd#jppfs_cor_EffectOfExchangeRateChangeOnCashAndCashEquivalents" xlink:label="EffectOfExchangeRateChangeOnCashAndCashEquivalents" />    <link:definitionArc xlink:type="arc" xlink:arcrole="http://xbrl.org/int/dim/arcrole/domain-member" xlink:from="StatementOfCashFlowsLineItems" xlink:to="EffectOfExchangeRateChangeOnCashAndCashEquivalents" order="4.0" />    <link:loc xlink:type="locator" xlink:href="http://disclosure.edinet-fsa.go.jp/taxonomy/jppfs/2021-11-01/jppfs_cor_2021-11-01.xsd#jppfs_cor_NetIncreaseDecreaseInCashAndCashEquivalents" xlink:label="NetIncreaseDecreaseInCashAndCashEquivalents" />    <link:definitionArc xlink:type="arc" xlink:arcrole="http://xbrl.org/int/dim/arcrole/domain-member" xlink:from="StatementOfCashFlowsLineItems" xlink:to="NetIncreaseDecreaseInCashAndCashEquivalents" order="5.0" />    <link:loc xlink:type="locator" xlink:href="http://disclosure.edinet-fsa.go.jp/taxonomy/jppfs/2021-11-01/jppfs_cor_2021-11-01.xsd#jppfs_cor_CashAndCashEquivalents" xlink:label="CashAndCashEquivalents" />    <link:definitionArc xlink:type="arc" xlink:arcrole="http://xbrl.org/int/dim/arcrole/domain-member" xlink:from="StatementOfCashFlowsLineItems" xlink:to="CashAndCashEquivalents" order="6.0" />  </link:definitionLink>  <link:definitionLink xlink:type="extended" xlink:role="http://disclosure.edinet-fsa.go.jp/role/jppfs/rol_cai_BalanceSheet-ListOfAccounts">    <link:loc xlink:type="locator" xlink:href="http://disclosure.edinet-fsa.go.jp/taxonomy/jppfs/2021-11-01/jppfs_cor_2021-11-01.xsd#jppfs_cor_CurrentAssetsAbstract" xlink:label="CurrentAssetsAbstract" />    <link:loc xlink:type="locator" xlink:href="tse-qcedjpfr-48390-2022-09-30-01-2022-10-31.xsd#tse-qcedjpfr-48390_BroadcastingLicensesCA" xlink:label="BroadcastingLicensesCA" />    <link:definitionArc xlink:type="arc" xlink:arcrole="http://www.xbrl.org/2003/arcrole/general-special" xlink:from="CurrentAssetsAbstract" xlink:to="BroadcastingLicensesCA" order="5.5" />  </link:definitionLink></link:linkbase>