﻿<?xml version="1.0" encoding="utf-8"?>
<!-- Edited with FutureStage XBRL Solution Library .NET 01-11 -->
<link:linkbase xmlns:xlink="http://www.w3.org/1999/xlink" xmlns:xsi="http://www.w3.org/2001/XMLSchema-instance" xmlns:link="http://www.xbrl.org/2003/linkbase">
  <link:labelLink xlink:type="extended" xlink:role="http://www.xbrl.org/2003/role/link">
    <link:label xml:lang="en" xlink:type="resource" xlink:label="tse-scedjpfr-87500_OtherLiabilitiesLiabilities_label" xlink:role="http://www.xbrl.org/2003/role/label">Other liabilities</link:label>
    <link:label xml:lang="en" xlink:type="resource" xlink:label="tse-scedjpfr-87500_OtherLiabilitiesLiabilities_label_1" xlink:role="http://www.xbrl.org/2003/role/verboseLabel">Other liabilities, Liabilities</link:label>
    <link:label xml:lang="en" xlink:type="resource" xlink:label="tse-scedjpfr-87500_OtherRefundsEtcOEINS_label_1" xlink:role="http://www.xbrl.org/2003/role/label">Other refunds, etc.</link:label>
    <link:label xml:lang="en" xlink:type="resource" xlink:label="tse-scedjpfr-87500_OtherRefundsEtcOEINS_label_2" xlink:role="http://www.xbrl.org/2003/role/verboseLabel">Other refunds, etc.-OE-INS</link:label>
    <link:label xml:lang="en" xlink:type="resource" xlink:label="tse-scedjpfr-87500_OtherRefundsEtcOEINS_label" xlink:role="http://www.xbrl.org/2003/role/documentation">Other refunds, etc.-OE-INS</link:label>
    <link:label xml:lang="en" xlink:type="resource" xlink:label="tse-scedjpfr-87500_ReserveForPossibleReimbursementOfPrescribedClaims_label_1" xlink:role="http://www.xbrl.org/2003/role/label">Reserve for possible reimbursement of prescribed claims</link:label>
    <link:label xml:lang="en" xlink:type="resource" xlink:label="tse-scedjpfr-87500_ReserveForPossibleReimbursementOfPrescribedClaims_label_2" xlink:role="http://www.xbrl.org/2003/role/verboseLabel">Reserve for possible reimbursement of prescribed claims</link:label>
    <link:label xml:lang="en" xlink:type="resource" xlink:label="tse-scedjpfr-87500_ReserveForPossibleReimbursementOfPrescribedClaims_label" xlink:role="http://www.xbrl.org/2003/role/documentation">Reserve for possible reimbursement of prescribed claims</link:label>
    <link:label xml:lang="en" xlink:type="resource" xlink:label="tse-scedjpfr-87500_ReversalOfAllowanceForInvestmentLossOIINS_label" xlink:role="http://www.xbrl.org/2003/role/label">Reversal of allowance for investment loss</link:label>
    <link:label xml:lang="en" xlink:type="resource" xlink:label="tse-scedjpfr-87500_ReversalOfAllowanceForInvestmentLossOIINS_label_1" xlink:role="http://www.xbrl.org/2003/role/verboseLabel">Reversal of allowance for investment loss-OI-INS</link:label>
    <link:loc xlink:type="locator" xlink:href="tse-scedjpfr-87500-2022-09-30-01-2022-11-14.xsd#tse-scedjpfr-87500_OtherLiabilitiesLiabilities" xlink:label="tse-scedjpfr-87500_OtherLiabilitiesLiabilities" />
    <link:loc xlink:type="locator" xlink:href="tse-scedjpfr-87500-2022-09-30-01-2022-11-14.xsd#tse-scedjpfr-87500_OtherRefundsEtcOEINS" xlink:label="tse-scedjpfr-87500_OtherRefundsEtcOEINS" />
    <link:loc xlink:type="locator" xlink:href="tse-scedjpfr-87500-2022-09-30-01-2022-11-14.xsd#tse-scedjpfr-87500_ReserveForPossibleReimbursementOfPrescribedClaims" xlink:label="tse-scedjpfr-87500_ReserveForPossibleReimbursementOfPrescribedClaims" />
    <link:loc xlink:type="locator" xlink:href="tse-scedjpfr-87500-2022-09-30-01-2022-11-14.xsd#tse-scedjpfr-87500_ReversalOfAllowanceForInvestmentLossOIINS" xlink:label="tse-scedjpfr-87500_ReversalOfAllowanceForInvestmentLossOIINS" />
    <link:labelArc xlink:type="arc" xlink:from="tse-scedjpfr-87500_OtherLiabilitiesLiabilities" xlink:to="tse-scedjpfr-87500_OtherLiabilitiesLiabilities_label_1" xlink:arcrole="http://www.xbrl.org/2003/arcrole/concept-label" order="1" />
    <link:labelArc xlink:type="arc" xlink:from="tse-scedjpfr-87500_OtherLiabilitiesLiabilities" xlink:to="tse-scedjpfr-87500_OtherLiabilitiesLiabilities_label" xlink:arcrole="http://www.xbrl.org/2003/arcrole/concept-label" order="1" />
    <link:labelArc xlink:type="arc" xlink:from="tse-scedjpfr-87500_OtherRefundsEtcOEINS" xlink:to="tse-scedjpfr-87500_OtherRefundsEtcOEINS_label_2" xlink:arcrole="http://www.xbrl.org/2003/arcrole/concept-label" order="1" />
    <link:labelArc xlink:type="arc" xlink:from="tse-scedjpfr-87500_OtherRefundsEtcOEINS" xlink:to="tse-scedjpfr-87500_OtherRefundsEtcOEINS_label_1" xlink:arcrole="http://www.xbrl.org/2003/arcrole/concept-label" order="1" />
    <link:labelArc xlink:type="arc" xlink:from="tse-scedjpfr-87500_OtherRefundsEtcOEINS" xlink:to="tse-scedjpfr-87500_OtherRefundsEtcOEINS_label" xlink:arcrole="http://www.xbrl.org/2003/arcrole/concept-label" order="1" />
    <link:labelArc xlink:type="arc" xlink:from="tse-scedjpfr-87500_ReserveForPossibleReimbursementOfPrescribedClaims" xlink:to="tse-scedjpfr-87500_ReserveForPossibleReimbursementOfPrescribedClaims_label_2" xlink:arcrole="http://www.xbrl.org/2003/arcrole/concept-label" order="1" />
    <link:labelArc xlink:type="arc" xlink:from="tse-scedjpfr-87500_ReserveForPossibleReimbursementOfPrescribedClaims" xlink:to="tse-scedjpfr-87500_ReserveForPossibleReimbursementOfPrescribedClaims_label_1" xlink:arcrole="http://www.xbrl.org/2003/arcrole/concept-label" order="1" />
    <link:labelArc xlink:type="arc" xlink:from="tse-scedjpfr-87500_ReserveForPossibleReimbursementOfPrescribedClaims" xlink:to="tse-scedjpfr-87500_ReserveForPossibleReimbursementOfPrescribedClaims_label" xlink:arcrole="http://www.xbrl.org/2003/arcrole/concept-label" order="1" />
    <link:labelArc xlink:type="arc" xlink:from="tse-scedjpfr-87500_ReversalOfAllowanceForInvestmentLossOIINS" xlink:to="tse-scedjpfr-87500_ReversalOfAllowanceForInvestmentLossOIINS_label_1" xlink:arcrole="http://www.xbrl.org/2003/arcrole/concept-label" order="1" />
    <link:labelArc xlink:type="arc" xlink:from="tse-scedjpfr-87500_ReversalOfAllowanceForInvestmentLossOIINS" xlink:to="tse-scedjpfr-87500_ReversalOfAllowanceForInvestmentLossOIINS_label" xlink:arcrole="http://www.xbrl.org/2003/arcrole/concept-label" order="1" />
  </link:labelLink>
</link:linkbase>