﻿<?xml version="1.0" encoding="utf-8"?>
<!-- Edited with FutureStage XBRL Solution Library .NET 01-11 -->
<link:linkbase xmlns:xlink="http://www.w3.org/1999/xlink" xmlns:xsi="http://www.w3.org/2001/XMLSchema-instance" xmlns:link="http://www.xbrl.org/2003/linkbase">
  <link:labelLink xlink:type="extended" xlink:role="http://www.xbrl.org/2003/role/link">
    <link:label xml:lang="en" xlink:type="resource" xlink:label="tse-qcedjpfr-63350_AdvisoryFeeEL_label" xlink:role="http://www.xbrl.org/2003/role/label">Advisory fee</link:label>
    <link:label xml:lang="en" xlink:type="resource" xlink:label="tse-qcedjpfr-63350_AdvisoryFeeEL_label_1" xlink:role="http://www.xbrl.org/2003/role/verboseLabel">Advisory fee-EL</link:label>
    <link:label xml:lang="en" xlink:type="resource" xlink:label="tse-qcedjpfr-63350_AdvisoryFeeOpeCF_label" xlink:role="http://www.xbrl.org/2003/role/label">Advisory fee</link:label>
    <link:label xml:lang="en" xlink:type="resource" xlink:label="tse-qcedjpfr-63350_AdvisoryFeeOpeCF_label_1" xlink:role="http://www.xbrl.org/2003/role/verboseLabel">Advisory fee-OpeCF</link:label>
    <link:label xml:lang="en" xlink:type="resource" xlink:label="tse-qcedjpfr-63350_BusinessStrucrureRformExpensesEL_label_1" xlink:role="http://www.xbrl.org/2003/role/label">Business strucrure rform expenses</link:label>
    <link:label xml:lang="en" xlink:type="resource" xlink:label="tse-qcedjpfr-63350_BusinessStrucrureRformExpensesEL_label_2" xlink:role="http://www.xbrl.org/2003/role/verboseLabel">Business strucrure rform expenses-EL</link:label>
    <link:label xml:lang="en" xlink:type="resource" xlink:label="tse-qcedjpfr-63350_BusinessStrucrureRformExpensesEL_label" xlink:role="http://www.xbrl.org/2003/role/documentation">Business strucrure rform expenses-EL</link:label>
    <link:label xml:lang="en" xlink:type="resource" xlink:label="tse-qcedjpfr-63350_BusinessStrucrureRformExpensesOpeCF_label_1" xlink:role="http://www.xbrl.org/2003/role/label">Business strucrure rform expenses</link:label>
    <link:label xml:lang="en" xlink:type="resource" xlink:label="tse-qcedjpfr-63350_BusinessStrucrureRformExpensesOpeCF_label_2" xlink:role="http://www.xbrl.org/2003/role/verboseLabel">Business strucrure rform expenses-OpeCF</link:label>
    <link:label xml:lang="en" xlink:type="resource" xlink:label="tse-qcedjpfr-63350_BusinessStrucrureRformExpensesOpeCF_label" xlink:role="http://www.xbrl.org/2003/role/documentation">Business strucrure rform expenses-OpeCF</link:label>
    <link:label xml:lang="en" xlink:type="resource" xlink:label="tse-qcedjpfr-63350_DecreaseIncreaseInTradeReceivablesAndContractAssetsOpeCF_label" xlink:role="http://www.xbrl.org/2003/role/label">Decrease increase in trade receivables and contract assets</link:label>
    <link:label xml:lang="en" xlink:type="resource" xlink:label="tse-qcedjpfr-63350_DecreaseIncreaseInTradeReceivablesAndContractAssetsOpeCF_label_1" xlink:role="http://www.xbrl.org/2003/role/verboseLabel">Decrease increase in trade receivables and contract assets-OpeCF</link:label>
    <link:label xml:lang="en" xlink:type="resource" xlink:label="tse-qcedjpfr-63350_IncreaseDecreaseInAdvancesReceivedAndContractLiabilitiesOpeCF_label" xlink:role="http://www.xbrl.org/2003/role/label">Increase decrease in advances received and contract liabilities</link:label>
    <link:label xml:lang="en" xlink:type="resource" xlink:label="tse-qcedjpfr-63350_IncreaseDecreaseInAdvancesReceivedAndContractLiabilitiesOpeCF_label_1" xlink:role="http://www.xbrl.org/2003/role/verboseLabel">Increase decrease in advances received and contract liabilities-OpeCF</link:label>
    <link:label xml:lang="en" xlink:type="resource" xlink:label="tse-qcedjpfr-63350_LitigationExpensesEL_label" xlink:role="http://www.xbrl.org/2003/role/label">Litigation expenses</link:label>
    <link:label xml:lang="en" xlink:type="resource" xlink:label="tse-qcedjpfr-63350_LitigationExpensesEL_label_1" xlink:role="http://www.xbrl.org/2003/role/verboseLabel">Litigation expenses-EL</link:label>
    <link:label xml:lang="en" xlink:type="resource" xlink:label="tse-qcedjpfr-63350_LitigationExpensesOpeCF_label" xlink:role="http://www.xbrl.org/2003/role/label">Litigation expenses</link:label>
    <link:label xml:lang="en" xlink:type="resource" xlink:label="tse-qcedjpfr-63350_LitigationExpensesOpeCF_label_1" xlink:role="http://www.xbrl.org/2003/role/verboseLabel">Litigation expenses-OpeCF</link:label>
    <link:label xml:lang="en" xlink:type="resource" xlink:label="tse-qcedjpfr-63350_PaymentsForAdvisoryFeeOpeCF_label" xlink:role="http://www.xbrl.org/2003/role/label">Payments for advisory fee</link:label>
    <link:label xml:lang="en" xlink:type="resource" xlink:label="tse-qcedjpfr-63350_PaymentsForAdvisoryFeeOpeCF_label_1" xlink:role="http://www.xbrl.org/2003/role/verboseLabel">Payments for advisory fee-OpeCF</link:label>
    <link:label xml:lang="en" xlink:type="resource" xlink:label="tse-qcedjpfr-63350_PaymentsForLitigationExpensesOpeCF_label" xlink:role="http://www.xbrl.org/2003/role/label">Payments for litigation expenses</link:label>
    <link:label xml:lang="en" xlink:type="resource" xlink:label="tse-qcedjpfr-63350_PaymentsForLitigationExpensesOpeCF_label_1" xlink:role="http://www.xbrl.org/2003/role/verboseLabel">Payments for litigation expenses-OpeCF</link:label>
    <link:label xml:lang="en" xlink:type="resource" xlink:label="tse-qcedjpfr-63350_ReversalOfProvisionForEnvironmentalMeasuresEI_label" xlink:role="http://www.xbrl.org/2003/role/label">Reversal of provision for environmental measures</link:label>
    <link:label xml:lang="en" xlink:type="resource" xlink:label="tse-qcedjpfr-63350_ReversalOfProvisionForEnvironmentalMeasuresEI_label_1" xlink:role="http://www.xbrl.org/2003/role/verboseLabel">Reversal of provision for environmental measures-EI</link:label>
    <link:label xml:lang="en" xlink:type="resource" xlink:label="tse-qcedjpfr-63350_ReversalOfProvisionForEnvironmentalMeasuresOpeCF_label" xlink:role="http://www.xbrl.org/2003/role/label">Reversal of provision for environmental measures</link:label>
    <link:label xml:lang="en" xlink:type="resource" xlink:label="tse-qcedjpfr-63350_ReversalOfProvisionForEnvironmentalMeasuresOpeCF_label_1" xlink:role="http://www.xbrl.org/2003/role/verboseLabel">Reversal of provision for environmental measures-OpeCF</link:label>
    <link:loc xlink:type="locator" xlink:href="tse-qcedjpfr-63350-2022-09-30-01-2022-11-11.xsd#tse-qcedjpfr-63350_AdvisoryFeeEL" xlink:label="tse-qcedjpfr-63350_AdvisoryFeeEL" />
    <link:loc xlink:type="locator" xlink:href="tse-qcedjpfr-63350-2022-09-30-01-2022-11-11.xsd#tse-qcedjpfr-63350_AdvisoryFeeOpeCF" xlink:label="tse-qcedjpfr-63350_AdvisoryFeeOpeCF" />
    <link:loc xlink:type="locator" xlink:href="tse-qcedjpfr-63350-2022-09-30-01-2022-11-11.xsd#tse-qcedjpfr-63350_BusinessStrucrureRformExpensesEL" xlink:label="tse-qcedjpfr-63350_BusinessStrucrureRformExpensesEL" />
    <link:loc xlink:type="locator" xlink:href="tse-qcedjpfr-63350-2022-09-30-01-2022-11-11.xsd#tse-qcedjpfr-63350_BusinessStrucrureRformExpensesOpeCF" xlink:label="tse-qcedjpfr-63350_BusinessStrucrureRformExpensesOpeCF" />
    <link:loc xlink:type="locator" xlink:href="tse-qcedjpfr-63350-2022-09-30-01-2022-11-11.xsd#tse-qcedjpfr-63350_DecreaseIncreaseInTradeReceivablesAndContractAssetsOpeCF" xlink:label="tse-qcedjpfr-63350_DecreaseIncreaseInTradeReceivablesAndContractAssetsOpeCF" />
    <link:loc xlink:type="locator" xlink:href="tse-qcedjpfr-63350-2022-09-30-01-2022-11-11.xsd#tse-qcedjpfr-63350_IncreaseDecreaseInAdvancesReceivedAndContractLiabilitiesOpeCF" xlink:label="tse-qcedjpfr-63350_IncreaseDecreaseInAdvancesReceivedAndContractLiabilitiesOpeCF" />
    <link:loc xlink:type="locator" xlink:href="tse-qcedjpfr-63350-2022-09-30-01-2022-11-11.xsd#tse-qcedjpfr-63350_LitigationExpensesEL" xlink:label="tse-qcedjpfr-63350_LitigationExpensesEL" />
    <link:loc xlink:type="locator" xlink:href="tse-qcedjpfr-63350-2022-09-30-01-2022-11-11.xsd#tse-qcedjpfr-63350_LitigationExpensesOpeCF" xlink:label="tse-qcedjpfr-63350_LitigationExpensesOpeCF" />
    <link:loc xlink:type="locator" xlink:href="tse-qcedjpfr-63350-2022-09-30-01-2022-11-11.xsd#tse-qcedjpfr-63350_PaymentsForAdvisoryFeeOpeCF" xlink:label="tse-qcedjpfr-63350_PaymentsForAdvisoryFeeOpeCF" />
    <link:loc xlink:type="locator" xlink:href="tse-qcedjpfr-63350-2022-09-30-01-2022-11-11.xsd#tse-qcedjpfr-63350_PaymentsForLitigationExpensesOpeCF" xlink:label="tse-qcedjpfr-63350_PaymentsForLitigationExpensesOpeCF" />
    <link:loc xlink:type="locator" xlink:href="tse-qcedjpfr-63350-2022-09-30-01-2022-11-11.xsd#tse-qcedjpfr-63350_ReversalOfProvisionForEnvironmentalMeasuresEI" xlink:label="tse-qcedjpfr-63350_ReversalOfProvisionForEnvironmentalMeasuresEI" />
    <link:loc xlink:type="locator" xlink:href="tse-qcedjpfr-63350-2022-09-30-01-2022-11-11.xsd#tse-qcedjpfr-63350_ReversalOfProvisionForEnvironmentalMeasuresOpeCF" xlink:label="tse-qcedjpfr-63350_ReversalOfProvisionForEnvironmentalMeasuresOpeCF" />
    <link:labelArc xlink:type="arc" xlink:from="tse-qcedjpfr-63350_AdvisoryFeeEL" xlink:to="tse-qcedjpfr-63350_AdvisoryFeeEL_label_1" xlink:arcrole="http://www.xbrl.org/2003/arcrole/concept-label" order="1" />
    <link:labelArc xlink:type="arc" xlink:from="tse-qcedjpfr-63350_AdvisoryFeeEL" xlink:to="tse-qcedjpfr-63350_AdvisoryFeeEL_label" xlink:arcrole="http://www.xbrl.org/2003/arcrole/concept-label" order="1" />
    <link:labelArc xlink:type="arc" xlink:from="tse-qcedjpfr-63350_AdvisoryFeeOpeCF" xlink:to="tse-qcedjpfr-63350_AdvisoryFeeOpeCF_label_1" xlink:arcrole="http://www.xbrl.org/2003/arcrole/concept-label" order="1" />
    <link:labelArc xlink:type="arc" xlink:from="tse-qcedjpfr-63350_AdvisoryFeeOpeCF" xlink:to="tse-qcedjpfr-63350_AdvisoryFeeOpeCF_label" xlink:arcrole="http://www.xbrl.org/2003/arcrole/concept-label" order="1" />
    <link:labelArc xlink:type="arc" xlink:from="tse-qcedjpfr-63350_BusinessStrucrureRformExpensesEL" xlink:to="tse-qcedjpfr-63350_BusinessStrucrureRformExpensesEL_label_2" xlink:arcrole="http://www.xbrl.org/2003/arcrole/concept-label" order="1" />
    <link:labelArc xlink:type="arc" xlink:from="tse-qcedjpfr-63350_BusinessStrucrureRformExpensesEL" xlink:to="tse-qcedjpfr-63350_BusinessStrucrureRformExpensesEL_label_1" xlink:arcrole="http://www.xbrl.org/2003/arcrole/concept-label" order="1" />
    <link:labelArc xlink:type="arc" xlink:from="tse-qcedjpfr-63350_BusinessStrucrureRformExpensesEL" xlink:to="tse-qcedjpfr-63350_BusinessStrucrureRformExpensesEL_label" xlink:arcrole="http://www.xbrl.org/2003/arcrole/concept-label" order="1" />
    <link:labelArc xlink:type="arc" xlink:from="tse-qcedjpfr-63350_BusinessStrucrureRformExpensesOpeCF" xlink:to="tse-qcedjpfr-63350_BusinessStrucrureRformExpensesOpeCF_label_2" xlink:arcrole="http://www.xbrl.org/2003/arcrole/concept-label" order="1" />
    <link:labelArc xlink:type="arc" xlink:from="tse-qcedjpfr-63350_BusinessStrucrureRformExpensesOpeCF" xlink:to="tse-qcedjpfr-63350_BusinessStrucrureRformExpensesOpeCF_label_1" xlink:arcrole="http://www.xbrl.org/2003/arcrole/concept-label" order="1" />
    <link:labelArc xlink:type="arc" xlink:from="tse-qcedjpfr-63350_BusinessStrucrureRformExpensesOpeCF" xlink:to="tse-qcedjpfr-63350_BusinessStrucrureRformExpensesOpeCF_label" xlink:arcrole="http://www.xbrl.org/2003/arcrole/concept-label" order="1" />
    <link:labelArc xlink:type="arc" xlink:from="tse-qcedjpfr-63350_DecreaseIncreaseInTradeReceivablesAndContractAssetsOpeCF" xlink:to="tse-qcedjpfr-63350_DecreaseIncreaseInTradeReceivablesAndContractAssetsOpeCF_label_1" xlink:arcrole="http://www.xbrl.org/2003/arcrole/concept-label" order="1" />
    <link:labelArc xlink:type="arc" xlink:from="tse-qcedjpfr-63350_DecreaseIncreaseInTradeReceivablesAndContractAssetsOpeCF" xlink:to="tse-qcedjpfr-63350_DecreaseIncreaseInTradeReceivablesAndContractAssetsOpeCF_label" xlink:arcrole="http://www.xbrl.org/2003/arcrole/concept-label" order="1" />
    <link:labelArc xlink:type="arc" xlink:from="tse-qcedjpfr-63350_IncreaseDecreaseInAdvancesReceivedAndContractLiabilitiesOpeCF" xlink:to="tse-qcedjpfr-63350_IncreaseDecreaseInAdvancesReceivedAndContractLiabilitiesOpeCF_label_1" xlink:arcrole="http://www.xbrl.org/2003/arcrole/concept-label" order="1" />
    <link:labelArc xlink:type="arc" xlink:from="tse-qcedjpfr-63350_IncreaseDecreaseInAdvancesReceivedAndContractLiabilitiesOpeCF" xlink:to="tse-qcedjpfr-63350_IncreaseDecreaseInAdvancesReceivedAndContractLiabilitiesOpeCF_label" xlink:arcrole="http://www.xbrl.org/2003/arcrole/concept-label" order="1" />
    <link:labelArc xlink:type="arc" xlink:from="tse-qcedjpfr-63350_LitigationExpensesEL" xlink:to="tse-qcedjpfr-63350_LitigationExpensesEL_label_1" xlink:arcrole="http://www.xbrl.org/2003/arcrole/concept-label" order="1" />
    <link:labelArc xlink:type="arc" xlink:from="tse-qcedjpfr-63350_LitigationExpensesEL" xlink:to="tse-qcedjpfr-63350_LitigationExpensesEL_label" xlink:arcrole="http://www.xbrl.org/2003/arcrole/concept-label" order="1" />
    <link:labelArc xlink:type="arc" xlink:from="tse-qcedjpfr-63350_LitigationExpensesOpeCF" xlink:to="tse-qcedjpfr-63350_LitigationExpensesOpeCF_label_1" xlink:arcrole="http://www.xbrl.org/2003/arcrole/concept-label" order="1" />
    <link:labelArc xlink:type="arc" xlink:from="tse-qcedjpfr-63350_LitigationExpensesOpeCF" xlink:to="tse-qcedjpfr-63350_LitigationExpensesOpeCF_label" xlink:arcrole="http://www.xbrl.org/2003/arcrole/concept-label" order="1" />
    <link:labelArc xlink:type="arc" xlink:from="tse-qcedjpfr-63350_PaymentsForAdvisoryFeeOpeCF" xlink:to="tse-qcedjpfr-63350_PaymentsForAdvisoryFeeOpeCF_label_1" xlink:arcrole="http://www.xbrl.org/2003/arcrole/concept-label" order="1" />
    <link:labelArc xlink:type="arc" xlink:from="tse-qcedjpfr-63350_PaymentsForAdvisoryFeeOpeCF" xlink:to="tse-qcedjpfr-63350_PaymentsForAdvisoryFeeOpeCF_label" xlink:arcrole="http://www.xbrl.org/2003/arcrole/concept-label" order="1" />
    <link:labelArc xlink:type="arc" xlink:from="tse-qcedjpfr-63350_PaymentsForLitigationExpensesOpeCF" xlink:to="tse-qcedjpfr-63350_PaymentsForLitigationExpensesOpeCF_label_1" xlink:arcrole="http://www.xbrl.org/2003/arcrole/concept-label" order="1" />
    <link:labelArc xlink:type="arc" xlink:from="tse-qcedjpfr-63350_PaymentsForLitigationExpensesOpeCF" xlink:to="tse-qcedjpfr-63350_PaymentsForLitigationExpensesOpeCF_label" xlink:arcrole="http://www.xbrl.org/2003/arcrole/concept-label" order="1" />
    <link:labelArc xlink:type="arc" xlink:from="tse-qcedjpfr-63350_ReversalOfProvisionForEnvironmentalMeasuresEI" xlink:to="tse-qcedjpfr-63350_ReversalOfProvisionForEnvironmentalMeasuresEI_label_1" xlink:arcrole="http://www.xbrl.org/2003/arcrole/concept-label" order="1" />
    <link:labelArc xlink:type="arc" xlink:from="tse-qcedjpfr-63350_ReversalOfProvisionForEnvironmentalMeasuresEI" xlink:to="tse-qcedjpfr-63350_ReversalOfProvisionForEnvironmentalMeasuresEI_label" xlink:arcrole="http://www.xbrl.org/2003/arcrole/concept-label" order="1" />
    <link:labelArc xlink:type="arc" xlink:from="tse-qcedjpfr-63350_ReversalOfProvisionForEnvironmentalMeasuresOpeCF" xlink:to="tse-qcedjpfr-63350_ReversalOfProvisionForEnvironmentalMeasuresOpeCF_label_1" xlink:arcrole="http://www.xbrl.org/2003/arcrole/concept-label" order="1" />
    <link:labelArc xlink:type="arc" xlink:from="tse-qcedjpfr-63350_ReversalOfProvisionForEnvironmentalMeasuresOpeCF" xlink:to="tse-qcedjpfr-63350_ReversalOfProvisionForEnvironmentalMeasuresOpeCF_label" xlink:arcrole="http://www.xbrl.org/2003/arcrole/concept-label" order="1" />
  </link:labelLink>
</link:linkbase>