<?xml version="1.0" encoding="utf-8"?>
<!-- Generated by PRONEXUS WORKS --><link:linkbase xmlns:link="http://www.xbrl.org/2003/linkbase" xmlns:xsi="http://www.w3.org/2001/XMLSchema-instance" xmlns:xbrli="http://www.xbrl.org/2003/instance" xmlns:xlink="http://www.w3.org/1999/xlink">  <link:labelLink xlink:type="extended" xlink:role="http://www.xbrl.org/2003/role/link">    <link:loc xlink:type="locator" xlink:href="tse-qcedjpfr-88030-2022-09-30-01-2022-10-31.xsd#tse-qcedjpfr-88030_DecreaseIncreaseInOperatingInvestmentsInCapitalOpeCF" xlink:label="DecreaseIncreaseInOperatingInvestmentsInCapitalOpeCF" />    <link:loc xlink:type="locator" xlink:href="tse-qcedjpfr-88030-2022-09-30-01-2022-10-31.xsd#tse-qcedjpfr-88030_OperatingInvestmentsInCapitalCA" xlink:label="OperatingInvestmentsInCapitalCA" />    <link:loc xlink:type="locator" xlink:href="tse-qcedjpfr-88030-2022-09-30-01-2022-10-31.xsd#tse-qcedjpfr-88030_LossesRelatedToRebuildingEL" xlink:label="LossesRelatedToRebuildingEL" />    <link:label xlink:type="resource" xlink:label="label_OperatingInvestmentsInCapitalCA" xml:lang="ja" xlink:role="http://www.xbrl.org/2003/role/label" id="label_OperatingInvestmentsInCapitalCA">営業出資</link:label>    <link:labelArc xlink:type="arc" xlink:arcrole="http://www.xbrl.org/2003/arcrole/concept-label" xlink:from="OperatingInvestmentsInCapitalCA" xlink:to="label_OperatingInvestmentsInCapitalCA" />    <link:label xlink:type="resource" xlink:label="label_OperatingInvestmentsInCapitalCA_2" xml:lang="ja" xlink:role="http://www.xbrl.org/2003/role/verboseLabel" id="label_OperatingInvestmentsInCapitalCA_2">営業出資、流動資産、資産の部</link:label>    <link:labelArc xlink:type="arc" xlink:arcrole="http://www.xbrl.org/2003/arcrole/concept-label" xlink:from="OperatingInvestmentsInCapitalCA" xlink:to="label_OperatingInvestmentsInCapitalCA_2" />    <link:label xlink:type="resource" xlink:label="label_LossesRelatedToRebuildingEL" xml:lang="ja" xlink:role="http://www.xbrl.org/2003/role/label" id="label_LossesRelatedToRebuildingEL">建替関連損失</link:label>    <link:labelArc xlink:type="arc" xlink:arcrole="http://www.xbrl.org/2003/arcrole/concept-label" xlink:from="LossesRelatedToRebuildingEL" xlink:to="label_LossesRelatedToRebuildingEL" />    <link:label xlink:type="resource" xlink:label="label_LossesRelatedToRebuildingEL_2" xml:lang="ja" xlink:role="http://www.xbrl.org/2003/role/verboseLabel" id="label_LossesRelatedToRebuildingEL_2">建替関連損失、特別損失</link:label>    <link:labelArc xlink:type="arc" xlink:arcrole="http://www.xbrl.org/2003/arcrole/concept-label" xlink:from="LossesRelatedToRebuildingEL" xlink:to="label_LossesRelatedToRebuildingEL_2" />    <link:label xlink:type="resource" xlink:label="label_DecreaseIncreaseInOperatingInvestmentsInCapitalOpeCF" xml:lang="ja" xlink:role="http://www.xbrl.org/2003/role/label" id="label_DecreaseIncreaseInOperatingInvestmentsInCapitalOpeCF">営業出資の増減額（△は増加)</link:label>    <link:labelArc xlink:type="arc" xlink:arcrole="http://www.xbrl.org/2003/arcrole/concept-label" xlink:from="DecreaseIncreaseInOperatingInvestmentsInCapitalOpeCF" xlink:to="label_DecreaseIncreaseInOperatingInvestmentsInCapitalOpeCF" />    <link:label xlink:type="resource" xlink:label="label_DecreaseIncreaseInOperatingInvestmentsInCapitalOpeCF_2" xml:lang="ja" xlink:role="http://www.xbrl.org/2003/role/verboseLabel" id="label_DecreaseIncreaseInOperatingInvestmentsInCapitalOpeCF_2">営業出資の増減額（△は増加)、営業活動によるキャッシュ・フロー</link:label>    <link:labelArc xlink:type="arc" xlink:arcrole="http://www.xbrl.org/2003/arcrole/concept-label" xlink:from="DecreaseIncreaseInOperatingInvestmentsInCapitalOpeCF" xlink:to="label_DecreaseIncreaseInOperatingInvestmentsInCapitalOpeCF_2" />  </link:labelLink></link:linkbase>