<?xml version="1.0" encoding="utf-8"?>
<!-- Generated by PRONEXUS WORKS --><link:linkbase xmlns:link="http://www.xbrl.org/2003/linkbase" xmlns:xsi="http://www.w3.org/2001/XMLSchema-instance" xmlns:xbrli="http://www.xbrl.org/2003/instance" xmlns:xlink="http://www.w3.org/1999/xlink">  <link:labelLink xlink:type="extended" xlink:role="http://www.xbrl.org/2003/role/link">    <link:loc xlink:type="locator" xlink:href="tse-qcedjpfr-59300-2022-09-30-01-2022-11-08.xsd#tse-qcedjpfr-59300_CurrentPortionOfConvertibleBondTypeBondsWithShareAcquisitionRights" xlink:label="CurrentPortionOfConvertibleBondTypeBondsWithShareAcquisitionRights" />    <link:label xlink:type="resource" xlink:label="label_CurrentPortionOfConvertibleBondTypeBondsWithShareAcquisitionRights" xml:lang="en" xlink:role="http://www.xbrl.org/2003/role/label" id="label_CurrentPortionOfConvertibleBondTypeBondsWithShareAcquisitionRights">Current portion of convertible-bond-type bonds with share acquisition rights</link:label>    <link:labelArc xlink:type="arc" xlink:arcrole="http://www.xbrl.org/2003/arcrole/concept-label" xlink:from="CurrentPortionOfConvertibleBondTypeBondsWithShareAcquisitionRights" xlink:to="label_CurrentPortionOfConvertibleBondTypeBondsWithShareAcquisitionRights" />    <link:label xlink:type="resource" xlink:label="label_CurrentPortionOfConvertibleBondTypeBondsWithShareAcquisitionRights_2" xml:lang="en" xlink:role="http://www.xbrl.org/2003/role/verboseLabel" id="label_CurrentPortionOfConvertibleBondTypeBondsWithShareAcquisitionRights_2">Current portion of convertible-bond-type bonds with share acquisition rights</link:label>    <link:labelArc xlink:type="arc" xlink:arcrole="http://www.xbrl.org/2003/arcrole/concept-label" xlink:from="CurrentPortionOfConvertibleBondTypeBondsWithShareAcquisitionRights" xlink:to="label_CurrentPortionOfConvertibleBondTypeBondsWithShareAcquisitionRights_2" />    <link:loc xlink:type="locator" xlink:href="tse-qcedjpfr-59300-2022-09-30-01-2022-11-08.xsd#tse-qcedjpfr-59300_DecreaseIncreaseInTradeReceivablesAndContractAssets2OpeCF" xlink:label="DecreaseIncreaseInTradeReceivablesAndContractAssets2OpeCF" />    <link:label xlink:type="resource" xlink:label="label_DecreaseIncreaseInTradeReceivablesAndContractAssets2OpeCF" xml:lang="en" xlink:role="http://www.xbrl.org/2003/role/label" id="label_DecreaseIncreaseInTradeReceivablesAndContractAssets2OpeCF">Decrease (increase) in trade receivables and contract assets</link:label>    <link:labelArc xlink:type="arc" xlink:arcrole="http://www.xbrl.org/2003/arcrole/concept-label" xlink:from="DecreaseIncreaseInTradeReceivablesAndContractAssets2OpeCF" xlink:to="label_DecreaseIncreaseInTradeReceivablesAndContractAssets2OpeCF" />    <link:label xlink:type="resource" xlink:label="label_DecreaseIncreaseInTradeReceivablesAndContractAssets2OpeCF_2" xml:lang="en" xlink:role="http://www.xbrl.org/2003/role/verboseLabel" id="label_DecreaseIncreaseInTradeReceivablesAndContractAssets2OpeCF_2">Decrease (increase) in trade receivables and contract assets - 2 - OpeCF</link:label>    <link:labelArc xlink:type="arc" xlink:arcrole="http://www.xbrl.org/2003/arcrole/concept-label" xlink:from="DecreaseIncreaseInTradeReceivablesAndContractAssets2OpeCF" xlink:to="label_DecreaseIncreaseInTradeReceivablesAndContractAssets2OpeCF_2" />  </link:labelLink></link:linkbase>