<?xml version="1.0" encoding="utf-8"?>
<!-- Generated by PRONEXUS WORKS --><link:linkbase xmlns:link="http://www.xbrl.org/2003/linkbase" xmlns:xsi="http://www.w3.org/2001/XMLSchema-instance" xmlns:xbrli="http://www.xbrl.org/2003/instance" xmlns:xlink="http://www.w3.org/1999/xlink">  <link:labelLink xlink:type="extended" xlink:role="http://www.xbrl.org/2003/role/link">    <link:loc xlink:type="locator" xlink:href="tse-qnedjpfr-42550-2022-09-30-01-2022-11-11.xsd#tse-qnedjpfr-42550_RevenueAdvertisingNOI" xlink:label="RevenueAdvertisingNOI" />    <link:label xlink:type="resource" xlink:label="label_RevenueAdvertisingNOI" xml:lang="en" xlink:role="http://www.xbrl.org/2003/role/label" id="label_RevenueAdvertisingNOI">Revenue-advertising</link:label>    <link:labelArc xlink:type="arc" xlink:arcrole="http://www.xbrl.org/2003/arcrole/concept-label" xlink:from="RevenueAdvertisingNOI" xlink:to="label_RevenueAdvertisingNOI" />    <link:label xlink:type="resource" xlink:label="label_RevenueAdvertisingNOI_2" xml:lang="en" xlink:role="http://www.xbrl.org/2003/role/verboseLabel" id="label_RevenueAdvertisingNOI_2">Revenue-advertising-NOI</link:label>    <link:labelArc xlink:type="arc" xlink:arcrole="http://www.xbrl.org/2003/arcrole/concept-label" xlink:from="RevenueAdvertisingNOI" xlink:to="label_RevenueAdvertisingNOI_2" />  </link:labelLink></link:linkbase>