<?xml version="1.0" encoding="utf-8"?>
<!-- Generated by PRONEXUS WORKS --><link:linkbase xmlns:link="http://www.xbrl.org/2003/linkbase" xmlns:xsi="http://www.w3.org/2001/XMLSchema-instance" xmlns:xbrli="http://www.xbrl.org/2003/instance" xmlns:xlink="http://www.w3.org/1999/xlink">  <link:labelLink xlink:type="extended" xlink:role="http://www.xbrl.org/2003/role/link">    <link:loc xlink:type="locator" xlink:href="tse-qnedjpfr-33580-2022-09-30-01-2022-11-14.xsd#tse-qnedjpfr-33580_GainOnInsuranceClaimsNOI" xlink:label="GainOnInsuranceClaimsNOI" />    <link:loc xlink:type="locator" xlink:href="tse-qnedjpfr-33580-2022-09-30-01-2022-11-14.xsd#tse-qnedjpfr-33580_ExtraordinaryLossDueToClosingAndOtherNOE" xlink:label="ExtraordinaryLossDueToClosingAndOtherNOE" />    <link:loc xlink:type="locator" xlink:href="tse-qnedjpfr-33580-2022-09-30-01-2022-11-14.xsd#tse-qnedjpfr-33580_PenaltyNOE" xlink:label="PenaltyNOE" />    <link:label xlink:type="resource" xlink:label="label_PenaltyNOE" xml:lang="ja" xlink:role="http://www.xbrl.org/2003/role/label" id="label_PenaltyNOE">違約金</link:label>    <link:labelArc xlink:type="arc" xlink:arcrole="http://www.xbrl.org/2003/arcrole/concept-label" xlink:from="PenaltyNOE" xlink:to="label_PenaltyNOE" />    <link:label xlink:type="resource" xlink:label="label_PenaltyNOE_2" xml:lang="ja" xlink:role="http://www.xbrl.org/2003/role/verboseLabel" id="label_PenaltyNOE_2">違約金、営業外費用</link:label>    <link:labelArc xlink:type="arc" xlink:arcrole="http://www.xbrl.org/2003/arcrole/concept-label" xlink:from="PenaltyNOE" xlink:to="label_PenaltyNOE_2" />    <link:label xlink:type="resource" xlink:label="label_GainOnInsuranceClaimsNOI" xml:lang="ja" xlink:role="http://www.xbrl.org/2003/role/label" id="label_GainOnInsuranceClaimsNOI">保険差益</link:label>    <link:labelArc xlink:type="arc" xlink:arcrole="http://www.xbrl.org/2003/arcrole/concept-label" xlink:from="GainOnInsuranceClaimsNOI" xlink:to="label_GainOnInsuranceClaimsNOI" />    <link:label xlink:type="resource" xlink:label="label_GainOnInsuranceClaimsNOI_2" xml:lang="ja" xlink:role="http://www.xbrl.org/2003/role/verboseLabel" id="label_GainOnInsuranceClaimsNOI_2">保険差益、営業外収益</link:label>    <link:labelArc xlink:type="arc" xlink:arcrole="http://www.xbrl.org/2003/arcrole/concept-label" xlink:from="GainOnInsuranceClaimsNOI" xlink:to="label_GainOnInsuranceClaimsNOI_2" />    <link:label xlink:type="resource" xlink:label="label_ExtraordinaryLossDueToClosingAndOtherNOE" xml:lang="ja" xlink:role="http://www.xbrl.org/2003/role/label" id="label_ExtraordinaryLossDueToClosingAndOtherNOE">臨時休業等による損失</link:label>    <link:labelArc xlink:type="arc" xlink:arcrole="http://www.xbrl.org/2003/arcrole/concept-label" xlink:from="ExtraordinaryLossDueToClosingAndOtherNOE" xlink:to="label_ExtraordinaryLossDueToClosingAndOtherNOE" />    <link:label xlink:type="resource" xlink:label="label_ExtraordinaryLossDueToClosingAndOtherNOE_2" xml:lang="ja" xlink:role="http://www.xbrl.org/2003/role/verboseLabel" id="label_ExtraordinaryLossDueToClosingAndOtherNOE_2">臨時休業等による損失、営業外費用</link:label>    <link:labelArc xlink:type="arc" xlink:arcrole="http://www.xbrl.org/2003/arcrole/concept-label" xlink:from="ExtraordinaryLossDueToClosingAndOtherNOE" xlink:to="label_ExtraordinaryLossDueToClosingAndOtherNOE_2" />  </link:labelLink></link:linkbase>