<?xml version="1.0" encoding="utf-8"?>
<!-- Generated by PRONEXUS WORKS --><link:linkbase xmlns:link="http://www.xbrl.org/2003/linkbase" xmlns:xsi="http://www.w3.org/2001/XMLSchema-instance" xmlns:xbrli="http://www.xbrl.org/2003/instance" xmlns:xlink="http://www.w3.org/1999/xlink">  <link:labelLink xlink:type="extended" xlink:role="http://www.xbrl.org/2003/role/link">    <link:loc xlink:type="locator" xlink:href="tse-qnedjpfr-92230-2022-09-30-01-2022-11-14.xsd#tse-qnedjpfr-92230_AssetsForRentNetPPE" xlink:label="AssetsForRentNetPPE" />    <link:loc xlink:type="locator" xlink:href="tse-qnedjpfr-92230-2022-09-30-01-2022-11-14.xsd#tse-qnedjpfr-92230_ScaffoldingMaterialProfitOnSaleNOI" xlink:label="ScaffoldingMaterialProfitOnSaleNOI" />    <link:loc xlink:type="locator" xlink:href="tse-qnedjpfr-92230-2022-09-30-01-2022-11-14.xsd#tse-qnedjpfr-92230_ScaffoldingMaterialProfitOnSaleOpeCF" xlink:label="ScaffoldingMaterialProfitOnSaleOpeCF" />    <link:label xlink:type="resource" xlink:label="label_ScaffoldingMaterialProfitOnSaleNOI" xml:lang="ja" xlink:role="http://www.xbrl.org/2003/role/label" id="label_ScaffoldingMaterialProfitOnSaleNOI">足場資材売却益</link:label>    <link:labelArc xlink:type="arc" xlink:arcrole="http://www.xbrl.org/2003/arcrole/concept-label" xlink:from="ScaffoldingMaterialProfitOnSaleNOI" xlink:to="label_ScaffoldingMaterialProfitOnSaleNOI" />    <link:label xlink:type="resource" xlink:label="label_ScaffoldingMaterialProfitOnSaleNOI_2" xml:lang="ja" xlink:role="http://www.xbrl.org/2003/role/verboseLabel" id="label_ScaffoldingMaterialProfitOnSaleNOI_2">足場資材売却益、営業外収益</link:label>    <link:labelArc xlink:type="arc" xlink:arcrole="http://www.xbrl.org/2003/arcrole/concept-label" xlink:from="ScaffoldingMaterialProfitOnSaleNOI" xlink:to="label_ScaffoldingMaterialProfitOnSaleNOI_2" />    <link:label xlink:type="resource" xlink:label="label_AssetsForRentNetPPE" xml:lang="ja" xlink:role="http://www.xbrl.org/2003/role/label" id="label_AssetsForRentNetPPE">賃貸資産（純額）</link:label>    <link:labelArc xlink:type="arc" xlink:arcrole="http://www.xbrl.org/2003/arcrole/concept-label" xlink:from="AssetsForRentNetPPE" xlink:to="label_AssetsForRentNetPPE" />    <link:label xlink:type="resource" xlink:label="label_AssetsForRentNetPPE_2" xml:lang="ja" xlink:role="http://www.xbrl.org/2003/role/verboseLabel" id="label_AssetsForRentNetPPE_2">賃貸資産（純額）、有形固定資産</link:label>    <link:labelArc xlink:type="arc" xlink:arcrole="http://www.xbrl.org/2003/arcrole/concept-label" xlink:from="AssetsForRentNetPPE" xlink:to="label_AssetsForRentNetPPE_2" />    <link:loc xlink:type="locator" xlink:href="http://disclosure.edinet-fsa.go.jp/taxonomy/jppfs/2021-11-01/jppfs_cor_2021-11-01.xsd#jppfs_cor_WorkInProcess" xlink:label="WorkInProcess" />    <link:label xlink:type="resource" xlink:label="label_WorkInProcess" xml:lang="ja" xlink:role="http://www.xbrl.org/2003/role/positiveLabel" id="label_WorkInProcess">未成工事支出金</link:label>    <link:labelArc xlink:type="arc" xlink:arcrole="http://www.xbrl.org/2003/arcrole/concept-label" xlink:from="WorkInProcess" xlink:to="label_WorkInProcess" />    <link:loc xlink:type="locator" xlink:href="http://disclosure.edinet-fsa.go.jp/taxonomy/jppfs/2021-11-01/jppfs_cor_2021-11-01.xsd#jppfs_cor_MerchandiseAndFinishedGoods" xlink:label="MerchandiseAndFinishedGoods" />    <link:label xlink:type="resource" xlink:label="label_MerchandiseAndFinishedGoods" xml:lang="ja" xlink:role="http://www.xbrl.org/2003/role/positiveLabel" id="label_MerchandiseAndFinishedGoods">商品</link:label>    <link:labelArc xlink:type="arc" xlink:arcrole="http://www.xbrl.org/2003/arcrole/concept-label" xlink:from="MerchandiseAndFinishedGoods" xlink:to="label_MerchandiseAndFinishedGoods" />    <link:label xlink:type="resource" xlink:label="label_ScaffoldingMaterialProfitOnSaleOpeCF" xml:lang="ja" xlink:role="http://www.xbrl.org/2003/role/label" id="label_ScaffoldingMaterialProfitOnSaleOpeCF">足場資材売却益</link:label>    <link:labelArc xlink:type="arc" xlink:arcrole="http://www.xbrl.org/2003/arcrole/concept-label" xlink:from="ScaffoldingMaterialProfitOnSaleOpeCF" xlink:to="label_ScaffoldingMaterialProfitOnSaleOpeCF" />    <link:label xlink:type="resource" xlink:label="label_ScaffoldingMaterialProfitOnSaleOpeCF_2" xml:lang="ja" xlink:role="http://www.xbrl.org/2003/role/verboseLabel" id="label_ScaffoldingMaterialProfitOnSaleOpeCF_2">足場資材売却益、営業活動によるキャッシュ・フロー</link:label>    <link:labelArc xlink:type="arc" xlink:arcrole="http://www.xbrl.org/2003/arcrole/concept-label" xlink:from="ScaffoldingMaterialProfitOnSaleOpeCF" xlink:to="label_ScaffoldingMaterialProfitOnSaleOpeCF_2" />  </link:labelLink></link:linkbase>