﻿<?xml version="1.0" encoding="utf-8"?>
<!-- Edited with FutureStage XBRL Solution Library .NET 01-11 -->
<link:linkbase xmlns:xlink="http://www.w3.org/1999/xlink" xmlns:xsi="http://www.w3.org/2001/XMLSchema-instance" xmlns:link="http://www.xbrl.org/2003/linkbase">
  <link:labelLink xlink:type="extended" xlink:role="http://www.xbrl.org/2003/role/link">
    <link:label xml:lang="en" xlink:type="resource" xlink:label="tse-acedjpfr-36970_LossOnSaleOfNonCurrentAssetsOpeCF_label" xlink:role="http://www.xbrl.org/2003/role/label">Loss on sale of non-current assets</link:label>
    <link:label xml:lang="en" xlink:type="resource" xlink:label="tse-acedjpfr-36970_LossOnSaleOfNonCurrentAssetsOpeCF_label_1" xlink:role="http://www.xbrl.org/2003/role/verboseLabel">Loss on sale of non-current assets-OpeCF</link:label>
    <link:label xml:lang="en" xlink:type="resource" xlink:label="tse-acedjpfr-36970_TradeReceivablesAndContractAssetCA_label" xlink:role="http://www.xbrl.org/2003/role/label">Trade receivables and contract asset</link:label>
    <link:label xml:lang="en" xlink:type="resource" xlink:label="tse-acedjpfr-36970_TradeReceivablesAndContractAssetCA_label_1" xlink:role="http://www.xbrl.org/2003/role/verboseLabel">Trade receivables and contract asset-CA</link:label>
    <link:loc xlink:type="locator" xlink:href="tse-acedjpfr-36970-2022-08-31-01-2022-10-14.xsd#tse-acedjpfr-36970_LossOnSaleOfNonCurrentAssetsOpeCF" xlink:label="tse-acedjpfr-36970_LossOnSaleOfNonCurrentAssetsOpeCF" />
    <link:loc xlink:type="locator" xlink:href="tse-acedjpfr-36970-2022-08-31-01-2022-10-14.xsd#tse-acedjpfr-36970_TradeReceivablesAndContractAssetCA" xlink:label="tse-acedjpfr-36970_TradeReceivablesAndContractAssetCA" />
    <link:labelArc xlink:type="arc" xlink:from="tse-acedjpfr-36970_LossOnSaleOfNonCurrentAssetsOpeCF" xlink:to="tse-acedjpfr-36970_LossOnSaleOfNonCurrentAssetsOpeCF_label" xlink:arcrole="http://www.xbrl.org/2003/arcrole/concept-label" order="1" />
    <link:labelArc xlink:type="arc" xlink:from="tse-acedjpfr-36970_LossOnSaleOfNonCurrentAssetsOpeCF" xlink:to="tse-acedjpfr-36970_LossOnSaleOfNonCurrentAssetsOpeCF_label_1" xlink:arcrole="http://www.xbrl.org/2003/arcrole/concept-label" order="1" />
    <link:labelArc xlink:type="arc" xlink:from="tse-acedjpfr-36970_TradeReceivablesAndContractAssetCA" xlink:to="tse-acedjpfr-36970_TradeReceivablesAndContractAssetCA_label" xlink:arcrole="http://www.xbrl.org/2003/arcrole/concept-label" order="1" />
    <link:labelArc xlink:type="arc" xlink:from="tse-acedjpfr-36970_TradeReceivablesAndContractAssetCA" xlink:to="tse-acedjpfr-36970_TradeReceivablesAndContractAssetCA_label_1" xlink:arcrole="http://www.xbrl.org/2003/arcrole/concept-label" order="1" />
  </link:labelLink>
</link:linkbase>