<?xml version="1.0" encoding="utf-8"?>
<!-- Generated by PRONEXUS WORKS --><link:linkbase xmlns:link="http://www.xbrl.org/2003/linkbase" xmlns:xsi="http://www.w3.org/2001/XMLSchema-instance" xmlns:xbrli="http://www.xbrl.org/2003/instance" xmlns:xlink="http://www.w3.org/1999/xlink">  <link:labelLink xlink:type="extended" xlink:role="http://www.xbrl.org/2003/role/link">    <link:loc xlink:type="locator" xlink:href="tse-qcedjpfr-74420-2022-09-30-01-2022-10-31.xsd#tse-qcedjpfr-74420_LeaseRevenueNOI" xlink:label="LeaseRevenueNOI" />    <link:label xlink:type="resource" xlink:label="label_LeaseRevenueNOI" xml:lang="en" xlink:role="http://www.xbrl.org/2003/role/label" id="label_LeaseRevenueNOI">Lease revenue</link:label>    <link:labelArc xlink:type="arc" xlink:arcrole="http://www.xbrl.org/2003/arcrole/concept-label" xlink:from="LeaseRevenueNOI" xlink:to="label_LeaseRevenueNOI" />    <link:label xlink:type="resource" xlink:label="label_LeaseRevenueNOI_2" xml:lang="en" xlink:role="http://www.xbrl.org/2003/role/verboseLabel" id="label_LeaseRevenueNOI_2">Lease revenue NOI</link:label>    <link:labelArc xlink:type="arc" xlink:arcrole="http://www.xbrl.org/2003/arcrole/concept-label" xlink:from="LeaseRevenueNOI" xlink:to="label_LeaseRevenueNOI_2" />  </link:labelLink></link:linkbase>