<?xml version="1.0" encoding="utf-8"?>
<!-- Generated by PRONEXUS WORKS --><link:linkbase xmlns:link="http://www.xbrl.org/2003/linkbase" xmlns:xsi="http://www.w3.org/2001/XMLSchema-instance" xmlns:xbrli="http://www.xbrl.org/2003/instance" xmlns:xlink="http://www.w3.org/1999/xlink">  <link:labelLink xlink:type="extended" xlink:role="http://www.xbrl.org/2003/role/link">    <link:loc xlink:type="locator" xlink:href="tse-qcedjpfr-30760-2022-09-30-01-2022-11-11.xsd#tse-qcedjpfr-30760_BuySellTransactionLiabilitiesCL" xlink:label="BuySellTransactionLiabilitiesCL" />    <link:label xlink:type="resource" xlink:label="label_BuySellTransactionLiabilitiesCL" xml:lang="ja" xlink:role="http://www.xbrl.org/2003/role/label" id="label_BuySellTransactionLiabilitiesCL">有償支給取引に係る負債</link:label>    <link:labelArc xlink:type="arc" xlink:arcrole="http://www.xbrl.org/2003/arcrole/concept-label" xlink:from="BuySellTransactionLiabilitiesCL" xlink:to="label_BuySellTransactionLiabilitiesCL" />    <link:label xlink:type="resource" xlink:label="label_BuySellTransactionLiabilitiesCL_2" xml:lang="ja" xlink:role="http://www.xbrl.org/2003/role/verboseLabel" id="label_BuySellTransactionLiabilitiesCL_2">有償支給取引に係る負債、流動負債</link:label>    <link:labelArc xlink:type="arc" xlink:arcrole="http://www.xbrl.org/2003/arcrole/concept-label" xlink:from="BuySellTransactionLiabilitiesCL" xlink:to="label_BuySellTransactionLiabilitiesCL_2" />  </link:labelLink></link:linkbase>