﻿<?xml version="1.0" encoding="utf-8"?>
<!-- Edited with FutureStage XBRL Solution Library .NET 01-11 -->
<link:linkbase xmlns:xlink="http://www.w3.org/1999/xlink" xmlns:xsi="http://www.w3.org/2001/XMLSchema-instance" xmlns:link="http://www.xbrl.org/2003/linkbase">
  <link:labelLink xlink:type="extended" xlink:role="http://www.xbrl.org/2003/role/link">
    <link:label xml:lang="ja" xlink:type="resource" xlink:label="tse-qcedjpfr-73380_CashDivisionAsDepositsForCustomersCASEC_label" xlink:role="http://www.xbrl.org/2003/role/label">顧客区分管理信託</link:label>
    <link:label xml:lang="ja" xlink:type="resource" xlink:label="tse-qcedjpfr-73380_CashDivisionAsDepositsForCustomersCASEC_label_1" xlink:role="http://www.xbrl.org/2003/role/verboseLabel">顧客区分管理信託、流動資産、第一種金融商品取引業</link:label>
    <link:label xml:lang="ja" xlink:type="resource" xlink:label="tse-qcedjpfr-73380_ForeignExchangeDepositDealingsPayableCL_label" xlink:role="http://www.xbrl.org/2003/role/label">外為取引未払金</link:label>
    <link:label xml:lang="ja" xlink:type="resource" xlink:label="tse-qcedjpfr-73380_ForeignExchangeDepositDealingsPayableCL_label_1" xlink:role="http://www.xbrl.org/2003/role/verboseLabel">外為取引未払金、流動負債</link:label>
    <link:label xml:lang="ja" xlink:type="resource" xlink:label="tse-qcedjpfr-73380_ForeignExchangeDepositDealingsReceivableCA_label" xlink:role="http://www.xbrl.org/2003/role/label">外為取引未収入金</link:label>
    <link:label xml:lang="ja" xlink:type="resource" xlink:label="tse-qcedjpfr-73380_ForeignExchangeDepositDealingsReceivableCA_label_1" xlink:role="http://www.xbrl.org/2003/role/verboseLabel">外為取引未収入金、流動資産</link:label>
    <link:label xml:lang="ja" xlink:type="resource" xlink:label="tse-qcedjpfr-73380_LossOnInvestmentsInPartenershipFundNOE_label" xlink:role="http://www.xbrl.org/2003/role/label">組合投資損失</link:label>
    <link:label xml:lang="ja" xlink:type="resource" xlink:label="tse-qcedjpfr-73380_LossOnInvestmentsInPartenershipFundNOE_label_1" xlink:role="http://www.xbrl.org/2003/role/verboseLabel">組合投資損失、営業外費用</link:label>
    <link:label xml:lang="ja" xlink:type="resource" xlink:label="tse-qcedjpfr-73380_ProfitOnInvestmentsInPartenershipFundNOI_label" xlink:role="http://www.xbrl.org/2003/role/label">組合投資利益</link:label>
    <link:label xml:lang="ja" xlink:type="resource" xlink:label="tse-qcedjpfr-73380_ProfitOnInvestmentsInPartenershipFundNOI_label_1" xlink:role="http://www.xbrl.org/2003/role/verboseLabel">組合投資利益、営業外収益</link:label>
    <link:loc xlink:type="locator" xlink:href="tse-qcedjpfr-73380-2022-09-30-01-2022-10-31.xsd#tse-qcedjpfr-73380_CashDivisionAsDepositsForCustomersCASEC" xlink:label="tse-qcedjpfr-73380_CashDivisionAsDepositsForCustomersCASEC" />
    <link:loc xlink:type="locator" xlink:href="tse-qcedjpfr-73380-2022-09-30-01-2022-10-31.xsd#tse-qcedjpfr-73380_ForeignExchangeDepositDealingsPayableCL" xlink:label="tse-qcedjpfr-73380_ForeignExchangeDepositDealingsPayableCL" />
    <link:loc xlink:type="locator" xlink:href="tse-qcedjpfr-73380-2022-09-30-01-2022-10-31.xsd#tse-qcedjpfr-73380_ForeignExchangeDepositDealingsReceivableCA" xlink:label="tse-qcedjpfr-73380_ForeignExchangeDepositDealingsReceivableCA" />
    <link:loc xlink:type="locator" xlink:href="tse-qcedjpfr-73380-2022-09-30-01-2022-10-31.xsd#tse-qcedjpfr-73380_LossOnInvestmentsInPartenershipFundNOE" xlink:label="tse-qcedjpfr-73380_LossOnInvestmentsInPartenershipFundNOE" />
    <link:loc xlink:type="locator" xlink:href="tse-qcedjpfr-73380-2022-09-30-01-2022-10-31.xsd#tse-qcedjpfr-73380_ProfitOnInvestmentsInPartenershipFundNOI" xlink:label="tse-qcedjpfr-73380_ProfitOnInvestmentsInPartenershipFundNOI" />
    <link:labelArc xlink:type="arc" xlink:from="tse-qcedjpfr-73380_CashDivisionAsDepositsForCustomersCASEC" xlink:to="tse-qcedjpfr-73380_CashDivisionAsDepositsForCustomersCASEC_label" xlink:arcrole="http://www.xbrl.org/2003/arcrole/concept-label" order="1" />
    <link:labelArc xlink:type="arc" xlink:from="tse-qcedjpfr-73380_CashDivisionAsDepositsForCustomersCASEC" xlink:to="tse-qcedjpfr-73380_CashDivisionAsDepositsForCustomersCASEC_label_1" xlink:arcrole="http://www.xbrl.org/2003/arcrole/concept-label" order="1" />
    <link:labelArc xlink:type="arc" xlink:from="tse-qcedjpfr-73380_ForeignExchangeDepositDealingsPayableCL" xlink:to="tse-qcedjpfr-73380_ForeignExchangeDepositDealingsPayableCL_label" xlink:arcrole="http://www.xbrl.org/2003/arcrole/concept-label" order="1" />
    <link:labelArc xlink:type="arc" xlink:from="tse-qcedjpfr-73380_ForeignExchangeDepositDealingsPayableCL" xlink:to="tse-qcedjpfr-73380_ForeignExchangeDepositDealingsPayableCL_label_1" xlink:arcrole="http://www.xbrl.org/2003/arcrole/concept-label" order="1" />
    <link:labelArc xlink:type="arc" xlink:from="tse-qcedjpfr-73380_ForeignExchangeDepositDealingsReceivableCA" xlink:to="tse-qcedjpfr-73380_ForeignExchangeDepositDealingsReceivableCA_label" xlink:arcrole="http://www.xbrl.org/2003/arcrole/concept-label" order="1" />
    <link:labelArc xlink:type="arc" xlink:from="tse-qcedjpfr-73380_ForeignExchangeDepositDealingsReceivableCA" xlink:to="tse-qcedjpfr-73380_ForeignExchangeDepositDealingsReceivableCA_label_1" xlink:arcrole="http://www.xbrl.org/2003/arcrole/concept-label" order="1" />
    <link:labelArc xlink:type="arc" xlink:from="tse-qcedjpfr-73380_LossOnInvestmentsInPartenershipFundNOE" xlink:to="tse-qcedjpfr-73380_LossOnInvestmentsInPartenershipFundNOE_label" xlink:arcrole="http://www.xbrl.org/2003/arcrole/concept-label" order="1" />
    <link:labelArc xlink:type="arc" xlink:from="tse-qcedjpfr-73380_LossOnInvestmentsInPartenershipFundNOE" xlink:to="tse-qcedjpfr-73380_LossOnInvestmentsInPartenershipFundNOE_label_1" xlink:arcrole="http://www.xbrl.org/2003/arcrole/concept-label" order="1" />
    <link:labelArc xlink:type="arc" xlink:from="tse-qcedjpfr-73380_ProfitOnInvestmentsInPartenershipFundNOI" xlink:to="tse-qcedjpfr-73380_ProfitOnInvestmentsInPartenershipFundNOI_label" xlink:arcrole="http://www.xbrl.org/2003/arcrole/concept-label" order="1" />
    <link:labelArc xlink:type="arc" xlink:from="tse-qcedjpfr-73380_ProfitOnInvestmentsInPartenershipFundNOI" xlink:to="tse-qcedjpfr-73380_ProfitOnInvestmentsInPartenershipFundNOI_label_1" xlink:arcrole="http://www.xbrl.org/2003/arcrole/concept-label" order="1" />
  </link:labelLink>
</link:linkbase>