﻿<?xml version="1.0" encoding="utf-8"?>
<!-- Edited with FutureStage XBRL Solution Library .NET 01-11 -->
<link:linkbase xmlns:xlink="http://www.w3.org/1999/xlink" xmlns:xsi="http://www.w3.org/2001/XMLSchema-instance" xmlns:link="http://www.xbrl.org/2003/linkbase">
  <link:labelLink xlink:type="extended" xlink:role="http://www.xbrl.org/2003/role/link">
    <link:label xml:lang="en" xlink:type="resource" xlink:label="tse-acedjpfr-36980_AccountsReceivableTradeAndContractAssetsCA_label" xlink:role="http://www.xbrl.org/2003/role/label">Accounts receivable-trade and contract assets</link:label>
    <link:label xml:lang="en" xlink:type="resource" xlink:label="tse-acedjpfr-36980_AccountsReceivableTradeAndContractAssetsCA_label_1" xlink:role="http://www.xbrl.org/2003/role/verboseLabel">Accounts receivable-trade and contract assets-CA</link:label>
    <link:loc xlink:type="locator" xlink:href="tse-acedjpfr-36980-2022-09-30-01-2022-11-10.xsd#tse-acedjpfr-36980_AccountsReceivableTradeAndContractAssetsCA" xlink:label="tse-acedjpfr-36980_AccountsReceivableTradeAndContractAssetsCA" />
    <link:labelArc xlink:type="arc" xlink:from="tse-acedjpfr-36980_AccountsReceivableTradeAndContractAssetsCA" xlink:to="tse-acedjpfr-36980_AccountsReceivableTradeAndContractAssetsCA_label" xlink:arcrole="http://www.xbrl.org/2003/arcrole/concept-label" order="1" />
    <link:labelArc xlink:type="arc" xlink:from="tse-acedjpfr-36980_AccountsReceivableTradeAndContractAssetsCA" xlink:to="tse-acedjpfr-36980_AccountsReceivableTradeAndContractAssetsCA_label_1" xlink:arcrole="http://www.xbrl.org/2003/arcrole/concept-label" order="1" />
  </link:labelLink>
</link:linkbase>