﻿<?xml version="1.0" encoding="utf-8"?>
<!-- Edited with FutureStage XBRL Solution Library .NET 01-11 -->
<link:linkbase xmlns:xlink="http://www.w3.org/1999/xlink" xmlns:xsi="http://www.w3.org/2001/XMLSchema-instance" xmlns:link="http://www.xbrl.org/2003/linkbase">
  <link:roleRef xlink:type="simple" xlink:href="http://disclosure.edinet-fsa.go.jp/taxonomy/jppfs/2020-11-01/jppfs_rt_2020-11-01.xsd#rol_ConsolidatedLabel" roleURI="http://disclosure.edinet-fsa.go.jp/jppfs/Consolidated/role/label" />
  <link:roleRef xlink:type="simple" xlink:href="http://disclosure.edinet-fsa.go.jp/taxonomy/jppfs/2020-11-01/jppfs_rt_2020-11-01.xsd#rol_NonConsolidatedLabel" roleURI="http://disclosure.edinet-fsa.go.jp/jppfs/NonConsolidated/role/label" />
  <link:labelLink xlink:type="extended" xlink:role="http://www.xbrl.org/2003/role/link">
    <link:label xml:lang="en" xlink:type="resource" xlink:label="jppfs_cor_DecreaseIncreaseInInventoriesOpeCF_label" xlink:role="http://disclosure.edinet-fsa.go.jp/jppfs/Consolidated/role/label">Decrease (increase) in inventories</link:label>
    <link:label xml:lang="en" xlink:type="resource" xlink:label="jppfs_cor_DecreaseIncreaseInInventoriesOpeCF_label_1" xlink:role="http://disclosure.edinet-fsa.go.jp/jppfs/NonConsolidated/role/label">Decrease (increase) in inventories</link:label>
    <link:label xml:lang="en" xlink:type="resource" xlink:label="tse-qcedjpfr-36080_ExtraordinaryLossDueToClosingAndOtherEL_label" xlink:role="http://www.xbrl.org/2003/role/label">Extraordinary loss due to closing and other</link:label>
    <link:label xml:lang="en" xlink:type="resource" xlink:label="tse-qcedjpfr-36080_ExtraordinaryLossDueToClosingAndOtherEL_label_1" xlink:role="http://www.xbrl.org/2003/role/verboseLabel">Extraordinary loss due to closing and other-EL</link:label>
    <link:label xml:lang="en" xlink:type="resource" xlink:label="tse-qcedjpfr-36080_ExtraordinaryLossDueToClosingAndOtherOpeCF_label" xlink:role="http://www.xbrl.org/2003/role/label">Extraordinary loss due to closing and other</link:label>
    <link:label xml:lang="en" xlink:type="resource" xlink:label="tse-qcedjpfr-36080_ExtraordinaryLossDueToClosingAndOtherOpeCF_label_1" xlink:role="http://www.xbrl.org/2003/role/verboseLabel">Extraordinary loss due to closing and other-OpeCF</link:label>
    <link:label xml:lang="en" xlink:type="resource" xlink:label="tse-qcedjpfr-36080_PaymentsAssociatedWithTemporaryClosureLossOpeCF_label" xlink:role="http://www.xbrl.org/2003/role/label">Payments associated with temporary closure loss</link:label>
    <link:label xml:lang="en" xlink:type="resource" xlink:label="tse-qcedjpfr-36080_PaymentsAssociatedWithTemporaryClosureLossOpeCF_label_1" xlink:role="http://www.xbrl.org/2003/role/verboseLabel">Payments associated with temporary closure loss-OpeCF</link:label>
    <link:label xml:lang="en" xlink:type="resource" xlink:label="tse-qcedjpfr-36080_PremiumAllowanceOfRetirementPaidOpeCF_label" xlink:role="http://www.xbrl.org/2003/role/label">Premium allowance of retirement paid</link:label>
    <link:label xml:lang="en" xlink:type="resource" xlink:label="tse-qcedjpfr-36080_PremiumAllowanceOfRetirementPaidOpeCF_label_1" xlink:role="http://www.xbrl.org/2003/role/verboseLabel">Premium allowance of retirement paid-OpeCF</link:label>
    <link:label xml:lang="en" xlink:type="resource" xlink:label="tse-qcedjpfr-36080_ProvisionForTransferCostsCL_label" xlink:role="http://www.xbrl.org/2003/role/label">Provision for transfer costs</link:label>
    <link:label xml:lang="en" xlink:type="resource" xlink:label="tse-qcedjpfr-36080_ProvisionForTransferCostsCL_label_1" xlink:role="http://www.xbrl.org/2003/role/verboseLabel">Provision for transfer costs-CL</link:label>
    <link:label xml:lang="en" xlink:type="resource" xlink:label="tse-qcedjpfr-36080_RealEstateIncomeNOI_label_1" xlink:role="http://www.xbrl.org/2003/role/label">Real estate income</link:label>
    <link:label xml:lang="en" xlink:type="resource" xlink:label="tse-qcedjpfr-36080_RealEstateIncomeNOI_label_2" xlink:role="http://www.xbrl.org/2003/role/verboseLabel">Real estate income-NOI</link:label>
    <link:label xml:lang="en" xlink:type="resource" xlink:label="tse-qcedjpfr-36080_RealEstateIncomeNOI_label" xlink:role="http://www.xbrl.org/2003/role/documentation">Real estate income-NOI</link:label>
    <link:label xml:lang="en" xlink:type="resource" xlink:label="tse-qcedjpfr-36080_SubsidiesForEmploymentAdjustmentEI_label" xlink:role="http://www.xbrl.org/2003/role/label">Subsidies for employment adjustment</link:label>
    <link:label xml:lang="en" xlink:type="resource" xlink:label="tse-qcedjpfr-36080_SubsidiesForEmploymentAdjustmentEI_label_1" xlink:role="http://www.xbrl.org/2003/role/verboseLabel">Subsidies for employment adjustment-EI</link:label>
    <link:label xml:lang="en" xlink:type="resource" xlink:label="tse-qcedjpfr-36080_SubsidiesForEmploymentAdjustmentOpeCF_label" xlink:role="http://www.xbrl.org/2003/role/label">Subsidies for employment adjustment</link:label>
    <link:label xml:lang="en" xlink:type="resource" xlink:label="tse-qcedjpfr-36080_SubsidiesForEmploymentAdjustmentOpeCF_label_1" xlink:role="http://www.xbrl.org/2003/role/verboseLabel">Subsidies for employment adjustment-OpeCF</link:label>
    <link:loc xlink:type="locator" xlink:href="http://disclosure.edinet-fsa.go.jp/taxonomy/jppfs/2020-11-01/jppfs_cor_2020-11-01.xsd#jppfs_cor_DecreaseIncreaseInInventoriesOpeCF" xlink:label="jppfs_cor_DecreaseIncreaseInInventoriesOpeCF" />
    <link:loc xlink:type="locator" xlink:href="tse-qcedjpfr-36080-2022-08-31-01-2022-10-12.xsd#tse-qcedjpfr-36080_ExtraordinaryLossDueToClosingAndOtherEL" xlink:label="tse-qcedjpfr-36080_ExtraordinaryLossDueToClosingAndOtherEL" />
    <link:loc xlink:type="locator" xlink:href="tse-qcedjpfr-36080-2022-08-31-01-2022-10-12.xsd#tse-qcedjpfr-36080_ExtraordinaryLossDueToClosingAndOtherOpeCF" xlink:label="tse-qcedjpfr-36080_ExtraordinaryLossDueToClosingAndOtherOpeCF" />
    <link:loc xlink:type="locator" xlink:href="tse-qcedjpfr-36080-2022-08-31-01-2022-10-12.xsd#tse-qcedjpfr-36080_PaymentsAssociatedWithTemporaryClosureLossOpeCF" xlink:label="tse-qcedjpfr-36080_PaymentsAssociatedWithTemporaryClosureLossOpeCF" />
    <link:loc xlink:type="locator" xlink:href="tse-qcedjpfr-36080-2022-08-31-01-2022-10-12.xsd#tse-qcedjpfr-36080_PremiumAllowanceOfRetirementPaidOpeCF" xlink:label="tse-qcedjpfr-36080_PremiumAllowanceOfRetirementPaidOpeCF" />
    <link:loc xlink:type="locator" xlink:href="tse-qcedjpfr-36080-2022-08-31-01-2022-10-12.xsd#tse-qcedjpfr-36080_ProvisionForTransferCostsCL" xlink:label="tse-qcedjpfr-36080_ProvisionForTransferCostsCL" />
    <link:loc xlink:type="locator" xlink:href="tse-qcedjpfr-36080-2022-08-31-01-2022-10-12.xsd#tse-qcedjpfr-36080_RealEstateIncomeNOI" xlink:label="tse-qcedjpfr-36080_RealEstateIncomeNOI" />
    <link:loc xlink:type="locator" xlink:href="tse-qcedjpfr-36080-2022-08-31-01-2022-10-12.xsd#tse-qcedjpfr-36080_SubsidiesForEmploymentAdjustmentEI" xlink:label="tse-qcedjpfr-36080_SubsidiesForEmploymentAdjustmentEI" />
    <link:loc xlink:type="locator" xlink:href="tse-qcedjpfr-36080-2022-08-31-01-2022-10-12.xsd#tse-qcedjpfr-36080_SubsidiesForEmploymentAdjustmentOpeCF" xlink:label="tse-qcedjpfr-36080_SubsidiesForEmploymentAdjustmentOpeCF" />
    <link:labelArc xlink:type="arc" xlink:from="jppfs_cor_DecreaseIncreaseInInventoriesOpeCF" xlink:to="jppfs_cor_DecreaseIncreaseInInventoriesOpeCF_label" xlink:arcrole="http://www.xbrl.org/2003/arcrole/concept-label" order="1" />
    <link:labelArc xlink:type="arc" xlink:from="jppfs_cor_DecreaseIncreaseInInventoriesOpeCF" xlink:to="jppfs_cor_DecreaseIncreaseInInventoriesOpeCF_label_1" xlink:arcrole="http://www.xbrl.org/2003/arcrole/concept-label" order="1" />
    <link:labelArc xlink:type="arc" xlink:from="tse-qcedjpfr-36080_ExtraordinaryLossDueToClosingAndOtherEL" xlink:to="tse-qcedjpfr-36080_ExtraordinaryLossDueToClosingAndOtherEL_label" xlink:arcrole="http://www.xbrl.org/2003/arcrole/concept-label" order="1" />
    <link:labelArc xlink:type="arc" xlink:from="tse-qcedjpfr-36080_ExtraordinaryLossDueToClosingAndOtherEL" xlink:to="tse-qcedjpfr-36080_ExtraordinaryLossDueToClosingAndOtherEL_label_1" xlink:arcrole="http://www.xbrl.org/2003/arcrole/concept-label" order="1" />
    <link:labelArc xlink:type="arc" xlink:from="tse-qcedjpfr-36080_ExtraordinaryLossDueToClosingAndOtherOpeCF" xlink:to="tse-qcedjpfr-36080_ExtraordinaryLossDueToClosingAndOtherOpeCF_label" xlink:arcrole="http://www.xbrl.org/2003/arcrole/concept-label" order="1" />
    <link:labelArc xlink:type="arc" xlink:from="tse-qcedjpfr-36080_ExtraordinaryLossDueToClosingAndOtherOpeCF" xlink:to="tse-qcedjpfr-36080_ExtraordinaryLossDueToClosingAndOtherOpeCF_label_1" xlink:arcrole="http://www.xbrl.org/2003/arcrole/concept-label" order="1" />
    <link:labelArc xlink:type="arc" xlink:from="tse-qcedjpfr-36080_PaymentsAssociatedWithTemporaryClosureLossOpeCF" xlink:to="tse-qcedjpfr-36080_PaymentsAssociatedWithTemporaryClosureLossOpeCF_label" xlink:arcrole="http://www.xbrl.org/2003/arcrole/concept-label" order="1" />
    <link:labelArc xlink:type="arc" xlink:from="tse-qcedjpfr-36080_PaymentsAssociatedWithTemporaryClosureLossOpeCF" xlink:to="tse-qcedjpfr-36080_PaymentsAssociatedWithTemporaryClosureLossOpeCF_label_1" xlink:arcrole="http://www.xbrl.org/2003/arcrole/concept-label" order="1" />
    <link:labelArc xlink:type="arc" xlink:from="tse-qcedjpfr-36080_PremiumAllowanceOfRetirementPaidOpeCF" xlink:to="tse-qcedjpfr-36080_PremiumAllowanceOfRetirementPaidOpeCF_label_1" xlink:arcrole="http://www.xbrl.org/2003/arcrole/concept-label" order="1" />
    <link:labelArc xlink:type="arc" xlink:from="tse-qcedjpfr-36080_PremiumAllowanceOfRetirementPaidOpeCF" xlink:to="tse-qcedjpfr-36080_PremiumAllowanceOfRetirementPaidOpeCF_label" xlink:arcrole="http://www.xbrl.org/2003/arcrole/concept-label" order="1" />
    <link:labelArc xlink:type="arc" xlink:from="tse-qcedjpfr-36080_ProvisionForTransferCostsCL" xlink:to="tse-qcedjpfr-36080_ProvisionForTransferCostsCL_label" xlink:arcrole="http://www.xbrl.org/2003/arcrole/concept-label" order="1" />
    <link:labelArc xlink:type="arc" xlink:from="tse-qcedjpfr-36080_ProvisionForTransferCostsCL" xlink:to="tse-qcedjpfr-36080_ProvisionForTransferCostsCL_label_1" xlink:arcrole="http://www.xbrl.org/2003/arcrole/concept-label" order="1" />
    <link:labelArc xlink:type="arc" xlink:from="tse-qcedjpfr-36080_RealEstateIncomeNOI" xlink:to="tse-qcedjpfr-36080_RealEstateIncomeNOI_label" xlink:arcrole="http://www.xbrl.org/2003/arcrole/concept-label" order="1" />
    <link:labelArc xlink:type="arc" xlink:from="tse-qcedjpfr-36080_RealEstateIncomeNOI" xlink:to="tse-qcedjpfr-36080_RealEstateIncomeNOI_label_1" xlink:arcrole="http://www.xbrl.org/2003/arcrole/concept-label" order="1" />
    <link:labelArc xlink:type="arc" xlink:from="tse-qcedjpfr-36080_RealEstateIncomeNOI" xlink:to="tse-qcedjpfr-36080_RealEstateIncomeNOI_label_2" xlink:arcrole="http://www.xbrl.org/2003/arcrole/concept-label" order="1" />
    <link:labelArc xlink:type="arc" xlink:from="tse-qcedjpfr-36080_SubsidiesForEmploymentAdjustmentEI" xlink:to="tse-qcedjpfr-36080_SubsidiesForEmploymentAdjustmentEI_label" xlink:arcrole="http://www.xbrl.org/2003/arcrole/concept-label" order="1" />
    <link:labelArc xlink:type="arc" xlink:from="tse-qcedjpfr-36080_SubsidiesForEmploymentAdjustmentEI" xlink:to="tse-qcedjpfr-36080_SubsidiesForEmploymentAdjustmentEI_label_1" xlink:arcrole="http://www.xbrl.org/2003/arcrole/concept-label" order="1" />
    <link:labelArc xlink:type="arc" xlink:from="tse-qcedjpfr-36080_SubsidiesForEmploymentAdjustmentOpeCF" xlink:to="tse-qcedjpfr-36080_SubsidiesForEmploymentAdjustmentOpeCF_label" xlink:arcrole="http://www.xbrl.org/2003/arcrole/concept-label" order="1" />
    <link:labelArc xlink:type="arc" xlink:from="tse-qcedjpfr-36080_SubsidiesForEmploymentAdjustmentOpeCF" xlink:to="tse-qcedjpfr-36080_SubsidiesForEmploymentAdjustmentOpeCF_label_1" xlink:arcrole="http://www.xbrl.org/2003/arcrole/concept-label" order="1" />
  </link:labelLink>
</link:linkbase>