﻿<?xml version="1.0" encoding="utf-8"?>
<!-- Edited with FutureStage XBRL Solution Library .NET 01-11 -->
<link:linkbase xmlns:xlink="http://www.w3.org/1999/xlink" xmlns:xsi="http://www.w3.org/2001/XMLSchema-instance" xmlns:link="http://www.xbrl.org/2003/linkbase">
  <link:labelLink xlink:type="extended" xlink:role="http://www.xbrl.org/2003/role/link">
    <link:label xml:lang="ja" xlink:type="resource" xlink:label="tse-qcedjpfr-82600_IncomeFromUnredeemedGiftCertificatesNOI_label_1" xlink:role="http://www.xbrl.org/2003/role/label">未回収商品券受入益</link:label>
    <link:label xml:lang="ja" xlink:type="resource" xlink:label="tse-qcedjpfr-82600_IncomeFromUnredeemedGiftCertificatesNOI_label_2" xlink:role="http://www.xbrl.org/2003/role/verboseLabel">未回収商品券受入益、営業外収益</link:label>
    <link:label xml:lang="ja" xlink:type="resource" xlink:label="tse-qcedjpfr-82600_IncomeFromUnredeemedGiftCertificatesNOI_label" xlink:role="http://www.xbrl.org/2003/role/documentation">未回収商品券受入益、営業外収益</link:label>
    <link:label xml:lang="ja" xlink:type="resource" xlink:label="tse-qcedjpfr-82600_ProvisionForLossOnRedemptionOfGiftCertificatesNCL_label_1" xlink:role="http://www.xbrl.org/2003/role/label">商品券回収損失引当金</link:label>
    <link:label xml:lang="ja" xlink:type="resource" xlink:label="tse-qcedjpfr-82600_ProvisionForLossOnRedemptionOfGiftCertificatesNCL_label_2" xlink:role="http://www.xbrl.org/2003/role/verboseLabel">商品券回収損失引当金、固定負債</link:label>
    <link:label xml:lang="ja" xlink:type="resource" xlink:label="tse-qcedjpfr-82600_ProvisionForLossOnRedemptionOfGiftCertificatesNCL_label" xlink:role="http://www.xbrl.org/2003/role/documentation">商品券回収損失引当金、固定負債</link:label>
    <link:label xml:lang="ja" xlink:type="resource" xlink:label="tse-qcedjpfr-82600_ProvisionForLossOnRedemptionOfGiftCertificatesNOE_label_1" xlink:role="http://www.xbrl.org/2003/role/label">商品券回収損失引当金繰入額</link:label>
    <link:label xml:lang="ja" xlink:type="resource" xlink:label="tse-qcedjpfr-82600_ProvisionForLossOnRedemptionOfGiftCertificatesNOE_label_2" xlink:role="http://www.xbrl.org/2003/role/verboseLabel">商品券回収損失引当金繰入額、営業外費用</link:label>
    <link:label xml:lang="ja" xlink:type="resource" xlink:label="tse-qcedjpfr-82600_ProvisionForLossOnRedemptionOfGiftCertificatesNOE_label" xlink:role="http://www.xbrl.org/2003/role/documentation">商品券回収損失引当金繰入額、営業外費用</link:label>
    <link:loc xlink:type="locator" xlink:href="tse-qcedjpfr-82600-2022-08-31-01-2022-10-13.xsd#tse-qcedjpfr-82600_IncomeFromUnredeemedGiftCertificatesNOI" xlink:label="tse-qcedjpfr-82600_IncomeFromUnredeemedGiftCertificatesNOI" />
    <link:loc xlink:type="locator" xlink:href="tse-qcedjpfr-82600-2022-08-31-01-2022-10-13.xsd#tse-qcedjpfr-82600_ProvisionForLossOnRedemptionOfGiftCertificatesNCL" xlink:label="tse-qcedjpfr-82600_ProvisionForLossOnRedemptionOfGiftCertificatesNCL" />
    <link:loc xlink:type="locator" xlink:href="tse-qcedjpfr-82600-2022-08-31-01-2022-10-13.xsd#tse-qcedjpfr-82600_ProvisionForLossOnRedemptionOfGiftCertificatesNOE" xlink:label="tse-qcedjpfr-82600_ProvisionForLossOnRedemptionOfGiftCertificatesNOE" />
    <link:labelArc xlink:type="arc" xlink:from="tse-qcedjpfr-82600_IncomeFromUnredeemedGiftCertificatesNOI" xlink:to="tse-qcedjpfr-82600_IncomeFromUnredeemedGiftCertificatesNOI_label" xlink:arcrole="http://www.xbrl.org/2003/arcrole/concept-label" order="1" />
    <link:labelArc xlink:type="arc" xlink:from="tse-qcedjpfr-82600_IncomeFromUnredeemedGiftCertificatesNOI" xlink:to="tse-qcedjpfr-82600_IncomeFromUnredeemedGiftCertificatesNOI_label_1" xlink:arcrole="http://www.xbrl.org/2003/arcrole/concept-label" order="1" />
    <link:labelArc xlink:type="arc" xlink:from="tse-qcedjpfr-82600_IncomeFromUnredeemedGiftCertificatesNOI" xlink:to="tse-qcedjpfr-82600_IncomeFromUnredeemedGiftCertificatesNOI_label_2" xlink:arcrole="http://www.xbrl.org/2003/arcrole/concept-label" order="1" />
    <link:labelArc xlink:type="arc" xlink:from="tse-qcedjpfr-82600_ProvisionForLossOnRedemptionOfGiftCertificatesNCL" xlink:to="tse-qcedjpfr-82600_ProvisionForLossOnRedemptionOfGiftCertificatesNCL_label" xlink:arcrole="http://www.xbrl.org/2003/arcrole/concept-label" order="1" />
    <link:labelArc xlink:type="arc" xlink:from="tse-qcedjpfr-82600_ProvisionForLossOnRedemptionOfGiftCertificatesNCL" xlink:to="tse-qcedjpfr-82600_ProvisionForLossOnRedemptionOfGiftCertificatesNCL_label_1" xlink:arcrole="http://www.xbrl.org/2003/arcrole/concept-label" order="1" />
    <link:labelArc xlink:type="arc" xlink:from="tse-qcedjpfr-82600_ProvisionForLossOnRedemptionOfGiftCertificatesNCL" xlink:to="tse-qcedjpfr-82600_ProvisionForLossOnRedemptionOfGiftCertificatesNCL_label_2" xlink:arcrole="http://www.xbrl.org/2003/arcrole/concept-label" order="1" />
    <link:labelArc xlink:type="arc" xlink:from="tse-qcedjpfr-82600_ProvisionForLossOnRedemptionOfGiftCertificatesNOE" xlink:to="tse-qcedjpfr-82600_ProvisionForLossOnRedemptionOfGiftCertificatesNOE_label" xlink:arcrole="http://www.xbrl.org/2003/arcrole/concept-label" order="1" />
    <link:labelArc xlink:type="arc" xlink:from="tse-qcedjpfr-82600_ProvisionForLossOnRedemptionOfGiftCertificatesNOE" xlink:to="tse-qcedjpfr-82600_ProvisionForLossOnRedemptionOfGiftCertificatesNOE_label_1" xlink:arcrole="http://www.xbrl.org/2003/arcrole/concept-label" order="1" />
    <link:labelArc xlink:type="arc" xlink:from="tse-qcedjpfr-82600_ProvisionForLossOnRedemptionOfGiftCertificatesNOE" xlink:to="tse-qcedjpfr-82600_ProvisionForLossOnRedemptionOfGiftCertificatesNOE_label_2" xlink:arcrole="http://www.xbrl.org/2003/arcrole/concept-label" order="1" />
  </link:labelLink>
</link:linkbase>