<?xml version="1.0" encoding="utf-8"?>
<!-- Generated by PRONEXUS WORKS --><link:linkbase xmlns:link="http://www.xbrl.org/2003/linkbase" xmlns:xsi="http://www.w3.org/2001/XMLSchema-instance" xmlns:xbrli="http://www.xbrl.org/2003/instance" xmlns:xlink="http://www.w3.org/1999/xlink">  <link:labelLink xlink:type="extended" xlink:role="http://www.xbrl.org/2003/role/link">    <link:loc xlink:type="locator" xlink:href="tse-qcedjpfr-98280-2022-09-30-01-2022-10-28.xsd#tse-qcedjpfr-98280_AllowanceForSubleaseLossCL" xlink:label="AllowanceForSubleaseLossCL" />    <link:loc xlink:type="locator" xlink:href="tse-qcedjpfr-98280-2022-09-30-01-2022-10-28.xsd#tse-qcedjpfr-98280_AllowanceForSubleaseLossNCL" xlink:label="AllowanceForSubleaseLossNCL" />    <link:loc xlink:type="locator" xlink:href="tse-qcedjpfr-98280-2022-09-30-01-2022-10-28.xsd#tse-qcedjpfr-98280_SubsidyIncomeEI" xlink:label="SubsidyIncomeEI" />    <link:loc xlink:type="locator" xlink:href="tse-qcedjpfr-98280-2022-09-30-01-2022-10-28.xsd#tse-qcedjpfr-98280_IncreaseDecreaseInProvisionForSubleaseLossOpeCF" xlink:label="IncreaseDecreaseInProvisionForSubleaseLossOpeCF" />    <link:loc xlink:type="locator" xlink:href="tse-qcedjpfr-98280-2022-09-30-01-2022-10-28.xsd#tse-qcedjpfr-98280_SpecialInvestgationExpencsesEL" xlink:label="SpecialInvestgationExpencsesEL" />    <link:loc xlink:type="locator" xlink:href="tse-qcedjpfr-98280-2022-09-30-01-2022-10-28.xsd#tse-qcedjpfr-98280_SpecialInvestigationExpensesOpeCF" xlink:label="SpecialInvestigationExpensesOpeCF" />    <link:loc xlink:type="locator" xlink:href="tse-qcedjpfr-98280-2022-09-30-01-2022-10-28.xsd#tse-qcedjpfr-98280_SpecialInvestigationExpensesPaidOpeCF" xlink:label="SpecialInvestigationExpensesPaidOpeCF" />    <link:label xlink:type="resource" xlink:label="label_IncreaseDecreaseInProvisionForSubleaseLossOpeCF" xml:lang="ja" xlink:role="http://www.xbrl.org/2003/role/label" id="label_IncreaseDecreaseInProvisionForSubleaseLossOpeCF">転貸損失引当金の増減額（△は減少）</link:label>    <link:labelArc xlink:type="arc" xlink:arcrole="http://www.xbrl.org/2003/arcrole/concept-label" xlink:from="IncreaseDecreaseInProvisionForSubleaseLossOpeCF" xlink:to="label_IncreaseDecreaseInProvisionForSubleaseLossOpeCF" />    <link:label xlink:type="resource" xlink:label="label_IncreaseDecreaseInProvisionForSubleaseLossOpeCF_2" xml:lang="ja" xlink:role="http://www.xbrl.org/2003/role/verboseLabel" id="label_IncreaseDecreaseInProvisionForSubleaseLossOpeCF_2">転貸損失引当金の増減額（△は減少）、営業活動によるキャッシュ・フロー</link:label>    <link:labelArc xlink:type="arc" xlink:arcrole="http://www.xbrl.org/2003/arcrole/concept-label" xlink:from="IncreaseDecreaseInProvisionForSubleaseLossOpeCF" xlink:to="label_IncreaseDecreaseInProvisionForSubleaseLossOpeCF_2" />    <link:label xlink:type="resource" xlink:label="label_SpecialInvestigationExpensesOpeCF" xml:lang="ja" xlink:role="http://www.xbrl.org/2003/role/label" id="label_SpecialInvestigationExpensesOpeCF">特別調査費用</link:label>    <link:labelArc xlink:type="arc" xlink:arcrole="http://www.xbrl.org/2003/arcrole/concept-label" xlink:from="SpecialInvestigationExpensesOpeCF" xlink:to="label_SpecialInvestigationExpensesOpeCF" />    <link:label xlink:type="resource" xlink:label="label_SpecialInvestigationExpensesOpeCF_2" xml:lang="ja" xlink:role="http://www.xbrl.org/2003/role/verboseLabel" id="label_SpecialInvestigationExpensesOpeCF_2">特別調査費用、営業活動によるキャッシュ・フロー</link:label>    <link:labelArc xlink:type="arc" xlink:arcrole="http://www.xbrl.org/2003/arcrole/concept-label" xlink:from="SpecialInvestigationExpensesOpeCF" xlink:to="label_SpecialInvestigationExpensesOpeCF_2" />    <link:label xlink:type="resource" xlink:label="label_SpecialInvestigationExpensesPaidOpeCF" xml:lang="ja" xlink:role="http://www.xbrl.org/2003/role/label" id="label_SpecialInvestigationExpensesPaidOpeCF">特別調査費用の支払額</link:label>    <link:labelArc xlink:type="arc" xlink:arcrole="http://www.xbrl.org/2003/arcrole/concept-label" xlink:from="SpecialInvestigationExpensesPaidOpeCF" xlink:to="label_SpecialInvestigationExpensesPaidOpeCF" />    <link:label xlink:type="resource" xlink:label="label_SpecialInvestigationExpensesPaidOpeCF_2" xml:lang="ja" xlink:role="http://www.xbrl.org/2003/role/verboseLabel" id="label_SpecialInvestigationExpensesPaidOpeCF_2">特別調査費用の支払額、営業活動によるキャッシュ・フロー</link:label>    <link:labelArc xlink:type="arc" xlink:arcrole="http://www.xbrl.org/2003/arcrole/concept-label" xlink:from="SpecialInvestigationExpensesPaidOpeCF" xlink:to="label_SpecialInvestigationExpensesPaidOpeCF_2" />    <link:label xlink:type="resource" xlink:label="label_AllowanceForSubleaseLossCL" xml:lang="ja" xlink:role="http://www.xbrl.org/2003/role/label" id="label_AllowanceForSubleaseLossCL">転貸損失引当金</link:label>    <link:labelArc xlink:type="arc" xlink:arcrole="http://www.xbrl.org/2003/arcrole/concept-label" xlink:from="AllowanceForSubleaseLossCL" xlink:to="label_AllowanceForSubleaseLossCL" />    <link:label xlink:type="resource" xlink:label="label_AllowanceForSubleaseLossCL_2" xml:lang="ja" xlink:role="http://www.xbrl.org/2003/role/verboseLabel" id="label_AllowanceForSubleaseLossCL_2">転貸損失引当金</link:label>    <link:labelArc xlink:type="arc" xlink:arcrole="http://www.xbrl.org/2003/arcrole/concept-label" xlink:from="AllowanceForSubleaseLossCL" xlink:to="label_AllowanceForSubleaseLossCL_2" />    <link:label xlink:type="resource" xlink:label="label_AllowanceForSubleaseLossNCL" xml:lang="ja" xlink:role="http://www.xbrl.org/2003/role/label" id="label_AllowanceForSubleaseLossNCL">転貸損失引当金</link:label>    <link:labelArc xlink:type="arc" xlink:arcrole="http://www.xbrl.org/2003/arcrole/concept-label" xlink:from="AllowanceForSubleaseLossNCL" xlink:to="label_AllowanceForSubleaseLossNCL" />    <link:label xlink:type="resource" xlink:label="label_AllowanceForSubleaseLossNCL_2" xml:lang="ja" xlink:role="http://www.xbrl.org/2003/role/verboseLabel" id="label_AllowanceForSubleaseLossNCL_2">転貸損失引当金、固定負債</link:label>    <link:labelArc xlink:type="arc" xlink:arcrole="http://www.xbrl.org/2003/arcrole/concept-label" xlink:from="AllowanceForSubleaseLossNCL" xlink:to="label_AllowanceForSubleaseLossNCL_2" />    <link:label xlink:type="resource" xlink:label="label_SubsidyIncomeEI" xml:lang="ja" xlink:role="http://www.xbrl.org/2003/role/label" id="label_SubsidyIncomeEI">助成金収入</link:label>    <link:labelArc xlink:type="arc" xlink:arcrole="http://www.xbrl.org/2003/arcrole/concept-label" xlink:from="SubsidyIncomeEI" xlink:to="label_SubsidyIncomeEI" />    <link:label xlink:type="resource" xlink:label="label_SubsidyIncomeEI_2" xml:lang="ja" xlink:role="http://www.xbrl.org/2003/role/verboseLabel" id="label_SubsidyIncomeEI_2">助成金収入、特別利益</link:label>    <link:labelArc xlink:type="arc" xlink:arcrole="http://www.xbrl.org/2003/arcrole/concept-label" xlink:from="SubsidyIncomeEI" xlink:to="label_SubsidyIncomeEI_2" />    <link:label xlink:type="resource" xlink:label="label_SpecialInvestgationExpencsesEL" xml:lang="ja" xlink:role="http://www.xbrl.org/2003/role/label" id="label_SpecialInvestgationExpencsesEL">特別調査費用</link:label>    <link:labelArc xlink:type="arc" xlink:arcrole="http://www.xbrl.org/2003/arcrole/concept-label" xlink:from="SpecialInvestgationExpencsesEL" xlink:to="label_SpecialInvestgationExpencsesEL" />    <link:label xlink:type="resource" xlink:label="label_SpecialInvestgationExpencsesEL_2" xml:lang="ja" xlink:role="http://www.xbrl.org/2003/role/verboseLabel" id="label_SpecialInvestgationExpencsesEL_2">特別調査費用、特別損失</link:label>    <link:labelArc xlink:type="arc" xlink:arcrole="http://www.xbrl.org/2003/arcrole/concept-label" xlink:from="SpecialInvestgationExpencsesEL" xlink:to="label_SpecialInvestgationExpencsesEL_2" />  </link:labelLink></link:linkbase>