﻿<?xml version="1.0" encoding="utf-8"?>
<!-- Edited with FutureStage XBRL Solution Library .NET 01-11 -->
<link:linkbase xmlns:xlink="http://www.w3.org/1999/xlink" xmlns:xsi="http://www.w3.org/2001/XMLSchema-instance" xmlns:link="http://www.xbrl.org/2003/linkbase">
  <link:labelLink xlink:type="extended" xlink:role="http://www.xbrl.org/2003/role/link">
    <link:label xml:lang="ja" xlink:type="resource" xlink:label="tse-qcedjpfr-65560_ConsumptionTaxDifferenceNOI_label" xlink:role="http://www.xbrl.org/2003/role/label">消費税等差額</link:label>
    <link:label xml:lang="ja" xlink:type="resource" xlink:label="tse-qcedjpfr-65560_ConsumptionTaxDifferenceNOI_label_1" xlink:role="http://www.xbrl.org/2003/role/verboseLabel">消費税等差額、営業外収益</link:label>
    <link:label xml:lang="ja" xlink:type="resource" xlink:label="tse-qcedjpfr-65560_ProceedsFromRepaymentOfLeaseAndGuaranteeDepositsInvCF_label" xlink:role="http://www.xbrl.org/2003/role/label">敷金及び保証金の返還による収入</link:label>
    <link:label xml:lang="ja" xlink:type="resource" xlink:label="tse-qcedjpfr-65560_ProceedsFromRepaymentOfLeaseAndGuaranteeDepositsInvCF_label_1" xlink:role="http://www.xbrl.org/2003/role/verboseLabel">敷金及び保証金の返還による収入、投資活動によるキャッシュ・フロー</link:label>
    <link:loc xlink:type="locator" xlink:href="tse-qcedjpfr-65560-2022-09-30-01-2022-11-11.xsd#tse-qcedjpfr-65560_ConsumptionTaxDifferenceNOI" xlink:label="tse-qcedjpfr-65560_ConsumptionTaxDifferenceNOI" />
    <link:loc xlink:type="locator" xlink:href="tse-qcedjpfr-65560-2022-09-30-01-2022-11-11.xsd#tse-qcedjpfr-65560_ProceedsFromRepaymentOfLeaseAndGuaranteeDepositsInvCF" xlink:label="tse-qcedjpfr-65560_ProceedsFromRepaymentOfLeaseAndGuaranteeDepositsInvCF" />
    <link:labelArc xlink:type="arc" xlink:from="tse-qcedjpfr-65560_ConsumptionTaxDifferenceNOI" xlink:to="tse-qcedjpfr-65560_ConsumptionTaxDifferenceNOI_label_1" xlink:arcrole="http://www.xbrl.org/2003/arcrole/concept-label" order="1" />
    <link:labelArc xlink:type="arc" xlink:from="tse-qcedjpfr-65560_ConsumptionTaxDifferenceNOI" xlink:to="tse-qcedjpfr-65560_ConsumptionTaxDifferenceNOI_label" xlink:arcrole="http://www.xbrl.org/2003/arcrole/concept-label" order="1" />
    <link:labelArc xlink:type="arc" xlink:from="tse-qcedjpfr-65560_ProceedsFromRepaymentOfLeaseAndGuaranteeDepositsInvCF" xlink:to="tse-qcedjpfr-65560_ProceedsFromRepaymentOfLeaseAndGuaranteeDepositsInvCF_label_1" xlink:arcrole="http://www.xbrl.org/2003/arcrole/concept-label" order="1" />
    <link:labelArc xlink:type="arc" xlink:from="tse-qcedjpfr-65560_ProceedsFromRepaymentOfLeaseAndGuaranteeDepositsInvCF" xlink:to="tse-qcedjpfr-65560_ProceedsFromRepaymentOfLeaseAndGuaranteeDepositsInvCF_label" xlink:arcrole="http://www.xbrl.org/2003/arcrole/concept-label" order="1" />
  </link:labelLink>
</link:linkbase>