<?xml version="1.0" encoding="utf-8"?>
<!-- Generated by PRONEXUS WORKS --><link:linkbase xmlns:link="http://www.xbrl.org/2003/linkbase" xmlns:xsi="http://www.w3.org/2001/XMLSchema-instance" xmlns:xbrli="http://www.xbrl.org/2003/instance" xmlns:xlink="http://www.w3.org/1999/xlink">  <link:labelLink xlink:type="extended" xlink:role="http://www.xbrl.org/2003/role/link">    <link:loc xlink:type="locator" xlink:href="tse-qcedjpfr-44710-2022-09-30-01-2022-11-10.xsd#tse-qcedjpfr-44710_ProvisionForLossOnFactoryClosingCL" xlink:label="ProvisionForLossOnFactoryClosingCL" />    <link:loc xlink:type="locator" xlink:href="tse-qcedjpfr-44710-2022-09-30-01-2022-11-10.xsd#tse-qcedjpfr-44710_StockBasedCompensationAllowanceNCL" xlink:label="StockBasedCompensationAllowanceNCL" />    <link:loc xlink:type="locator" xlink:href="tse-qcedjpfr-44710-2022-09-30-01-2022-11-10.xsd#tse-qcedjpfr-44710_ChangesInNetDefinedBenefitAssetAndLiabilityOpeCF" xlink:label="ChangesInNetDefinedBenefitAssetAndLiabilityOpeCF" />    <link:loc xlink:type="locator" xlink:href="tse-qcedjpfr-44710-2022-09-30-01-2022-11-10.xsd#tse-qcedjpfr-44710_IncreaseDecreaseInProvisionStockBasedCompensationOpeCF" xlink:label="IncreaseDecreaseInProvisionStockBasedCompensationOpeCF" />    <link:label xlink:type="resource" xlink:label="label_ProvisionForLossOnFactoryClosingCL" xml:lang="ja" xlink:role="http://www.xbrl.org/2003/role/label" id="label_ProvisionForLossOnFactoryClosingCL">工場閉鎖損失引当金</link:label>    <link:labelArc xlink:type="arc" xlink:arcrole="http://www.xbrl.org/2003/arcrole/concept-label" xlink:from="ProvisionForLossOnFactoryClosingCL" xlink:to="label_ProvisionForLossOnFactoryClosingCL" />    <link:label xlink:type="resource" xlink:label="label_ProvisionForLossOnFactoryClosingCL_2" xml:lang="ja" xlink:role="http://www.xbrl.org/2003/role/verboseLabel" id="label_ProvisionForLossOnFactoryClosingCL_2">工場閉鎖損失引当金、流動負債</link:label>    <link:labelArc xlink:type="arc" xlink:arcrole="http://www.xbrl.org/2003/arcrole/concept-label" xlink:from="ProvisionForLossOnFactoryClosingCL" xlink:to="label_ProvisionForLossOnFactoryClosingCL_2" />    <link:label xlink:type="resource" xlink:label="label_StockBasedCompensationAllowanceNCL" xml:lang="ja" xlink:role="http://www.xbrl.org/2003/role/label" id="label_StockBasedCompensationAllowanceNCL">株式報酬引当金</link:label>    <link:labelArc xlink:type="arc" xlink:arcrole="http://www.xbrl.org/2003/arcrole/concept-label" xlink:from="StockBasedCompensationAllowanceNCL" xlink:to="label_StockBasedCompensationAllowanceNCL" />    <link:label xlink:type="resource" xlink:label="label_StockBasedCompensationAllowanceNCL_2" xml:lang="ja" xlink:role="http://www.xbrl.org/2003/role/verboseLabel" id="label_StockBasedCompensationAllowanceNCL_2">株式報酬引当金、固定負債</link:label>    <link:labelArc xlink:type="arc" xlink:arcrole="http://www.xbrl.org/2003/arcrole/concept-label" xlink:from="StockBasedCompensationAllowanceNCL" xlink:to="label_StockBasedCompensationAllowanceNCL_2" />    <link:label xlink:type="resource" xlink:label="label_ChangesInNetDefinedBenefitAssetAndLiabilityOpeCF" xml:lang="ja" xlink:role="http://www.xbrl.org/2003/role/label" id="label_ChangesInNetDefinedBenefitAssetAndLiabilityOpeCF">退職給付に係る資産負債の増減額</link:label>    <link:labelArc xlink:type="arc" xlink:arcrole="http://www.xbrl.org/2003/arcrole/concept-label" xlink:from="ChangesInNetDefinedBenefitAssetAndLiabilityOpeCF" xlink:to="label_ChangesInNetDefinedBenefitAssetAndLiabilityOpeCF" />    <link:label xlink:type="resource" xlink:label="label_ChangesInNetDefinedBenefitAssetAndLiabilityOpeCF_2" xml:lang="ja" xlink:role="http://www.xbrl.org/2003/role/verboseLabel" id="label_ChangesInNetDefinedBenefitAssetAndLiabilityOpeCF_2">退職給付に係る資産負債の増減額（△は減少）、営業活動によるキャッシュ・フロー</link:label>    <link:labelArc xlink:type="arc" xlink:arcrole="http://www.xbrl.org/2003/arcrole/concept-label" xlink:from="ChangesInNetDefinedBenefitAssetAndLiabilityOpeCF" xlink:to="label_ChangesInNetDefinedBenefitAssetAndLiabilityOpeCF_2" />    <link:label xlink:type="resource" xlink:label="label_ChangesInNetDefinedBenefitAssetAndLiabilityOpeCF_3" xml:lang="ja" xlink:role="http://www.xbrl.org/2003/role/totalLabel" id="label_ChangesInNetDefinedBenefitAssetAndLiabilityOpeCF_3">退職給付に係る資産負債の増減額(△は減少）</link:label>    <link:labelArc xlink:type="arc" xlink:arcrole="http://www.xbrl.org/2003/arcrole/concept-label" xlink:from="ChangesInNetDefinedBenefitAssetAndLiabilityOpeCF" xlink:to="label_ChangesInNetDefinedBenefitAssetAndLiabilityOpeCF_3" />    <link:label xlink:type="resource" xlink:label="label_IncreaseDecreaseInProvisionStockBasedCompensationOpeCF" xml:lang="ja" xlink:role="http://www.xbrl.org/2003/role/label" id="label_IncreaseDecreaseInProvisionStockBasedCompensationOpeCF">株式報酬引当金の増減額（△は減少）</link:label>    <link:labelArc xlink:type="arc" xlink:arcrole="http://www.xbrl.org/2003/arcrole/concept-label" xlink:from="IncreaseDecreaseInProvisionStockBasedCompensationOpeCF" xlink:to="label_IncreaseDecreaseInProvisionStockBasedCompensationOpeCF" />    <link:label xlink:type="resource" xlink:label="label_IncreaseDecreaseInProvisionStockBasedCompensationOpeCF_2" xml:lang="ja" xlink:role="http://www.xbrl.org/2003/role/verboseLabel" id="label_IncreaseDecreaseInProvisionStockBasedCompensationOpeCF_2">株式報酬引当金の増減額（△は減少）、営業活動によるキャッシュ・フロー</link:label>    <link:labelArc xlink:type="arc" xlink:arcrole="http://www.xbrl.org/2003/arcrole/concept-label" xlink:from="IncreaseDecreaseInProvisionStockBasedCompensationOpeCF" xlink:to="label_IncreaseDecreaseInProvisionStockBasedCompensationOpeCF_2" />  </link:labelLink></link:linkbase>