<?xml version="1.0" encoding="utf-8"?>
<!-- Generated by PRONEXUS WORKS --><link:linkbase xmlns:link="http://www.xbrl.org/2003/linkbase" xmlns:xsi="http://www.w3.org/2001/XMLSchema-instance" xmlns:xbrli="http://www.xbrl.org/2003/instance" xmlns:xlink="http://www.w3.org/1999/xlink">  <link:labelLink xlink:type="extended" xlink:role="http://www.xbrl.org/2003/role/link">    <link:loc xlink:type="locator" xlink:href="tse-acedjpfr-62840-2022-09-30-01-2022-11-09.xsd#tse-acedjpfr-62840_SettlementReceivedNOI" xlink:label="SettlementReceivedNOI" />    <link:label xlink:type="resource" xlink:label="label_SettlementReceivedNOI" xml:lang="en" xlink:role="http://www.xbrl.org/2003/role/label" id="label_SettlementReceivedNOI">Settlement received</link:label>    <link:labelArc xlink:type="arc" xlink:arcrole="http://www.xbrl.org/2003/arcrole/concept-label" xlink:from="SettlementReceivedNOI" xlink:to="label_SettlementReceivedNOI" />    <link:label xlink:type="resource" xlink:label="label_SettlementReceivedNOI_2" xml:lang="en" xlink:role="http://www.xbrl.org/2003/role/verboseLabel" id="label_SettlementReceivedNOI_2">Settlement received - NOI</link:label>    <link:labelArc xlink:type="arc" xlink:arcrole="http://www.xbrl.org/2003/arcrole/concept-label" xlink:from="SettlementReceivedNOI" xlink:to="label_SettlementReceivedNOI_2" />    <link:loc xlink:type="locator" xlink:href="http://disclosure.edinet-fsa.go.jp/taxonomy/jppfs/2021-11-01/jppfs_cor_2021-11-01.xsd#jppfs_cor_CumulativeEffectsOfChangesInAccountingPolicies" xlink:label="CumulativeEffectsOfChangesInAccountingPolicies" />    <link:label xlink:type="resource" xlink:label="label_CumulativeEffectsOfChangesInAccountingPolicies" xml:lang="en" xlink:role="http://www.xbrl.org/2003/role/periodStartLabel" id="label_CumulativeEffectsOfChangesInAccountingPolicies">Cumulative effects of changes in accounting policies</link:label>    <link:labelArc xlink:type="arc" xlink:arcrole="http://www.xbrl.org/2003/arcrole/concept-label" xlink:from="CumulativeEffectsOfChangesInAccountingPolicies" xlink:to="label_CumulativeEffectsOfChangesInAccountingPolicies" />    <link:loc xlink:type="locator" xlink:href="http://disclosure.edinet-fsa.go.jp/taxonomy/jppfs/2021-11-01/jppfs_cor_2021-11-01.xsd#jppfs_cor_RestatedBalance" xlink:label="RestatedBalance" />    <link:label xlink:type="resource" xlink:label="label_RestatedBalance" xml:lang="en" xlink:role="http://www.xbrl.org/2003/role/periodStartLabel" id="label_RestatedBalance">Restated balance</link:label>    <link:labelArc xlink:type="arc" xlink:arcrole="http://www.xbrl.org/2003/arcrole/concept-label" xlink:from="RestatedBalance" xlink:to="label_RestatedBalance" />    <link:loc xlink:type="locator" xlink:href="tse-acedjpfr-62840-2022-09-30-01-2022-11-09.xsd#tse-acedjpfr-62840_IncreaseDecreaseInContractLiabilitiesOpeCF" xlink:label="IncreaseDecreaseInContractLiabilitiesOpeCF" />    <link:label xlink:type="resource" xlink:label="label_IncreaseDecreaseInContractLiabilitiesOpeCF" xml:lang="en" xlink:role="http://www.xbrl.org/2003/role/label" id="label_IncreaseDecreaseInContractLiabilitiesOpeCF">Increase (decrease) in contract liabilities</link:label>    <link:labelArc xlink:type="arc" xlink:arcrole="http://www.xbrl.org/2003/arcrole/concept-label" xlink:from="IncreaseDecreaseInContractLiabilitiesOpeCF" xlink:to="label_IncreaseDecreaseInContractLiabilitiesOpeCF" />    <link:label xlink:type="resource" xlink:label="label_IncreaseDecreaseInContractLiabilitiesOpeCF_2" xml:lang="en" xlink:role="http://www.xbrl.org/2003/role/verboseLabel" id="label_IncreaseDecreaseInContractLiabilitiesOpeCF_2">Increase (decrease) in contract liabilities-OpeCF</link:label>    <link:labelArc xlink:type="arc" xlink:arcrole="http://www.xbrl.org/2003/arcrole/concept-label" xlink:from="IncreaseDecreaseInContractLiabilitiesOpeCF" xlink:to="label_IncreaseDecreaseInContractLiabilitiesOpeCF_2" />  </link:labelLink></link:linkbase>