﻿<?xml version="1.0" encoding="utf-8"?>
<!-- Edited with FutureStage XBRL Solution Library .NET 01-11 -->
<link:linkbase xmlns:xlink="http://www.w3.org/1999/xlink" xmlns:xsi="http://www.w3.org/2001/XMLSchema-instance" xmlns:link="http://www.xbrl.org/2003/linkbase">
  <link:roleRef xlink:type="simple" xlink:href="http://disclosure.edinet-fsa.go.jp/taxonomy/jppfs/2021-11-01/jppfs_rt_2021-11-01.xsd#rol_QuarterlyConsolidatedBalanceSheet" roleURI="http://disclosure.edinet-fsa.go.jp/role/jppfs/rol_QuarterlyConsolidatedBalanceSheet" />
  <link:roleRef xlink:type="simple" xlink:href="http://disclosure.edinet-fsa.go.jp/taxonomy/jppfs/2021-11-01/jppfs_rt_2021-11-01.xsd#rol_YearToQuarterEndConsolidatedStatementOfComprehensiveIncome" roleURI="http://disclosure.edinet-fsa.go.jp/role/jppfs/rol_YearToQuarterEndConsolidatedStatementOfComprehensiveIncome" />
  <link:roleRef xlink:type="simple" xlink:href="http://disclosure.edinet-fsa.go.jp/taxonomy/jppfs/2021-11-01/jppfs_rt_2021-11-01.xsd#rol_YearToQuarterEndConsolidatedStatementOfIncome" roleURI="http://disclosure.edinet-fsa.go.jp/role/jppfs/rol_YearToQuarterEndConsolidatedStatementOfIncome" />
  <link:roleRef xlink:type="simple" xlink:href="http://www.xbrl.tdnet.info/taxonomy/jp/tse/tdnet/at/o/rt/2014-01-12/tse-at-rt-2014-01-12.xsd#RoleAttachedDocument" roleURI="http://www.xbrl.tdnet.info/jp/tse/tdnet/role/RoleAttachedDocument" />
  <link:presentationLink xlink:type="extended" xlink:role="http://www.xbrl.tdnet.info/jp/tse/tdnet/role/RoleAttachedDocument">
    <link:loc xlink:type="locator" xlink:href="http://disclosure.edinet-fsa.go.jp/taxonomy/jpcrp/2021-11-01/jpcrp_cor_2021-11-01.xsd#jpcrp_cor_QuarterlyConsolidatedBalanceSheetTextBlock" xlink:label="jpcrp_cor_QuarterlyConsolidatedBalanceSheetTextBlock" />
    <link:loc xlink:type="locator" xlink:href="http://disclosure.edinet-fsa.go.jp/taxonomy/jpcrp/2021-11-01/jpcrp_cor_2021-11-01.xsd#jpcrp_cor_QuarterlyConsolidatedFinancialStatementsHeading" xlink:label="jpcrp_cor_QuarterlyConsolidatedFinancialStatementsHeading" />
    <link:loc xlink:type="locator" xlink:href="http://disclosure.edinet-fsa.go.jp/taxonomy/jpcrp/2021-11-01/jpcrp_cor_2021-11-01.xsd#jpcrp_cor_YearToQuarterEndConsolidatedStatementOfComprehensiveIncomeTextBlock" xlink:label="jpcrp_cor_YearToQuarterEndConsolidatedStatementOfComprehensiveIncomeTextBlock" />
    <link:loc xlink:type="locator" xlink:href="http://disclosure.edinet-fsa.go.jp/taxonomy/jpcrp/2021-11-01/jpcrp_cor_2021-11-01.xsd#jpcrp_cor_YearToQuarterEndConsolidatedStatementOfIncomeTextBlock" xlink:label="jpcrp_cor_YearToQuarterEndConsolidatedStatementOfIncomeTextBlock" />
    <link:loc xlink:type="locator" xlink:href="http://disclosure.edinet-fsa.go.jp/taxonomy/jppfs/2021-11-01/jppfs_cor_2021-11-01.xsd#jppfs_cor_QuarterlyConsolidatedBalanceSheetHeading" xlink:label="jppfs_cor_QuarterlyConsolidatedBalanceSheetHeading" />
    <link:loc xlink:type="locator" xlink:href="http://disclosure.edinet-fsa.go.jp/taxonomy/jppfs/2021-11-01/jppfs_cor_2021-11-01.xsd#jppfs_cor_QuarterlyConsolidatedStatementOfComprehensiveIncomeHeading" xlink:label="jppfs_cor_QuarterlyConsolidatedStatementOfComprehensiveIncomeHeading" />
    <link:loc xlink:type="locator" xlink:href="http://disclosure.edinet-fsa.go.jp/taxonomy/jppfs/2021-11-01/jppfs_cor_2021-11-01.xsd#jppfs_cor_QuarterlyConsolidatedStatementOfIncomeAndConsolidatedStatementOfComprehensiveIncomeHeading" xlink:label="jppfs_cor_QuarterlyConsolidatedStatementOfIncomeAndConsolidatedStatementOfComprehensiveIncomeHeading" />
    <link:loc xlink:type="locator" xlink:href="http://disclosure.edinet-fsa.go.jp/taxonomy/jppfs/2021-11-01/jppfs_cor_2021-11-01.xsd#jppfs_cor_QuarterlyConsolidatedStatementOfIncomeHeading" xlink:label="jppfs_cor_QuarterlyConsolidatedStatementOfIncomeHeading" />
    <link:loc xlink:type="locator" xlink:href="http://disclosure.edinet-fsa.go.jp/taxonomy/jppfs/2021-11-01/jppfs_cor_2021-11-01.xsd#jppfs_cor_YearToQuarterEndConsolidatedStatementOfComprehensiveIncomeHeading" xlink:label="jppfs_cor_YearToQuarterEndConsolidatedStatementOfComprehensiveIncomeHeading" />
    <link:loc xlink:type="locator" xlink:href="http://disclosure.edinet-fsa.go.jp/taxonomy/jppfs/2021-11-01/jppfs_cor_2021-11-01.xsd#jppfs_cor_YearToQuarterEndConsolidatedStatementOfIncomeHeading" xlink:label="jppfs_cor_YearToQuarterEndConsolidatedStatementOfIncomeHeading" />
    <link:loc xlink:type="locator" xlink:href="http://www.xbrl.tdnet.info/taxonomy/jp/tse/tdnet/at/t/2014-01-12/tse-at-t-2014-01-12.xsd#tse-at-t_AttachedDocumentHeading" xlink:label="tse-at-t_AttachedDocumentHeading" />
    <link:presentationArc xlink:type="arc" xlink:from="jpcrp_cor_QuarterlyConsolidatedFinancialStatementsHeading" xlink:to="jppfs_cor_QuarterlyConsolidatedBalanceSheetHeading" xlink:arcrole="http://www.xbrl.org/2003/arcrole/parent-child" order="1" />
    <link:presentationArc xlink:type="arc" xlink:from="jpcrp_cor_QuarterlyConsolidatedFinancialStatementsHeading" xlink:to="jppfs_cor_QuarterlyConsolidatedStatementOfIncomeAndConsolidatedStatementOfComprehensiveIncomeHeading" xlink:arcrole="http://www.xbrl.org/2003/arcrole/parent-child" order="2" />
    <link:presentationArc xlink:type="arc" xlink:from="jppfs_cor_QuarterlyConsolidatedBalanceSheetHeading" xlink:to="jpcrp_cor_QuarterlyConsolidatedBalanceSheetTextBlock" xlink:arcrole="http://www.xbrl.org/2003/arcrole/parent-child" order="1" />
    <link:presentationArc xlink:type="arc" xlink:from="jppfs_cor_QuarterlyConsolidatedStatementOfIncomeAndConsolidatedStatementOfComprehensiveIncomeHeading" xlink:to="jppfs_cor_QuarterlyConsolidatedStatementOfComprehensiveIncomeHeading" xlink:arcrole="http://www.xbrl.org/2003/arcrole/parent-child" order="2" />
    <link:presentationArc xlink:type="arc" xlink:from="jppfs_cor_QuarterlyConsolidatedStatementOfComprehensiveIncomeHeading" xlink:to="jppfs_cor_YearToQuarterEndConsolidatedStatementOfComprehensiveIncomeHeading" xlink:arcrole="http://www.xbrl.org/2003/arcrole/parent-child" order="1" />
    <link:presentationArc xlink:type="arc" xlink:from="jppfs_cor_QuarterlyConsolidatedStatementOfIncomeAndConsolidatedStatementOfComprehensiveIncomeHeading" xlink:to="jppfs_cor_QuarterlyConsolidatedStatementOfIncomeHeading" xlink:arcrole="http://www.xbrl.org/2003/arcrole/parent-child" order="1" />
    <link:presentationArc xlink:type="arc" xlink:from="jppfs_cor_QuarterlyConsolidatedStatementOfIncomeHeading" xlink:to="jppfs_cor_YearToQuarterEndConsolidatedStatementOfIncomeHeading" xlink:arcrole="http://www.xbrl.org/2003/arcrole/parent-child" order="1" />
    <link:presentationArc xlink:type="arc" xlink:from="jppfs_cor_YearToQuarterEndConsolidatedStatementOfComprehensiveIncomeHeading" xlink:to="jpcrp_cor_YearToQuarterEndConsolidatedStatementOfComprehensiveIncomeTextBlock" xlink:arcrole="http://www.xbrl.org/2003/arcrole/parent-child" order="1" />
    <link:presentationArc xlink:type="arc" xlink:from="jppfs_cor_YearToQuarterEndConsolidatedStatementOfIncomeHeading" xlink:to="jpcrp_cor_YearToQuarterEndConsolidatedStatementOfIncomeTextBlock" xlink:arcrole="http://www.xbrl.org/2003/arcrole/parent-child" order="1" />
    <link:presentationArc xlink:type="arc" xlink:from="tse-at-t_AttachedDocumentHeading" xlink:to="jpcrp_cor_QuarterlyConsolidatedFinancialStatementsHeading" xlink:arcrole="http://www.xbrl.org/2003/arcrole/parent-child" order="1" />
  </link:presentationLink>
  <link:presentationLink xlink:type="extended" xlink:role="http://disclosure.edinet-fsa.go.jp/role/jppfs/rol_QuarterlyConsolidatedBalanceSheet">
    <link:loc xlink:type="locator" xlink:href="http://disclosure.edinet-fsa.go.jp/taxonomy/jppfs/2021-11-01/jppfs_cor_2021-11-01.xsd#jppfs_cor_AllowanceForDoubtfulAccountsCA" xlink:label="jppfs_cor_AllowanceForDoubtfulAccountsCA" />
    <link:loc xlink:type="locator" xlink:href="http://disclosure.edinet-fsa.go.jp/taxonomy/jppfs/2021-11-01/jppfs_cor_2021-11-01.xsd#jppfs_cor_AllowanceForDoubtfulAccountsIOAByGroup" xlink:label="jppfs_cor_AllowanceForDoubtfulAccountsIOAByGroup" />
    <link:loc xlink:type="locator" xlink:href="http://disclosure.edinet-fsa.go.jp/taxonomy/jppfs/2021-11-01/jppfs_cor_2021-11-01.xsd#jppfs_cor_Assets" xlink:label="jppfs_cor_Assets" />
    <link:loc xlink:type="locator" xlink:href="http://disclosure.edinet-fsa.go.jp/taxonomy/jppfs/2021-11-01/jppfs_cor_2021-11-01.xsd#jppfs_cor_AssetsAbstract" xlink:label="jppfs_cor_AssetsAbstract" />
    <link:loc xlink:type="locator" xlink:href="http://disclosure.edinet-fsa.go.jp/taxonomy/jppfs/2021-11-01/jppfs_cor_2021-11-01.xsd#jppfs_cor_BalanceSheetLineItems" xlink:label="jppfs_cor_BalanceSheetLineItems" />
    <link:loc xlink:type="locator" xlink:href="http://disclosure.edinet-fsa.go.jp/taxonomy/jppfs/2021-11-01/jppfs_cor_2021-11-01.xsd#jppfs_cor_BalanceSheetTable" xlink:label="jppfs_cor_BalanceSheetTable" />
    <link:loc xlink:type="locator" xlink:href="http://disclosure.edinet-fsa.go.jp/taxonomy/jppfs/2021-11-01/jppfs_cor_2021-11-01.xsd#jppfs_cor_CapitalStock" xlink:label="jppfs_cor_CapitalStock" />
    <link:loc xlink:type="locator" xlink:href="http://disclosure.edinet-fsa.go.jp/taxonomy/jppfs/2021-11-01/jppfs_cor_2021-11-01.xsd#jppfs_cor_CapitalSurplus" xlink:label="jppfs_cor_CapitalSurplus" />
    <link:loc xlink:type="locator" xlink:href="http://disclosure.edinet-fsa.go.jp/taxonomy/jppfs/2021-11-01/jppfs_cor_2021-11-01.xsd#jppfs_cor_CashAndDeposits" xlink:label="jppfs_cor_CashAndDeposits" />
    <link:loc xlink:type="locator" xlink:href="http://disclosure.edinet-fsa.go.jp/taxonomy/jppfs/2021-11-01/jppfs_cor_2021-11-01.xsd#jppfs_cor_ConsolidatedMember" xlink:label="jppfs_cor_ConsolidatedMember" />
    <link:loc xlink:type="locator" xlink:href="http://disclosure.edinet-fsa.go.jp/taxonomy/jppfs/2021-11-01/jppfs_cor_2021-11-01.xsd#jppfs_cor_ConsolidatedOrNonConsolidatedAxis" xlink:label="jppfs_cor_ConsolidatedOrNonConsolidatedAxis" />
    <link:loc xlink:type="locator" xlink:href="http://disclosure.edinet-fsa.go.jp/taxonomy/jppfs/2021-11-01/jppfs_cor_2021-11-01.xsd#jppfs_cor_CurrentAssets" xlink:label="jppfs_cor_CurrentAssets" />
    <link:loc xlink:type="locator" xlink:href="http://disclosure.edinet-fsa.go.jp/taxonomy/jppfs/2021-11-01/jppfs_cor_2021-11-01.xsd#jppfs_cor_CurrentAssetsAbstract" xlink:label="jppfs_cor_CurrentAssetsAbstract" />
    <link:loc xlink:type="locator" xlink:href="http://disclosure.edinet-fsa.go.jp/taxonomy/jppfs/2021-11-01/jppfs_cor_2021-11-01.xsd#jppfs_cor_CurrentLiabilities" xlink:label="jppfs_cor_CurrentLiabilities" />
    <link:loc xlink:type="locator" xlink:href="http://disclosure.edinet-fsa.go.jp/taxonomy/jppfs/2021-11-01/jppfs_cor_2021-11-01.xsd#jppfs_cor_CurrentLiabilitiesAbstract" xlink:label="jppfs_cor_CurrentLiabilitiesAbstract" />
    <link:loc xlink:type="locator" xlink:href="http://disclosure.edinet-fsa.go.jp/taxonomy/jppfs/2021-11-01/jppfs_cor_2021-11-01.xsd#jppfs_cor_ElectronicallyRecordedMonetaryClaimsOperatingCA" xlink:label="jppfs_cor_ElectronicallyRecordedMonetaryClaimsOperatingCA" />
    <link:loc xlink:type="locator" xlink:href="http://disclosure.edinet-fsa.go.jp/taxonomy/jppfs/2021-11-01/jppfs_cor_2021-11-01.xsd#jppfs_cor_ElectronicallyRecordedObligationsOperatingCL" xlink:label="jppfs_cor_ElectronicallyRecordedObligationsOperatingCL" />
    <link:loc xlink:type="locator" xlink:href="http://disclosure.edinet-fsa.go.jp/taxonomy/jppfs/2021-11-01/jppfs_cor_2021-11-01.xsd#jppfs_cor_ForeignCurrencyTranslationAdjustment" xlink:label="jppfs_cor_ForeignCurrencyTranslationAdjustment" />
    <link:loc xlink:type="locator" xlink:href="http://disclosure.edinet-fsa.go.jp/taxonomy/jppfs/2021-11-01/jppfs_cor_2021-11-01.xsd#jppfs_cor_IncomeTaxesPayable" xlink:label="jppfs_cor_IncomeTaxesPayable" />
    <link:loc xlink:type="locator" xlink:href="http://disclosure.edinet-fsa.go.jp/taxonomy/jppfs/2021-11-01/jppfs_cor_2021-11-01.xsd#jppfs_cor_IntangibleAssets" xlink:label="jppfs_cor_IntangibleAssets" />
    <link:loc xlink:type="locator" xlink:href="http://disclosure.edinet-fsa.go.jp/taxonomy/jppfs/2021-11-01/jppfs_cor_2021-11-01.xsd#jppfs_cor_IntangibleAssetsAbstract" xlink:label="jppfs_cor_IntangibleAssetsAbstract" />
    <link:loc xlink:type="locator" xlink:href="http://disclosure.edinet-fsa.go.jp/taxonomy/jppfs/2021-11-01/jppfs_cor_2021-11-01.xsd#jppfs_cor_Inventories" xlink:label="jppfs_cor_Inventories" />
    <link:loc xlink:type="locator" xlink:href="http://disclosure.edinet-fsa.go.jp/taxonomy/jppfs/2021-11-01/jppfs_cor_2021-11-01.xsd#jppfs_cor_InvestmentsAndOtherAssets" xlink:label="jppfs_cor_InvestmentsAndOtherAssets" />
    <link:loc xlink:type="locator" xlink:href="http://disclosure.edinet-fsa.go.jp/taxonomy/jppfs/2021-11-01/jppfs_cor_2021-11-01.xsd#jppfs_cor_InvestmentsAndOtherAssetsAbstract" xlink:label="jppfs_cor_InvestmentsAndOtherAssetsAbstract" />
    <link:loc xlink:type="locator" xlink:href="http://disclosure.edinet-fsa.go.jp/taxonomy/jppfs/2021-11-01/jppfs_cor_2021-11-01.xsd#jppfs_cor_Land" xlink:label="jppfs_cor_Land" />
    <link:loc xlink:type="locator" xlink:href="http://disclosure.edinet-fsa.go.jp/taxonomy/jppfs/2021-11-01/jppfs_cor_2021-11-01.xsd#jppfs_cor_Liabilities" xlink:label="jppfs_cor_Liabilities" />
    <link:loc xlink:type="locator" xlink:href="http://disclosure.edinet-fsa.go.jp/taxonomy/jppfs/2021-11-01/jppfs_cor_2021-11-01.xsd#jppfs_cor_LiabilitiesAbstract" xlink:label="jppfs_cor_LiabilitiesAbstract" />
    <link:loc xlink:type="locator" xlink:href="http://disclosure.edinet-fsa.go.jp/taxonomy/jppfs/2021-11-01/jppfs_cor_2021-11-01.xsd#jppfs_cor_LiabilitiesAndNetAssets" xlink:label="jppfs_cor_LiabilitiesAndNetAssets" />
    <link:loc xlink:type="locator" xlink:href="http://disclosure.edinet-fsa.go.jp/taxonomy/jppfs/2021-11-01/jppfs_cor_2021-11-01.xsd#jppfs_cor_LongTermLoansPayable" xlink:label="jppfs_cor_LongTermLoansPayable" />
    <link:loc xlink:type="locator" xlink:href="http://disclosure.edinet-fsa.go.jp/taxonomy/jppfs/2021-11-01/jppfs_cor_2021-11-01.xsd#jppfs_cor_NetAssets" xlink:label="jppfs_cor_NetAssets" />
    <link:loc xlink:type="locator" xlink:href="http://disclosure.edinet-fsa.go.jp/taxonomy/jppfs/2021-11-01/jppfs_cor_2021-11-01.xsd#jppfs_cor_NetAssetsAbstract" xlink:label="jppfs_cor_NetAssetsAbstract" />
    <link:loc xlink:type="locator" xlink:href="http://disclosure.edinet-fsa.go.jp/taxonomy/jppfs/2021-11-01/jppfs_cor_2021-11-01.xsd#jppfs_cor_NetDefinedBenefitLiability" xlink:label="jppfs_cor_NetDefinedBenefitLiability" />
    <link:loc xlink:type="locator" xlink:href="http://disclosure.edinet-fsa.go.jp/taxonomy/jppfs/2021-11-01/jppfs_cor_2021-11-01.xsd#jppfs_cor_NonControllingInterests" xlink:label="jppfs_cor_NonControllingInterests" />
    <link:loc xlink:type="locator" xlink:href="http://disclosure.edinet-fsa.go.jp/taxonomy/jppfs/2021-11-01/jppfs_cor_2021-11-01.xsd#jppfs_cor_NoncurrentAssets" xlink:label="jppfs_cor_NoncurrentAssets" />
    <link:loc xlink:type="locator" xlink:href="http://disclosure.edinet-fsa.go.jp/taxonomy/jppfs/2021-11-01/jppfs_cor_2021-11-01.xsd#jppfs_cor_NoncurrentAssetsAbstract" xlink:label="jppfs_cor_NoncurrentAssetsAbstract" />
    <link:loc xlink:type="locator" xlink:href="http://disclosure.edinet-fsa.go.jp/taxonomy/jppfs/2021-11-01/jppfs_cor_2021-11-01.xsd#jppfs_cor_NoncurrentLiabilities" xlink:label="jppfs_cor_NoncurrentLiabilities" />
    <link:loc xlink:type="locator" xlink:href="http://disclosure.edinet-fsa.go.jp/taxonomy/jppfs/2021-11-01/jppfs_cor_2021-11-01.xsd#jppfs_cor_NoncurrentLiabilitiesAbstract" xlink:label="jppfs_cor_NoncurrentLiabilitiesAbstract" />
    <link:loc xlink:type="locator" xlink:href="http://disclosure.edinet-fsa.go.jp/taxonomy/jppfs/2021-11-01/jppfs_cor_2021-11-01.xsd#jppfs_cor_NotesAndAccountsPayableTrade" xlink:label="jppfs_cor_NotesAndAccountsPayableTrade" />
    <link:loc xlink:type="locator" xlink:href="http://disclosure.edinet-fsa.go.jp/taxonomy/jppfs/2021-11-01/jppfs_cor_2021-11-01.xsd#jppfs_cor_NotesAndAccountsReceivableTrade" xlink:label="jppfs_cor_NotesAndAccountsReceivableTrade" />
    <link:loc xlink:type="locator" xlink:href="http://disclosure.edinet-fsa.go.jp/taxonomy/jppfs/2021-11-01/jppfs_cor_2021-11-01.xsd#jppfs_cor_OtherCA" xlink:label="jppfs_cor_OtherCA" />
    <link:loc xlink:type="locator" xlink:href="http://disclosure.edinet-fsa.go.jp/taxonomy/jppfs/2021-11-01/jppfs_cor_2021-11-01.xsd#jppfs_cor_OtherCL" xlink:label="jppfs_cor_OtherCL" />
    <link:loc xlink:type="locator" xlink:href="http://disclosure.edinet-fsa.go.jp/taxonomy/jppfs/2021-11-01/jppfs_cor_2021-11-01.xsd#jppfs_cor_OtherIA" xlink:label="jppfs_cor_OtherIA" />
    <link:loc xlink:type="locator" xlink:href="http://disclosure.edinet-fsa.go.jp/taxonomy/jppfs/2021-11-01/jppfs_cor_2021-11-01.xsd#jppfs_cor_OtherIOA" xlink:label="jppfs_cor_OtherIOA" />
    <link:loc xlink:type="locator" xlink:href="http://disclosure.edinet-fsa.go.jp/taxonomy/jppfs/2021-11-01/jppfs_cor_2021-11-01.xsd#jppfs_cor_OtherNCL" xlink:label="jppfs_cor_OtherNCL" />
    <link:loc xlink:type="locator" xlink:href="http://disclosure.edinet-fsa.go.jp/taxonomy/jppfs/2021-11-01/jppfs_cor_2021-11-01.xsd#jppfs_cor_OtherNetPPE" xlink:label="jppfs_cor_OtherNetPPE" />
    <link:loc xlink:type="locator" xlink:href="http://disclosure.edinet-fsa.go.jp/taxonomy/jppfs/2021-11-01/jppfs_cor_2021-11-01.xsd#jppfs_cor_PropertyPlantAndEquipment" xlink:label="jppfs_cor_PropertyPlantAndEquipment" />
    <link:loc xlink:type="locator" xlink:href="http://disclosure.edinet-fsa.go.jp/taxonomy/jppfs/2021-11-01/jppfs_cor_2021-11-01.xsd#jppfs_cor_PropertyPlantAndEquipmentAbstract" xlink:label="jppfs_cor_PropertyPlantAndEquipmentAbstract" />
    <link:loc xlink:type="locator" xlink:href="http://disclosure.edinet-fsa.go.jp/taxonomy/jppfs/2021-11-01/jppfs_cor_2021-11-01.xsd#jppfs_cor_ProvisionForBonuses" xlink:label="jppfs_cor_ProvisionForBonuses" />
    <link:loc xlink:type="locator" xlink:href="http://disclosure.edinet-fsa.go.jp/taxonomy/jppfs/2021-11-01/jppfs_cor_2021-11-01.xsd#jppfs_cor_ProvisionForDirectorsRetirementBenefits" xlink:label="jppfs_cor_ProvisionForDirectorsRetirementBenefits" />
    <link:loc xlink:type="locator" xlink:href="http://disclosure.edinet-fsa.go.jp/taxonomy/jppfs/2021-11-01/jppfs_cor_2021-11-01.xsd#jppfs_cor_QuarterlyConsolidatedBalanceSheetHeading" xlink:label="jppfs_cor_QuarterlyConsolidatedBalanceSheetHeading" />
    <link:loc xlink:type="locator" xlink:href="http://disclosure.edinet-fsa.go.jp/taxonomy/jppfs/2021-11-01/jppfs_cor_2021-11-01.xsd#jppfs_cor_RemeasurementsOfDefinedBenefitPlans" xlink:label="jppfs_cor_RemeasurementsOfDefinedBenefitPlans" />
    <link:loc xlink:type="locator" xlink:href="http://disclosure.edinet-fsa.go.jp/taxonomy/jppfs/2021-11-01/jppfs_cor_2021-11-01.xsd#jppfs_cor_RetainedEarnings" xlink:label="jppfs_cor_RetainedEarnings" />
    <link:loc xlink:type="locator" xlink:href="http://disclosure.edinet-fsa.go.jp/taxonomy/jppfs/2021-11-01/jppfs_cor_2021-11-01.xsd#jppfs_cor_ShareholdersEquity" xlink:label="jppfs_cor_ShareholdersEquity" />
    <link:loc xlink:type="locator" xlink:href="http://disclosure.edinet-fsa.go.jp/taxonomy/jppfs/2021-11-01/jppfs_cor_2021-11-01.xsd#jppfs_cor_ShareholdersEquityAbstract" xlink:label="jppfs_cor_ShareholdersEquityAbstract" />
    <link:loc xlink:type="locator" xlink:href="http://disclosure.edinet-fsa.go.jp/taxonomy/jppfs/2021-11-01/jppfs_cor_2021-11-01.xsd#jppfs_cor_ShortTermLoansPayable" xlink:label="jppfs_cor_ShortTermLoansPayable" />
    <link:loc xlink:type="locator" xlink:href="http://disclosure.edinet-fsa.go.jp/taxonomy/jppfs/2021-11-01/jppfs_cor_2021-11-01.xsd#jppfs_cor_TreasuryStock" xlink:label="jppfs_cor_TreasuryStock" />
    <link:loc xlink:type="locator" xlink:href="http://disclosure.edinet-fsa.go.jp/taxonomy/jppfs/2021-11-01/jppfs_cor_2021-11-01.xsd#jppfs_cor_ValuationAndTranslationAdjustments" xlink:label="jppfs_cor_ValuationAndTranslationAdjustments" />
    <link:loc xlink:type="locator" xlink:href="http://disclosure.edinet-fsa.go.jp/taxonomy/jppfs/2021-11-01/jppfs_cor_2021-11-01.xsd#jppfs_cor_ValuationAndTranslationAdjustmentsAbstract" xlink:label="jppfs_cor_ValuationAndTranslationAdjustmentsAbstract" />
    <link:loc xlink:type="locator" xlink:href="http://disclosure.edinet-fsa.go.jp/taxonomy/jppfs/2021-11-01/jppfs_cor_2021-11-01.xsd#jppfs_cor_ValuationDifferenceOnAvailableForSaleSecurities" xlink:label="jppfs_cor_ValuationDifferenceOnAvailableForSaleSecurities" />
    <link:loc xlink:type="locator" xlink:href="tse-qcedjpfr-54640-2022-09-30-01-2022-10-31.xsd#tse-qcedjpfr-54640_ProvisionForExecutiveOfficerRetirementNCL" xlink:label="tse-qcedjpfr-54640_ProvisionForExecutiveOfficerRetirementNCL" />
    <link:presentationArc xlink:type="arc" xlink:from="jppfs_cor_BalanceSheetLineItems" xlink:to="jppfs_cor_AssetsAbstract" xlink:arcrole="http://www.xbrl.org/2003/arcrole/parent-child" order="1" />
    <link:presentationArc xlink:type="arc" xlink:from="jppfs_cor_AssetsAbstract" xlink:to="jppfs_cor_CurrentAssetsAbstract" xlink:arcrole="http://www.xbrl.org/2003/arcrole/parent-child" order="1" />
    <link:presentationArc xlink:type="arc" xlink:from="jppfs_cor_AssetsAbstract" xlink:to="jppfs_cor_NoncurrentAssetsAbstract" xlink:arcrole="http://www.xbrl.org/2003/arcrole/parent-child" order="2" />
    <link:presentationArc xlink:type="arc" xlink:from="jppfs_cor_AssetsAbstract" xlink:to="jppfs_cor_Assets" xlink:arcrole="http://www.xbrl.org/2003/arcrole/parent-child" preferredLabel="http://www.xbrl.org/2003/role/totalLabel" order="3" />
    <link:presentationArc xlink:type="arc" xlink:from="jppfs_cor_BalanceSheetLineItems" xlink:to="jppfs_cor_LiabilitiesAbstract" xlink:arcrole="http://www.xbrl.org/2003/arcrole/parent-child" order="2" />
    <link:presentationArc xlink:type="arc" xlink:from="jppfs_cor_BalanceSheetLineItems" xlink:to="jppfs_cor_NetAssetsAbstract" xlink:arcrole="http://www.xbrl.org/2003/arcrole/parent-child" order="3" />
    <link:presentationArc xlink:type="arc" xlink:from="jppfs_cor_BalanceSheetLineItems" xlink:to="jppfs_cor_LiabilitiesAndNetAssets" xlink:arcrole="http://www.xbrl.org/2003/arcrole/parent-child" preferredLabel="http://www.xbrl.org/2003/role/totalLabel" order="4" />
    <link:presentationArc xlink:type="arc" xlink:from="jppfs_cor_BalanceSheetTable" xlink:to="jppfs_cor_ConsolidatedOrNonConsolidatedAxis" xlink:arcrole="http://www.xbrl.org/2003/arcrole/parent-child" order="1" />
    <link:presentationArc xlink:type="arc" xlink:from="jppfs_cor_ConsolidatedOrNonConsolidatedAxis" xlink:to="jppfs_cor_ConsolidatedMember" xlink:arcrole="http://www.xbrl.org/2003/arcrole/parent-child" order="1" />
    <link:presentationArc xlink:type="arc" xlink:from="jppfs_cor_CurrentAssetsAbstract" xlink:to="jppfs_cor_CashAndDeposits" xlink:arcrole="http://www.xbrl.org/2003/arcrole/parent-child" order="1" />
    <link:presentationArc xlink:type="arc" xlink:from="jppfs_cor_CurrentAssetsAbstract" xlink:to="jppfs_cor_NotesAndAccountsReceivableTrade" xlink:arcrole="http://www.xbrl.org/2003/arcrole/parent-child" order="2" />
    <link:presentationArc xlink:type="arc" xlink:from="jppfs_cor_CurrentAssetsAbstract" xlink:to="jppfs_cor_ElectronicallyRecordedMonetaryClaimsOperatingCA" xlink:arcrole="http://www.xbrl.org/2003/arcrole/parent-child" order="3" />
    <link:presentationArc xlink:type="arc" xlink:from="jppfs_cor_CurrentAssetsAbstract" xlink:to="jppfs_cor_Inventories" xlink:arcrole="http://www.xbrl.org/2003/arcrole/parent-child" order="4" />
    <link:presentationArc xlink:type="arc" xlink:from="jppfs_cor_CurrentAssetsAbstract" xlink:to="jppfs_cor_OtherCA" xlink:arcrole="http://www.xbrl.org/2003/arcrole/parent-child" order="5" />
    <link:presentationArc xlink:type="arc" xlink:from="jppfs_cor_CurrentAssetsAbstract" xlink:to="jppfs_cor_AllowanceForDoubtfulAccountsCA" xlink:arcrole="http://www.xbrl.org/2003/arcrole/parent-child" order="6" />
    <link:presentationArc xlink:type="arc" xlink:from="jppfs_cor_CurrentAssetsAbstract" xlink:to="jppfs_cor_CurrentAssets" xlink:arcrole="http://www.xbrl.org/2003/arcrole/parent-child" preferredLabel="http://www.xbrl.org/2003/role/totalLabel" order="7" />
    <link:presentationArc xlink:type="arc" xlink:from="jppfs_cor_LiabilitiesAbstract" xlink:to="jppfs_cor_CurrentLiabilitiesAbstract" xlink:arcrole="http://www.xbrl.org/2003/arcrole/parent-child" order="1" />
    <link:presentationArc xlink:type="arc" xlink:from="jppfs_cor_CurrentLiabilitiesAbstract" xlink:to="jppfs_cor_NotesAndAccountsPayableTrade" xlink:arcrole="http://www.xbrl.org/2003/arcrole/parent-child" order="1" />
    <link:presentationArc xlink:type="arc" xlink:from="jppfs_cor_CurrentLiabilitiesAbstract" xlink:to="jppfs_cor_ElectronicallyRecordedObligationsOperatingCL" xlink:arcrole="http://www.xbrl.org/2003/arcrole/parent-child" order="2" />
    <link:presentationArc xlink:type="arc" xlink:from="jppfs_cor_CurrentLiabilitiesAbstract" xlink:to="jppfs_cor_ShortTermLoansPayable" xlink:arcrole="http://www.xbrl.org/2003/arcrole/parent-child" order="3" />
    <link:presentationArc xlink:type="arc" xlink:from="jppfs_cor_CurrentLiabilitiesAbstract" xlink:to="jppfs_cor_IncomeTaxesPayable" xlink:arcrole="http://www.xbrl.org/2003/arcrole/parent-child" order="4" />
    <link:presentationArc xlink:type="arc" xlink:from="jppfs_cor_CurrentLiabilitiesAbstract" xlink:to="jppfs_cor_ProvisionForBonuses" xlink:arcrole="http://www.xbrl.org/2003/arcrole/parent-child" order="5" />
    <link:presentationArc xlink:type="arc" xlink:from="jppfs_cor_CurrentLiabilitiesAbstract" xlink:to="jppfs_cor_OtherCL" xlink:arcrole="http://www.xbrl.org/2003/arcrole/parent-child" order="6" />
    <link:presentationArc xlink:type="arc" xlink:from="jppfs_cor_CurrentLiabilitiesAbstract" xlink:to="jppfs_cor_CurrentLiabilities" xlink:arcrole="http://www.xbrl.org/2003/arcrole/parent-child" preferredLabel="http://www.xbrl.org/2003/role/totalLabel" order="7" />
    <link:presentationArc xlink:type="arc" xlink:from="jppfs_cor_IntangibleAssetsAbstract" xlink:to="jppfs_cor_OtherIA" xlink:arcrole="http://www.xbrl.org/2003/arcrole/parent-child" order="1" />
    <link:presentationArc xlink:type="arc" xlink:from="jppfs_cor_IntangibleAssetsAbstract" xlink:to="jppfs_cor_IntangibleAssets" xlink:arcrole="http://www.xbrl.org/2003/arcrole/parent-child" preferredLabel="http://www.xbrl.org/2003/role/totalLabel" order="2" />
    <link:presentationArc xlink:type="arc" xlink:from="jppfs_cor_InvestmentsAndOtherAssetsAbstract" xlink:to="jppfs_cor_OtherIOA" xlink:arcrole="http://www.xbrl.org/2003/arcrole/parent-child" order="1" />
    <link:presentationArc xlink:type="arc" xlink:from="jppfs_cor_InvestmentsAndOtherAssetsAbstract" xlink:to="jppfs_cor_AllowanceForDoubtfulAccountsIOAByGroup" xlink:arcrole="http://www.xbrl.org/2003/arcrole/parent-child" order="2" />
    <link:presentationArc xlink:type="arc" xlink:from="jppfs_cor_InvestmentsAndOtherAssetsAbstract" xlink:to="jppfs_cor_InvestmentsAndOtherAssets" xlink:arcrole="http://www.xbrl.org/2003/arcrole/parent-child" preferredLabel="http://www.xbrl.org/2003/role/totalLabel" order="3" />
    <link:presentationArc xlink:type="arc" xlink:from="jppfs_cor_LiabilitiesAbstract" xlink:to="jppfs_cor_NoncurrentLiabilitiesAbstract" xlink:arcrole="http://www.xbrl.org/2003/arcrole/parent-child" order="2" />
    <link:presentationArc xlink:type="arc" xlink:from="jppfs_cor_LiabilitiesAbstract" xlink:to="jppfs_cor_Liabilities" xlink:arcrole="http://www.xbrl.org/2003/arcrole/parent-child" preferredLabel="http://www.xbrl.org/2003/role/totalLabel" order="3" />
    <link:presentationArc xlink:type="arc" xlink:from="jppfs_cor_NetAssetsAbstract" xlink:to="jppfs_cor_ShareholdersEquityAbstract" xlink:arcrole="http://www.xbrl.org/2003/arcrole/parent-child" order="1" />
    <link:presentationArc xlink:type="arc" xlink:from="jppfs_cor_NetAssetsAbstract" xlink:to="jppfs_cor_ValuationAndTranslationAdjustmentsAbstract" xlink:arcrole="http://www.xbrl.org/2003/arcrole/parent-child" preferredLabel="http://disclosure.edinet-fsa.go.jp/jppfs/ConsolidatedQuarterly/role/label" order="2" />
    <link:presentationArc xlink:type="arc" xlink:from="jppfs_cor_NetAssetsAbstract" xlink:to="jppfs_cor_NonControllingInterests" xlink:arcrole="http://www.xbrl.org/2003/arcrole/parent-child" order="3" />
    <link:presentationArc xlink:type="arc" xlink:from="jppfs_cor_NetAssetsAbstract" xlink:to="jppfs_cor_NetAssets" xlink:arcrole="http://www.xbrl.org/2003/arcrole/parent-child" preferredLabel="http://www.xbrl.org/2003/role/totalLabel" order="4" />
    <link:presentationArc xlink:type="arc" xlink:from="jppfs_cor_NoncurrentAssetsAbstract" xlink:to="jppfs_cor_PropertyPlantAndEquipmentAbstract" xlink:arcrole="http://www.xbrl.org/2003/arcrole/parent-child" order="1" />
    <link:presentationArc xlink:type="arc" xlink:from="jppfs_cor_NoncurrentAssetsAbstract" xlink:to="jppfs_cor_IntangibleAssetsAbstract" xlink:arcrole="http://www.xbrl.org/2003/arcrole/parent-child" order="2" />
    <link:presentationArc xlink:type="arc" xlink:from="jppfs_cor_NoncurrentAssetsAbstract" xlink:to="jppfs_cor_InvestmentsAndOtherAssetsAbstract" xlink:arcrole="http://www.xbrl.org/2003/arcrole/parent-child" order="3" />
    <link:presentationArc xlink:type="arc" xlink:from="jppfs_cor_NoncurrentAssetsAbstract" xlink:to="jppfs_cor_NoncurrentAssets" xlink:arcrole="http://www.xbrl.org/2003/arcrole/parent-child" preferredLabel="http://www.xbrl.org/2003/role/totalLabel" order="4" />
    <link:presentationArc xlink:type="arc" xlink:from="jppfs_cor_NoncurrentLiabilitiesAbstract" xlink:to="jppfs_cor_LongTermLoansPayable" xlink:arcrole="http://www.xbrl.org/2003/arcrole/parent-child" order="1" />
    <link:presentationArc xlink:type="arc" xlink:from="jppfs_cor_NoncurrentLiabilitiesAbstract" xlink:to="jppfs_cor_ProvisionForDirectorsRetirementBenefits" xlink:arcrole="http://www.xbrl.org/2003/arcrole/parent-child" order="2" />
    <link:presentationArc xlink:type="arc" xlink:from="jppfs_cor_NoncurrentLiabilitiesAbstract" xlink:to="tse-qcedjpfr-54640_ProvisionForExecutiveOfficerRetirementNCL" xlink:arcrole="http://www.xbrl.org/2003/arcrole/parent-child" order="3" />
    <link:presentationArc xlink:type="arc" xlink:from="jppfs_cor_NoncurrentLiabilitiesAbstract" xlink:to="jppfs_cor_NetDefinedBenefitLiability" xlink:arcrole="http://www.xbrl.org/2003/arcrole/parent-child" order="4" />
    <link:presentationArc xlink:type="arc" xlink:from="jppfs_cor_NoncurrentLiabilitiesAbstract" xlink:to="jppfs_cor_OtherNCL" xlink:arcrole="http://www.xbrl.org/2003/arcrole/parent-child" order="5" />
    <link:presentationArc xlink:type="arc" xlink:from="jppfs_cor_NoncurrentLiabilitiesAbstract" xlink:to="jppfs_cor_NoncurrentLiabilities" xlink:arcrole="http://www.xbrl.org/2003/arcrole/parent-child" preferredLabel="http://www.xbrl.org/2003/role/totalLabel" order="6" />
    <link:presentationArc xlink:type="arc" xlink:from="jppfs_cor_PropertyPlantAndEquipmentAbstract" xlink:to="jppfs_cor_Land" xlink:arcrole="http://www.xbrl.org/2003/arcrole/parent-child" order="1" />
    <link:presentationArc xlink:type="arc" xlink:from="jppfs_cor_PropertyPlantAndEquipmentAbstract" xlink:to="jppfs_cor_OtherNetPPE" xlink:arcrole="http://www.xbrl.org/2003/arcrole/parent-child" order="2" />
    <link:presentationArc xlink:type="arc" xlink:from="jppfs_cor_PropertyPlantAndEquipmentAbstract" xlink:to="jppfs_cor_PropertyPlantAndEquipment" xlink:arcrole="http://www.xbrl.org/2003/arcrole/parent-child" preferredLabel="http://www.xbrl.org/2003/role/totalLabel" order="3" />
    <link:presentationArc xlink:type="arc" xlink:from="jppfs_cor_QuarterlyConsolidatedBalanceSheetHeading" xlink:to="jppfs_cor_BalanceSheetTable" xlink:arcrole="http://www.xbrl.org/2003/arcrole/parent-child" preferredLabel="http://disclosure.edinet-fsa.go.jp/jppfs/ConsolidatedQuarterly/role/label" order="1" />
    <link:presentationArc xlink:type="arc" xlink:from="jppfs_cor_QuarterlyConsolidatedBalanceSheetHeading" xlink:to="jppfs_cor_BalanceSheetLineItems" xlink:arcrole="http://www.xbrl.org/2003/arcrole/parent-child" preferredLabel="http://disclosure.edinet-fsa.go.jp/jppfs/ConsolidatedQuarterly/role/label" order="2" />
    <link:presentationArc xlink:type="arc" xlink:from="jppfs_cor_ShareholdersEquityAbstract" xlink:to="jppfs_cor_CapitalStock" xlink:arcrole="http://www.xbrl.org/2003/arcrole/parent-child" order="1" />
    <link:presentationArc xlink:type="arc" xlink:from="jppfs_cor_ShareholdersEquityAbstract" xlink:to="jppfs_cor_CapitalSurplus" xlink:arcrole="http://www.xbrl.org/2003/arcrole/parent-child" order="2" />
    <link:presentationArc xlink:type="arc" xlink:from="jppfs_cor_ShareholdersEquityAbstract" xlink:to="jppfs_cor_RetainedEarnings" xlink:arcrole="http://www.xbrl.org/2003/arcrole/parent-child" order="3" />
    <link:presentationArc xlink:type="arc" xlink:from="jppfs_cor_ShareholdersEquityAbstract" xlink:to="jppfs_cor_TreasuryStock" xlink:arcrole="http://www.xbrl.org/2003/arcrole/parent-child" order="4" />
    <link:presentationArc xlink:type="arc" xlink:from="jppfs_cor_ShareholdersEquityAbstract" xlink:to="jppfs_cor_ShareholdersEquity" xlink:arcrole="http://www.xbrl.org/2003/arcrole/parent-child" preferredLabel="http://www.xbrl.org/2003/role/totalLabel" order="5" />
    <link:presentationArc xlink:type="arc" xlink:from="jppfs_cor_ValuationAndTranslationAdjustmentsAbstract" xlink:to="jppfs_cor_ValuationDifferenceOnAvailableForSaleSecurities" xlink:arcrole="http://www.xbrl.org/2003/arcrole/parent-child" order="1" />
    <link:presentationArc xlink:type="arc" xlink:from="jppfs_cor_ValuationAndTranslationAdjustmentsAbstract" xlink:to="jppfs_cor_ForeignCurrencyTranslationAdjustment" xlink:arcrole="http://www.xbrl.org/2003/arcrole/parent-child" order="2" />
    <link:presentationArc xlink:type="arc" xlink:from="jppfs_cor_ValuationAndTranslationAdjustmentsAbstract" xlink:to="jppfs_cor_RemeasurementsOfDefinedBenefitPlans" xlink:arcrole="http://www.xbrl.org/2003/arcrole/parent-child" order="3" />
    <link:presentationArc xlink:type="arc" xlink:from="jppfs_cor_ValuationAndTranslationAdjustmentsAbstract" xlink:to="jppfs_cor_ValuationAndTranslationAdjustments" xlink:arcrole="http://www.xbrl.org/2003/arcrole/parent-child" preferredLabel="http://disclosure.edinet-fsa.go.jp/jppfs/ConsolidatedQuarterly/role/totalLabel" order="4" />
  </link:presentationLink>
  <link:presentationLink xlink:type="extended" xlink:role="http://disclosure.edinet-fsa.go.jp/role/jppfs/rol_YearToQuarterEndConsolidatedStatementOfIncome">
    <link:loc xlink:type="locator" xlink:href="http://disclosure.edinet-fsa.go.jp/taxonomy/jppfs/2021-11-01/jppfs_cor_2021-11-01.xsd#jppfs_cor_ConsolidatedMember" xlink:label="jppfs_cor_ConsolidatedMember" />
    <link:loc xlink:type="locator" xlink:href="http://disclosure.edinet-fsa.go.jp/taxonomy/jppfs/2021-11-01/jppfs_cor_2021-11-01.xsd#jppfs_cor_ConsolidatedOrNonConsolidatedAxis" xlink:label="jppfs_cor_ConsolidatedOrNonConsolidatedAxis" />
    <link:loc xlink:type="locator" xlink:href="http://disclosure.edinet-fsa.go.jp/taxonomy/jppfs/2021-11-01/jppfs_cor_2021-11-01.xsd#jppfs_cor_CostOfSales" xlink:label="jppfs_cor_CostOfSales" />
    <link:loc xlink:type="locator" xlink:href="http://disclosure.edinet-fsa.go.jp/taxonomy/jppfs/2021-11-01/jppfs_cor_2021-11-01.xsd#jppfs_cor_DividendsIncomeNOI" xlink:label="jppfs_cor_DividendsIncomeNOI" />
    <link:loc xlink:type="locator" xlink:href="http://disclosure.edinet-fsa.go.jp/taxonomy/jppfs/2021-11-01/jppfs_cor_2021-11-01.xsd#jppfs_cor_EquityInEarningsOfAffiliatesNOI" xlink:label="jppfs_cor_EquityInEarningsOfAffiliatesNOI" />
    <link:loc xlink:type="locator" xlink:href="http://disclosure.edinet-fsa.go.jp/taxonomy/jppfs/2021-11-01/jppfs_cor_2021-11-01.xsd#jppfs_cor_ExtraordinaryIncome" xlink:label="jppfs_cor_ExtraordinaryIncome" />
    <link:loc xlink:type="locator" xlink:href="http://disclosure.edinet-fsa.go.jp/taxonomy/jppfs/2021-11-01/jppfs_cor_2021-11-01.xsd#jppfs_cor_ExtraordinaryIncomeAbstract" xlink:label="jppfs_cor_ExtraordinaryIncomeAbstract" />
    <link:loc xlink:type="locator" xlink:href="http://disclosure.edinet-fsa.go.jp/taxonomy/jppfs/2021-11-01/jppfs_cor_2021-11-01.xsd#jppfs_cor_ExtraordinaryLoss" xlink:label="jppfs_cor_ExtraordinaryLoss" />
    <link:loc xlink:type="locator" xlink:href="http://disclosure.edinet-fsa.go.jp/taxonomy/jppfs/2021-11-01/jppfs_cor_2021-11-01.xsd#jppfs_cor_ExtraordinaryLossAbstract" xlink:label="jppfs_cor_ExtraordinaryLossAbstract" />
    <link:loc xlink:type="locator" xlink:href="http://disclosure.edinet-fsa.go.jp/taxonomy/jppfs/2021-11-01/jppfs_cor_2021-11-01.xsd#jppfs_cor_ForeignExchangeGainsNOI" xlink:label="jppfs_cor_ForeignExchangeGainsNOI" />
    <link:loc xlink:type="locator" xlink:href="http://disclosure.edinet-fsa.go.jp/taxonomy/jppfs/2021-11-01/jppfs_cor_2021-11-01.xsd#jppfs_cor_GainOnSalesOfInvestmentSecuritiesEI" xlink:label="jppfs_cor_GainOnSalesOfInvestmentSecuritiesEI" />
    <link:loc xlink:type="locator" xlink:href="http://disclosure.edinet-fsa.go.jp/taxonomy/jppfs/2021-11-01/jppfs_cor_2021-11-01.xsd#jppfs_cor_GainOnSalesOfNoncurrentAssetsEI" xlink:label="jppfs_cor_GainOnSalesOfNoncurrentAssetsEI" />
    <link:loc xlink:type="locator" xlink:href="http://disclosure.edinet-fsa.go.jp/taxonomy/jppfs/2021-11-01/jppfs_cor_2021-11-01.xsd#jppfs_cor_GrossProfit" xlink:label="jppfs_cor_GrossProfit" />
    <link:loc xlink:type="locator" xlink:href="http://disclosure.edinet-fsa.go.jp/taxonomy/jppfs/2021-11-01/jppfs_cor_2021-11-01.xsd#jppfs_cor_IncomeBeforeIncomeTaxes" xlink:label="jppfs_cor_IncomeBeforeIncomeTaxes" />
    <link:loc xlink:type="locator" xlink:href="http://disclosure.edinet-fsa.go.jp/taxonomy/jppfs/2021-11-01/jppfs_cor_2021-11-01.xsd#jppfs_cor_IncomeTaxes" xlink:label="jppfs_cor_IncomeTaxes" />
    <link:loc xlink:type="locator" xlink:href="http://disclosure.edinet-fsa.go.jp/taxonomy/jppfs/2021-11-01/jppfs_cor_2021-11-01.xsd#jppfs_cor_IncomeTaxesCurrent" xlink:label="jppfs_cor_IncomeTaxesCurrent" />
    <link:loc xlink:type="locator" xlink:href="http://disclosure.edinet-fsa.go.jp/taxonomy/jppfs/2021-11-01/jppfs_cor_2021-11-01.xsd#jppfs_cor_IncomeTaxesDeferred" xlink:label="jppfs_cor_IncomeTaxesDeferred" />
    <link:loc xlink:type="locator" xlink:href="http://disclosure.edinet-fsa.go.jp/taxonomy/jppfs/2021-11-01/jppfs_cor_2021-11-01.xsd#jppfs_cor_InterestExpensesNOE" xlink:label="jppfs_cor_InterestExpensesNOE" />
    <link:loc xlink:type="locator" xlink:href="http://disclosure.edinet-fsa.go.jp/taxonomy/jppfs/2021-11-01/jppfs_cor_2021-11-01.xsd#jppfs_cor_InterestIncomeNOI" xlink:label="jppfs_cor_InterestIncomeNOI" />
    <link:loc xlink:type="locator" xlink:href="http://disclosure.edinet-fsa.go.jp/taxonomy/jppfs/2021-11-01/jppfs_cor_2021-11-01.xsd#jppfs_cor_LossOnRetirementOfNoncurrentAssetsEL" xlink:label="jppfs_cor_LossOnRetirementOfNoncurrentAssetsEL" />
    <link:loc xlink:type="locator" xlink:href="http://disclosure.edinet-fsa.go.jp/taxonomy/jppfs/2021-11-01/jppfs_cor_2021-11-01.xsd#jppfs_cor_LossOnSalesOfInvestmentSecuritiesEL" xlink:label="jppfs_cor_LossOnSalesOfInvestmentSecuritiesEL" />
    <link:loc xlink:type="locator" xlink:href="http://disclosure.edinet-fsa.go.jp/taxonomy/jppfs/2021-11-01/jppfs_cor_2021-11-01.xsd#jppfs_cor_NetSales" xlink:label="jppfs_cor_NetSales" />
    <link:loc xlink:type="locator" xlink:href="http://disclosure.edinet-fsa.go.jp/taxonomy/jppfs/2021-11-01/jppfs_cor_2021-11-01.xsd#jppfs_cor_NonOperatingExpenses" xlink:label="jppfs_cor_NonOperatingExpenses" />
    <link:loc xlink:type="locator" xlink:href="http://disclosure.edinet-fsa.go.jp/taxonomy/jppfs/2021-11-01/jppfs_cor_2021-11-01.xsd#jppfs_cor_NonOperatingExpensesAbstract" xlink:label="jppfs_cor_NonOperatingExpensesAbstract" />
    <link:loc xlink:type="locator" xlink:href="http://disclosure.edinet-fsa.go.jp/taxonomy/jppfs/2021-11-01/jppfs_cor_2021-11-01.xsd#jppfs_cor_NonOperatingIncome" xlink:label="jppfs_cor_NonOperatingIncome" />
    <link:loc xlink:type="locator" xlink:href="http://disclosure.edinet-fsa.go.jp/taxonomy/jppfs/2021-11-01/jppfs_cor_2021-11-01.xsd#jppfs_cor_NonOperatingIncomeAbstract" xlink:label="jppfs_cor_NonOperatingIncomeAbstract" />
    <link:loc xlink:type="locator" xlink:href="http://disclosure.edinet-fsa.go.jp/taxonomy/jppfs/2021-11-01/jppfs_cor_2021-11-01.xsd#jppfs_cor_OperatingIncome" xlink:label="jppfs_cor_OperatingIncome" />
    <link:loc xlink:type="locator" xlink:href="http://disclosure.edinet-fsa.go.jp/taxonomy/jppfs/2021-11-01/jppfs_cor_2021-11-01.xsd#jppfs_cor_OrdinaryIncome" xlink:label="jppfs_cor_OrdinaryIncome" />
    <link:loc xlink:type="locator" xlink:href="http://disclosure.edinet-fsa.go.jp/taxonomy/jppfs/2021-11-01/jppfs_cor_2021-11-01.xsd#jppfs_cor_OtherNOE" xlink:label="jppfs_cor_OtherNOE" />
    <link:loc xlink:type="locator" xlink:href="http://disclosure.edinet-fsa.go.jp/taxonomy/jppfs/2021-11-01/jppfs_cor_2021-11-01.xsd#jppfs_cor_OtherNOI" xlink:label="jppfs_cor_OtherNOI" />
    <link:loc xlink:type="locator" xlink:href="http://disclosure.edinet-fsa.go.jp/taxonomy/jppfs/2021-11-01/jppfs_cor_2021-11-01.xsd#jppfs_cor_ProfitLoss" xlink:label="jppfs_cor_ProfitLoss" />
    <link:loc xlink:type="locator" xlink:href="http://disclosure.edinet-fsa.go.jp/taxonomy/jppfs/2021-11-01/jppfs_cor_2021-11-01.xsd#jppfs_cor_ProfitLossAttributableToNonControllingInterests" xlink:label="jppfs_cor_ProfitLossAttributableToNonControllingInterests" />
    <link:loc xlink:type="locator" xlink:href="http://disclosure.edinet-fsa.go.jp/taxonomy/jppfs/2021-11-01/jppfs_cor_2021-11-01.xsd#jppfs_cor_ProfitLossAttributableToOwnersOfParent" xlink:label="jppfs_cor_ProfitLossAttributableToOwnersOfParent" />
    <link:loc xlink:type="locator" xlink:href="http://disclosure.edinet-fsa.go.jp/taxonomy/jppfs/2021-11-01/jppfs_cor_2021-11-01.xsd#jppfs_cor_SellingGeneralAndAdministrativeExpenses" xlink:label="jppfs_cor_SellingGeneralAndAdministrativeExpenses" />
    <link:loc xlink:type="locator" xlink:href="http://disclosure.edinet-fsa.go.jp/taxonomy/jppfs/2021-11-01/jppfs_cor_2021-11-01.xsd#jppfs_cor_StatementOfIncomeLineItems" xlink:label="jppfs_cor_StatementOfIncomeLineItems" />
    <link:loc xlink:type="locator" xlink:href="http://disclosure.edinet-fsa.go.jp/taxonomy/jppfs/2021-11-01/jppfs_cor_2021-11-01.xsd#jppfs_cor_StatementOfIncomeTable" xlink:label="jppfs_cor_StatementOfIncomeTable" />
    <link:loc xlink:type="locator" xlink:href="http://disclosure.edinet-fsa.go.jp/taxonomy/jppfs/2021-11-01/jppfs_cor_2021-11-01.xsd#jppfs_cor_SubsidiesForEmploymentAdjustmentNOI" xlink:label="jppfs_cor_SubsidiesForEmploymentAdjustmentNOI" />
    <link:loc xlink:type="locator" xlink:href="http://disclosure.edinet-fsa.go.jp/taxonomy/jppfs/2021-11-01/jppfs_cor_2021-11-01.xsd#jppfs_cor_YearToQuarterEndConsolidatedStatementOfIncomeHeading" xlink:label="jppfs_cor_YearToQuarterEndConsolidatedStatementOfIncomeHeading" />
    <link:presentationArc xlink:type="arc" xlink:from="jppfs_cor_ConsolidatedOrNonConsolidatedAxis" xlink:to="jppfs_cor_ConsolidatedMember" xlink:arcrole="http://www.xbrl.org/2003/arcrole/parent-child" order="1" />
    <link:presentationArc xlink:type="arc" xlink:from="jppfs_cor_ExtraordinaryLossAbstract" xlink:to="jppfs_cor_LossOnRetirementOfNoncurrentAssetsEL" xlink:arcrole="http://www.xbrl.org/2003/arcrole/parent-child" order="1" />
    <link:presentationArc xlink:type="arc" xlink:from="jppfs_cor_ExtraordinaryLossAbstract" xlink:to="jppfs_cor_LossOnSalesOfInvestmentSecuritiesEL" xlink:arcrole="http://www.xbrl.org/2003/arcrole/parent-child" order="2" />
    <link:presentationArc xlink:type="arc" xlink:from="jppfs_cor_ExtraordinaryLossAbstract" xlink:to="jppfs_cor_ExtraordinaryLoss" xlink:arcrole="http://www.xbrl.org/2003/arcrole/parent-child" preferredLabel="http://www.xbrl.org/2003/role/totalLabel" order="3" />
    <link:presentationArc xlink:type="arc" xlink:from="jppfs_cor_NonOperatingExpensesAbstract" xlink:to="jppfs_cor_InterestExpensesNOE" xlink:arcrole="http://www.xbrl.org/2003/arcrole/parent-child" order="1" />
    <link:presentationArc xlink:type="arc" xlink:from="jppfs_cor_NonOperatingExpensesAbstract" xlink:to="jppfs_cor_OtherNOE" xlink:arcrole="http://www.xbrl.org/2003/arcrole/parent-child" order="2" />
    <link:presentationArc xlink:type="arc" xlink:from="jppfs_cor_NonOperatingExpensesAbstract" xlink:to="jppfs_cor_NonOperatingExpenses" xlink:arcrole="http://www.xbrl.org/2003/arcrole/parent-child" preferredLabel="http://www.xbrl.org/2003/role/totalLabel" order="3" />
    <link:presentationArc xlink:type="arc" xlink:from="jppfs_cor_StatementOfIncomeLineItems" xlink:to="jppfs_cor_NonOperatingIncomeAbstract" xlink:arcrole="http://www.xbrl.org/2003/arcrole/parent-child" order="6" />
    <link:presentationArc xlink:type="arc" xlink:from="jppfs_cor_NonOperatingIncomeAbstract" xlink:to="jppfs_cor_InterestIncomeNOI" xlink:arcrole="http://www.xbrl.org/2003/arcrole/parent-child" order="1" />
    <link:presentationArc xlink:type="arc" xlink:from="jppfs_cor_NonOperatingIncomeAbstract" xlink:to="jppfs_cor_DividendsIncomeNOI" xlink:arcrole="http://www.xbrl.org/2003/arcrole/parent-child" order="2" />
    <link:presentationArc xlink:type="arc" xlink:from="jppfs_cor_NonOperatingIncomeAbstract" xlink:to="jppfs_cor_EquityInEarningsOfAffiliatesNOI" xlink:arcrole="http://www.xbrl.org/2003/arcrole/parent-child" order="3" />
    <link:presentationArc xlink:type="arc" xlink:from="jppfs_cor_NonOperatingIncomeAbstract" xlink:to="jppfs_cor_ForeignExchangeGainsNOI" xlink:arcrole="http://www.xbrl.org/2003/arcrole/parent-child" order="4" />
    <link:presentationArc xlink:type="arc" xlink:from="jppfs_cor_NonOperatingIncomeAbstract" xlink:to="jppfs_cor_SubsidiesForEmploymentAdjustmentNOI" xlink:arcrole="http://www.xbrl.org/2003/arcrole/parent-child" order="5" />
    <link:presentationArc xlink:type="arc" xlink:from="jppfs_cor_NonOperatingIncomeAbstract" xlink:to="jppfs_cor_OtherNOI" xlink:arcrole="http://www.xbrl.org/2003/arcrole/parent-child" order="6" />
    <link:presentationArc xlink:type="arc" xlink:from="jppfs_cor_NonOperatingIncomeAbstract" xlink:to="jppfs_cor_NonOperatingIncome" xlink:arcrole="http://www.xbrl.org/2003/arcrole/parent-child" preferredLabel="http://www.xbrl.org/2003/role/totalLabel" order="7" />
    <link:presentationArc xlink:type="arc" xlink:from="jppfs_cor_YearToQuarterEndConsolidatedStatementOfIncomeHeading" xlink:to="jppfs_cor_StatementOfIncomeLineItems" xlink:arcrole="http://www.xbrl.org/2003/arcrole/parent-child" preferredLabel="http://disclosure.edinet-fsa.go.jp/jppfs/ConsolidatedQuarterly/role/label" order="2" />
    <link:presentationArc xlink:type="arc" xlink:from="jppfs_cor_StatementOfIncomeLineItems" xlink:to="jppfs_cor_NetSales" xlink:arcrole="http://www.xbrl.org/2003/arcrole/parent-child" order="1" />
    <link:presentationArc xlink:type="arc" xlink:from="jppfs_cor_StatementOfIncomeLineItems" xlink:to="jppfs_cor_CostOfSales" xlink:arcrole="http://www.xbrl.org/2003/arcrole/parent-child" order="2" />
    <link:presentationArc xlink:type="arc" xlink:from="jppfs_cor_StatementOfIncomeLineItems" xlink:to="jppfs_cor_GrossProfit" xlink:arcrole="http://www.xbrl.org/2003/arcrole/parent-child" preferredLabel="http://www.xbrl.org/2003/role/positiveLabel" order="3" />
    <link:presentationArc xlink:type="arc" xlink:from="jppfs_cor_StatementOfIncomeLineItems" xlink:to="jppfs_cor_SellingGeneralAndAdministrativeExpenses" xlink:arcrole="http://www.xbrl.org/2003/arcrole/parent-child" order="4" />
    <link:presentationArc xlink:type="arc" xlink:from="jppfs_cor_StatementOfIncomeLineItems" xlink:to="jppfs_cor_OperatingIncome" xlink:arcrole="http://www.xbrl.org/2003/arcrole/parent-child" preferredLabel="http://www.xbrl.org/2003/role/positiveLabel" order="5" />
    <link:presentationArc xlink:type="arc" xlink:from="jppfs_cor_StatementOfIncomeLineItems" xlink:to="jppfs_cor_NonOperatingExpensesAbstract" xlink:arcrole="http://www.xbrl.org/2003/arcrole/parent-child" order="7" />
    <link:presentationArc xlink:type="arc" xlink:from="jppfs_cor_StatementOfIncomeLineItems" xlink:to="jppfs_cor_OrdinaryIncome" xlink:arcrole="http://www.xbrl.org/2003/arcrole/parent-child" preferredLabel="http://www.xbrl.org/2003/role/positiveLabel" order="8" />
    <link:presentationArc xlink:type="arc" xlink:from="jppfs_cor_StatementOfIncomeLineItems" xlink:to="jppfs_cor_ExtraordinaryIncomeAbstract" xlink:arcrole="http://www.xbrl.org/2003/arcrole/parent-child" order="9" />
    <link:presentationArc xlink:type="arc" xlink:from="jppfs_cor_ExtraordinaryIncomeAbstract" xlink:to="jppfs_cor_GainOnSalesOfNoncurrentAssetsEI" xlink:arcrole="http://www.xbrl.org/2003/arcrole/parent-child" order="1" />
    <link:presentationArc xlink:type="arc" xlink:from="jppfs_cor_ExtraordinaryIncomeAbstract" xlink:to="jppfs_cor_GainOnSalesOfInvestmentSecuritiesEI" xlink:arcrole="http://www.xbrl.org/2003/arcrole/parent-child" order="2" />
    <link:presentationArc xlink:type="arc" xlink:from="jppfs_cor_ExtraordinaryIncomeAbstract" xlink:to="jppfs_cor_ExtraordinaryIncome" xlink:arcrole="http://www.xbrl.org/2003/arcrole/parent-child" preferredLabel="http://www.xbrl.org/2003/role/totalLabel" order="3" />
    <link:presentationArc xlink:type="arc" xlink:from="jppfs_cor_StatementOfIncomeLineItems" xlink:to="jppfs_cor_ExtraordinaryLossAbstract" xlink:arcrole="http://www.xbrl.org/2003/arcrole/parent-child" order="10" />
    <link:presentationArc xlink:type="arc" xlink:from="jppfs_cor_StatementOfIncomeLineItems" xlink:to="jppfs_cor_IncomeBeforeIncomeTaxes" xlink:arcrole="http://www.xbrl.org/2003/arcrole/parent-child" preferredLabel="http://disclosure.edinet-fsa.go.jp/jppfs/ConsolidatedQuarterly/role/positiveLabel" order="11" />
    <link:presentationArc xlink:type="arc" xlink:from="jppfs_cor_StatementOfIncomeLineItems" xlink:to="jppfs_cor_IncomeTaxesCurrent" xlink:arcrole="http://www.xbrl.org/2003/arcrole/parent-child" order="12" />
    <link:presentationArc xlink:type="arc" xlink:from="jppfs_cor_StatementOfIncomeLineItems" xlink:to="jppfs_cor_IncomeTaxesDeferred" xlink:arcrole="http://www.xbrl.org/2003/arcrole/parent-child" order="13" />
    <link:presentationArc xlink:type="arc" xlink:from="jppfs_cor_StatementOfIncomeLineItems" xlink:to="jppfs_cor_IncomeTaxes" xlink:arcrole="http://www.xbrl.org/2003/arcrole/parent-child" preferredLabel="http://www.xbrl.org/2003/role/totalLabel" order="14" />
    <link:presentationArc xlink:type="arc" xlink:from="jppfs_cor_StatementOfIncomeLineItems" xlink:to="jppfs_cor_ProfitLoss" xlink:arcrole="http://www.xbrl.org/2003/arcrole/parent-child" preferredLabel="http://disclosure.edinet-fsa.go.jp/jppfs/ConsolidatedQuarterly/role/positiveLabel" order="15" />
    <link:presentationArc xlink:type="arc" xlink:from="jppfs_cor_StatementOfIncomeLineItems" xlink:to="jppfs_cor_ProfitLossAttributableToNonControllingInterests" xlink:arcrole="http://www.xbrl.org/2003/arcrole/parent-child" preferredLabel="http://disclosure.edinet-fsa.go.jp/jppfs/ConsolidatedQuarterly/role/positiveLabel" order="16" />
    <link:presentationArc xlink:type="arc" xlink:from="jppfs_cor_StatementOfIncomeLineItems" xlink:to="jppfs_cor_ProfitLossAttributableToOwnersOfParent" xlink:arcrole="http://www.xbrl.org/2003/arcrole/parent-child" preferredLabel="http://disclosure.edinet-fsa.go.jp/jppfs/ConsolidatedQuarterly/role/positiveLabel" order="17" />
    <link:presentationArc xlink:type="arc" xlink:from="jppfs_cor_YearToQuarterEndConsolidatedStatementOfIncomeHeading" xlink:to="jppfs_cor_StatementOfIncomeTable" xlink:arcrole="http://www.xbrl.org/2003/arcrole/parent-child" preferredLabel="http://disclosure.edinet-fsa.go.jp/jppfs/ConsolidatedQuarterly/role/label" order="1" />
    <link:presentationArc xlink:type="arc" xlink:from="jppfs_cor_StatementOfIncomeTable" xlink:to="jppfs_cor_ConsolidatedOrNonConsolidatedAxis" xlink:arcrole="http://www.xbrl.org/2003/arcrole/parent-child" order="1" />
  </link:presentationLink>
  <link:presentationLink xlink:type="extended" xlink:role="http://disclosure.edinet-fsa.go.jp/role/jppfs/rol_YearToQuarterEndConsolidatedStatementOfComprehensiveIncome">
    <link:loc xlink:type="locator" xlink:href="http://disclosure.edinet-fsa.go.jp/taxonomy/jppfs/2021-11-01/jppfs_cor_2021-11-01.xsd#jppfs_cor_ComprehensiveIncome" xlink:label="jppfs_cor_ComprehensiveIncome" />
    <link:loc xlink:type="locator" xlink:href="http://disclosure.edinet-fsa.go.jp/taxonomy/jppfs/2021-11-01/jppfs_cor_2021-11-01.xsd#jppfs_cor_ComprehensiveIncomeAttributableToAbstract" xlink:label="jppfs_cor_ComprehensiveIncomeAttributableToAbstract" />
    <link:loc xlink:type="locator" xlink:href="http://disclosure.edinet-fsa.go.jp/taxonomy/jppfs/2021-11-01/jppfs_cor_2021-11-01.xsd#jppfs_cor_ComprehensiveIncomeAttributableToNonControllingInterests" xlink:label="jppfs_cor_ComprehensiveIncomeAttributableToNonControllingInterests" />
    <link:loc xlink:type="locator" xlink:href="http://disclosure.edinet-fsa.go.jp/taxonomy/jppfs/2021-11-01/jppfs_cor_2021-11-01.xsd#jppfs_cor_ComprehensiveIncomeAttributableToOwnersOfTheParent" xlink:label="jppfs_cor_ComprehensiveIncomeAttributableToOwnersOfTheParent" />
    <link:loc xlink:type="locator" xlink:href="http://disclosure.edinet-fsa.go.jp/taxonomy/jppfs/2021-11-01/jppfs_cor_2021-11-01.xsd#jppfs_cor_ConsolidatedMember" xlink:label="jppfs_cor_ConsolidatedMember" />
    <link:loc xlink:type="locator" xlink:href="http://disclosure.edinet-fsa.go.jp/taxonomy/jppfs/2021-11-01/jppfs_cor_2021-11-01.xsd#jppfs_cor_ConsolidatedOrNonConsolidatedAxis" xlink:label="jppfs_cor_ConsolidatedOrNonConsolidatedAxis" />
    <link:loc xlink:type="locator" xlink:href="http://disclosure.edinet-fsa.go.jp/taxonomy/jppfs/2021-11-01/jppfs_cor_2021-11-01.xsd#jppfs_cor_ForeignCurrencyTranslationAdjustmentNetOfTaxOCI" xlink:label="jppfs_cor_ForeignCurrencyTranslationAdjustmentNetOfTaxOCI" />
    <link:loc xlink:type="locator" xlink:href="http://disclosure.edinet-fsa.go.jp/taxonomy/jppfs/2021-11-01/jppfs_cor_2021-11-01.xsd#jppfs_cor_OtherComprehensiveIncome" xlink:label="jppfs_cor_OtherComprehensiveIncome" />
    <link:loc xlink:type="locator" xlink:href="http://disclosure.edinet-fsa.go.jp/taxonomy/jppfs/2021-11-01/jppfs_cor_2021-11-01.xsd#jppfs_cor_OtherComprehensiveIncomeAbstract" xlink:label="jppfs_cor_OtherComprehensiveIncomeAbstract" />
    <link:loc xlink:type="locator" xlink:href="http://disclosure.edinet-fsa.go.jp/taxonomy/jppfs/2021-11-01/jppfs_cor_2021-11-01.xsd#jppfs_cor_ProfitLoss" xlink:label="jppfs_cor_ProfitLoss" />
    <link:loc xlink:type="locator" xlink:href="http://disclosure.edinet-fsa.go.jp/taxonomy/jppfs/2021-11-01/jppfs_cor_2021-11-01.xsd#jppfs_cor_RemeasurementsOfDefinedBenefitPlansNetOfTaxOCI" xlink:label="jppfs_cor_RemeasurementsOfDefinedBenefitPlansNetOfTaxOCI" />
    <link:loc xlink:type="locator" xlink:href="http://disclosure.edinet-fsa.go.jp/taxonomy/jppfs/2021-11-01/jppfs_cor_2021-11-01.xsd#jppfs_cor_ShareOfOtherComprehensiveIncomeOfAssociatesAccountedForUsingEquityMethodOCI" xlink:label="jppfs_cor_ShareOfOtherComprehensiveIncomeOfAssociatesAccountedForUsingEquityMethodOCI" />
    <link:loc xlink:type="locator" xlink:href="http://disclosure.edinet-fsa.go.jp/taxonomy/jppfs/2021-11-01/jppfs_cor_2021-11-01.xsd#jppfs_cor_StatementOfComprehensiveIncomeLineItems" xlink:label="jppfs_cor_StatementOfComprehensiveIncomeLineItems" />
    <link:loc xlink:type="locator" xlink:href="http://disclosure.edinet-fsa.go.jp/taxonomy/jppfs/2021-11-01/jppfs_cor_2021-11-01.xsd#jppfs_cor_StatementOfComprehensiveIncomeTable" xlink:label="jppfs_cor_StatementOfComprehensiveIncomeTable" />
    <link:loc xlink:type="locator" xlink:href="http://disclosure.edinet-fsa.go.jp/taxonomy/jppfs/2021-11-01/jppfs_cor_2021-11-01.xsd#jppfs_cor_ValuationDifferenceOnAvailableForSaleSecuritiesNetOfTaxOCI" xlink:label="jppfs_cor_ValuationDifferenceOnAvailableForSaleSecuritiesNetOfTaxOCI" />
    <link:loc xlink:type="locator" xlink:href="http://disclosure.edinet-fsa.go.jp/taxonomy/jppfs/2021-11-01/jppfs_cor_2021-11-01.xsd#jppfs_cor_YearToQuarterEndConsolidatedStatementOfComprehensiveIncomeHeading" xlink:label="jppfs_cor_YearToQuarterEndConsolidatedStatementOfComprehensiveIncomeHeading" />
    <link:presentationArc xlink:type="arc" xlink:from="jppfs_cor_ComprehensiveIncomeAttributableToAbstract" xlink:to="jppfs_cor_ComprehensiveIncomeAttributableToOwnersOfTheParent" xlink:arcrole="http://www.xbrl.org/2003/arcrole/parent-child" preferredLabel="http://disclosure.edinet-fsa.go.jp/jppfs/ConsolidatedQuarterly/role/label" order="1" />
    <link:presentationArc xlink:type="arc" xlink:from="jppfs_cor_ComprehensiveIncomeAttributableToAbstract" xlink:to="jppfs_cor_ComprehensiveIncomeAttributableToNonControllingInterests" xlink:arcrole="http://www.xbrl.org/2003/arcrole/parent-child" preferredLabel="http://disclosure.edinet-fsa.go.jp/jppfs/ConsolidatedQuarterly/role/label" order="2" />
    <link:presentationArc xlink:type="arc" xlink:from="jppfs_cor_ConsolidatedOrNonConsolidatedAxis" xlink:to="jppfs_cor_ConsolidatedMember" xlink:arcrole="http://www.xbrl.org/2003/arcrole/parent-child" order="1" />
    <link:presentationArc xlink:type="arc" xlink:from="jppfs_cor_StatementOfComprehensiveIncomeLineItems" xlink:to="jppfs_cor_OtherComprehensiveIncomeAbstract" xlink:arcrole="http://www.xbrl.org/2003/arcrole/parent-child" order="2" />
    <link:presentationArc xlink:type="arc" xlink:from="jppfs_cor_OtherComprehensiveIncomeAbstract" xlink:to="jppfs_cor_ValuationDifferenceOnAvailableForSaleSecuritiesNetOfTaxOCI" xlink:arcrole="http://www.xbrl.org/2003/arcrole/parent-child" order="1" />
    <link:presentationArc xlink:type="arc" xlink:from="jppfs_cor_OtherComprehensiveIncomeAbstract" xlink:to="jppfs_cor_ForeignCurrencyTranslationAdjustmentNetOfTaxOCI" xlink:arcrole="http://www.xbrl.org/2003/arcrole/parent-child" order="2" />
    <link:presentationArc xlink:type="arc" xlink:from="jppfs_cor_OtherComprehensiveIncomeAbstract" xlink:to="jppfs_cor_RemeasurementsOfDefinedBenefitPlansNetOfTaxOCI" xlink:arcrole="http://www.xbrl.org/2003/arcrole/parent-child" order="3" />
    <link:presentationArc xlink:type="arc" xlink:from="jppfs_cor_OtherComprehensiveIncomeAbstract" xlink:to="jppfs_cor_ShareOfOtherComprehensiveIncomeOfAssociatesAccountedForUsingEquityMethodOCI" xlink:arcrole="http://www.xbrl.org/2003/arcrole/parent-child" order="4" />
    <link:presentationArc xlink:type="arc" xlink:from="jppfs_cor_OtherComprehensiveIncomeAbstract" xlink:to="jppfs_cor_OtherComprehensiveIncome" xlink:arcrole="http://www.xbrl.org/2003/arcrole/parent-child" preferredLabel="http://www.xbrl.org/2003/role/totalLabel" order="5" />
    <link:presentationArc xlink:type="arc" xlink:from="jppfs_cor_StatementOfComprehensiveIncomeLineItems" xlink:to="jppfs_cor_ProfitLoss" xlink:arcrole="http://www.xbrl.org/2003/arcrole/parent-child" preferredLabel="http://disclosure.edinet-fsa.go.jp/jppfs/ConsolidatedQuarterly/role/positiveLabel" order="1" />
    <link:presentationArc xlink:type="arc" xlink:from="jppfs_cor_StatementOfComprehensiveIncomeLineItems" xlink:to="jppfs_cor_ComprehensiveIncome" xlink:arcrole="http://www.xbrl.org/2003/arcrole/parent-child" preferredLabel="http://disclosure.edinet-fsa.go.jp/jppfs/ConsolidatedQuarterly/role/label" order="3" />
    <link:presentationArc xlink:type="arc" xlink:from="jppfs_cor_StatementOfComprehensiveIncomeLineItems" xlink:to="jppfs_cor_ComprehensiveIncomeAttributableToAbstract" xlink:arcrole="http://www.xbrl.org/2003/arcrole/parent-child" order="4" />
    <link:presentationArc xlink:type="arc" xlink:from="jppfs_cor_YearToQuarterEndConsolidatedStatementOfComprehensiveIncomeHeading" xlink:to="jppfs_cor_StatementOfComprehensiveIncomeTable" xlink:arcrole="http://www.xbrl.org/2003/arcrole/parent-child" preferredLabel="http://disclosure.edinet-fsa.go.jp/jppfs/ConsolidatedQuarterly/role/label" order="1" />
    <link:presentationArc xlink:type="arc" xlink:from="jppfs_cor_StatementOfComprehensiveIncomeTable" xlink:to="jppfs_cor_ConsolidatedOrNonConsolidatedAxis" xlink:arcrole="http://www.xbrl.org/2003/arcrole/parent-child" order="1" />
    <link:presentationArc xlink:type="arc" xlink:from="jppfs_cor_YearToQuarterEndConsolidatedStatementOfComprehensiveIncomeHeading" xlink:to="jppfs_cor_StatementOfComprehensiveIncomeLineItems" xlink:arcrole="http://www.xbrl.org/2003/arcrole/parent-child" preferredLabel="http://disclosure.edinet-fsa.go.jp/jppfs/ConsolidatedQuarterly/role/label" order="2" />
  </link:presentationLink>
</link:linkbase>