<?xml version="1.0" encoding="utf-8"?>
<!-- Generated by PRONEXUS WORKS --><link:linkbase xmlns:link="http://www.xbrl.org/2003/linkbase" xmlns:xsi="http://www.w3.org/2001/XMLSchema-instance" xmlns:xbrli="http://www.xbrl.org/2003/instance" xmlns:xlink="http://www.w3.org/1999/xlink">  <link:labelLink xlink:type="extended" xlink:role="http://www.xbrl.org/2003/role/link">    <link:loc xlink:type="locator" xlink:href="tse-anrejpfr-89530-2022-08-31-01-2022-10-19.xsd#tse-anrejpfr-89530_OtherIntangibleAssetsIAINV" xlink:label="OtherIntangibleAssetsIAINV" />    <link:loc xlink:type="locator" xlink:href="tse-anrejpfr-89530-2022-08-31-01-2022-10-19.xsd#tse-anrejpfr-89530_CurrentPortionOfInvestmentCorporationBondsUnsecuredCLINV" xlink:label="CurrentPortionOfInvestmentCorporationBondsUnsecuredCLINV" />    <link:loc xlink:type="locator" xlink:href="tse-anrejpfr-89530-2022-08-31-01-2022-10-19.xsd#tse-anrejpfr-89530_CurrentPortionOfTenantLeaseholdAndSecurityDepositsInTrustCLINV" xlink:label="CurrentPortionOfTenantLeaseholdAndSecurityDepositsInTrustCLINV" />    <link:loc xlink:type="locator" xlink:href="tse-anrejpfr-89530-2022-08-31-01-2022-10-19.xsd#tse-anrejpfr-89530_GainOnSalesOfPropertyOpeCFINV" xlink:label="GainOnSalesOfPropertyOpeCFINV" />    <link:loc xlink:type="locator" xlink:href="tse-anrejpfr-89530-2022-08-31-01-2022-10-19.xsd#tse-anrejpfr-89530_LossOnSalesOfPropertyOpeCFINV" xlink:label="LossOnSalesOfPropertyOpeCFINV" />    <link:loc xlink:type="locator" xlink:href="tse-anrejpfr-89530-2022-08-31-01-2022-10-19.xsd#tse-anrejpfr-89530_DecreaseIncreaseInIncomeTaxesReceivableOpeCFINV" xlink:label="DecreaseIncreaseInIncomeTaxesReceivableOpeCFINV" />    <link:loc xlink:type="locator" xlink:href="tse-anrejpfr-89530-2022-08-31-01-2022-10-19.xsd#tse-anrejpfr-89530_ProceedsFromSalesOfPropertyAndEquipmentInTrustInvCFINV" xlink:label="ProceedsFromSalesOfPropertyAndEquipmentInTrustInvCFINV" />    <link:loc xlink:type="locator" xlink:href="tse-anrejpfr-89530-2022-08-31-01-2022-10-19.xsd#tse-anrejpfr-89530_PaymentsForSalesOfPropertyAndEquipmentInTrustInvCFINV" xlink:label="PaymentsForSalesOfPropertyAndEquipmentInTrustInvCFINV" />    <link:loc xlink:type="locator" xlink:href="tse-anrejpfr-89530-2022-08-31-01-2022-10-19.xsd#tse-anrejpfr-89530_AmortizationOfGoodwill" xlink:label="AmortizationOfGoodwill" />    <link:label xlink:type="resource" xlink:label="label_GainOnSalesOfPropertyOpeCFINV" xml:lang="en" xlink:role="http://www.xbrl.org/2003/role/label" id="label_GainOnSalesOfPropertyOpeCFINV">Gain on sales of property</link:label>    <link:labelArc xlink:type="arc" xlink:arcrole="http://www.xbrl.org/2003/arcrole/concept-label" xlink:from="GainOnSalesOfPropertyOpeCFINV" xlink:to="label_GainOnSalesOfPropertyOpeCFINV" />    <link:label xlink:type="resource" xlink:label="label_GainOnSalesOfPropertyOpeCFINV_2" xml:lang="en" xlink:role="http://www.xbrl.org/2003/role/verboseLabel" id="label_GainOnSalesOfPropertyOpeCFINV_2">Gain on sales of property-OpeCF-INV</link:label>    <link:labelArc xlink:type="arc" xlink:arcrole="http://www.xbrl.org/2003/arcrole/concept-label" xlink:from="GainOnSalesOfPropertyOpeCFINV" xlink:to="label_GainOnSalesOfPropertyOpeCFINV_2" />    <link:label xlink:type="resource" xlink:label="label_LossOnSalesOfPropertyOpeCFINV" xml:lang="en" xlink:role="http://www.xbrl.org/2003/role/label" id="label_LossOnSalesOfPropertyOpeCFINV">Loss on sales of property</link:label>    <link:labelArc xlink:type="arc" xlink:arcrole="http://www.xbrl.org/2003/arcrole/concept-label" xlink:from="LossOnSalesOfPropertyOpeCFINV" xlink:to="label_LossOnSalesOfPropertyOpeCFINV" />    <link:label xlink:type="resource" xlink:label="label_LossOnSalesOfPropertyOpeCFINV_2" xml:lang="en" xlink:role="http://www.xbrl.org/2003/role/verboseLabel" id="label_LossOnSalesOfPropertyOpeCFINV_2">Loss on sales of property -OpeCF-INV</link:label>    <link:labelArc xlink:type="arc" xlink:arcrole="http://www.xbrl.org/2003/arcrole/concept-label" xlink:from="LossOnSalesOfPropertyOpeCFINV" xlink:to="label_LossOnSalesOfPropertyOpeCFINV_2" />    <link:label xlink:type="resource" xlink:label="label_DecreaseIncreaseInIncomeTaxesReceivableOpeCFINV" xml:lang="en" xlink:role="http://www.xbrl.org/2003/role/label" id="label_DecreaseIncreaseInIncomeTaxesReceivableOpeCFINV">Decrease (increase) in income taxes receivable</link:label>    <link:labelArc xlink:type="arc" xlink:arcrole="http://www.xbrl.org/2003/arcrole/concept-label" xlink:from="DecreaseIncreaseInIncomeTaxesReceivableOpeCFINV" xlink:to="label_DecreaseIncreaseInIncomeTaxesReceivableOpeCFINV" />    <link:label xlink:type="resource" xlink:label="label_DecreaseIncreaseInIncomeTaxesReceivableOpeCFINV_2" xml:lang="en" xlink:role="http://www.xbrl.org/2003/role/verboseLabel" id="label_DecreaseIncreaseInIncomeTaxesReceivableOpeCFINV_2">Decrease (increase) in income taxes receivable-OpeCF-INV</link:label>    <link:labelArc xlink:type="arc" xlink:arcrole="http://www.xbrl.org/2003/arcrole/concept-label" xlink:from="DecreaseIncreaseInIncomeTaxesReceivableOpeCFINV" xlink:to="label_DecreaseIncreaseInIncomeTaxesReceivableOpeCFINV_2" />    <link:label xlink:type="resource" xlink:label="label_ProceedsFromSalesOfPropertyAndEquipmentInTrustInvCFINV" xml:lang="en" xlink:role="http://www.xbrl.org/2003/role/label" id="label_ProceedsFromSalesOfPropertyAndEquipmentInTrustInvCFINV">Proceeds from sales of property and equipment in trust</link:label>    <link:labelArc xlink:type="arc" xlink:arcrole="http://www.xbrl.org/2003/arcrole/concept-label" xlink:from="ProceedsFromSalesOfPropertyAndEquipmentInTrustInvCFINV" xlink:to="label_ProceedsFromSalesOfPropertyAndEquipmentInTrustInvCFINV" />    <link:label xlink:type="resource" xlink:label="label_ProceedsFromSalesOfPropertyAndEquipmentInTrustInvCFINV_2" xml:lang="en" xlink:role="http://www.xbrl.org/2003/role/verboseLabel" id="label_ProceedsFromSalesOfPropertyAndEquipmentInTrustInvCFINV_2">Proceeds from sales of property and equipment in trust -InvCF-INV</link:label>    <link:labelArc xlink:type="arc" xlink:arcrole="http://www.xbrl.org/2003/arcrole/concept-label" xlink:from="ProceedsFromSalesOfPropertyAndEquipmentInTrustInvCFINV" xlink:to="label_ProceedsFromSalesOfPropertyAndEquipmentInTrustInvCFINV_2" />    <link:label xlink:type="resource" xlink:label="label_PaymentsForSalesOfPropertyAndEquipmentInTrustInvCFINV" xml:lang="en" xlink:role="http://www.xbrl.org/2003/role/label" id="label_PaymentsForSalesOfPropertyAndEquipmentInTrustInvCFINV">Payments for sales of property and equipment in trust</link:label>    <link:labelArc xlink:type="arc" xlink:arcrole="http://www.xbrl.org/2003/arcrole/concept-label" xlink:from="PaymentsForSalesOfPropertyAndEquipmentInTrustInvCFINV" xlink:to="label_PaymentsForSalesOfPropertyAndEquipmentInTrustInvCFINV" />    <link:label xlink:type="resource" xlink:label="label_PaymentsForSalesOfPropertyAndEquipmentInTrustInvCFINV_2" xml:lang="en" xlink:role="http://www.xbrl.org/2003/role/verboseLabel" id="label_PaymentsForSalesOfPropertyAndEquipmentInTrustInvCFINV_2">Payments for sales of property and equipment in trust -InvCF-INV</link:label>    <link:labelArc xlink:type="arc" xlink:arcrole="http://www.xbrl.org/2003/arcrole/concept-label" xlink:from="PaymentsForSalesOfPropertyAndEquipmentInTrustInvCFINV" xlink:to="label_PaymentsForSalesOfPropertyAndEquipmentInTrustInvCFINV_2" />    <link:label xlink:type="resource" xlink:label="label_AmortizationOfGoodwill_2" xml:lang="en" xlink:role="http://www.xbrl.org/2003/role/label" id="label_AmortizationOfGoodwill_2">Amortization of goodwill</link:label>    <link:labelArc xlink:type="arc" xlink:arcrole="http://www.xbrl.org/2003/arcrole/concept-label" xlink:from="AmortizationOfGoodwill" xlink:to="label_AmortizationOfGoodwill_2" />    <link:label xlink:type="resource" xlink:label="label_AmortizationOfGoodwill" xml:lang="en" xlink:role="http://www.xbrl.org/2003/role/verboseLabel" id="label_AmortizationOfGoodwill">Amortization of goodwill</link:label>    <link:labelArc xlink:type="arc" xlink:arcrole="http://www.xbrl.org/2003/arcrole/concept-label" xlink:from="AmortizationOfGoodwill" xlink:to="label_AmortizationOfGoodwill" />    <link:label xlink:type="resource" xlink:label="label_OtherIntangibleAssetsIAINV" xml:lang="en" xlink:role="http://www.xbrl.org/2003/role/label" id="label_OtherIntangibleAssetsIAINV">Other intangible assets</link:label>    <link:labelArc xlink:type="arc" xlink:arcrole="http://www.xbrl.org/2003/arcrole/concept-label" xlink:from="OtherIntangibleAssetsIAINV" xlink:to="label_OtherIntangibleAssetsIAINV" />    <link:label xlink:type="resource" xlink:label="label_OtherIntangibleAssetsIAINV_2" xml:lang="en" xlink:role="http://www.xbrl.org/2003/role/verboseLabel" id="label_OtherIntangibleAssetsIAINV_2">Other intangible assets-IA-INV</link:label>    <link:labelArc xlink:type="arc" xlink:arcrole="http://www.xbrl.org/2003/arcrole/concept-label" xlink:from="OtherIntangibleAssetsIAINV" xlink:to="label_OtherIntangibleAssetsIAINV_2" />    <link:label xlink:type="resource" xlink:label="label_CurrentPortionOfInvestmentCorporationBondsUnsecuredCLINV" xml:lang="en" xlink:role="http://www.xbrl.org/2003/role/label" id="label_CurrentPortionOfInvestmentCorporationBondsUnsecuredCLINV">Current portion of investment corporation bonds - unsecured</link:label>    <link:labelArc xlink:type="arc" xlink:arcrole="http://www.xbrl.org/2003/arcrole/concept-label" xlink:from="CurrentPortionOfInvestmentCorporationBondsUnsecuredCLINV" xlink:to="label_CurrentPortionOfInvestmentCorporationBondsUnsecuredCLINV" />    <link:label xlink:type="resource" xlink:label="label_CurrentPortionOfInvestmentCorporationBondsUnsecuredCLINV_2" xml:lang="en" xlink:role="http://www.xbrl.org/2003/role/verboseLabel" id="label_CurrentPortionOfInvestmentCorporationBondsUnsecuredCLINV_2">Current portion of investment corporation bonds - unsecured -CL -INV</link:label>    <link:labelArc xlink:type="arc" xlink:arcrole="http://www.xbrl.org/2003/arcrole/concept-label" xlink:from="CurrentPortionOfInvestmentCorporationBondsUnsecuredCLINV" xlink:to="label_CurrentPortionOfInvestmentCorporationBondsUnsecuredCLINV_2" />    <link:label xlink:type="resource" xlink:label="label_CurrentPortionOfTenantLeaseholdAndSecurityDepositsInTrustCLINV" xml:lang="en" xlink:role="http://www.xbrl.org/2003/role/label" id="label_CurrentPortionOfTenantLeaseholdAndSecurityDepositsInTrustCLINV">Current portion of tenant leasehold and security deposits in trust</link:label>    <link:labelArc xlink:type="arc" xlink:arcrole="http://www.xbrl.org/2003/arcrole/concept-label" xlink:from="CurrentPortionOfTenantLeaseholdAndSecurityDepositsInTrustCLINV" xlink:to="label_CurrentPortionOfTenantLeaseholdAndSecurityDepositsInTrustCLINV" />    <link:label xlink:type="resource" xlink:label="label_CurrentPortionOfTenantLeaseholdAndSecurityDepositsInTrustCLINV_2" xml:lang="en" xlink:role="http://www.xbrl.org/2003/role/verboseLabel" id="label_CurrentPortionOfTenantLeaseholdAndSecurityDepositsInTrustCLINV_2">Current portion of tenant leasehold and security deposits in trust -CL-INV</link:label>    <link:labelArc xlink:type="arc" xlink:arcrole="http://www.xbrl.org/2003/arcrole/concept-label" xlink:from="CurrentPortionOfTenantLeaseholdAndSecurityDepositsInTrustCLINV" xlink:to="label_CurrentPortionOfTenantLeaseholdAndSecurityDepositsInTrustCLINV_2" />  </link:labelLink></link:linkbase>