<?xml version="1.0" encoding="utf-8"?>
<!-- Generated by PRONEXUS WORKS --><link:linkbase xmlns:link="http://www.xbrl.org/2003/linkbase" xmlns:xsi="http://www.w3.org/2001/XMLSchema-instance" xmlns:xbrli="http://www.xbrl.org/2003/instance" xmlns:xlink="http://www.w3.org/1999/xlink">  <link:roleRef xlink:type="simple" roleURI="http://disclosure.edinet-fsa.go.jp/role/jppfs/rol_YearToQuarterEndConsolidatedStatementOfComprehensiveIncome" xlink:href="http://disclosure.edinet-fsa.go.jp/taxonomy/jppfs/2021-11-01/jppfs_rt_2021-11-01.xsd#rol_YearToQuarterEndConsolidatedStatementOfComprehensiveIncome" />  <link:roleRef xlink:type="simple" roleURI="http://disclosure.edinet-fsa.go.jp/jppfs/ConsolidatedQuarterly/role/positiveLabel" xlink:href="http://disclosure.edinet-fsa.go.jp/taxonomy/jppfs/2021-11-01/jppfs_rt_2021-11-01.xsd#rol_ConsolidatedQuarterlyPositiveLabel" />  <link:roleRef xlink:type="simple" roleURI="http://disclosure.edinet-fsa.go.jp/role/jppfs/rol_YearToQuarterEndConsolidatedStatementOfIncome" xlink:href="http://disclosure.edinet-fsa.go.jp/taxonomy/jppfs/2021-11-01/jppfs_rt_2021-11-01.xsd#rol_YearToQuarterEndConsolidatedStatementOfIncome" />  <link:roleRef xlink:type="simple" roleURI="http://disclosure.edinet-fsa.go.jp/role/jppfs/rol_QuarterlyConsolidatedBalanceSheet" xlink:href="http://disclosure.edinet-fsa.go.jp/taxonomy/jppfs/2021-11-01/jppfs_rt_2021-11-01.xsd#rol_QuarterlyConsolidatedBalanceSheet" />  <link:roleRef xlink:type="simple" roleURI="http://www.xbrl.tdnet.info/jp/tse/tdnet/role/RoleAttachedDocument" xlink:href="http://www.xbrl.tdnet.info/taxonomy/jp/tse/tdnet/at/o/rt/2014-01-12/tse-at-rt-2014-01-12.xsd#RoleAttachedDocument" />  <link:roleRef xlink:type="simple" roleURI="http://disclosure.edinet-fsa.go.jp/jppfs/ConsolidatedQuarterly/role/totalLabel" xlink:href="http://disclosure.edinet-fsa.go.jp/taxonomy/jppfs/2021-11-01/jppfs_rt_2021-11-01.xsd#rol_ConsolidatedQuarterlyTotalLabel" />  <link:roleRef xlink:type="simple" roleURI="http://disclosure.edinet-fsa.go.jp/jppfs/ConsolidatedQuarterly/role/label" xlink:href="http://disclosure.edinet-fsa.go.jp/taxonomy/jppfs/2021-11-01/jppfs_rt_2021-11-01.xsd#rol_ConsolidatedQuarterlyLabel" />  <link:presentationLink xlink:type="extended" xlink:role="http://www.xbrl.tdnet.info/jp/tse/tdnet/role/RoleAttachedDocument">    <link:loc xlink:type="locator" xlink:href="http://www.xbrl.tdnet.info/taxonomy/jp/tse/tdnet/at/t/2014-01-12/tse-at-t-2014-01-12.xsd#tse-at-t_AttachedDocumentHeading" xlink:label="AttachedDocumentHeading" />    <link:loc xlink:type="locator" xlink:href="http://disclosure.edinet-fsa.go.jp/taxonomy/jpcrp/2021-11-01/jpcrp_cor_2021-11-01.xsd#jpcrp_cor_QuarterlyConsolidatedFinancialStatementsHeading" xlink:label="QuarterlyConsolidatedFinancialStatementsHeading_2" />    <link:presentationArc xlink:type="arc" xlink:arcrole="http://www.xbrl.org/2003/arcrole/parent-child" xlink:from="AttachedDocumentHeading" xlink:to="QuarterlyConsolidatedFinancialStatementsHeading_2" order="1.0" />    <link:loc xlink:type="locator" xlink:href="http://disclosure.edinet-fsa.go.jp/taxonomy/jpcrp/2021-11-01/jpcrp_cor_2021-11-01.xsd#jpcrp_cor_QuarterlyConsolidatedFinancialStatementsHeading" xlink:label="QuarterlyConsolidatedFinancialStatementsHeading" />    <link:loc xlink:type="locator" xlink:href="http://disclosure.edinet-fsa.go.jp/taxonomy/jppfs/2021-11-01/jppfs_cor_2021-11-01.xsd#jppfs_cor_QuarterlyConsolidatedBalanceSheetHeading" xlink:label="QuarterlyConsolidatedBalanceSheetHeading_2" />    <link:presentationArc xlink:type="arc" xlink:arcrole="http://www.xbrl.org/2003/arcrole/parent-child" xlink:from="QuarterlyConsolidatedFinancialStatementsHeading" xlink:to="QuarterlyConsolidatedBalanceSheetHeading_2" order="1.0" />    <link:loc xlink:type="locator" xlink:href="http://disclosure.edinet-fsa.go.jp/taxonomy/jppfs/2021-11-01/jppfs_cor_2021-11-01.xsd#jppfs_cor_QuarterlyConsolidatedBalanceSheetHeading" xlink:label="QuarterlyConsolidatedBalanceSheetHeading" />    <link:loc xlink:type="locator" xlink:href="http://disclosure.edinet-fsa.go.jp/taxonomy/jpcrp/2021-11-01/jpcrp_cor_2021-11-01.xsd#jpcrp_cor_QuarterlyConsolidatedBalanceSheetTextBlock" xlink:label="QuarterlyConsolidatedBalanceSheetTextBlock" />    <link:presentationArc xlink:type="arc" xlink:arcrole="http://www.xbrl.org/2003/arcrole/parent-child" xlink:from="QuarterlyConsolidatedBalanceSheetHeading" xlink:to="QuarterlyConsolidatedBalanceSheetTextBlock" order="1.0" />    <link:loc xlink:type="locator" xlink:href="http://disclosure.edinet-fsa.go.jp/taxonomy/jppfs/2021-11-01/jppfs_cor_2021-11-01.xsd#jppfs_cor_QuarterlyConsolidatedStatementOfIncomeAndConsolidatedStatementOfComprehensiveIncomeHeading" xlink:label="QuarterlyConsolidatedStatementOfIncomeAndConsolidatedStatementOfComprehensiveIncomeHeading_2" />    <link:presentationArc xlink:type="arc" xlink:arcrole="http://www.xbrl.org/2003/arcrole/parent-child" xlink:from="QuarterlyConsolidatedFinancialStatementsHeading" xlink:to="QuarterlyConsolidatedStatementOfIncomeAndConsolidatedStatementOfComprehensiveIncomeHeading_2" order="2.0" />    <link:loc xlink:type="locator" xlink:href="http://disclosure.edinet-fsa.go.jp/taxonomy/jppfs/2021-11-01/jppfs_cor_2021-11-01.xsd#jppfs_cor_QuarterlyConsolidatedStatementOfIncomeAndConsolidatedStatementOfComprehensiveIncomeHeading" xlink:label="QuarterlyConsolidatedStatementOfIncomeAndConsolidatedStatementOfComprehensiveIncomeHeading" />    <link:loc xlink:type="locator" xlink:href="http://disclosure.edinet-fsa.go.jp/taxonomy/jppfs/2021-11-01/jppfs_cor_2021-11-01.xsd#jppfs_cor_QuarterlyConsolidatedStatementOfIncomeHeading" xlink:label="QuarterlyConsolidatedStatementOfIncomeHeading_2" />    <link:presentationArc xlink:type="arc" xlink:arcrole="http://www.xbrl.org/2003/arcrole/parent-child" xlink:from="QuarterlyConsolidatedStatementOfIncomeAndConsolidatedStatementOfComprehensiveIncomeHeading" xlink:to="QuarterlyConsolidatedStatementOfIncomeHeading_2" order="1.0" />    <link:loc xlink:type="locator" xlink:href="http://disclosure.edinet-fsa.go.jp/taxonomy/jppfs/2021-11-01/jppfs_cor_2021-11-01.xsd#jppfs_cor_QuarterlyConsolidatedStatementOfIncomeHeading" xlink:label="QuarterlyConsolidatedStatementOfIncomeHeading" />    <link:loc xlink:type="locator" xlink:href="http://disclosure.edinet-fsa.go.jp/taxonomy/jppfs/2021-11-01/jppfs_cor_2021-11-01.xsd#jppfs_cor_YearToQuarterEndConsolidatedStatementOfIncomeHeading" xlink:label="YearToQuarterEndConsolidatedStatementOfIncomeHeading_2" />    <link:presentationArc xlink:type="arc" xlink:arcrole="http://www.xbrl.org/2003/arcrole/parent-child" xlink:from="QuarterlyConsolidatedStatementOfIncomeHeading" xlink:to="YearToQuarterEndConsolidatedStatementOfIncomeHeading_2" order="1.0" />    <link:loc xlink:type="locator" xlink:href="http://disclosure.edinet-fsa.go.jp/taxonomy/jppfs/2021-11-01/jppfs_cor_2021-11-01.xsd#jppfs_cor_YearToQuarterEndConsolidatedStatementOfIncomeHeading" xlink:label="YearToQuarterEndConsolidatedStatementOfIncomeHeading" />    <link:loc xlink:type="locator" xlink:href="http://disclosure.edinet-fsa.go.jp/taxonomy/jpcrp/2021-11-01/jpcrp_cor_2021-11-01.xsd#jpcrp_cor_YearToQuarterEndConsolidatedStatementOfIncomeTextBlock" xlink:label="YearToQuarterEndConsolidatedStatementOfIncomeTextBlock" />    <link:presentationArc xlink:type="arc" xlink:arcrole="http://www.xbrl.org/2003/arcrole/parent-child" xlink:from="YearToQuarterEndConsolidatedStatementOfIncomeHeading" xlink:to="YearToQuarterEndConsolidatedStatementOfIncomeTextBlock" order="1.0" />    <link:loc xlink:type="locator" xlink:href="http://disclosure.edinet-fsa.go.jp/taxonomy/jppfs/2021-11-01/jppfs_cor_2021-11-01.xsd#jppfs_cor_QuarterlyConsolidatedStatementOfComprehensiveIncomeHeading" xlink:label="QuarterlyConsolidatedStatementOfComprehensiveIncomeHeading_2" />    <link:presentationArc xlink:type="arc" xlink:arcrole="http://www.xbrl.org/2003/arcrole/parent-child" xlink:from="QuarterlyConsolidatedStatementOfIncomeAndConsolidatedStatementOfComprehensiveIncomeHeading" xlink:to="QuarterlyConsolidatedStatementOfComprehensiveIncomeHeading_2" order="2.0" />    <link:loc xlink:type="locator" xlink:href="http://disclosure.edinet-fsa.go.jp/taxonomy/jppfs/2021-11-01/jppfs_cor_2021-11-01.xsd#jppfs_cor_QuarterlyConsolidatedStatementOfComprehensiveIncomeHeading" xlink:label="QuarterlyConsolidatedStatementOfComprehensiveIncomeHeading" />    <link:loc xlink:type="locator" xlink:href="http://disclosure.edinet-fsa.go.jp/taxonomy/jppfs/2021-11-01/jppfs_cor_2021-11-01.xsd#jppfs_cor_YearToQuarterEndConsolidatedStatementOfComprehensiveIncomeHeading" xlink:label="YearToQuarterEndConsolidatedStatementOfComprehensiveIncomeHeading_2" />    <link:presentationArc xlink:type="arc" xlink:arcrole="http://www.xbrl.org/2003/arcrole/parent-child" xlink:from="QuarterlyConsolidatedStatementOfComprehensiveIncomeHeading" xlink:to="YearToQuarterEndConsolidatedStatementOfComprehensiveIncomeHeading_2" order="1.0" />    <link:loc xlink:type="locator" xlink:href="http://disclosure.edinet-fsa.go.jp/taxonomy/jppfs/2021-11-01/jppfs_cor_2021-11-01.xsd#jppfs_cor_YearToQuarterEndConsolidatedStatementOfComprehensiveIncomeHeading" xlink:label="YearToQuarterEndConsolidatedStatementOfComprehensiveIncomeHeading" />    <link:loc xlink:type="locator" xlink:href="http://disclosure.edinet-fsa.go.jp/taxonomy/jpcrp/2021-11-01/jpcrp_cor_2021-11-01.xsd#jpcrp_cor_YearToQuarterEndConsolidatedStatementOfComprehensiveIncomeTextBlock" xlink:label="YearToQuarterEndConsolidatedStatementOfComprehensiveIncomeTextBlock" />    <link:presentationArc xlink:type="arc" xlink:arcrole="http://www.xbrl.org/2003/arcrole/parent-child" xlink:from="YearToQuarterEndConsolidatedStatementOfComprehensiveIncomeHeading" xlink:to="YearToQuarterEndConsolidatedStatementOfComprehensiveIncomeTextBlock" order="1.0" />  </link:presentationLink>  <link:presentationLink xlink:type="extended" xlink:role="http://disclosure.edinet-fsa.go.jp/role/jppfs/rol_QuarterlyConsolidatedBalanceSheet">    <link:loc xlink:type="locator" xlink:href="http://disclosure.edinet-fsa.go.jp/taxonomy/jppfs/2021-11-01/jppfs_cor_2021-11-01.xsd#jppfs_cor_QuarterlyConsolidatedBalanceSheetHeading" xlink:label="QuarterlyConsolidatedBalanceSheetHeading" />    <link:loc xlink:type="locator" xlink:href="http://disclosure.edinet-fsa.go.jp/taxonomy/jppfs/2021-11-01/jppfs_cor_2021-11-01.xsd#jppfs_cor_BalanceSheetTable" xlink:label="BalanceSheetTable_2" />    <link:presentationArc xlink:type="arc" preferredLabel="http://disclosure.edinet-fsa.go.jp/jppfs/ConsolidatedQuarterly/role/label" xlink:arcrole="http://www.xbrl.org/2003/arcrole/parent-child" xlink:from="QuarterlyConsolidatedBalanceSheetHeading" xlink:to="BalanceSheetTable_2" order="1.0" />    <link:loc xlink:type="locator" xlink:href="http://disclosure.edinet-fsa.go.jp/taxonomy/jppfs/2021-11-01/jppfs_cor_2021-11-01.xsd#jppfs_cor_BalanceSheetTable" xlink:label="BalanceSheetTable" />    <link:loc xlink:type="locator" xlink:href="http://disclosure.edinet-fsa.go.jp/taxonomy/jppfs/2021-11-01/jppfs_cor_2021-11-01.xsd#jppfs_cor_ConsolidatedOrNonConsolidatedAxis" xlink:label="ConsolidatedOrNonConsolidatedAxis_2" />    <link:presentationArc xlink:type="arc" xlink:arcrole="http://www.xbrl.org/2003/arcrole/parent-child" xlink:from="BalanceSheetTable" xlink:to="ConsolidatedOrNonConsolidatedAxis_2" order="1.0" />    <link:loc xlink:type="locator" xlink:href="http://disclosure.edinet-fsa.go.jp/taxonomy/jppfs/2021-11-01/jppfs_cor_2021-11-01.xsd#jppfs_cor_ConsolidatedOrNonConsolidatedAxis" xlink:label="ConsolidatedOrNonConsolidatedAxis" />    <link:loc xlink:type="locator" xlink:href="http://disclosure.edinet-fsa.go.jp/taxonomy/jppfs/2021-11-01/jppfs_cor_2021-11-01.xsd#jppfs_cor_ConsolidatedMember" xlink:label="ConsolidatedMember" />    <link:presentationArc xlink:type="arc" xlink:arcrole="http://www.xbrl.org/2003/arcrole/parent-child" xlink:from="ConsolidatedOrNonConsolidatedAxis" xlink:to="ConsolidatedMember" order="1.0" />    <link:loc xlink:type="locator" xlink:href="http://disclosure.edinet-fsa.go.jp/taxonomy/jppfs/2021-11-01/jppfs_cor_2021-11-01.xsd#jppfs_cor_BalanceSheetLineItems" xlink:label="BalanceSheetLineItems_2" />    <link:presentationArc xlink:type="arc" preferredLabel="http://disclosure.edinet-fsa.go.jp/jppfs/ConsolidatedQuarterly/role/label" xlink:arcrole="http://www.xbrl.org/2003/arcrole/parent-child" xlink:from="QuarterlyConsolidatedBalanceSheetHeading" xlink:to="BalanceSheetLineItems_2" order="2.0" />    <link:loc xlink:type="locator" xlink:href="http://disclosure.edinet-fsa.go.jp/taxonomy/jppfs/2021-11-01/jppfs_cor_2021-11-01.xsd#jppfs_cor_BalanceSheetLineItems" xlink:label="BalanceSheetLineItems" />    <link:loc xlink:type="locator" xlink:href="http://disclosure.edinet-fsa.go.jp/taxonomy/jppfs/2021-11-01/jppfs_cor_2021-11-01.xsd#jppfs_cor_AssetsAbstract" xlink:label="AssetsAbstract_2" />    <link:presentationArc xlink:type="arc" xlink:arcrole="http://www.xbrl.org/2003/arcrole/parent-child" xlink:from="BalanceSheetLineItems" xlink:to="AssetsAbstract_2" order="1.0" />    <link:loc xlink:type="locator" xlink:href="http://disclosure.edinet-fsa.go.jp/taxonomy/jppfs/2021-11-01/jppfs_cor_2021-11-01.xsd#jppfs_cor_AssetsAbstract" xlink:label="AssetsAbstract" />    <link:loc xlink:type="locator" xlink:href="http://disclosure.edinet-fsa.go.jp/taxonomy/jppfs/2021-11-01/jppfs_cor_2021-11-01.xsd#jppfs_cor_CurrentAssetsAbstract" xlink:label="CurrentAssetsAbstract_2" />    <link:presentationArc xlink:type="arc" xlink:arcrole="http://www.xbrl.org/2003/arcrole/parent-child" xlink:from="AssetsAbstract" xlink:to="CurrentAssetsAbstract_2" order="1.0" />    <link:loc xlink:type="locator" xlink:href="http://disclosure.edinet-fsa.go.jp/taxonomy/jppfs/2021-11-01/jppfs_cor_2021-11-01.xsd#jppfs_cor_CurrentAssetsAbstract" xlink:label="CurrentAssetsAbstract" />    <link:loc xlink:type="locator" xlink:href="http://disclosure.edinet-fsa.go.jp/taxonomy/jppfs/2021-11-01/jppfs_cor_2021-11-01.xsd#jppfs_cor_CashAndDeposits" xlink:label="CashAndDeposits" />    <link:presentationArc xlink:type="arc" xlink:arcrole="http://www.xbrl.org/2003/arcrole/parent-child" xlink:from="CurrentAssetsAbstract" xlink:to="CashAndDeposits" order="1.0" />    <link:loc xlink:type="locator" xlink:href="http://disclosure.edinet-fsa.go.jp/taxonomy/jppfs/2021-11-01/jppfs_cor_2021-11-01.xsd#jppfs_cor_NotesReceivableTrade" xlink:label="NotesReceivableTrade" />    <link:presentationArc xlink:type="arc" xlink:arcrole="http://www.xbrl.org/2003/arcrole/parent-child" xlink:from="CurrentAssetsAbstract" xlink:to="NotesReceivableTrade" order="2.0" />    <link:loc xlink:type="locator" xlink:href="http://disclosure.edinet-fsa.go.jp/taxonomy/jppfs/2021-11-01/jppfs_cor_2021-11-01.xsd#jppfs_cor_AccountsReceivableTrade" xlink:label="AccountsReceivableTrade" />    <link:presentationArc xlink:type="arc" xlink:arcrole="http://www.xbrl.org/2003/arcrole/parent-child" xlink:from="CurrentAssetsAbstract" xlink:to="AccountsReceivableTrade" order="3.0" />    <link:loc xlink:type="locator" xlink:href="http://disclosure.edinet-fsa.go.jp/taxonomy/jppfs/2021-11-01/jppfs_cor_2021-11-01.xsd#jppfs_cor_AccountsReceivableFromCompletedConstructionContractsCNS" xlink:label="AccountsReceivableFromCompletedConstructionContractsCNS" />    <link:presentationArc xlink:type="arc" xlink:arcrole="http://www.xbrl.org/2003/arcrole/parent-child" xlink:from="CurrentAssetsAbstract" xlink:to="AccountsReceivableFromCompletedConstructionContractsCNS" order="4.0" />    <link:loc xlink:type="locator" xlink:href="http://disclosure.edinet-fsa.go.jp/taxonomy/jppfs/2021-11-01/jppfs_cor_2021-11-01.xsd#jppfs_cor_ContractAssets" xlink:label="ContractAssets" />    <link:presentationArc xlink:type="arc" xlink:arcrole="http://www.xbrl.org/2003/arcrole/parent-child" xlink:from="CurrentAssetsAbstract" xlink:to="ContractAssets" order="5.0" />    <link:loc xlink:type="locator" xlink:href="http://disclosure.edinet-fsa.go.jp/taxonomy/jppfs/2021-11-01/jppfs_cor_2021-11-01.xsd#jppfs_cor_MerchandiseAndFinishedGoods" xlink:label="MerchandiseAndFinishedGoods" />    <link:presentationArc xlink:type="arc" xlink:arcrole="http://www.xbrl.org/2003/arcrole/parent-child" xlink:from="CurrentAssetsAbstract" xlink:to="MerchandiseAndFinishedGoods" order="6.0" />    <link:loc xlink:type="locator" xlink:href="http://disclosure.edinet-fsa.go.jp/taxonomy/jppfs/2021-11-01/jppfs_cor_2021-11-01.xsd#jppfs_cor_WorkInProcess" xlink:label="WorkInProcess" />    <link:presentationArc xlink:type="arc" xlink:arcrole="http://www.xbrl.org/2003/arcrole/parent-child" xlink:from="CurrentAssetsAbstract" xlink:to="WorkInProcess" order="7.0" />    <link:loc xlink:type="locator" xlink:href="http://disclosure.edinet-fsa.go.jp/taxonomy/jppfs/2021-11-01/jppfs_cor_2021-11-01.xsd#jppfs_cor_CostsOnUncompletedConstructionContractsCNS" xlink:label="CostsOnUncompletedConstructionContractsCNS" />    <link:presentationArc xlink:type="arc" xlink:arcrole="http://www.xbrl.org/2003/arcrole/parent-child" xlink:from="CurrentAssetsAbstract" xlink:to="CostsOnUncompletedConstructionContractsCNS" order="8.0" />    <link:loc xlink:type="locator" xlink:href="http://disclosure.edinet-fsa.go.jp/taxonomy/jppfs/2021-11-01/jppfs_cor_2021-11-01.xsd#jppfs_cor_CostsOnRealEstateBusiness" xlink:label="CostsOnRealEstateBusiness" />    <link:presentationArc xlink:type="arc" xlink:arcrole="http://www.xbrl.org/2003/arcrole/parent-child" xlink:from="CurrentAssetsAbstract" xlink:to="CostsOnRealEstateBusiness" order="9.0" />    <link:loc xlink:type="locator" xlink:href="http://disclosure.edinet-fsa.go.jp/taxonomy/jppfs/2021-11-01/jppfs_cor_2021-11-01.xsd#jppfs_cor_RawMaterialsAndSupplies" xlink:label="RawMaterialsAndSupplies" />    <link:presentationArc xlink:type="arc" xlink:arcrole="http://www.xbrl.org/2003/arcrole/parent-child" xlink:from="CurrentAssetsAbstract" xlink:to="RawMaterialsAndSupplies" order="10.0" />    <link:loc xlink:type="locator" xlink:href="http://disclosure.edinet-fsa.go.jp/taxonomy/jppfs/2021-11-01/jppfs_cor_2021-11-01.xsd#jppfs_cor_AdvancePaymentsTrade" xlink:label="AdvancePaymentsTrade" />    <link:presentationArc xlink:type="arc" xlink:arcrole="http://www.xbrl.org/2003/arcrole/parent-child" xlink:from="CurrentAssetsAbstract" xlink:to="AdvancePaymentsTrade" order="11.0" />    <link:loc xlink:type="locator" xlink:href="http://disclosure.edinet-fsa.go.jp/taxonomy/jppfs/2021-11-01/jppfs_cor_2021-11-01.xsd#jppfs_cor_OtherCA" xlink:label="OtherCA" />    <link:presentationArc xlink:type="arc" xlink:arcrole="http://www.xbrl.org/2003/arcrole/parent-child" xlink:from="CurrentAssetsAbstract" xlink:to="OtherCA" order="12.0" />    <link:loc xlink:type="locator" xlink:href="http://disclosure.edinet-fsa.go.jp/taxonomy/jppfs/2021-11-01/jppfs_cor_2021-11-01.xsd#jppfs_cor_AllowanceForDoubtfulAccountsCA" xlink:label="AllowanceForDoubtfulAccountsCA" />    <link:presentationArc xlink:type="arc" xlink:arcrole="http://www.xbrl.org/2003/arcrole/parent-child" xlink:from="CurrentAssetsAbstract" xlink:to="AllowanceForDoubtfulAccountsCA" order="13.0" />    <link:loc xlink:type="locator" xlink:href="http://disclosure.edinet-fsa.go.jp/taxonomy/jppfs/2021-11-01/jppfs_cor_2021-11-01.xsd#jppfs_cor_CurrentAssets" xlink:label="CurrentAssets" />    <link:presentationArc xlink:type="arc" preferredLabel="http://www.xbrl.org/2003/role/totalLabel" xlink:arcrole="http://www.xbrl.org/2003/arcrole/parent-child" xlink:from="CurrentAssetsAbstract" xlink:to="CurrentAssets" order="14.0" />    <link:loc xlink:type="locator" xlink:href="http://disclosure.edinet-fsa.go.jp/taxonomy/jppfs/2021-11-01/jppfs_cor_2021-11-01.xsd#jppfs_cor_NoncurrentAssetsAbstract" xlink:label="NoncurrentAssetsAbstract_2" />    <link:presentationArc xlink:type="arc" xlink:arcrole="http://www.xbrl.org/2003/arcrole/parent-child" xlink:from="AssetsAbstract" xlink:to="NoncurrentAssetsAbstract_2" order="2.0" />    <link:loc xlink:type="locator" xlink:href="http://disclosure.edinet-fsa.go.jp/taxonomy/jppfs/2021-11-01/jppfs_cor_2021-11-01.xsd#jppfs_cor_NoncurrentAssetsAbstract" xlink:label="NoncurrentAssetsAbstract" />    <link:loc xlink:type="locator" xlink:href="http://disclosure.edinet-fsa.go.jp/taxonomy/jppfs/2021-11-01/jppfs_cor_2021-11-01.xsd#jppfs_cor_PropertyPlantAndEquipmentAbstract" xlink:label="PropertyPlantAndEquipmentAbstract_2" />    <link:presentationArc xlink:type="arc" xlink:arcrole="http://www.xbrl.org/2003/arcrole/parent-child" xlink:from="NoncurrentAssetsAbstract" xlink:to="PropertyPlantAndEquipmentAbstract_2" order="1.0" />    <link:loc xlink:type="locator" xlink:href="http://disclosure.edinet-fsa.go.jp/taxonomy/jppfs/2021-11-01/jppfs_cor_2021-11-01.xsd#jppfs_cor_PropertyPlantAndEquipmentAbstract" xlink:label="PropertyPlantAndEquipmentAbstract" />    <link:loc xlink:type="locator" xlink:href="http://disclosure.edinet-fsa.go.jp/taxonomy/jppfs/2021-11-01/jppfs_cor_2021-11-01.xsd#jppfs_cor_BuildingsAndStructures" xlink:label="BuildingsAndStructures_2" />    <link:presentationArc xlink:type="arc" xlink:arcrole="http://www.xbrl.org/2003/arcrole/parent-child" xlink:from="PropertyPlantAndEquipmentAbstract" xlink:to="BuildingsAndStructures_2" order="1.0" />    <link:loc xlink:type="locator" xlink:href="http://disclosure.edinet-fsa.go.jp/taxonomy/jppfs/2021-11-01/jppfs_cor_2021-11-01.xsd#jppfs_cor_BuildingsAndStructures" xlink:label="BuildingsAndStructures" />    <link:loc xlink:type="locator" xlink:href="http://disclosure.edinet-fsa.go.jp/taxonomy/jppfs/2021-11-01/jppfs_cor_2021-11-01.xsd#jppfs_cor_AccumulatedDepreciationBuildingsAndStructures" xlink:label="AccumulatedDepreciationBuildingsAndStructures" />    <link:presentationArc xlink:type="arc" xlink:arcrole="http://www.xbrl.org/2003/arcrole/parent-child" xlink:from="BuildingsAndStructures" xlink:to="AccumulatedDepreciationBuildingsAndStructures" order="1.0" />    <link:loc xlink:type="locator" xlink:href="http://disclosure.edinet-fsa.go.jp/taxonomy/jppfs/2021-11-01/jppfs_cor_2021-11-01.xsd#jppfs_cor_AccumulatedImpairmentLossBuildingsAndStructures" xlink:label="AccumulatedImpairmentLossBuildingsAndStructures" />    <link:presentationArc xlink:type="arc" xlink:arcrole="http://www.xbrl.org/2003/arcrole/parent-child" xlink:from="BuildingsAndStructures" xlink:to="AccumulatedImpairmentLossBuildingsAndStructures" order="2.0" />    <link:loc xlink:type="locator" xlink:href="http://disclosure.edinet-fsa.go.jp/taxonomy/jppfs/2021-11-01/jppfs_cor_2021-11-01.xsd#jppfs_cor_BuildingsAndStructuresNet" xlink:label="BuildingsAndStructuresNet" />    <link:presentationArc xlink:type="arc" xlink:arcrole="http://www.xbrl.org/2003/arcrole/parent-child" xlink:from="BuildingsAndStructures" xlink:to="BuildingsAndStructuresNet" order="3.0" />    <link:loc xlink:type="locator" xlink:href="http://disclosure.edinet-fsa.go.jp/taxonomy/jppfs/2021-11-01/jppfs_cor_2021-11-01.xsd#jppfs_cor_MachineryEquipmentAndVehicles" xlink:label="MachineryEquipmentAndVehicles_2" />    <link:presentationArc xlink:type="arc" xlink:arcrole="http://www.xbrl.org/2003/arcrole/parent-child" xlink:from="PropertyPlantAndEquipmentAbstract" xlink:to="MachineryEquipmentAndVehicles_2" order="2.0" />    <link:loc xlink:type="locator" xlink:href="http://disclosure.edinet-fsa.go.jp/taxonomy/jppfs/2021-11-01/jppfs_cor_2021-11-01.xsd#jppfs_cor_MachineryEquipmentAndVehicles" xlink:label="MachineryEquipmentAndVehicles" />    <link:loc xlink:type="locator" xlink:href="http://disclosure.edinet-fsa.go.jp/taxonomy/jppfs/2021-11-01/jppfs_cor_2021-11-01.xsd#jppfs_cor_AccumulatedDepreciationMachineryEquipmentAndVehicles" xlink:label="AccumulatedDepreciationMachineryEquipmentAndVehicles" />    <link:presentationArc xlink:type="arc" xlink:arcrole="http://www.xbrl.org/2003/arcrole/parent-child" xlink:from="MachineryEquipmentAndVehicles" xlink:to="AccumulatedDepreciationMachineryEquipmentAndVehicles" order="1.0" />    <link:loc xlink:type="locator" xlink:href="http://disclosure.edinet-fsa.go.jp/taxonomy/jppfs/2021-11-01/jppfs_cor_2021-11-01.xsd#jppfs_cor_AccumulatedImpairmentLossMachineryEquipmentAndVehicles" xlink:label="AccumulatedImpairmentLossMachineryEquipmentAndVehicles" />    <link:presentationArc xlink:type="arc" xlink:arcrole="http://www.xbrl.org/2003/arcrole/parent-child" xlink:from="MachineryEquipmentAndVehicles" xlink:to="AccumulatedImpairmentLossMachineryEquipmentAndVehicles" order="2.0" />    <link:loc xlink:type="locator" xlink:href="http://disclosure.edinet-fsa.go.jp/taxonomy/jppfs/2021-11-01/jppfs_cor_2021-11-01.xsd#jppfs_cor_MachineryEquipmentAndVehiclesNet" xlink:label="MachineryEquipmentAndVehiclesNet" />    <link:presentationArc xlink:type="arc" xlink:arcrole="http://www.xbrl.org/2003/arcrole/parent-child" xlink:from="MachineryEquipmentAndVehicles" xlink:to="MachineryEquipmentAndVehiclesNet" order="3.0" />    <link:loc xlink:type="locator" xlink:href="http://disclosure.edinet-fsa.go.jp/taxonomy/jppfs/2021-11-01/jppfs_cor_2021-11-01.xsd#jppfs_cor_ToolsFurnitureAndFixtures" xlink:label="ToolsFurnitureAndFixtures_2" />    <link:presentationArc xlink:type="arc" xlink:arcrole="http://www.xbrl.org/2003/arcrole/parent-child" xlink:from="PropertyPlantAndEquipmentAbstract" xlink:to="ToolsFurnitureAndFixtures_2" order="3.0" />    <link:loc xlink:type="locator" xlink:href="http://disclosure.edinet-fsa.go.jp/taxonomy/jppfs/2021-11-01/jppfs_cor_2021-11-01.xsd#jppfs_cor_ToolsFurnitureAndFixtures" xlink:label="ToolsFurnitureAndFixtures" />    <link:loc xlink:type="locator" xlink:href="http://disclosure.edinet-fsa.go.jp/taxonomy/jppfs/2021-11-01/jppfs_cor_2021-11-01.xsd#jppfs_cor_AccumulatedDepreciationToolsFurnitureAndFixtures" xlink:label="AccumulatedDepreciationToolsFurnitureAndFixtures" />    <link:presentationArc xlink:type="arc" xlink:arcrole="http://www.xbrl.org/2003/arcrole/parent-child" xlink:from="ToolsFurnitureAndFixtures" xlink:to="AccumulatedDepreciationToolsFurnitureAndFixtures" order="1.0" />    <link:loc xlink:type="locator" xlink:href="http://disclosure.edinet-fsa.go.jp/taxonomy/jppfs/2021-11-01/jppfs_cor_2021-11-01.xsd#jppfs_cor_ToolsFurnitureAndFixturesNet" xlink:label="ToolsFurnitureAndFixturesNet" />    <link:presentationArc xlink:type="arc" xlink:arcrole="http://www.xbrl.org/2003/arcrole/parent-child" xlink:from="ToolsFurnitureAndFixtures" xlink:to="ToolsFurnitureAndFixturesNet" order="2.0" />    <link:loc xlink:type="locator" xlink:href="http://disclosure.edinet-fsa.go.jp/taxonomy/jppfs/2021-11-01/jppfs_cor_2021-11-01.xsd#jppfs_cor_Land" xlink:label="Land" />    <link:presentationArc xlink:type="arc" xlink:arcrole="http://www.xbrl.org/2003/arcrole/parent-child" xlink:from="PropertyPlantAndEquipmentAbstract" xlink:to="Land" order="4.0" />    <link:loc xlink:type="locator" xlink:href="http://disclosure.edinet-fsa.go.jp/taxonomy/jppfs/2021-11-01/jppfs_cor_2021-11-01.xsd#jppfs_cor_LeaseAssetsPPE" xlink:label="LeaseAssetsPPE_2" />    <link:presentationArc xlink:type="arc" xlink:arcrole="http://www.xbrl.org/2003/arcrole/parent-child" xlink:from="PropertyPlantAndEquipmentAbstract" xlink:to="LeaseAssetsPPE_2" order="5.0" />    <link:loc xlink:type="locator" xlink:href="http://disclosure.edinet-fsa.go.jp/taxonomy/jppfs/2021-11-01/jppfs_cor_2021-11-01.xsd#jppfs_cor_LeaseAssetsPPE" xlink:label="LeaseAssetsPPE" />    <link:loc xlink:type="locator" xlink:href="http://disclosure.edinet-fsa.go.jp/taxonomy/jppfs/2021-11-01/jppfs_cor_2021-11-01.xsd#jppfs_cor_AccumulatedDepreciationLeaseAssetsPPE" xlink:label="AccumulatedDepreciationLeaseAssetsPPE" />    <link:presentationArc xlink:type="arc" xlink:arcrole="http://www.xbrl.org/2003/arcrole/parent-child" xlink:from="LeaseAssetsPPE" xlink:to="AccumulatedDepreciationLeaseAssetsPPE" order="1.0" />    <link:loc xlink:type="locator" xlink:href="http://disclosure.edinet-fsa.go.jp/taxonomy/jppfs/2021-11-01/jppfs_cor_2021-11-01.xsd#jppfs_cor_AccumulatedImpairmentLossLeaseAssetsPPE" xlink:label="AccumulatedImpairmentLossLeaseAssetsPPE" />    <link:presentationArc xlink:type="arc" xlink:arcrole="http://www.xbrl.org/2003/arcrole/parent-child" xlink:from="LeaseAssetsPPE" xlink:to="AccumulatedImpairmentLossLeaseAssetsPPE" order="2.0" />    <link:loc xlink:type="locator" xlink:href="http://disclosure.edinet-fsa.go.jp/taxonomy/jppfs/2021-11-01/jppfs_cor_2021-11-01.xsd#jppfs_cor_LeaseAssetsNetPPE" xlink:label="LeaseAssetsNetPPE" />    <link:presentationArc xlink:type="arc" xlink:arcrole="http://www.xbrl.org/2003/arcrole/parent-child" xlink:from="LeaseAssetsPPE" xlink:to="LeaseAssetsNetPPE" order="3.0" />    <link:loc xlink:type="locator" xlink:href="http://disclosure.edinet-fsa.go.jp/taxonomy/jppfs/2021-11-01/jppfs_cor_2021-11-01.xsd#jppfs_cor_ConstructionInProgress" xlink:label="ConstructionInProgress" />    <link:presentationArc xlink:type="arc" xlink:arcrole="http://www.xbrl.org/2003/arcrole/parent-child" xlink:from="PropertyPlantAndEquipmentAbstract" xlink:to="ConstructionInProgress" order="6.0" />    <link:loc xlink:type="locator" xlink:href="http://disclosure.edinet-fsa.go.jp/taxonomy/jppfs/2021-11-01/jppfs_cor_2021-11-01.xsd#jppfs_cor_PropertyPlantAndEquipment" xlink:label="PropertyPlantAndEquipment" />    <link:presentationArc xlink:type="arc" preferredLabel="http://www.xbrl.org/2003/role/totalLabel" xlink:arcrole="http://www.xbrl.org/2003/arcrole/parent-child" xlink:from="PropertyPlantAndEquipmentAbstract" xlink:to="PropertyPlantAndEquipment" order="7.0" />    <link:loc xlink:type="locator" xlink:href="http://disclosure.edinet-fsa.go.jp/taxonomy/jppfs/2021-11-01/jppfs_cor_2021-11-01.xsd#jppfs_cor_IntangibleAssetsAbstract" xlink:label="IntangibleAssetsAbstract_2" />    <link:presentationArc xlink:type="arc" xlink:arcrole="http://www.xbrl.org/2003/arcrole/parent-child" xlink:from="NoncurrentAssetsAbstract" xlink:to="IntangibleAssetsAbstract_2" order="2.0" />    <link:loc xlink:type="locator" xlink:href="http://disclosure.edinet-fsa.go.jp/taxonomy/jppfs/2021-11-01/jppfs_cor_2021-11-01.xsd#jppfs_cor_IntangibleAssetsAbstract" xlink:label="IntangibleAssetsAbstract" />    <link:loc xlink:type="locator" xlink:href="http://disclosure.edinet-fsa.go.jp/taxonomy/jppfs/2021-11-01/jppfs_cor_2021-11-01.xsd#jppfs_cor_Goodwill" xlink:label="Goodwill" />    <link:presentationArc xlink:type="arc" xlink:arcrole="http://www.xbrl.org/2003/arcrole/parent-child" xlink:from="IntangibleAssetsAbstract" xlink:to="Goodwill" order="1.0" />    <link:loc xlink:type="locator" xlink:href="tse-qcedjpfr-50740-2022-09-30-01-2022-11-14.xsd#tse-qcedjpfr-50740_ContractBasedIntangibleAssetsIA" xlink:label="ContractBasedIntangibleAssetsIA" />    <link:presentationArc xlink:type="arc" xlink:arcrole="http://www.xbrl.org/2003/arcrole/parent-child" xlink:from="IntangibleAssetsAbstract" xlink:to="ContractBasedIntangibleAssetsIA" order="2.0" />    <link:loc xlink:type="locator" xlink:href="http://disclosure.edinet-fsa.go.jp/taxonomy/jppfs/2021-11-01/jppfs_cor_2021-11-01.xsd#jppfs_cor_OtherIA" xlink:label="OtherIA" />    <link:presentationArc xlink:type="arc" xlink:arcrole="http://www.xbrl.org/2003/arcrole/parent-child" xlink:from="IntangibleAssetsAbstract" xlink:to="OtherIA" order="3.0" />    <link:loc xlink:type="locator" xlink:href="http://disclosure.edinet-fsa.go.jp/taxonomy/jppfs/2021-11-01/jppfs_cor_2021-11-01.xsd#jppfs_cor_IntangibleAssets" xlink:label="IntangibleAssets" />    <link:presentationArc xlink:type="arc" preferredLabel="http://www.xbrl.org/2003/role/totalLabel" xlink:arcrole="http://www.xbrl.org/2003/arcrole/parent-child" xlink:from="IntangibleAssetsAbstract" xlink:to="IntangibleAssets" order="4.0" />    <link:loc xlink:type="locator" xlink:href="http://disclosure.edinet-fsa.go.jp/taxonomy/jppfs/2021-11-01/jppfs_cor_2021-11-01.xsd#jppfs_cor_InvestmentsAndOtherAssetsAbstract" xlink:label="InvestmentsAndOtherAssetsAbstract_2" />    <link:presentationArc xlink:type="arc" xlink:arcrole="http://www.xbrl.org/2003/arcrole/parent-child" xlink:from="NoncurrentAssetsAbstract" xlink:to="InvestmentsAndOtherAssetsAbstract_2" order="3.0" />    <link:loc xlink:type="locator" xlink:href="http://disclosure.edinet-fsa.go.jp/taxonomy/jppfs/2021-11-01/jppfs_cor_2021-11-01.xsd#jppfs_cor_InvestmentsAndOtherAssetsAbstract" xlink:label="InvestmentsAndOtherAssetsAbstract" />    <link:loc xlink:type="locator" xlink:href="http://disclosure.edinet-fsa.go.jp/taxonomy/jppfs/2021-11-01/jppfs_cor_2021-11-01.xsd#jppfs_cor_InvestmentSecurities" xlink:label="InvestmentSecurities" />    <link:presentationArc xlink:type="arc" xlink:arcrole="http://www.xbrl.org/2003/arcrole/parent-child" xlink:from="InvestmentsAndOtherAssetsAbstract" xlink:to="InvestmentSecurities" order="1.0" />    <link:loc xlink:type="locator" xlink:href="http://disclosure.edinet-fsa.go.jp/taxonomy/jppfs/2021-11-01/jppfs_cor_2021-11-01.xsd#jppfs_cor_StocksOfSubsidiariesAndAffiliates" xlink:label="StocksOfSubsidiariesAndAffiliates" />    <link:presentationArc xlink:type="arc" xlink:arcrole="http://www.xbrl.org/2003/arcrole/parent-child" xlink:from="InvestmentsAndOtherAssetsAbstract" xlink:to="StocksOfSubsidiariesAndAffiliates" order="2.0" />    <link:loc xlink:type="locator" xlink:href="http://disclosure.edinet-fsa.go.jp/taxonomy/jppfs/2021-11-01/jppfs_cor_2021-11-01.xsd#jppfs_cor_DeferredTaxAssets" xlink:label="DeferredTaxAssets" />    <link:presentationArc xlink:type="arc" xlink:arcrole="http://www.xbrl.org/2003/arcrole/parent-child" xlink:from="InvestmentsAndOtherAssetsAbstract" xlink:to="DeferredTaxAssets" order="3.0" />    <link:loc xlink:type="locator" xlink:href="http://disclosure.edinet-fsa.go.jp/taxonomy/jppfs/2021-11-01/jppfs_cor_2021-11-01.xsd#jppfs_cor_OtherIOA" xlink:label="OtherIOA" />    <link:presentationArc xlink:type="arc" xlink:arcrole="http://www.xbrl.org/2003/arcrole/parent-child" xlink:from="InvestmentsAndOtherAssetsAbstract" xlink:to="OtherIOA" order="4.0" />    <link:loc xlink:type="locator" xlink:href="http://disclosure.edinet-fsa.go.jp/taxonomy/jppfs/2021-11-01/jppfs_cor_2021-11-01.xsd#jppfs_cor_AllowanceForDoubtfulAccountsIOAByGroup" xlink:label="AllowanceForDoubtfulAccountsIOAByGroup" />    <link:presentationArc xlink:type="arc" xlink:arcrole="http://www.xbrl.org/2003/arcrole/parent-child" xlink:from="InvestmentsAndOtherAssetsAbstract" xlink:to="AllowanceForDoubtfulAccountsIOAByGroup" order="5.0" />    <link:loc xlink:type="locator" xlink:href="http://disclosure.edinet-fsa.go.jp/taxonomy/jppfs/2021-11-01/jppfs_cor_2021-11-01.xsd#jppfs_cor_InvestmentsAndOtherAssets" xlink:label="InvestmentsAndOtherAssets" />    <link:presentationArc xlink:type="arc" preferredLabel="http://www.xbrl.org/2003/role/totalLabel" xlink:arcrole="http://www.xbrl.org/2003/arcrole/parent-child" xlink:from="InvestmentsAndOtherAssetsAbstract" xlink:to="InvestmentsAndOtherAssets" order="6.0" />    <link:loc xlink:type="locator" xlink:href="http://disclosure.edinet-fsa.go.jp/taxonomy/jppfs/2021-11-01/jppfs_cor_2021-11-01.xsd#jppfs_cor_NoncurrentAssets" xlink:label="NoncurrentAssets" />    <link:presentationArc xlink:type="arc" preferredLabel="http://www.xbrl.org/2003/role/totalLabel" xlink:arcrole="http://www.xbrl.org/2003/arcrole/parent-child" xlink:from="NoncurrentAssetsAbstract" xlink:to="NoncurrentAssets" order="4.0" />    <link:loc xlink:type="locator" xlink:href="http://disclosure.edinet-fsa.go.jp/taxonomy/jppfs/2021-11-01/jppfs_cor_2021-11-01.xsd#jppfs_cor_Assets" xlink:label="Assets" />    <link:presentationArc xlink:type="arc" preferredLabel="http://www.xbrl.org/2003/role/totalLabel" xlink:arcrole="http://www.xbrl.org/2003/arcrole/parent-child" xlink:from="AssetsAbstract" xlink:to="Assets" order="3.0" />    <link:loc xlink:type="locator" xlink:href="http://disclosure.edinet-fsa.go.jp/taxonomy/jppfs/2021-11-01/jppfs_cor_2021-11-01.xsd#jppfs_cor_LiabilitiesAbstract" xlink:label="LiabilitiesAbstract_2" />    <link:presentationArc xlink:type="arc" xlink:arcrole="http://www.xbrl.org/2003/arcrole/parent-child" xlink:from="BalanceSheetLineItems" xlink:to="LiabilitiesAbstract_2" order="2.0" />    <link:loc xlink:type="locator" xlink:href="http://disclosure.edinet-fsa.go.jp/taxonomy/jppfs/2021-11-01/jppfs_cor_2021-11-01.xsd#jppfs_cor_LiabilitiesAbstract" xlink:label="LiabilitiesAbstract" />    <link:loc xlink:type="locator" xlink:href="http://disclosure.edinet-fsa.go.jp/taxonomy/jppfs/2021-11-01/jppfs_cor_2021-11-01.xsd#jppfs_cor_CurrentLiabilitiesAbstract" xlink:label="CurrentLiabilitiesAbstract_2" />    <link:presentationArc xlink:type="arc" xlink:arcrole="http://www.xbrl.org/2003/arcrole/parent-child" xlink:from="LiabilitiesAbstract" xlink:to="CurrentLiabilitiesAbstract_2" order="1.0" />    <link:loc xlink:type="locator" xlink:href="http://disclosure.edinet-fsa.go.jp/taxonomy/jppfs/2021-11-01/jppfs_cor_2021-11-01.xsd#jppfs_cor_CurrentLiabilitiesAbstract" xlink:label="CurrentLiabilitiesAbstract" />    <link:loc xlink:type="locator" xlink:href="http://disclosure.edinet-fsa.go.jp/taxonomy/jppfs/2021-11-01/jppfs_cor_2021-11-01.xsd#jppfs_cor_NotesAndAccountsPayableTrade" xlink:label="NotesAndAccountsPayableTrade" />    <link:presentationArc xlink:type="arc" xlink:arcrole="http://www.xbrl.org/2003/arcrole/parent-child" xlink:from="CurrentLiabilitiesAbstract" xlink:to="NotesAndAccountsPayableTrade" order="1.0" />    <link:loc xlink:type="locator" xlink:href="http://disclosure.edinet-fsa.go.jp/taxonomy/jppfs/2021-11-01/jppfs_cor_2021-11-01.xsd#jppfs_cor_AccountsPayableForConstructionContractsCNS" xlink:label="AccountsPayableForConstructionContractsCNS" />    <link:presentationArc xlink:type="arc" xlink:arcrole="http://www.xbrl.org/2003/arcrole/parent-child" xlink:from="CurrentLiabilitiesAbstract" xlink:to="AccountsPayableForConstructionContractsCNS" order="2.0" />    <link:loc xlink:type="locator" xlink:href="http://disclosure.edinet-fsa.go.jp/taxonomy/jppfs/2021-11-01/jppfs_cor_2021-11-01.xsd#jppfs_cor_ShortTermLoansPayable" xlink:label="ShortTermLoansPayable" />    <link:presentationArc xlink:type="arc" xlink:arcrole="http://www.xbrl.org/2003/arcrole/parent-child" xlink:from="CurrentLiabilitiesAbstract" xlink:to="ShortTermLoansPayable" order="3.0" />    <link:loc xlink:type="locator" xlink:href="http://disclosure.edinet-fsa.go.jp/taxonomy/jppfs/2021-11-01/jppfs_cor_2021-11-01.xsd#jppfs_cor_CurrentPortionOfLongTermLoansPayable" xlink:label="CurrentPortionOfLongTermLoansPayable" />    <link:presentationArc xlink:type="arc" xlink:arcrole="http://www.xbrl.org/2003/arcrole/parent-child" xlink:from="CurrentLiabilitiesAbstract" xlink:to="CurrentPortionOfLongTermLoansPayable" order="4.0" />    <link:loc xlink:type="locator" xlink:href="http://disclosure.edinet-fsa.go.jp/taxonomy/jppfs/2021-11-01/jppfs_cor_2021-11-01.xsd#jppfs_cor_LeaseObligationsCL" xlink:label="LeaseObligationsCL" />    <link:presentationArc xlink:type="arc" xlink:arcrole="http://www.xbrl.org/2003/arcrole/parent-child" xlink:from="CurrentLiabilitiesAbstract" xlink:to="LeaseObligationsCL" order="5.0" />    <link:loc xlink:type="locator" xlink:href="http://disclosure.edinet-fsa.go.jp/taxonomy/jppfs/2021-11-01/jppfs_cor_2021-11-01.xsd#jppfs_cor_IncomeTaxesPayable" xlink:label="IncomeTaxesPayable" />    <link:presentationArc xlink:type="arc" xlink:arcrole="http://www.xbrl.org/2003/arcrole/parent-child" xlink:from="CurrentLiabilitiesAbstract" xlink:to="IncomeTaxesPayable" order="6.0" />    <link:loc xlink:type="locator" xlink:href="http://disclosure.edinet-fsa.go.jp/taxonomy/jppfs/2021-11-01/jppfs_cor_2021-11-01.xsd#jppfs_cor_ContractLiabilities" xlink:label="ContractLiabilities" />    <link:presentationArc xlink:type="arc" xlink:arcrole="http://www.xbrl.org/2003/arcrole/parent-child" xlink:from="CurrentLiabilitiesAbstract" xlink:to="ContractLiabilities" order="7.0" />    <link:loc xlink:type="locator" xlink:href="http://disclosure.edinet-fsa.go.jp/taxonomy/jppfs/2021-11-01/jppfs_cor_2021-11-01.xsd#jppfs_cor_ProvisionForBonuses" xlink:label="ProvisionForBonuses" />    <link:presentationArc xlink:type="arc" xlink:arcrole="http://www.xbrl.org/2003/arcrole/parent-child" xlink:from="CurrentLiabilitiesAbstract" xlink:to="ProvisionForBonuses" order="8.0" />    <link:loc xlink:type="locator" xlink:href="tse-qcedjpfr-50740-2022-09-30-01-2022-11-14.xsd#tse-qcedjpfr-50740_ProvisionForContractLossCLCNS" xlink:label="ProvisionForContractLossCLCNS" />    <link:presentationArc xlink:type="arc" xlink:arcrole="http://www.xbrl.org/2003/arcrole/parent-child" xlink:from="CurrentLiabilitiesAbstract" xlink:to="ProvisionForContractLossCLCNS" order="9.0" />    <link:loc xlink:type="locator" xlink:href="http://disclosure.edinet-fsa.go.jp/taxonomy/jppfs/2021-11-01/jppfs_cor_2021-11-01.xsd#jppfs_cor_ProvisionForWarrantiesForCompletedConstruction" xlink:label="ProvisionForWarrantiesForCompletedConstruction" />    <link:presentationArc xlink:type="arc" xlink:arcrole="http://www.xbrl.org/2003/arcrole/parent-child" xlink:from="CurrentLiabilitiesAbstract" xlink:to="ProvisionForWarrantiesForCompletedConstruction" order="10.0" />    <link:loc xlink:type="locator" xlink:href="http://disclosure.edinet-fsa.go.jp/taxonomy/jppfs/2021-11-01/jppfs_cor_2021-11-01.xsd#jppfs_cor_OtherCL" xlink:label="OtherCL" />    <link:presentationArc xlink:type="arc" xlink:arcrole="http://www.xbrl.org/2003/arcrole/parent-child" xlink:from="CurrentLiabilitiesAbstract" xlink:to="OtherCL" order="11.0" />    <link:loc xlink:type="locator" xlink:href="http://disclosure.edinet-fsa.go.jp/taxonomy/jppfs/2021-11-01/jppfs_cor_2021-11-01.xsd#jppfs_cor_CurrentLiabilities" xlink:label="CurrentLiabilities" />    <link:presentationArc xlink:type="arc" preferredLabel="http://www.xbrl.org/2003/role/totalLabel" xlink:arcrole="http://www.xbrl.org/2003/arcrole/parent-child" xlink:from="CurrentLiabilitiesAbstract" xlink:to="CurrentLiabilities" order="12.0" />    <link:loc xlink:type="locator" xlink:href="http://disclosure.edinet-fsa.go.jp/taxonomy/jppfs/2021-11-01/jppfs_cor_2021-11-01.xsd#jppfs_cor_NoncurrentLiabilitiesAbstract" xlink:label="NoncurrentLiabilitiesAbstract_2" />    <link:presentationArc xlink:type="arc" xlink:arcrole="http://www.xbrl.org/2003/arcrole/parent-child" xlink:from="LiabilitiesAbstract" xlink:to="NoncurrentLiabilitiesAbstract_2" order="2.0" />    <link:loc xlink:type="locator" xlink:href="http://disclosure.edinet-fsa.go.jp/taxonomy/jppfs/2021-11-01/jppfs_cor_2021-11-01.xsd#jppfs_cor_NoncurrentLiabilitiesAbstract" xlink:label="NoncurrentLiabilitiesAbstract" />    <link:loc xlink:type="locator" xlink:href="http://disclosure.edinet-fsa.go.jp/taxonomy/jppfs/2021-11-01/jppfs_cor_2021-11-01.xsd#jppfs_cor_LongTermLoansPayable" xlink:label="LongTermLoansPayable" />    <link:presentationArc xlink:type="arc" xlink:arcrole="http://www.xbrl.org/2003/arcrole/parent-child" xlink:from="NoncurrentLiabilitiesAbstract" xlink:to="LongTermLoansPayable" order="1.0" />    <link:loc xlink:type="locator" xlink:href="http://disclosure.edinet-fsa.go.jp/taxonomy/jppfs/2021-11-01/jppfs_cor_2021-11-01.xsd#jppfs_cor_LeaseObligationsNCL" xlink:label="LeaseObligationsNCL" />    <link:presentationArc xlink:type="arc" xlink:arcrole="http://www.xbrl.org/2003/arcrole/parent-child" xlink:from="NoncurrentLiabilitiesAbstract" xlink:to="LeaseObligationsNCL" order="2.0" />    <link:loc xlink:type="locator" xlink:href="http://disclosure.edinet-fsa.go.jp/taxonomy/jppfs/2021-11-01/jppfs_cor_2021-11-01.xsd#jppfs_cor_DeferredTaxLiabilities" xlink:label="DeferredTaxLiabilities" />    <link:presentationArc xlink:type="arc" xlink:arcrole="http://www.xbrl.org/2003/arcrole/parent-child" xlink:from="NoncurrentLiabilitiesAbstract" xlink:to="DeferredTaxLiabilities" order="3.0" />    <link:loc xlink:type="locator" xlink:href="http://disclosure.edinet-fsa.go.jp/taxonomy/jppfs/2021-11-01/jppfs_cor_2021-11-01.xsd#jppfs_cor_AssetRetirementObligationsNCL" xlink:label="AssetRetirementObligationsNCL" />    <link:presentationArc xlink:type="arc" xlink:arcrole="http://www.xbrl.org/2003/arcrole/parent-child" xlink:from="NoncurrentLiabilitiesAbstract" xlink:to="AssetRetirementObligationsNCL" order="4.0" />    <link:loc xlink:type="locator" xlink:href="tse-qcedjpfr-50740-2022-09-30-01-2022-11-14.xsd#tse-qcedjpfr-50740_ProvisionForContractLossNCLCNS" xlink:label="ProvisionForContractLossNCLCNS" />    <link:presentationArc xlink:type="arc" xlink:arcrole="http://www.xbrl.org/2003/arcrole/parent-child" xlink:from="NoncurrentLiabilitiesAbstract" xlink:to="ProvisionForContractLossNCLCNS" order="5.0" />    <link:loc xlink:type="locator" xlink:href="http://disclosure.edinet-fsa.go.jp/taxonomy/jppfs/2021-11-01/jppfs_cor_2021-11-01.xsd#jppfs_cor_NetDefinedBenefitLiability" xlink:label="NetDefinedBenefitLiability" />    <link:presentationArc xlink:type="arc" xlink:arcrole="http://www.xbrl.org/2003/arcrole/parent-child" xlink:from="NoncurrentLiabilitiesAbstract" xlink:to="NetDefinedBenefitLiability" order="6.0" />    <link:loc xlink:type="locator" xlink:href="http://disclosure.edinet-fsa.go.jp/taxonomy/jppfs/2021-11-01/jppfs_cor_2021-11-01.xsd#jppfs_cor_OtherNCL" xlink:label="OtherNCL" />    <link:presentationArc xlink:type="arc" xlink:arcrole="http://www.xbrl.org/2003/arcrole/parent-child" xlink:from="NoncurrentLiabilitiesAbstract" xlink:to="OtherNCL" order="7.0" />    <link:loc xlink:type="locator" xlink:href="http://disclosure.edinet-fsa.go.jp/taxonomy/jppfs/2021-11-01/jppfs_cor_2021-11-01.xsd#jppfs_cor_NoncurrentLiabilities" xlink:label="NoncurrentLiabilities" />    <link:presentationArc xlink:type="arc" preferredLabel="http://www.xbrl.org/2003/role/totalLabel" xlink:arcrole="http://www.xbrl.org/2003/arcrole/parent-child" xlink:from="NoncurrentLiabilitiesAbstract" xlink:to="NoncurrentLiabilities" order="8.0" />    <link:loc xlink:type="locator" xlink:href="http://disclosure.edinet-fsa.go.jp/taxonomy/jppfs/2021-11-01/jppfs_cor_2021-11-01.xsd#jppfs_cor_Liabilities" xlink:label="Liabilities" />    <link:presentationArc xlink:type="arc" preferredLabel="http://www.xbrl.org/2003/role/totalLabel" xlink:arcrole="http://www.xbrl.org/2003/arcrole/parent-child" xlink:from="LiabilitiesAbstract" xlink:to="Liabilities" order="3.0" />    <link:loc xlink:type="locator" xlink:href="http://disclosure.edinet-fsa.go.jp/taxonomy/jppfs/2021-11-01/jppfs_cor_2021-11-01.xsd#jppfs_cor_NetAssetsAbstract" xlink:label="NetAssetsAbstract_2" />    <link:presentationArc xlink:type="arc" xlink:arcrole="http://www.xbrl.org/2003/arcrole/parent-child" xlink:from="BalanceSheetLineItems" xlink:to="NetAssetsAbstract_2" order="3.0" />    <link:loc xlink:type="locator" xlink:href="http://disclosure.edinet-fsa.go.jp/taxonomy/jppfs/2021-11-01/jppfs_cor_2021-11-01.xsd#jppfs_cor_NetAssetsAbstract" xlink:label="NetAssetsAbstract" />    <link:loc xlink:type="locator" xlink:href="http://disclosure.edinet-fsa.go.jp/taxonomy/jppfs/2021-11-01/jppfs_cor_2021-11-01.xsd#jppfs_cor_ShareholdersEquityAbstract" xlink:label="ShareholdersEquityAbstract_2" />    <link:presentationArc xlink:type="arc" xlink:arcrole="http://www.xbrl.org/2003/arcrole/parent-child" xlink:from="NetAssetsAbstract" xlink:to="ShareholdersEquityAbstract_2" order="1.0" />    <link:loc xlink:type="locator" xlink:href="http://disclosure.edinet-fsa.go.jp/taxonomy/jppfs/2021-11-01/jppfs_cor_2021-11-01.xsd#jppfs_cor_ShareholdersEquityAbstract" xlink:label="ShareholdersEquityAbstract" />    <link:loc xlink:type="locator" xlink:href="http://disclosure.edinet-fsa.go.jp/taxonomy/jppfs/2021-11-01/jppfs_cor_2021-11-01.xsd#jppfs_cor_CapitalStock" xlink:label="CapitalStock" />    <link:presentationArc xlink:type="arc" xlink:arcrole="http://www.xbrl.org/2003/arcrole/parent-child" xlink:from="ShareholdersEquityAbstract" xlink:to="CapitalStock" order="1.0" />    <link:loc xlink:type="locator" xlink:href="http://disclosure.edinet-fsa.go.jp/taxonomy/jppfs/2021-11-01/jppfs_cor_2021-11-01.xsd#jppfs_cor_CapitalSurplus" xlink:label="CapitalSurplus" />    <link:presentationArc xlink:type="arc" xlink:arcrole="http://www.xbrl.org/2003/arcrole/parent-child" xlink:from="ShareholdersEquityAbstract" xlink:to="CapitalSurplus" order="2.0" />    <link:loc xlink:type="locator" xlink:href="http://disclosure.edinet-fsa.go.jp/taxonomy/jppfs/2021-11-01/jppfs_cor_2021-11-01.xsd#jppfs_cor_RetainedEarnings" xlink:label="RetainedEarnings" />    <link:presentationArc xlink:type="arc" xlink:arcrole="http://www.xbrl.org/2003/arcrole/parent-child" xlink:from="ShareholdersEquityAbstract" xlink:to="RetainedEarnings" order="3.0" />    <link:loc xlink:type="locator" xlink:href="http://disclosure.edinet-fsa.go.jp/taxonomy/jppfs/2021-11-01/jppfs_cor_2021-11-01.xsd#jppfs_cor_TreasuryStock" xlink:label="TreasuryStock" />    <link:presentationArc xlink:type="arc" xlink:arcrole="http://www.xbrl.org/2003/arcrole/parent-child" xlink:from="ShareholdersEquityAbstract" xlink:to="TreasuryStock" order="4.0" />    <link:loc xlink:type="locator" xlink:href="http://disclosure.edinet-fsa.go.jp/taxonomy/jppfs/2021-11-01/jppfs_cor_2021-11-01.xsd#jppfs_cor_ShareholdersEquity" xlink:label="ShareholdersEquity" />    <link:presentationArc xlink:type="arc" preferredLabel="http://www.xbrl.org/2003/role/totalLabel" xlink:arcrole="http://www.xbrl.org/2003/arcrole/parent-child" xlink:from="ShareholdersEquityAbstract" xlink:to="ShareholdersEquity" order="5.0" />    <link:loc xlink:type="locator" xlink:href="http://disclosure.edinet-fsa.go.jp/taxonomy/jppfs/2021-11-01/jppfs_cor_2021-11-01.xsd#jppfs_cor_ValuationAndTranslationAdjustmentsAbstract" xlink:label="ValuationAndTranslationAdjustmentsAbstract_2" />    <link:presentationArc xlink:type="arc" preferredLabel="http://disclosure.edinet-fsa.go.jp/jppfs/ConsolidatedQuarterly/role/label" xlink:arcrole="http://www.xbrl.org/2003/arcrole/parent-child" xlink:from="NetAssetsAbstract" xlink:to="ValuationAndTranslationAdjustmentsAbstract_2" order="2.0" />    <link:loc xlink:type="locator" xlink:href="http://disclosure.edinet-fsa.go.jp/taxonomy/jppfs/2021-11-01/jppfs_cor_2021-11-01.xsd#jppfs_cor_ValuationAndTranslationAdjustmentsAbstract" xlink:label="ValuationAndTranslationAdjustmentsAbstract" />    <link:loc xlink:type="locator" xlink:href="http://disclosure.edinet-fsa.go.jp/taxonomy/jppfs/2021-11-01/jppfs_cor_2021-11-01.xsd#jppfs_cor_ValuationDifferenceOnAvailableForSaleSecurities" xlink:label="ValuationDifferenceOnAvailableForSaleSecurities" />    <link:presentationArc xlink:type="arc" xlink:arcrole="http://www.xbrl.org/2003/arcrole/parent-child" xlink:from="ValuationAndTranslationAdjustmentsAbstract" xlink:to="ValuationDifferenceOnAvailableForSaleSecurities" order="1.0" />    <link:loc xlink:type="locator" xlink:href="http://disclosure.edinet-fsa.go.jp/taxonomy/jppfs/2021-11-01/jppfs_cor_2021-11-01.xsd#jppfs_cor_DeferredGainsOrLossesOnHedges" xlink:label="DeferredGainsOrLossesOnHedges" />    <link:presentationArc xlink:type="arc" xlink:arcrole="http://www.xbrl.org/2003/arcrole/parent-child" xlink:from="ValuationAndTranslationAdjustmentsAbstract" xlink:to="DeferredGainsOrLossesOnHedges" order="2.0" />    <link:loc xlink:type="locator" xlink:href="http://disclosure.edinet-fsa.go.jp/taxonomy/jppfs/2021-11-01/jppfs_cor_2021-11-01.xsd#jppfs_cor_ForeignCurrencyTranslationAdjustment" xlink:label="ForeignCurrencyTranslationAdjustment" />    <link:presentationArc xlink:type="arc" xlink:arcrole="http://www.xbrl.org/2003/arcrole/parent-child" xlink:from="ValuationAndTranslationAdjustmentsAbstract" xlink:to="ForeignCurrencyTranslationAdjustment" order="3.0" />    <link:loc xlink:type="locator" xlink:href="http://disclosure.edinet-fsa.go.jp/taxonomy/jppfs/2021-11-01/jppfs_cor_2021-11-01.xsd#jppfs_cor_ValuationAndTranslationAdjustments" xlink:label="ValuationAndTranslationAdjustments" />    <link:presentationArc xlink:type="arc" preferredLabel="http://disclosure.edinet-fsa.go.jp/jppfs/ConsolidatedQuarterly/role/totalLabel" xlink:arcrole="http://www.xbrl.org/2003/arcrole/parent-child" xlink:from="ValuationAndTranslationAdjustmentsAbstract" xlink:to="ValuationAndTranslationAdjustments" order="4.0" />    <link:loc xlink:type="locator" xlink:href="http://disclosure.edinet-fsa.go.jp/taxonomy/jppfs/2021-11-01/jppfs_cor_2021-11-01.xsd#jppfs_cor_NonControllingInterests" xlink:label="NonControllingInterests" />    <link:presentationArc xlink:type="arc" xlink:arcrole="http://www.xbrl.org/2003/arcrole/parent-child" xlink:from="NetAssetsAbstract" xlink:to="NonControllingInterests" order="3.0" />    <link:loc xlink:type="locator" xlink:href="http://disclosure.edinet-fsa.go.jp/taxonomy/jppfs/2021-11-01/jppfs_cor_2021-11-01.xsd#jppfs_cor_NetAssets" xlink:label="NetAssets" />    <link:presentationArc xlink:type="arc" preferredLabel="http://www.xbrl.org/2003/role/totalLabel" xlink:arcrole="http://www.xbrl.org/2003/arcrole/parent-child" xlink:from="NetAssetsAbstract" xlink:to="NetAssets" order="4.0" />    <link:loc xlink:type="locator" xlink:href="http://disclosure.edinet-fsa.go.jp/taxonomy/jppfs/2021-11-01/jppfs_cor_2021-11-01.xsd#jppfs_cor_LiabilitiesAndNetAssets" xlink:label="LiabilitiesAndNetAssets" />    <link:presentationArc xlink:type="arc" preferredLabel="http://www.xbrl.org/2003/role/totalLabel" xlink:arcrole="http://www.xbrl.org/2003/arcrole/parent-child" xlink:from="BalanceSheetLineItems" xlink:to="LiabilitiesAndNetAssets" order="4.0" />  </link:presentationLink>  <link:presentationLink xlink:type="extended" xlink:role="http://disclosure.edinet-fsa.go.jp/role/jppfs/rol_YearToQuarterEndConsolidatedStatementOfIncome">    <link:loc xlink:type="locator" xlink:href="http://disclosure.edinet-fsa.go.jp/taxonomy/jppfs/2021-11-01/jppfs_cor_2021-11-01.xsd#jppfs_cor_YearToQuarterEndConsolidatedStatementOfIncomeHeading" xlink:label="YearToQuarterEndConsolidatedStatementOfIncomeHeading" />    <link:loc xlink:type="locator" xlink:href="http://disclosure.edinet-fsa.go.jp/taxonomy/jppfs/2021-11-01/jppfs_cor_2021-11-01.xsd#jppfs_cor_StatementOfIncomeTable" xlink:label="StatementOfIncomeTable_2" />    <link:presentationArc xlink:type="arc" preferredLabel="http://disclosure.edinet-fsa.go.jp/jppfs/ConsolidatedQuarterly/role/label" xlink:arcrole="http://www.xbrl.org/2003/arcrole/parent-child" xlink:from="YearToQuarterEndConsolidatedStatementOfIncomeHeading" xlink:to="StatementOfIncomeTable_2" order="1.0" />    <link:loc xlink:type="locator" xlink:href="http://disclosure.edinet-fsa.go.jp/taxonomy/jppfs/2021-11-01/jppfs_cor_2021-11-01.xsd#jppfs_cor_StatementOfIncomeTable" xlink:label="StatementOfIncomeTable" />    <link:loc xlink:type="locator" xlink:href="http://disclosure.edinet-fsa.go.jp/taxonomy/jppfs/2021-11-01/jppfs_cor_2021-11-01.xsd#jppfs_cor_ConsolidatedOrNonConsolidatedAxis" xlink:label="ConsolidatedOrNonConsolidatedAxis_2" />    <link:presentationArc xlink:type="arc" xlink:arcrole="http://www.xbrl.org/2003/arcrole/parent-child" xlink:from="StatementOfIncomeTable" xlink:to="ConsolidatedOrNonConsolidatedAxis_2" order="1.0" />    <link:loc xlink:type="locator" xlink:href="http://disclosure.edinet-fsa.go.jp/taxonomy/jppfs/2021-11-01/jppfs_cor_2021-11-01.xsd#jppfs_cor_ConsolidatedOrNonConsolidatedAxis" xlink:label="ConsolidatedOrNonConsolidatedAxis" />    <link:loc xlink:type="locator" xlink:href="http://disclosure.edinet-fsa.go.jp/taxonomy/jppfs/2021-11-01/jppfs_cor_2021-11-01.xsd#jppfs_cor_ConsolidatedMember" xlink:label="ConsolidatedMember" />    <link:presentationArc xlink:type="arc" xlink:arcrole="http://www.xbrl.org/2003/arcrole/parent-child" xlink:from="ConsolidatedOrNonConsolidatedAxis" xlink:to="ConsolidatedMember" order="1.0" />    <link:loc xlink:type="locator" xlink:href="http://disclosure.edinet-fsa.go.jp/taxonomy/jppfs/2021-11-01/jppfs_cor_2021-11-01.xsd#jppfs_cor_StatementOfIncomeLineItems" xlink:label="StatementOfIncomeLineItems_2" />    <link:presentationArc xlink:type="arc" preferredLabel="http://disclosure.edinet-fsa.go.jp/jppfs/ConsolidatedQuarterly/role/label" xlink:arcrole="http://www.xbrl.org/2003/arcrole/parent-child" xlink:from="YearToQuarterEndConsolidatedStatementOfIncomeHeading" xlink:to="StatementOfIncomeLineItems_2" order="2.0" />    <link:loc xlink:type="locator" xlink:href="http://disclosure.edinet-fsa.go.jp/taxonomy/jppfs/2021-11-01/jppfs_cor_2021-11-01.xsd#jppfs_cor_StatementOfIncomeLineItems" xlink:label="StatementOfIncomeLineItems" />    <link:loc xlink:type="locator" xlink:href="http://disclosure.edinet-fsa.go.jp/taxonomy/jppfs/2021-11-01/jppfs_cor_2021-11-01.xsd#jppfs_cor_NetSales" xlink:label="NetSales" />    <link:presentationArc xlink:type="arc" xlink:arcrole="http://www.xbrl.org/2003/arcrole/parent-child" xlink:from="StatementOfIncomeLineItems" xlink:to="NetSales" order="1.0" />    <link:loc xlink:type="locator" xlink:href="http://disclosure.edinet-fsa.go.jp/taxonomy/jppfs/2021-11-01/jppfs_cor_2021-11-01.xsd#jppfs_cor_CostOfSales" xlink:label="CostOfSales" />    <link:presentationArc xlink:type="arc" xlink:arcrole="http://www.xbrl.org/2003/arcrole/parent-child" xlink:from="StatementOfIncomeLineItems" xlink:to="CostOfSales" order="2.0" />    <link:loc xlink:type="locator" xlink:href="http://disclosure.edinet-fsa.go.jp/taxonomy/jppfs/2021-11-01/jppfs_cor_2021-11-01.xsd#jppfs_cor_GrossProfit" xlink:label="GrossProfit" />    <link:presentationArc xlink:type="arc" preferredLabel="http://www.xbrl.org/2003/role/positiveLabel" xlink:arcrole="http://www.xbrl.org/2003/arcrole/parent-child" xlink:from="StatementOfIncomeLineItems" xlink:to="GrossProfit" order="3.0" />    <link:loc xlink:type="locator" xlink:href="http://disclosure.edinet-fsa.go.jp/taxonomy/jppfs/2021-11-01/jppfs_cor_2021-11-01.xsd#jppfs_cor_SellingGeneralAndAdministrativeExpenses" xlink:label="SellingGeneralAndAdministrativeExpenses" />    <link:presentationArc xlink:type="arc" xlink:arcrole="http://www.xbrl.org/2003/arcrole/parent-child" xlink:from="StatementOfIncomeLineItems" xlink:to="SellingGeneralAndAdministrativeExpenses" order="4.0" />    <link:loc xlink:type="locator" xlink:href="http://disclosure.edinet-fsa.go.jp/taxonomy/jppfs/2021-11-01/jppfs_cor_2021-11-01.xsd#jppfs_cor_OperatingIncome" xlink:label="OperatingIncome" />    <link:presentationArc xlink:type="arc" preferredLabel="http://www.xbrl.org/2003/role/positiveLabel" xlink:arcrole="http://www.xbrl.org/2003/arcrole/parent-child" xlink:from="StatementOfIncomeLineItems" xlink:to="OperatingIncome" order="5.0" />    <link:loc xlink:type="locator" xlink:href="http://disclosure.edinet-fsa.go.jp/taxonomy/jppfs/2021-11-01/jppfs_cor_2021-11-01.xsd#jppfs_cor_NonOperatingIncomeAbstract" xlink:label="NonOperatingIncomeAbstract_2" />    <link:presentationArc xlink:type="arc" xlink:arcrole="http://www.xbrl.org/2003/arcrole/parent-child" xlink:from="StatementOfIncomeLineItems" xlink:to="NonOperatingIncomeAbstract_2" order="6.0" />    <link:loc xlink:type="locator" xlink:href="http://disclosure.edinet-fsa.go.jp/taxonomy/jppfs/2021-11-01/jppfs_cor_2021-11-01.xsd#jppfs_cor_NonOperatingIncomeAbstract" xlink:label="NonOperatingIncomeAbstract" />    <link:loc xlink:type="locator" xlink:href="http://disclosure.edinet-fsa.go.jp/taxonomy/jppfs/2021-11-01/jppfs_cor_2021-11-01.xsd#jppfs_cor_InterestIncomeNOI" xlink:label="InterestIncomeNOI" />    <link:presentationArc xlink:type="arc" xlink:arcrole="http://www.xbrl.org/2003/arcrole/parent-child" xlink:from="NonOperatingIncomeAbstract" xlink:to="InterestIncomeNOI" order="1.0" />    <link:loc xlink:type="locator" xlink:href="http://disclosure.edinet-fsa.go.jp/taxonomy/jppfs/2021-11-01/jppfs_cor_2021-11-01.xsd#jppfs_cor_DividendsIncomeNOI" xlink:label="DividendsIncomeNOI" />    <link:presentationArc xlink:type="arc" xlink:arcrole="http://www.xbrl.org/2003/arcrole/parent-child" xlink:from="NonOperatingIncomeAbstract" xlink:to="DividendsIncomeNOI" order="2.0" />    <link:loc xlink:type="locator" xlink:href="http://disclosure.edinet-fsa.go.jp/taxonomy/jppfs/2021-11-01/jppfs_cor_2021-11-01.xsd#jppfs_cor_InsuranceIncomeNOI" xlink:label="InsuranceIncomeNOI" />    <link:presentationArc xlink:type="arc" xlink:arcrole="http://www.xbrl.org/2003/arcrole/parent-child" xlink:from="NonOperatingIncomeAbstract" xlink:to="InsuranceIncomeNOI" order="3.0" />    <link:loc xlink:type="locator" xlink:href="http://disclosure.edinet-fsa.go.jp/taxonomy/jppfs/2021-11-01/jppfs_cor_2021-11-01.xsd#jppfs_cor_EquityInEarningsOfAffiliatesNOI" xlink:label="EquityInEarningsOfAffiliatesNOI" />    <link:presentationArc xlink:type="arc" xlink:arcrole="http://www.xbrl.org/2003/arcrole/parent-child" xlink:from="NonOperatingIncomeAbstract" xlink:to="EquityInEarningsOfAffiliatesNOI" order="4.0" />    <link:loc xlink:type="locator" xlink:href="http://disclosure.edinet-fsa.go.jp/taxonomy/jppfs/2021-11-01/jppfs_cor_2021-11-01.xsd#jppfs_cor_ForeignExchangeGainsNOI" xlink:label="ForeignExchangeGainsNOI" />    <link:presentationArc xlink:type="arc" xlink:arcrole="http://www.xbrl.org/2003/arcrole/parent-child" xlink:from="NonOperatingIncomeAbstract" xlink:to="ForeignExchangeGainsNOI" order="5.0" />    <link:loc xlink:type="locator" xlink:href="http://disclosure.edinet-fsa.go.jp/taxonomy/jppfs/2021-11-01/jppfs_cor_2021-11-01.xsd#jppfs_cor_InsurancePremiumsRefundedCancellationNOI" xlink:label="InsurancePremiumsRefundedCancellationNOI" />    <link:presentationArc xlink:type="arc" xlink:arcrole="http://www.xbrl.org/2003/arcrole/parent-child" xlink:from="NonOperatingIncomeAbstract" xlink:to="InsurancePremiumsRefundedCancellationNOI" order="6.0" />    <link:loc xlink:type="locator" xlink:href="http://disclosure.edinet-fsa.go.jp/taxonomy/jppfs/2021-11-01/jppfs_cor_2021-11-01.xsd#jppfs_cor_SubsidyIncomeNOI" xlink:label="SubsidyIncomeNOI" />    <link:presentationArc xlink:type="arc" xlink:arcrole="http://www.xbrl.org/2003/arcrole/parent-child" xlink:from="NonOperatingIncomeAbstract" xlink:to="SubsidyIncomeNOI" order="7.0" />    <link:loc xlink:type="locator" xlink:href="http://disclosure.edinet-fsa.go.jp/taxonomy/jppfs/2021-11-01/jppfs_cor_2021-11-01.xsd#jppfs_cor_OtherNOI" xlink:label="OtherNOI" />    <link:presentationArc xlink:type="arc" xlink:arcrole="http://www.xbrl.org/2003/arcrole/parent-child" xlink:from="NonOperatingIncomeAbstract" xlink:to="OtherNOI" order="8.0" />    <link:loc xlink:type="locator" xlink:href="http://disclosure.edinet-fsa.go.jp/taxonomy/jppfs/2021-11-01/jppfs_cor_2021-11-01.xsd#jppfs_cor_NonOperatingIncome" xlink:label="NonOperatingIncome" />    <link:presentationArc xlink:type="arc" preferredLabel="http://www.xbrl.org/2003/role/totalLabel" xlink:arcrole="http://www.xbrl.org/2003/arcrole/parent-child" xlink:from="NonOperatingIncomeAbstract" xlink:to="NonOperatingIncome" order="9.0" />    <link:loc xlink:type="locator" xlink:href="http://disclosure.edinet-fsa.go.jp/taxonomy/jppfs/2021-11-01/jppfs_cor_2021-11-01.xsd#jppfs_cor_NonOperatingExpensesAbstract" xlink:label="NonOperatingExpensesAbstract_2" />    <link:presentationArc xlink:type="arc" xlink:arcrole="http://www.xbrl.org/2003/arcrole/parent-child" xlink:from="StatementOfIncomeLineItems" xlink:to="NonOperatingExpensesAbstract_2" order="7.0" />    <link:loc xlink:type="locator" xlink:href="http://disclosure.edinet-fsa.go.jp/taxonomy/jppfs/2021-11-01/jppfs_cor_2021-11-01.xsd#jppfs_cor_NonOperatingExpensesAbstract" xlink:label="NonOperatingExpensesAbstract" />    <link:loc xlink:type="locator" xlink:href="http://disclosure.edinet-fsa.go.jp/taxonomy/jppfs/2021-11-01/jppfs_cor_2021-11-01.xsd#jppfs_cor_InterestExpensesNOE" xlink:label="InterestExpensesNOE" />    <link:presentationArc xlink:type="arc" xlink:arcrole="http://www.xbrl.org/2003/arcrole/parent-child" xlink:from="NonOperatingExpensesAbstract" xlink:to="InterestExpensesNOE" order="1.0" />    <link:loc xlink:type="locator" xlink:href="http://disclosure.edinet-fsa.go.jp/taxonomy/jppfs/2021-11-01/jppfs_cor_2021-11-01.xsd#jppfs_cor_LossOnReductionOfNoncurrentAssetsNOE" xlink:label="LossOnReductionOfNoncurrentAssetsNOE" />    <link:presentationArc xlink:type="arc" xlink:arcrole="http://www.xbrl.org/2003/arcrole/parent-child" xlink:from="NonOperatingExpensesAbstract" xlink:to="LossOnReductionOfNoncurrentAssetsNOE" order="2.0" />    <link:loc xlink:type="locator" xlink:href="http://disclosure.edinet-fsa.go.jp/taxonomy/jppfs/2021-11-01/jppfs_cor_2021-11-01.xsd#jppfs_cor_CommissionFeeNOE" xlink:label="CommissionFeeNOE" />    <link:presentationArc xlink:type="arc" xlink:arcrole="http://www.xbrl.org/2003/arcrole/parent-child" xlink:from="NonOperatingExpensesAbstract" xlink:to="CommissionFeeNOE" order="3.0" />    <link:loc xlink:type="locator" xlink:href="http://disclosure.edinet-fsa.go.jp/taxonomy/jppfs/2021-11-01/jppfs_cor_2021-11-01.xsd#jppfs_cor_OtherNOE" xlink:label="OtherNOE" />    <link:presentationArc xlink:type="arc" xlink:arcrole="http://www.xbrl.org/2003/arcrole/parent-child" xlink:from="NonOperatingExpensesAbstract" xlink:to="OtherNOE" order="4.0" />    <link:loc xlink:type="locator" xlink:href="http://disclosure.edinet-fsa.go.jp/taxonomy/jppfs/2021-11-01/jppfs_cor_2021-11-01.xsd#jppfs_cor_NonOperatingExpenses" xlink:label="NonOperatingExpenses" />    <link:presentationArc xlink:type="arc" preferredLabel="http://www.xbrl.org/2003/role/totalLabel" xlink:arcrole="http://www.xbrl.org/2003/arcrole/parent-child" xlink:from="NonOperatingExpensesAbstract" xlink:to="NonOperatingExpenses" order="5.0" />    <link:loc xlink:type="locator" xlink:href="http://disclosure.edinet-fsa.go.jp/taxonomy/jppfs/2021-11-01/jppfs_cor_2021-11-01.xsd#jppfs_cor_OrdinaryIncome" xlink:label="OrdinaryIncome" />    <link:presentationArc xlink:type="arc" preferredLabel="http://www.xbrl.org/2003/role/positiveLabel" xlink:arcrole="http://www.xbrl.org/2003/arcrole/parent-child" xlink:from="StatementOfIncomeLineItems" xlink:to="OrdinaryIncome" order="8.0" />    <link:loc xlink:type="locator" xlink:href="http://disclosure.edinet-fsa.go.jp/taxonomy/jppfs/2021-11-01/jppfs_cor_2021-11-01.xsd#jppfs_cor_IncomeBeforeIncomeTaxes" xlink:label="IncomeBeforeIncomeTaxes" />    <link:presentationArc xlink:type="arc" preferredLabel="http://disclosure.edinet-fsa.go.jp/jppfs/ConsolidatedQuarterly/role/positiveLabel" xlink:arcrole="http://www.xbrl.org/2003/arcrole/parent-child" xlink:from="StatementOfIncomeLineItems" xlink:to="IncomeBeforeIncomeTaxes" order="9.0" />    <link:loc xlink:type="locator" xlink:href="http://disclosure.edinet-fsa.go.jp/taxonomy/jppfs/2021-11-01/jppfs_cor_2021-11-01.xsd#jppfs_cor_IncomeTaxes" xlink:label="IncomeTaxes" />    <link:presentationArc xlink:type="arc" xlink:arcrole="http://www.xbrl.org/2003/arcrole/parent-child" xlink:from="StatementOfIncomeLineItems" xlink:to="IncomeTaxes" order="10.0" />    <link:loc xlink:type="locator" xlink:href="http://disclosure.edinet-fsa.go.jp/taxonomy/jppfs/2021-11-01/jppfs_cor_2021-11-01.xsd#jppfs_cor_ProfitLoss" xlink:label="ProfitLoss" />    <link:presentationArc xlink:type="arc" preferredLabel="http://disclosure.edinet-fsa.go.jp/jppfs/ConsolidatedQuarterly/role/positiveLabel" xlink:arcrole="http://www.xbrl.org/2003/arcrole/parent-child" xlink:from="StatementOfIncomeLineItems" xlink:to="ProfitLoss" order="11.0" />    <link:loc xlink:type="locator" xlink:href="http://disclosure.edinet-fsa.go.jp/taxonomy/jppfs/2021-11-01/jppfs_cor_2021-11-01.xsd#jppfs_cor_ProfitLossAttributableToNonControllingInterests" xlink:label="ProfitLossAttributableToNonControllingInterests" />    <link:presentationArc xlink:type="arc" preferredLabel="http://disclosure.edinet-fsa.go.jp/jppfs/ConsolidatedQuarterly/role/positiveLabel" xlink:arcrole="http://www.xbrl.org/2003/arcrole/parent-child" xlink:from="StatementOfIncomeLineItems" xlink:to="ProfitLossAttributableToNonControllingInterests" order="12.0" />    <link:loc xlink:type="locator" xlink:href="http://disclosure.edinet-fsa.go.jp/taxonomy/jppfs/2021-11-01/jppfs_cor_2021-11-01.xsd#jppfs_cor_ProfitLossAttributableToOwnersOfParent" xlink:label="ProfitLossAttributableToOwnersOfParent" />    <link:presentationArc xlink:type="arc" preferredLabel="http://disclosure.edinet-fsa.go.jp/jppfs/ConsolidatedQuarterly/role/positiveLabel" xlink:arcrole="http://www.xbrl.org/2003/arcrole/parent-child" xlink:from="StatementOfIncomeLineItems" xlink:to="ProfitLossAttributableToOwnersOfParent" order="13.0" />  </link:presentationLink>  <link:presentationLink xlink:type="extended" xlink:role="http://disclosure.edinet-fsa.go.jp/role/jppfs/rol_YearToQuarterEndConsolidatedStatementOfComprehensiveIncome">    <link:loc xlink:type="locator" xlink:href="http://disclosure.edinet-fsa.go.jp/taxonomy/jppfs/2021-11-01/jppfs_cor_2021-11-01.xsd#jppfs_cor_YearToQuarterEndConsolidatedStatementOfComprehensiveIncomeHeading" xlink:label="YearToQuarterEndConsolidatedStatementOfComprehensiveIncomeHeading" />    <link:loc xlink:type="locator" xlink:href="http://disclosure.edinet-fsa.go.jp/taxonomy/jppfs/2021-11-01/jppfs_cor_2021-11-01.xsd#jppfs_cor_StatementOfComprehensiveIncomeTable" xlink:label="StatementOfComprehensiveIncomeTable_2" />    <link:presentationArc xlink:type="arc" preferredLabel="http://disclosure.edinet-fsa.go.jp/jppfs/ConsolidatedQuarterly/role/label" xlink:arcrole="http://www.xbrl.org/2003/arcrole/parent-child" xlink:from="YearToQuarterEndConsolidatedStatementOfComprehensiveIncomeHeading" xlink:to="StatementOfComprehensiveIncomeTable_2" order="1.0" />    <link:loc xlink:type="locator" xlink:href="http://disclosure.edinet-fsa.go.jp/taxonomy/jppfs/2021-11-01/jppfs_cor_2021-11-01.xsd#jppfs_cor_StatementOfComprehensiveIncomeTable" xlink:label="StatementOfComprehensiveIncomeTable" />    <link:loc xlink:type="locator" xlink:href="http://disclosure.edinet-fsa.go.jp/taxonomy/jppfs/2021-11-01/jppfs_cor_2021-11-01.xsd#jppfs_cor_ConsolidatedOrNonConsolidatedAxis" xlink:label="ConsolidatedOrNonConsolidatedAxis_2" />    <link:presentationArc xlink:type="arc" xlink:arcrole="http://www.xbrl.org/2003/arcrole/parent-child" xlink:from="StatementOfComprehensiveIncomeTable" xlink:to="ConsolidatedOrNonConsolidatedAxis_2" order="1.0" />    <link:loc xlink:type="locator" xlink:href="http://disclosure.edinet-fsa.go.jp/taxonomy/jppfs/2021-11-01/jppfs_cor_2021-11-01.xsd#jppfs_cor_ConsolidatedOrNonConsolidatedAxis" xlink:label="ConsolidatedOrNonConsolidatedAxis" />    <link:loc xlink:type="locator" xlink:href="http://disclosure.edinet-fsa.go.jp/taxonomy/jppfs/2021-11-01/jppfs_cor_2021-11-01.xsd#jppfs_cor_ConsolidatedMember" xlink:label="ConsolidatedMember" />    <link:presentationArc xlink:type="arc" xlink:arcrole="http://www.xbrl.org/2003/arcrole/parent-child" xlink:from="ConsolidatedOrNonConsolidatedAxis" xlink:to="ConsolidatedMember" order="1.0" />    <link:loc xlink:type="locator" xlink:href="http://disclosure.edinet-fsa.go.jp/taxonomy/jppfs/2021-11-01/jppfs_cor_2021-11-01.xsd#jppfs_cor_StatementOfComprehensiveIncomeLineItems" xlink:label="StatementOfComprehensiveIncomeLineItems_2" />    <link:presentationArc xlink:type="arc" preferredLabel="http://disclosure.edinet-fsa.go.jp/jppfs/ConsolidatedQuarterly/role/label" xlink:arcrole="http://www.xbrl.org/2003/arcrole/parent-child" xlink:from="YearToQuarterEndConsolidatedStatementOfComprehensiveIncomeHeading" xlink:to="StatementOfComprehensiveIncomeLineItems_2" order="2.0" />    <link:loc xlink:type="locator" xlink:href="http://disclosure.edinet-fsa.go.jp/taxonomy/jppfs/2021-11-01/jppfs_cor_2021-11-01.xsd#jppfs_cor_StatementOfComprehensiveIncomeLineItems" xlink:label="StatementOfComprehensiveIncomeLineItems" />    <link:loc xlink:type="locator" xlink:href="http://disclosure.edinet-fsa.go.jp/taxonomy/jppfs/2021-11-01/jppfs_cor_2021-11-01.xsd#jppfs_cor_ProfitLoss" xlink:label="ProfitLoss" />    <link:presentationArc xlink:type="arc" preferredLabel="http://disclosure.edinet-fsa.go.jp/jppfs/ConsolidatedQuarterly/role/positiveLabel" xlink:arcrole="http://www.xbrl.org/2003/arcrole/parent-child" xlink:from="StatementOfComprehensiveIncomeLineItems" xlink:to="ProfitLoss" order="1.0" />    <link:loc xlink:type="locator" xlink:href="http://disclosure.edinet-fsa.go.jp/taxonomy/jppfs/2021-11-01/jppfs_cor_2021-11-01.xsd#jppfs_cor_OtherComprehensiveIncomeAbstract" xlink:label="OtherComprehensiveIncomeAbstract_2" />    <link:presentationArc xlink:type="arc" xlink:arcrole="http://www.xbrl.org/2003/arcrole/parent-child" xlink:from="StatementOfComprehensiveIncomeLineItems" xlink:to="OtherComprehensiveIncomeAbstract_2" order="2.0" />    <link:loc xlink:type="locator" xlink:href="http://disclosure.edinet-fsa.go.jp/taxonomy/jppfs/2021-11-01/jppfs_cor_2021-11-01.xsd#jppfs_cor_OtherComprehensiveIncomeAbstract" xlink:label="OtherComprehensiveIncomeAbstract" />    <link:loc xlink:type="locator" xlink:href="http://disclosure.edinet-fsa.go.jp/taxonomy/jppfs/2021-11-01/jppfs_cor_2021-11-01.xsd#jppfs_cor_ValuationDifferenceOnAvailableForSaleSecuritiesNetOfTaxOCI" xlink:label="ValuationDifferenceOnAvailableForSaleSecuritiesNetOfTaxOCI" />    <link:presentationArc xlink:type="arc" xlink:arcrole="http://www.xbrl.org/2003/arcrole/parent-child" xlink:from="OtherComprehensiveIncomeAbstract" xlink:to="ValuationDifferenceOnAvailableForSaleSecuritiesNetOfTaxOCI" order="1.0" />    <link:loc xlink:type="locator" xlink:href="http://disclosure.edinet-fsa.go.jp/taxonomy/jppfs/2021-11-01/jppfs_cor_2021-11-01.xsd#jppfs_cor_DeferredGainsOrLossesOnHedgesNetOfTaxOCI" xlink:label="DeferredGainsOrLossesOnHedgesNetOfTaxOCI" />    <link:presentationArc xlink:type="arc" xlink:arcrole="http://www.xbrl.org/2003/arcrole/parent-child" xlink:from="OtherComprehensiveIncomeAbstract" xlink:to="DeferredGainsOrLossesOnHedgesNetOfTaxOCI" order="2.0" />    <link:loc xlink:type="locator" xlink:href="http://disclosure.edinet-fsa.go.jp/taxonomy/jppfs/2021-11-01/jppfs_cor_2021-11-01.xsd#jppfs_cor_ForeignCurrencyTranslationAdjustmentNetOfTaxOCI" xlink:label="ForeignCurrencyTranslationAdjustmentNetOfTaxOCI" />    <link:presentationArc xlink:type="arc" xlink:arcrole="http://www.xbrl.org/2003/arcrole/parent-child" xlink:from="OtherComprehensiveIncomeAbstract" xlink:to="ForeignCurrencyTranslationAdjustmentNetOfTaxOCI" order="3.0" />    <link:loc xlink:type="locator" xlink:href="http://disclosure.edinet-fsa.go.jp/taxonomy/jppfs/2021-11-01/jppfs_cor_2021-11-01.xsd#jppfs_cor_ShareOfOtherComprehensiveIncomeOfAssociatesAccountedForUsingEquityMethodOCI" xlink:label="ShareOfOtherComprehensiveIncomeOfAssociatesAccountedForUsingEquityMethodOCI" />    <link:presentationArc xlink:type="arc" xlink:arcrole="http://www.xbrl.org/2003/arcrole/parent-child" xlink:from="OtherComprehensiveIncomeAbstract" xlink:to="ShareOfOtherComprehensiveIncomeOfAssociatesAccountedForUsingEquityMethodOCI" order="4.0" />    <link:loc xlink:type="locator" xlink:href="http://disclosure.edinet-fsa.go.jp/taxonomy/jppfs/2021-11-01/jppfs_cor_2021-11-01.xsd#jppfs_cor_OtherComprehensiveIncome" xlink:label="OtherComprehensiveIncome" />    <link:presentationArc xlink:type="arc" preferredLabel="http://www.xbrl.org/2003/role/totalLabel" xlink:arcrole="http://www.xbrl.org/2003/arcrole/parent-child" xlink:from="OtherComprehensiveIncomeAbstract" xlink:to="OtherComprehensiveIncome" order="5.0" />    <link:loc xlink:type="locator" xlink:href="http://disclosure.edinet-fsa.go.jp/taxonomy/jppfs/2021-11-01/jppfs_cor_2021-11-01.xsd#jppfs_cor_ComprehensiveIncome" xlink:label="ComprehensiveIncome" />    <link:presentationArc xlink:type="arc" preferredLabel="http://disclosure.edinet-fsa.go.jp/jppfs/ConsolidatedQuarterly/role/label" xlink:arcrole="http://www.xbrl.org/2003/arcrole/parent-child" xlink:from="StatementOfComprehensiveIncomeLineItems" xlink:to="ComprehensiveIncome" order="3.0" />    <link:loc xlink:type="locator" xlink:href="http://disclosure.edinet-fsa.go.jp/taxonomy/jppfs/2021-11-01/jppfs_cor_2021-11-01.xsd#jppfs_cor_ComprehensiveIncomeAttributableToAbstract" xlink:label="ComprehensiveIncomeAttributableToAbstract_2" />    <link:presentationArc xlink:type="arc" xlink:arcrole="http://www.xbrl.org/2003/arcrole/parent-child" xlink:from="StatementOfComprehensiveIncomeLineItems" xlink:to="ComprehensiveIncomeAttributableToAbstract_2" order="4.0" />    <link:loc xlink:type="locator" xlink:href="http://disclosure.edinet-fsa.go.jp/taxonomy/jppfs/2021-11-01/jppfs_cor_2021-11-01.xsd#jppfs_cor_ComprehensiveIncomeAttributableToAbstract" xlink:label="ComprehensiveIncomeAttributableToAbstract" />    <link:loc xlink:type="locator" xlink:href="http://disclosure.edinet-fsa.go.jp/taxonomy/jppfs/2021-11-01/jppfs_cor_2021-11-01.xsd#jppfs_cor_ComprehensiveIncomeAttributableToOwnersOfTheParent" xlink:label="ComprehensiveIncomeAttributableToOwnersOfTheParent" />    <link:presentationArc xlink:type="arc" preferredLabel="http://disclosure.edinet-fsa.go.jp/jppfs/ConsolidatedQuarterly/role/label" xlink:arcrole="http://www.xbrl.org/2003/arcrole/parent-child" xlink:from="ComprehensiveIncomeAttributableToAbstract" xlink:to="ComprehensiveIncomeAttributableToOwnersOfTheParent" order="1.0" />    <link:loc xlink:type="locator" xlink:href="http://disclosure.edinet-fsa.go.jp/taxonomy/jppfs/2021-11-01/jppfs_cor_2021-11-01.xsd#jppfs_cor_ComprehensiveIncomeAttributableToNonControllingInterests" xlink:label="ComprehensiveIncomeAttributableToNonControllingInterests" />    <link:presentationArc xlink:type="arc" preferredLabel="http://disclosure.edinet-fsa.go.jp/jppfs/ConsolidatedQuarterly/role/label" xlink:arcrole="http://www.xbrl.org/2003/arcrole/parent-child" xlink:from="ComprehensiveIncomeAttributableToAbstract" xlink:to="ComprehensiveIncomeAttributableToNonControllingInterests" order="2.0" />  </link:presentationLink></link:linkbase>