<?xml version="1.0" encoding="utf-8"?>
<!-- Generated by PRONEXUS WORKS --><link:linkbase xmlns:link="http://www.xbrl.org/2003/linkbase" xmlns:xsi="http://www.w3.org/2001/XMLSchema-instance" xmlns:xbrli="http://www.xbrl.org/2003/instance" xmlns:xlink="http://www.w3.org/1999/xlink">  <link:labelLink xlink:type="extended" xlink:role="http://www.xbrl.org/2003/role/link">    <link:loc xlink:type="locator" xlink:href="tse-qcedjpfr-65920-2022-09-30-01-2022-11-02.xsd#tse-qcedjpfr-65920_ProvisionForStockPayments" xlink:label="ProvisionForStockPayments" />    <link:loc xlink:type="locator" xlink:href="tse-qcedjpfr-65920-2022-09-30-01-2022-11-02.xsd#tse-qcedjpfr-65920_ScrapSoldNOI" xlink:label="ScrapSoldNOI" />    <link:loc xlink:type="locator" xlink:href="tse-qcedjpfr-65920-2022-09-30-01-2022-11-02.xsd#tse-qcedjpfr-65920_ExpensesRelatedToStockIssueNOE" xlink:label="ExpensesRelatedToStockIssueNOE" />    <link:loc xlink:type="locator" xlink:href="tse-qcedjpfr-65920-2022-09-30-01-2022-11-02.xsd#tse-qcedjpfr-65920_GainOnReversalOfForeignCurrencyTranslationAdjustmentsResultingFromLiquidationOfForeignSubsidiaryEI" xlink:label="GainOnReversalOfForeignCurrencyTranslationAdjustmentsResultingFromLiquidationOfForeignSubsidiaryEI" />    <link:loc xlink:type="locator" xlink:href="tse-qcedjpfr-65920-2022-09-30-01-2022-11-02.xsd#tse-qcedjpfr-65920_ExtraordinaryRetirementExpensesEL" xlink:label="ExtraordinaryRetirementExpensesEL" />    <link:loc xlink:type="locator" xlink:href="tse-qcedjpfr-65920-2022-09-30-01-2022-11-02.xsd#tse-qcedjpfr-65920_LossRelatedToInfectiousDiseaseEL" xlink:label="LossRelatedToInfectiousDiseaseEL" />    <link:label xlink:type="resource" xlink:label="label_ProvisionForStockPayments" xml:lang="ja" xlink:role="http://www.xbrl.org/2003/role/label" id="label_ProvisionForStockPayments">株式等給付引当金</link:label>    <link:labelArc xlink:type="arc" xlink:arcrole="http://www.xbrl.org/2003/arcrole/concept-label" xlink:from="ProvisionForStockPayments" xlink:to="label_ProvisionForStockPayments" />    <link:label xlink:type="resource" xlink:label="label_ProvisionForStockPayments_2" xml:lang="ja" xlink:role="http://www.xbrl.org/2003/role/verboseLabel" id="label_ProvisionForStockPayments_2">株式等給付引当金</link:label>    <link:labelArc xlink:type="arc" xlink:arcrole="http://www.xbrl.org/2003/arcrole/concept-label" xlink:from="ProvisionForStockPayments" xlink:to="label_ProvisionForStockPayments_2" />    <link:label xlink:type="resource" xlink:label="label_ScrapSoldNOI" xml:lang="ja" xlink:role="http://www.xbrl.org/2003/role/label" id="label_ScrapSoldNOI">スクラップ材料売却収入</link:label>    <link:labelArc xlink:type="arc" xlink:arcrole="http://www.xbrl.org/2003/arcrole/concept-label" xlink:from="ScrapSoldNOI" xlink:to="label_ScrapSoldNOI" />    <link:label xlink:type="resource" xlink:label="label_ScrapSoldNOI_2" xml:lang="ja" xlink:role="http://www.xbrl.org/2003/role/verboseLabel" id="label_ScrapSoldNOI_2">スクラップ材料売却収入、営業外収益</link:label>    <link:labelArc xlink:type="arc" xlink:arcrole="http://www.xbrl.org/2003/arcrole/concept-label" xlink:from="ScrapSoldNOI" xlink:to="label_ScrapSoldNOI_2" />    <link:label xlink:type="resource" xlink:label="label_ExpensesRelatedToStockIssueNOE" xml:lang="ja" xlink:role="http://www.xbrl.org/2003/role/label" id="label_ExpensesRelatedToStockIssueNOE">株式関係費</link:label>    <link:labelArc xlink:type="arc" xlink:arcrole="http://www.xbrl.org/2003/arcrole/concept-label" xlink:from="ExpensesRelatedToStockIssueNOE" xlink:to="label_ExpensesRelatedToStockIssueNOE" />    <link:label xlink:type="resource" xlink:label="label_ExpensesRelatedToStockIssueNOE_2" xml:lang="ja" xlink:role="http://www.xbrl.org/2003/role/verboseLabel" id="label_ExpensesRelatedToStockIssueNOE_2">株式関係費、営業外費用</link:label>    <link:labelArc xlink:type="arc" xlink:arcrole="http://www.xbrl.org/2003/arcrole/concept-label" xlink:from="ExpensesRelatedToStockIssueNOE" xlink:to="label_ExpensesRelatedToStockIssueNOE_2" />    <link:label xlink:type="resource" xlink:label="label_GainOnReversalOfForeignCurrencyTranslationAdjustmentsResultingFromLiquidationOfForeignSubsidiaryEI" xml:lang="ja" xlink:role="http://www.xbrl.org/2003/role/label" id="label_GainOnReversalOfForeignCurrencyTranslationAdjustmentsResultingFromLiquidationOfForeignSubsidiaryEI">在外子会社清算に伴う為替換算調整勘定取崩益</link:label>    <link:labelArc xlink:type="arc" xlink:arcrole="http://www.xbrl.org/2003/arcrole/concept-label" xlink:from="GainOnReversalOfForeignCurrencyTranslationAdjustmentsResultingFromLiquidationOfForeignSubsidiaryEI" xlink:to="label_GainOnReversalOfForeignCurrencyTranslationAdjustmentsResultingFromLiquidationOfForeignSubsidiaryEI" />    <link:label xlink:type="resource" xlink:label="label_GainOnReversalOfForeignCurrencyTranslationAdjustmentsResultingFromLiquidationOfForeignSubsidiaryEI_2" xml:lang="ja" xlink:role="http://www.xbrl.org/2003/role/verboseLabel" id="label_GainOnReversalOfForeignCurrencyTranslationAdjustmentsResultingFromLiquidationOfForeignSubsidiaryEI_2">在外子会社清算に伴う為替換算調整勘定取崩益、特別利益</link:label>    <link:labelArc xlink:type="arc" xlink:arcrole="http://www.xbrl.org/2003/arcrole/concept-label" xlink:from="GainOnReversalOfForeignCurrencyTranslationAdjustmentsResultingFromLiquidationOfForeignSubsidiaryEI" xlink:to="label_GainOnReversalOfForeignCurrencyTranslationAdjustmentsResultingFromLiquidationOfForeignSubsidiaryEI_2" />    <link:label xlink:type="resource" xlink:label="label_LossRelatedToInfectiousDiseaseEL" xml:lang="ja" xlink:role="http://www.xbrl.org/2003/role/label" id="label_LossRelatedToInfectiousDiseaseEL">感染症関連損失</link:label>    <link:labelArc xlink:type="arc" xlink:arcrole="http://www.xbrl.org/2003/arcrole/concept-label" xlink:from="LossRelatedToInfectiousDiseaseEL" xlink:to="label_LossRelatedToInfectiousDiseaseEL" />    <link:label xlink:type="resource" xlink:label="label_LossRelatedToInfectiousDiseaseEL_2" xml:lang="ja" xlink:role="http://www.xbrl.org/2003/role/verboseLabel" id="label_LossRelatedToInfectiousDiseaseEL_2">感染症関連損失、特別損失</link:label>    <link:labelArc xlink:type="arc" xlink:arcrole="http://www.xbrl.org/2003/arcrole/concept-label" xlink:from="LossRelatedToInfectiousDiseaseEL" xlink:to="label_LossRelatedToInfectiousDiseaseEL_2" />    <link:label xlink:type="resource" xlink:label="label_ExtraordinaryRetirementExpensesEL" xml:lang="ja" xlink:role="http://www.xbrl.org/2003/role/label" id="label_ExtraordinaryRetirementExpensesEL">臨時退職金</link:label>    <link:labelArc xlink:type="arc" xlink:arcrole="http://www.xbrl.org/2003/arcrole/concept-label" xlink:from="ExtraordinaryRetirementExpensesEL" xlink:to="label_ExtraordinaryRetirementExpensesEL" />    <link:label xlink:type="resource" xlink:label="label_ExtraordinaryRetirementExpensesEL_2" xml:lang="ja" xlink:role="http://www.xbrl.org/2003/role/verboseLabel" id="label_ExtraordinaryRetirementExpensesEL_2">臨時退職金、特別損失</link:label>    <link:labelArc xlink:type="arc" xlink:arcrole="http://www.xbrl.org/2003/arcrole/concept-label" xlink:from="ExtraordinaryRetirementExpensesEL" xlink:to="label_ExtraordinaryRetirementExpensesEL_2" />  </link:labelLink></link:linkbase>