<?xml version="1.0" encoding="utf-8"?>
<!-- Generated by PRONEXUS WORKS --><link:linkbase xmlns:link="http://www.xbrl.org/2003/linkbase" xmlns:xsi="http://www.w3.org/2001/XMLSchema-instance" xmlns:xbrli="http://www.xbrl.org/2003/instance" xmlns:xlink="http://www.w3.org/1999/xlink">  <link:labelLink xlink:type="extended" xlink:role="http://www.xbrl.org/2003/role/link">    <link:loc xlink:type="locator" xlink:href="tse-qcedjpfr-98870-2022-09-30-01-2022-11-04.xsd#tse-qcedjpfr-98870_SubsidyIncomesNOI" xlink:label="SubsidyIncomesNOI" />    <link:loc xlink:type="locator" xlink:href="tse-qcedjpfr-98870-2022-09-30-01-2022-11-04.xsd#tse-qcedjpfr-98870_SubsidyIncomesOpeCF" xlink:label="SubsidyIncomesOpeCF" />    <link:loc xlink:type="locator" xlink:href="tse-qcedjpfr-98870-2022-09-30-01-2022-11-04.xsd#tse-qcedjpfr-98870_TransferAdjustExpensesFromConstructionInProgressAnddepositsForStoresInPreparationOpeCF" xlink:label="TransferAdjustExpensesFromConstructionInProgressAnddepositsForStoresInPreparationOpeCF" />    <link:loc xlink:type="locator" xlink:href="tse-qcedjpfr-98870-2022-09-30-01-2022-11-04.xsd#tse-qcedjpfr-98870_SubsidiesReceivedOpeCF" xlink:label="SubsidiesReceivedOpeCF" />    <link:loc xlink:type="locator" xlink:href="tse-qcedjpfr-98870-2022-09-30-01-2022-11-04.xsd#tse-qcedjpfr-98870_PurchaseOfPropertyPlantEquipmentAndTheIncreaseOfConstructionIinProgressInvCF" xlink:label="PurchaseOfPropertyPlantEquipmentAndTheIncreaseOfConstructionIinProgressInvCF" />    <link:loc xlink:type="locator" xlink:href="tse-qcedjpfr-98870-2022-09-30-01-2022-11-04.xsd#tse-qcedjpfr-98870_ProceedsFromSalesOfPropertyPlantAndEquipmentAndExpropriationInvCF" xlink:label="ProceedsFromSalesOfPropertyPlantAndEquipmentAndExpropriationInvCF" />    <link:loc xlink:type="locator" xlink:href="tse-qcedjpfr-98870-2022-09-30-01-2022-11-04.xsd#tse-qcedjpfr-98870_ExpensesFromTheIncreaseOfLeaseGuaranteeDepositsAndDepositsForStoresInPreparationInvCF" xlink:label="ExpensesFromTheIncreaseOfLeaseGuaranteeDepositsAndDepositsForStoresInPreparationInvCF" />    <link:loc xlink:type="locator" xlink:href="tse-qcedjpfr-98870-2022-09-30-01-2022-11-04.xsd#tse-qcedjpfr-98870_ProceedsFromCollectionOfLeaseGuaranteeDepositsAndDepositsForStoresInPreparationInvCF" xlink:label="ProceedsFromCollectionOfLeaseGuaranteeDepositsAndDepositsForStoresInPreparationInvCF" />    <link:label xlink:type="resource" xlink:label="label_SubsidyIncomesNOI" xml:lang="en" xlink:role="http://www.xbrl.org/2003/role/label" id="label_SubsidyIncomesNOI">Subsidy incomes</link:label>    <link:labelArc xlink:type="arc" xlink:arcrole="http://www.xbrl.org/2003/arcrole/concept-label" xlink:from="SubsidyIncomesNOI" xlink:to="label_SubsidyIncomesNOI" />    <link:label xlink:type="resource" xlink:label="label_SubsidyIncomesNOI_2" xml:lang="en" xlink:role="http://www.xbrl.org/2003/role/verboseLabel" id="label_SubsidyIncomesNOI_2">Subsidy incomes-NOI</link:label>    <link:labelArc xlink:type="arc" xlink:arcrole="http://www.xbrl.org/2003/arcrole/concept-label" xlink:from="SubsidyIncomesNOI" xlink:to="label_SubsidyIncomesNOI_2" />    <link:label xlink:type="resource" xlink:label="label_SubsidyIncomesOpeCF" xml:lang="en" xlink:role="http://www.xbrl.org/2003/role/label" id="label_SubsidyIncomesOpeCF">Subsidy incomes</link:label>    <link:labelArc xlink:type="arc" xlink:arcrole="http://www.xbrl.org/2003/arcrole/concept-label" xlink:from="SubsidyIncomesOpeCF" xlink:to="label_SubsidyIncomesOpeCF" />    <link:label xlink:type="resource" xlink:label="label_SubsidyIncomesOpeCF_2" xml:lang="en" xlink:role="http://www.xbrl.org/2003/role/verboseLabel" id="label_SubsidyIncomesOpeCF_2">Subsidy incomes -OpeCF</link:label>    <link:labelArc xlink:type="arc" xlink:arcrole="http://www.xbrl.org/2003/arcrole/concept-label" xlink:from="SubsidyIncomesOpeCF" xlink:to="label_SubsidyIncomesOpeCF_2" />    <link:label xlink:type="resource" xlink:label="label_TransferAdjustExpensesFromConstructionInProgressAnddepositsForStoresInPreparationOpeCF" xml:lang="en" xlink:role="http://www.xbrl.org/2003/role/label" id="label_TransferAdjustExpensesFromConstructionInProgressAnddepositsForStoresInPreparationOpeCF">Transfer adjust expenses from Construction in progress anddeposits for stores in preparation</link:label>    <link:labelArc xlink:type="arc" xlink:arcrole="http://www.xbrl.org/2003/arcrole/concept-label" xlink:from="TransferAdjustExpensesFromConstructionInProgressAnddepositsForStoresInPreparationOpeCF" xlink:to="label_TransferAdjustExpensesFromConstructionInProgressAnddepositsForStoresInPreparationOpeCF" />    <link:label xlink:type="resource" xlink:label="label_TransferAdjustExpensesFromConstructionInProgressAnddepositsForStoresInPreparationOpeCF_2" xml:lang="en" xlink:role="http://www.xbrl.org/2003/role/verboseLabel" id="label_TransferAdjustExpensesFromConstructionInProgressAnddepositsForStoresInPreparationOpeCF_2">Transfer adjust expenses from Construction in progress anddeposits for stores in preparation-OpeCF</link:label>    <link:labelArc xlink:type="arc" xlink:arcrole="http://www.xbrl.org/2003/arcrole/concept-label" xlink:from="TransferAdjustExpensesFromConstructionInProgressAnddepositsForStoresInPreparationOpeCF" xlink:to="label_TransferAdjustExpensesFromConstructionInProgressAnddepositsForStoresInPreparationOpeCF_2" />    <link:label xlink:type="resource" xlink:label="label_SubsidiesReceivedOpeCF" xml:lang="en" xlink:role="http://www.xbrl.org/2003/role/label" id="label_SubsidiesReceivedOpeCF">Subsidies received</link:label>    <link:labelArc xlink:type="arc" xlink:arcrole="http://www.xbrl.org/2003/arcrole/concept-label" xlink:from="SubsidiesReceivedOpeCF" xlink:to="label_SubsidiesReceivedOpeCF" />    <link:label xlink:type="resource" xlink:label="label_SubsidiesReceivedOpeCF_2" xml:lang="en" xlink:role="http://www.xbrl.org/2003/role/verboseLabel" id="label_SubsidiesReceivedOpeCF_2">Subsidies received -OpeCF</link:label>    <link:labelArc xlink:type="arc" xlink:arcrole="http://www.xbrl.org/2003/arcrole/concept-label" xlink:from="SubsidiesReceivedOpeCF" xlink:to="label_SubsidiesReceivedOpeCF_2" />    <link:label xlink:type="resource" xlink:label="label_PurchaseOfPropertyPlantEquipmentAndTheIncreaseOfConstructionIinProgressInvCF" xml:lang="en" xlink:role="http://www.xbrl.org/2003/role/label" id="label_PurchaseOfPropertyPlantEquipmentAndTheIncreaseOfConstructionIinProgressInvCF">Purchase of property, plant, equipment and the increase of construction iin progress</link:label>    <link:labelArc xlink:type="arc" xlink:arcrole="http://www.xbrl.org/2003/arcrole/concept-label" xlink:from="PurchaseOfPropertyPlantEquipmentAndTheIncreaseOfConstructionIinProgressInvCF" xlink:to="label_PurchaseOfPropertyPlantEquipmentAndTheIncreaseOfConstructionIinProgressInvCF" />    <link:label xlink:type="resource" xlink:label="label_PurchaseOfPropertyPlantEquipmentAndTheIncreaseOfConstructionIinProgressInvCF_2" xml:lang="en" xlink:role="http://www.xbrl.org/2003/role/verboseLabel" id="label_PurchaseOfPropertyPlantEquipmentAndTheIncreaseOfConstructionIinProgressInvCF_2">Purchase of property, plant, equipment and the increase of construction iin progress-InvCF</link:label>    <link:labelArc xlink:type="arc" xlink:arcrole="http://www.xbrl.org/2003/arcrole/concept-label" xlink:from="PurchaseOfPropertyPlantEquipmentAndTheIncreaseOfConstructionIinProgressInvCF" xlink:to="label_PurchaseOfPropertyPlantEquipmentAndTheIncreaseOfConstructionIinProgressInvCF_2" />    <link:label xlink:type="resource" xlink:label="label_ProceedsFromSalesOfPropertyPlantAndEquipmentAndExpropriationInvCF" xml:lang="en" xlink:role="http://www.xbrl.org/2003/role/label" id="label_ProceedsFromSalesOfPropertyPlantAndEquipmentAndExpropriationInvCF">Proceeds from sales of property, plant and equipment and expropriation</link:label>    <link:labelArc xlink:type="arc" xlink:arcrole="http://www.xbrl.org/2003/arcrole/concept-label" xlink:from="ProceedsFromSalesOfPropertyPlantAndEquipmentAndExpropriationInvCF" xlink:to="label_ProceedsFromSalesOfPropertyPlantAndEquipmentAndExpropriationInvCF" />    <link:label xlink:type="resource" xlink:label="label_ProceedsFromSalesOfPropertyPlantAndEquipmentAndExpropriationInvCF_2" xml:lang="en" xlink:role="http://www.xbrl.org/2003/role/verboseLabel" id="label_ProceedsFromSalesOfPropertyPlantAndEquipmentAndExpropriationInvCF_2">Proceeds from sales of property, plant and equipment and expropriation-InvCF</link:label>    <link:labelArc xlink:type="arc" xlink:arcrole="http://www.xbrl.org/2003/arcrole/concept-label" xlink:from="ProceedsFromSalesOfPropertyPlantAndEquipmentAndExpropriationInvCF" xlink:to="label_ProceedsFromSalesOfPropertyPlantAndEquipmentAndExpropriationInvCF_2" />    <link:label xlink:type="resource" xlink:label="label_ExpensesFromTheIncreaseOfLeaseGuaranteeDepositsAndDepositsForStoresInPreparationInvCF" xml:lang="en" xlink:role="http://www.xbrl.org/2003/role/label" id="label_ExpensesFromTheIncreaseOfLeaseGuaranteeDepositsAndDepositsForStoresInPreparationInvCF">Expenses from the increase of lease, guarantee deposits, and deposits for stores in preparation</link:label>    <link:labelArc xlink:type="arc" xlink:arcrole="http://www.xbrl.org/2003/arcrole/concept-label" xlink:from="ExpensesFromTheIncreaseOfLeaseGuaranteeDepositsAndDepositsForStoresInPreparationInvCF" xlink:to="label_ExpensesFromTheIncreaseOfLeaseGuaranteeDepositsAndDepositsForStoresInPreparationInvCF" />    <link:label xlink:type="resource" xlink:label="label_ExpensesFromTheIncreaseOfLeaseGuaranteeDepositsAndDepositsForStoresInPreparationInvCF_2" xml:lang="en" xlink:role="http://www.xbrl.org/2003/role/verboseLabel" id="label_ExpensesFromTheIncreaseOfLeaseGuaranteeDepositsAndDepositsForStoresInPreparationInvCF_2">Expenses from the increase of lease, guarantee deposits, and deposits for stores in preparation-InvCF</link:label>    <link:labelArc xlink:type="arc" xlink:arcrole="http://www.xbrl.org/2003/arcrole/concept-label" xlink:from="ExpensesFromTheIncreaseOfLeaseGuaranteeDepositsAndDepositsForStoresInPreparationInvCF" xlink:to="label_ExpensesFromTheIncreaseOfLeaseGuaranteeDepositsAndDepositsForStoresInPreparationInvCF_2" />    <link:label xlink:type="resource" xlink:label="label_ProceedsFromCollectionOfLeaseGuaranteeDepositsAndDepositsForStoresInPreparationInvCF" xml:lang="en" xlink:role="http://www.xbrl.org/2003/role/label" id="label_ProceedsFromCollectionOfLeaseGuaranteeDepositsAndDepositsForStoresInPreparationInvCF">Proceeds from collection of lease, guarantee deposits and deposits for stores in preparation</link:label>    <link:labelArc xlink:type="arc" xlink:arcrole="http://www.xbrl.org/2003/arcrole/concept-label" xlink:from="ProceedsFromCollectionOfLeaseGuaranteeDepositsAndDepositsForStoresInPreparationInvCF" xlink:to="label_ProceedsFromCollectionOfLeaseGuaranteeDepositsAndDepositsForStoresInPreparationInvCF" />    <link:label xlink:type="resource" xlink:label="label_ProceedsFromCollectionOfLeaseGuaranteeDepositsAndDepositsForStoresInPreparationInvCF_2" xml:lang="en" xlink:role="http://www.xbrl.org/2003/role/verboseLabel" id="label_ProceedsFromCollectionOfLeaseGuaranteeDepositsAndDepositsForStoresInPreparationInvCF_2">Proceeds from collection of lease, guarantee deposits and deposits for stores in preparation-InvCF</link:label>    <link:labelArc xlink:type="arc" xlink:arcrole="http://www.xbrl.org/2003/arcrole/concept-label" xlink:from="ProceedsFromCollectionOfLeaseGuaranteeDepositsAndDepositsForStoresInPreparationInvCF" xlink:to="label_ProceedsFromCollectionOfLeaseGuaranteeDepositsAndDepositsForStoresInPreparationInvCF_2" />  </link:labelLink></link:linkbase>