<?xml version="1.0" encoding="utf-8"?>
<!-- Generated by PRONEXUS WORKS --><link:linkbase xmlns:link="http://www.xbrl.org/2003/linkbase" xmlns:xsi="http://www.w3.org/2001/XMLSchema-instance" xmlns:xbrli="http://www.xbrl.org/2003/instance" xmlns:xlink="http://www.w3.org/1999/xlink">  <link:labelLink xlink:type="extended" xlink:role="http://www.xbrl.org/2003/role/link">    <link:loc xlink:type="locator" xlink:href="tse-qcedjpfr-63220-2022-09-30-01-2022-11-02.xsd#tse-qcedjpfr-63220_SpecialRetirementPaymentsEL" xlink:label="SpecialRetirementPaymentsEL" />    <link:label xlink:type="resource" xlink:label="label_SpecialRetirementPaymentsEL" xml:lang="en" xlink:role="http://www.xbrl.org/2003/role/label" id="label_SpecialRetirementPaymentsEL">Special retirement payments</link:label>    <link:labelArc xlink:type="arc" xlink:arcrole="http://www.xbrl.org/2003/arcrole/concept-label" xlink:from="SpecialRetirementPaymentsEL" xlink:to="label_SpecialRetirementPaymentsEL" />    <link:label xlink:type="resource" xlink:label="label_SpecialRetirementPaymentsEL_2" xml:lang="en" xlink:role="http://www.xbrl.org/2003/role/verboseLabel" id="label_SpecialRetirementPaymentsEL_2">Special retirement payments - EL</link:label>    <link:labelArc xlink:type="arc" xlink:arcrole="http://www.xbrl.org/2003/arcrole/concept-label" xlink:from="SpecialRetirementPaymentsEL" xlink:to="label_SpecialRetirementPaymentsEL_2" />    <link:loc xlink:type="locator" xlink:href="http://disclosure.edinet-fsa.go.jp/taxonomy/jppfs/2021-11-01/jppfs_cor_2021-11-01.xsd#jppfs_cor_GainOnInvestmentOfSecuritiesNOI" xlink:label="GainOnInvestmentOfSecuritiesNOI" />    <link:label xlink:type="resource" xlink:label="label_GainOnInvestmentOfSecuritiesNOI" xml:lang="en" xlink:role="http://www.xbrl.org/2003/role/totalLabel" id="label_GainOnInvestmentOfSecuritiesNOI">Gain on investments in securities</link:label>    <link:labelArc xlink:type="arc" xlink:arcrole="http://www.xbrl.org/2003/arcrole/concept-label" xlink:from="GainOnInvestmentOfSecuritiesNOI" xlink:to="label_GainOnInvestmentOfSecuritiesNOI" />    <link:loc xlink:type="locator" xlink:href="http://disclosure.edinet-fsa.go.jp/taxonomy/jppfs/2021-11-01/jppfs_cor_2021-11-01.xsd#jppfs_cor_LossOnInvestmentOfSecuritiesNOE" xlink:label="LossOnInvestmentOfSecuritiesNOE" />    <link:label xlink:type="resource" xlink:label="label_LossOnInvestmentOfSecuritiesNOE" xml:lang="en" xlink:role="http://www.xbrl.org/2003/role/totalLabel" id="label_LossOnInvestmentOfSecuritiesNOE">Loss on investments in securities</link:label>    <link:labelArc xlink:type="arc" xlink:arcrole="http://www.xbrl.org/2003/arcrole/concept-label" xlink:from="LossOnInvestmentOfSecuritiesNOE" xlink:to="label_LossOnInvestmentOfSecuritiesNOE" />  </link:labelLink></link:linkbase>