﻿<?xml version="1.0" encoding="utf-8"?>
<!-- Edited with FutureStage XBRL Solution Library .NET 01-11 -->
<link:linkbase xmlns:xlink="http://www.w3.org/1999/xlink" xmlns:xsi="http://www.w3.org/2001/XMLSchema-instance" xmlns:link="http://www.xbrl.org/2003/linkbase">
  <link:labelLink xlink:type="extended" xlink:role="http://www.xbrl.org/2003/role/link">
    <link:label xml:lang="en" xlink:type="resource" xlink:label="tse-qcedjpfr-79940_DecreaseIncreaseInTradeReceivablesAndContractAssetsOpeCF_label" xlink:role="http://www.xbrl.org/2003/role/label">Decrease (increase) in trade receivables and contract assets</link:label>
    <link:label xml:lang="en" xlink:type="resource" xlink:label="tse-qcedjpfr-79940_DecreaseIncreaseInTradeReceivablesAndContractAssetsOpeCF_label_1" xlink:role="http://www.xbrl.org/2003/role/verboseLabel">Decrease (increase) in trade receivables and contract assets-OpeCF</link:label>
    <link:label xml:lang="en" xlink:type="resource" xlink:label="tse-qcedjpfr-79940_IncreaseInCashAndCashEquivalentsResultingFromMergerOfSubsidiariesAndMergerWithUnconsolidatedSubsidiaries_label" xlink:role="http://www.xbrl.org/2003/role/label">Increase in cash and cash equivalents resulting from merger of subsidiaries and merger with unconsolidated subsidiaries</link:label>
    <link:label xml:lang="en" xlink:type="resource" xlink:label="tse-qcedjpfr-79940_IncreaseInCashAndCashEquivalentsResultingFromMergerOfSubsidiariesAndMergerWithUnconsolidatedSubsidiaries_label_1" xlink:role="http://www.xbrl.org/2003/role/verboseLabel">Increase in cash and cash equivalents resulting from merger of subsidiaries and merger with unconsolidated subsidiaries</link:label>
    <link:loc xlink:type="locator" xlink:href="tse-qcedjpfr-79940-2022-09-30-01-2022-11-04.xsd#tse-qcedjpfr-79940_DecreaseIncreaseInTradeReceivablesAndContractAssetsOpeCF" xlink:label="tse-qcedjpfr-79940_DecreaseIncreaseInTradeReceivablesAndContractAssetsOpeCF" />
    <link:loc xlink:type="locator" xlink:href="tse-qcedjpfr-79940-2022-09-30-01-2022-11-04.xsd#tse-qcedjpfr-79940_IncreaseInCashAndCashEquivalentsResultingFromMergerOfSubsidiariesAndMergerWithUnconsolidatedSubsidiaries" xlink:label="tse-qcedjpfr-79940_IncreaseInCashAndCashEquivalentsResultingFromMergerOfSubsidiariesAndMergerWithUnconsolidatedSubsidiaries" />
    <link:labelArc xlink:type="arc" xlink:from="tse-qcedjpfr-79940_DecreaseIncreaseInTradeReceivablesAndContractAssetsOpeCF" xlink:to="tse-qcedjpfr-79940_DecreaseIncreaseInTradeReceivablesAndContractAssetsOpeCF_label" xlink:arcrole="http://www.xbrl.org/2003/arcrole/concept-label" order="1" />
    <link:labelArc xlink:type="arc" xlink:from="tse-qcedjpfr-79940_DecreaseIncreaseInTradeReceivablesAndContractAssetsOpeCF" xlink:to="tse-qcedjpfr-79940_DecreaseIncreaseInTradeReceivablesAndContractAssetsOpeCF_label_1" xlink:arcrole="http://www.xbrl.org/2003/arcrole/concept-label" order="1" />
    <link:labelArc xlink:type="arc" xlink:from="tse-qcedjpfr-79940_IncreaseInCashAndCashEquivalentsResultingFromMergerOfSubsidiariesAndMergerWithUnconsolidatedSubsidiaries" xlink:to="tse-qcedjpfr-79940_IncreaseInCashAndCashEquivalentsResultingFromMergerOfSubsidiariesAndMergerWithUnconsolidatedSubsidiaries_label" xlink:arcrole="http://www.xbrl.org/2003/arcrole/concept-label" order="1" />
    <link:labelArc xlink:type="arc" xlink:from="tse-qcedjpfr-79940_IncreaseInCashAndCashEquivalentsResultingFromMergerOfSubsidiariesAndMergerWithUnconsolidatedSubsidiaries" xlink:to="tse-qcedjpfr-79940_IncreaseInCashAndCashEquivalentsResultingFromMergerOfSubsidiariesAndMergerWithUnconsolidatedSubsidiaries_label_1" xlink:arcrole="http://www.xbrl.org/2003/arcrole/concept-label" order="1" />
  </link:labelLink>
</link:linkbase>