﻿<?xml version="1.0" encoding="utf-8"?>
<!-- Edited with FutureStage XBRL Solution Library .NET 01-11 -->
<link:linkbase xmlns:xlink="http://www.w3.org/1999/xlink" xmlns:xsi="http://www.w3.org/2001/XMLSchema-instance" xmlns:link="http://www.xbrl.org/2003/linkbase">
  <link:roleRef xlink:type="simple" xlink:href="http://disclosure.edinet-fsa.go.jp/taxonomy/jppfs/2021-11-01/jppfs_rt_2021-11-01.xsd#rol_CTELabel" roleURI="http://disclosure.edinet-fsa.go.jp/jppfs/cte/role/label" />
  <link:labelLink xlink:type="extended" xlink:role="http://www.xbrl.org/2003/role/link">
    <link:label xml:lang="ja" xlink:type="resource" xlink:label="jppfs_cor_LeaseInvestmentAssetsNetCA_label" xlink:role="http://disclosure.edinet-fsa.go.jp/jppfs/cte/role/label">リース投資資産</link:label>
    <link:label xml:lang="ja" xlink:type="resource" xlink:label="tse-qcedjpfr-93070_CompanyHousesRentIncomeNOI_label_1" xlink:role="http://www.xbrl.org/2003/role/label">社宅使用料</link:label>
    <link:label xml:lang="ja" xlink:type="resource" xlink:label="tse-qcedjpfr-93070_CompanyHousesRentIncomeNOI_label_2" xlink:role="http://www.xbrl.org/2003/role/verboseLabel">社宅使用料、営業外収益</link:label>
    <link:label xml:lang="ja" xlink:type="resource" xlink:label="tse-qcedjpfr-93070_CompanyHousesRentIncomeNOI_label" xlink:role="http://www.xbrl.org/2003/role/documentation">社宅使用料、営業外収益</link:label>
    <link:loc xlink:type="locator" xlink:href="http://disclosure.edinet-fsa.go.jp/taxonomy/jppfs/2021-11-01/jppfs_cor_2021-11-01.xsd#jppfs_cor_LeaseInvestmentAssetsNetCA" xlink:label="jppfs_cor_LeaseInvestmentAssetsNetCA" />
    <link:loc xlink:type="locator" xlink:href="tse-qcedjpfr-93070-2022-09-30-01-2022-10-28.xsd#tse-qcedjpfr-93070_CompanyHousesRentIncomeNOI" xlink:label="tse-qcedjpfr-93070_CompanyHousesRentIncomeNOI" />
    <link:labelArc xlink:type="arc" xlink:from="jppfs_cor_LeaseInvestmentAssetsNetCA" xlink:to="jppfs_cor_LeaseInvestmentAssetsNetCA_label" xlink:arcrole="http://www.xbrl.org/2003/arcrole/concept-label" order="1" />
    <link:labelArc xlink:type="arc" xlink:from="tse-qcedjpfr-93070_CompanyHousesRentIncomeNOI" xlink:to="tse-qcedjpfr-93070_CompanyHousesRentIncomeNOI_label_2" xlink:arcrole="http://www.xbrl.org/2003/arcrole/concept-label" order="1" />
    <link:labelArc xlink:type="arc" xlink:from="tse-qcedjpfr-93070_CompanyHousesRentIncomeNOI" xlink:to="tse-qcedjpfr-93070_CompanyHousesRentIncomeNOI_label_1" xlink:arcrole="http://www.xbrl.org/2003/arcrole/concept-label" order="1" />
    <link:labelArc xlink:type="arc" xlink:from="tse-qcedjpfr-93070_CompanyHousesRentIncomeNOI" xlink:to="tse-qcedjpfr-93070_CompanyHousesRentIncomeNOI_label" xlink:arcrole="http://www.xbrl.org/2003/arcrole/concept-label" order="1" />
  </link:labelLink>
</link:linkbase>