﻿<?xml version="1.0" encoding="utf-8"?>
<!-- Edited with FutureStage XBRL Solution Library .NET 01-11 -->
<link:linkbase xmlns:xlink="http://www.w3.org/1999/xlink" xmlns:xsi="http://www.w3.org/2001/XMLSchema-instance" xmlns:link="http://www.xbrl.org/2003/linkbase">
  <link:labelLink xlink:type="extended" xlink:role="http://www.xbrl.org/2003/role/link">
    <link:label xml:lang="ja" xlink:type="resource" xlink:label="tse-qcedjpfr-23230_DecreaseIncreaseInLongtermAccountsReceivableOtherOpeCF_label" xlink:role="http://www.xbrl.org/2003/role/label">長期未収入金の増減額(△は増加)</link:label>
    <link:label xml:lang="ja" xlink:type="resource" xlink:label="tse-qcedjpfr-23230_DecreaseIncreaseInLongtermAccountsReceivableOtherOpeCF_label_1" xlink:role="http://www.xbrl.org/2003/role/verboseLabel">長期未収入金の増減額（△は増加）、営業活動によるキャッシュ・フロー</link:label>
    <link:label xml:lang="ja" xlink:type="resource" xlink:label="tse-qcedjpfr-23230_PaymentsIntoPeriodicalDepositsInvCF_label" xlink:role="http://www.xbrl.org/2003/role/label">定期積金の預入による支出</link:label>
    <link:label xml:lang="ja" xlink:type="resource" xlink:label="tse-qcedjpfr-23230_PaymentsIntoPeriodicalDepositsInvCF_label_1" xlink:role="http://www.xbrl.org/2003/role/verboseLabel">定期積金の預入による支出、投資活動によるキャッシュ・フロー</link:label>
    <link:label xml:lang="ja" xlink:type="resource" xlink:label="tse-qcedjpfr-23230_ProceedsFromRepaymentOfDepositMoneyOpeCF_label" xlink:role="http://www.xbrl.org/2003/role/label">供託金の返還による収入</link:label>
    <link:label xml:lang="ja" xlink:type="resource" xlink:label="tse-qcedjpfr-23230_ProceedsFromRepaymentOfDepositMoneyOpeCF_label_1" xlink:role="http://www.xbrl.org/2003/role/verboseLabel">供託金の返還による収入、営業活動によるキャッシュ・フロー</link:label>
    <link:loc xlink:type="locator" xlink:href="tse-qcedjpfr-23230-2022-09-30-01-2022-11-11.xsd#tse-qcedjpfr-23230_DecreaseIncreaseInLongtermAccountsReceivableOtherOpeCF" xlink:label="tse-qcedjpfr-23230_DecreaseIncreaseInLongtermAccountsReceivableOtherOpeCF" />
    <link:loc xlink:type="locator" xlink:href="tse-qcedjpfr-23230-2022-09-30-01-2022-11-11.xsd#tse-qcedjpfr-23230_PaymentsIntoPeriodicalDepositsInvCF" xlink:label="tse-qcedjpfr-23230_PaymentsIntoPeriodicalDepositsInvCF" />
    <link:loc xlink:type="locator" xlink:href="tse-qcedjpfr-23230-2022-09-30-01-2022-11-11.xsd#tse-qcedjpfr-23230_ProceedsFromRepaymentOfDepositMoneyOpeCF" xlink:label="tse-qcedjpfr-23230_ProceedsFromRepaymentOfDepositMoneyOpeCF" />
    <link:labelArc xlink:type="arc" xlink:from="tse-qcedjpfr-23230_DecreaseIncreaseInLongtermAccountsReceivableOtherOpeCF" xlink:to="tse-qcedjpfr-23230_DecreaseIncreaseInLongtermAccountsReceivableOtherOpeCF_label" xlink:arcrole="http://www.xbrl.org/2003/arcrole/concept-label" order="1" />
    <link:labelArc xlink:type="arc" xlink:from="tse-qcedjpfr-23230_DecreaseIncreaseInLongtermAccountsReceivableOtherOpeCF" xlink:to="tse-qcedjpfr-23230_DecreaseIncreaseInLongtermAccountsReceivableOtherOpeCF_label_1" xlink:arcrole="http://www.xbrl.org/2003/arcrole/concept-label" order="1" />
    <link:labelArc xlink:type="arc" xlink:from="tse-qcedjpfr-23230_PaymentsIntoPeriodicalDepositsInvCF" xlink:to="tse-qcedjpfr-23230_PaymentsIntoPeriodicalDepositsInvCF_label" xlink:arcrole="http://www.xbrl.org/2003/arcrole/concept-label" order="1" />
    <link:labelArc xlink:type="arc" xlink:from="tse-qcedjpfr-23230_PaymentsIntoPeriodicalDepositsInvCF" xlink:to="tse-qcedjpfr-23230_PaymentsIntoPeriodicalDepositsInvCF_label_1" xlink:arcrole="http://www.xbrl.org/2003/arcrole/concept-label" order="1" />
    <link:labelArc xlink:type="arc" xlink:from="tse-qcedjpfr-23230_ProceedsFromRepaymentOfDepositMoneyOpeCF" xlink:to="tse-qcedjpfr-23230_ProceedsFromRepaymentOfDepositMoneyOpeCF_label" xlink:arcrole="http://www.xbrl.org/2003/arcrole/concept-label" order="1" />
    <link:labelArc xlink:type="arc" xlink:from="tse-qcedjpfr-23230_ProceedsFromRepaymentOfDepositMoneyOpeCF" xlink:to="tse-qcedjpfr-23230_ProceedsFromRepaymentOfDepositMoneyOpeCF_label_1" xlink:arcrole="http://www.xbrl.org/2003/arcrole/concept-label" order="1" />
  </link:labelLink>
</link:linkbase>