<?xml version="1.0" encoding="utf-8"?>
<!-- Generated by PRONEXUS WORKS --><link:linkbase xmlns:link="http://www.xbrl.org/2003/linkbase" xmlns:xsi="http://www.w3.org/2001/XMLSchema-instance" xmlns:xbrli="http://www.xbrl.org/2003/instance" xmlns:xlink="http://www.w3.org/1999/xlink">  <link:labelLink xlink:type="extended" xlink:role="http://www.xbrl.org/2003/role/link">    <link:loc xlink:type="locator" xlink:href="tse-qcedjpfr-18140-2022-09-30-01-2022-11-08.xsd#tse-qcedjpfr-18140_NotesReceivableAccountsReceivableFromCompletedConstructionContractsAndContractAssetsCA" xlink:label="NotesReceivableAccountsReceivableFromCompletedConstructionContractsAndContractAssetsCA" />    <link:label xlink:type="resource" xlink:label="label_NotesReceivableAccountsReceivableFromCompletedConstructionContractsAndContractAssetsCA" xml:lang="ja" xlink:role="http://www.xbrl.org/2003/role/label" id="label_NotesReceivableAccountsReceivableFromCompletedConstructionContractsAndContractAssetsCA">受取手形、完成工事未収入金及び契約資産</link:label>    <link:labelArc xlink:type="arc" xlink:arcrole="http://www.xbrl.org/2003/arcrole/concept-label" xlink:from="NotesReceivableAccountsReceivableFromCompletedConstructionContractsAndContractAssetsCA" xlink:to="label_NotesReceivableAccountsReceivableFromCompletedConstructionContractsAndContractAssetsCA" />    <link:label xlink:type="resource" xlink:label="label_NotesReceivableAccountsReceivableFromCompletedConstructionContractsAndContractAssetsCA_2" xml:lang="ja" xlink:role="http://www.xbrl.org/2003/role/verboseLabel" id="label_NotesReceivableAccountsReceivableFromCompletedConstructionContractsAndContractAssetsCA_2">受取手形、完成工事未収入金及び契約資産、流動資産</link:label>    <link:labelArc xlink:type="arc" xlink:arcrole="http://www.xbrl.org/2003/arcrole/concept-label" xlink:from="NotesReceivableAccountsReceivableFromCompletedConstructionContractsAndContractAssetsCA" xlink:to="label_NotesReceivableAccountsReceivableFromCompletedConstructionContractsAndContractAssetsCA_2" />  </link:labelLink></link:linkbase>