<?xml version="1.0" encoding="utf-8"?>
<!-- Generated by PRONEXUS WORKS --><link:linkbase xmlns:link="http://www.xbrl.org/2003/linkbase" xmlns:xsi="http://www.w3.org/2001/XMLSchema-instance" xmlns:xbrli="http://www.xbrl.org/2003/instance" xmlns:xlink="http://www.w3.org/1999/xlink">  <link:labelLink xlink:type="extended" xlink:role="http://www.xbrl.org/2003/role/link">    <link:loc xlink:type="locator" xlink:href="tse-qcedjpfr-79550-2022-09-30-01-2022-11-07.xsd#tse-qcedjpfr-79550_SubsidiesForEmploymentAdjustmentEI" xlink:label="SubsidiesForEmploymentAdjustmentEI" />    <link:loc xlink:type="locator" xlink:href="tse-qcedjpfr-79550-2022-09-30-01-2022-11-07.xsd#tse-qcedjpfr-79550_LossOnCOVID19EL" xlink:label="LossOnCOVID19EL" />    <link:loc xlink:type="locator" xlink:href="tse-qcedjpfr-79550-2022-09-30-01-2022-11-07.xsd#tse-qcedjpfr-79550_SubsidiesForEmploymentAdjustmentOpeCF" xlink:label="SubsidiesForEmploymentAdjustmentOpeCF" />    <link:loc xlink:type="locator" xlink:href="tse-qcedjpfr-79550-2022-09-30-01-2022-11-07.xsd#tse-qcedjpfr-79550_LossOnCOVID19OpeCF" xlink:label="LossOnCOVID19OpeCF" />    <link:loc xlink:type="locator" xlink:href="tse-qcedjpfr-79550-2022-09-30-01-2022-11-07.xsd#tse-qcedjpfr-79550_IncomeRelatedToEmploymentAdjustmentSubsidiesEtcOpeCF" xlink:label="IncomeRelatedToEmploymentAdjustmentSubsidiesEtcOpeCF" />    <link:loc xlink:type="locator" xlink:href="tse-qcedjpfr-79550-2022-09-30-01-2022-11-07.xsd#tse-qcedjpfr-79550_PaymentsForLossOnCOVID19CFOpeCF" xlink:label="PaymentsForLossOnCOVID19CFOpeCF" />    <link:label xlink:type="resource" xlink:label="label_SubsidiesForEmploymentAdjustmentEI" xml:lang="ja" xlink:role="http://www.xbrl.org/2003/role/label" id="label_SubsidiesForEmploymentAdjustmentEI">雇用調整助成金</link:label>    <link:labelArc xlink:type="arc" xlink:arcrole="http://www.xbrl.org/2003/arcrole/concept-label" xlink:from="SubsidiesForEmploymentAdjustmentEI" xlink:to="label_SubsidiesForEmploymentAdjustmentEI" />    <link:label xlink:type="resource" xlink:label="label_SubsidiesForEmploymentAdjustmentEI_2" xml:lang="ja" xlink:role="http://www.xbrl.org/2003/role/verboseLabel" id="label_SubsidiesForEmploymentAdjustmentEI_2">雇用調整助成金、特別利益</link:label>    <link:labelArc xlink:type="arc" xlink:arcrole="http://www.xbrl.org/2003/arcrole/concept-label" xlink:from="SubsidiesForEmploymentAdjustmentEI" xlink:to="label_SubsidiesForEmploymentAdjustmentEI_2" />    <link:label xlink:type="resource" xlink:label="label_LossOnCOVID19EL" xml:lang="ja" xlink:role="http://www.xbrl.org/2003/role/label" id="label_LossOnCOVID19EL">新型コロナウイルス感染症による損失</link:label>    <link:labelArc xlink:type="arc" xlink:arcrole="http://www.xbrl.org/2003/arcrole/concept-label" xlink:from="LossOnCOVID19EL" xlink:to="label_LossOnCOVID19EL" />    <link:label xlink:type="resource" xlink:label="label_LossOnCOVID19EL_2" xml:lang="ja" xlink:role="http://www.xbrl.org/2003/role/verboseLabel" id="label_LossOnCOVID19EL_2">新型コロナウイルス感染症による損失、特別損失</link:label>    <link:labelArc xlink:type="arc" xlink:arcrole="http://www.xbrl.org/2003/arcrole/concept-label" xlink:from="LossOnCOVID19EL" xlink:to="label_LossOnCOVID19EL_2" />    <link:label xlink:type="resource" xlink:label="label_SubsidiesForEmploymentAdjustmentOpeCF" xml:lang="ja" xlink:role="http://www.xbrl.org/2003/role/label" id="label_SubsidiesForEmploymentAdjustmentOpeCF">雇用調整助成金</link:label>    <link:labelArc xlink:type="arc" xlink:arcrole="http://www.xbrl.org/2003/arcrole/concept-label" xlink:from="SubsidiesForEmploymentAdjustmentOpeCF" xlink:to="label_SubsidiesForEmploymentAdjustmentOpeCF" />    <link:label xlink:type="resource" xlink:label="label_SubsidiesForEmploymentAdjustmentOpeCF_2" xml:lang="ja" xlink:role="http://www.xbrl.org/2003/role/verboseLabel" id="label_SubsidiesForEmploymentAdjustmentOpeCF_2">雇用調整助成金、営業活動によるキャッシュ・フロー</link:label>    <link:labelArc xlink:type="arc" xlink:arcrole="http://www.xbrl.org/2003/arcrole/concept-label" xlink:from="SubsidiesForEmploymentAdjustmentOpeCF" xlink:to="label_SubsidiesForEmploymentAdjustmentOpeCF_2" />    <link:label xlink:type="resource" xlink:label="label_LossOnCOVID19OpeCF" xml:lang="ja" xlink:role="http://www.xbrl.org/2003/role/label" id="label_LossOnCOVID19OpeCF">新型コロナウイルス感染症による損失</link:label>    <link:labelArc xlink:type="arc" xlink:arcrole="http://www.xbrl.org/2003/arcrole/concept-label" xlink:from="LossOnCOVID19OpeCF" xlink:to="label_LossOnCOVID19OpeCF" />    <link:label xlink:type="resource" xlink:label="label_LossOnCOVID19OpeCF_2" xml:lang="ja" xlink:role="http://www.xbrl.org/2003/role/verboseLabel" id="label_LossOnCOVID19OpeCF_2">新型コロナウイルス感染症による損失、営業活動によるキャッシュ・フロー</link:label>    <link:labelArc xlink:type="arc" xlink:arcrole="http://www.xbrl.org/2003/arcrole/concept-label" xlink:from="LossOnCOVID19OpeCF" xlink:to="label_LossOnCOVID19OpeCF_2" />    <link:label xlink:type="resource" xlink:label="label_IncomeRelatedToEmploymentAdjustmentSubsidiesEtcOpeCF" xml:lang="ja" xlink:role="http://www.xbrl.org/2003/role/label" id="label_IncomeRelatedToEmploymentAdjustmentSubsidiesEtcOpeCF">雇用調整助成金の受取額</link:label>    <link:labelArc xlink:type="arc" xlink:arcrole="http://www.xbrl.org/2003/arcrole/concept-label" xlink:from="IncomeRelatedToEmploymentAdjustmentSubsidiesEtcOpeCF" xlink:to="label_IncomeRelatedToEmploymentAdjustmentSubsidiesEtcOpeCF" />    <link:label xlink:type="resource" xlink:label="label_IncomeRelatedToEmploymentAdjustmentSubsidiesEtcOpeCF_2" xml:lang="ja" xlink:role="http://www.xbrl.org/2003/role/verboseLabel" id="label_IncomeRelatedToEmploymentAdjustmentSubsidiesEtcOpeCF_2">雇用調整助成金の受取額、営業活動によるキャッシュ・フロー</link:label>    <link:labelArc xlink:type="arc" xlink:arcrole="http://www.xbrl.org/2003/arcrole/concept-label" xlink:from="IncomeRelatedToEmploymentAdjustmentSubsidiesEtcOpeCF" xlink:to="label_IncomeRelatedToEmploymentAdjustmentSubsidiesEtcOpeCF_2" />    <link:label xlink:type="resource" xlink:label="label_PaymentsForLossOnCOVID19CFOpeCF" xml:lang="ja" xlink:role="http://www.xbrl.org/2003/role/label" id="label_PaymentsForLossOnCOVID19CFOpeCF">新型コロナウイルス感染症による損失の支払額</link:label>    <link:labelArc xlink:type="arc" xlink:arcrole="http://www.xbrl.org/2003/arcrole/concept-label" xlink:from="PaymentsForLossOnCOVID19CFOpeCF" xlink:to="label_PaymentsForLossOnCOVID19CFOpeCF" />    <link:label xlink:type="resource" xlink:label="label_PaymentsForLossOnCOVID19CFOpeCF_2" xml:lang="ja" xlink:role="http://www.xbrl.org/2003/role/verboseLabel" id="label_PaymentsForLossOnCOVID19CFOpeCF_2">新型コロナウイルス感染症による損失の支払額、営業活動によるキャッシュ・フロー</link:label>    <link:labelArc xlink:type="arc" xlink:arcrole="http://www.xbrl.org/2003/arcrole/concept-label" xlink:from="PaymentsForLossOnCOVID19CFOpeCF" xlink:to="label_PaymentsForLossOnCOVID19CFOpeCF_2" />  </link:labelLink></link:linkbase>