﻿<?xml version="1.0" encoding="utf-8"?>
<!-- Edited with FutureStage XBRL Solution Library .NET 01-11 -->
<link:linkbase xmlns:xlink="http://www.w3.org/1999/xlink" xmlns:xsi="http://www.w3.org/2001/XMLSchema-instance" xmlns:link="http://www.xbrl.org/2003/linkbase">
  <link:labelLink xlink:type="extended" xlink:role="http://www.xbrl.org/2003/role/link">
    <link:label xml:lang="ja" xlink:type="resource" xlink:label="tse-qcedjpfr-19670_AmortizationOfCustomerRelationshipOpeCF_label" xlink:role="http://www.xbrl.org/2003/role/label">顧客関連資産償却費</link:label>
    <link:label xml:lang="ja" xlink:type="resource" xlink:label="tse-qcedjpfr-19670_AmortizationOfCustomerRelationshipOpeCF_label_1" xlink:role="http://www.xbrl.org/2003/role/verboseLabel">顧客関連資産償却費、営業活動によるキャッシュ・フロー</link:label>
    <link:label xml:lang="ja" xlink:type="resource" xlink:label="tse-qcedjpfr-19670_CustomerRelationshipIA_label" xlink:role="http://www.xbrl.org/2003/role/label">顧客関連資産</link:label>
    <link:label xml:lang="ja" xlink:type="resource" xlink:label="tse-qcedjpfr-19670_CustomerRelationshipIA_label_1" xlink:role="http://www.xbrl.org/2003/role/verboseLabel">顧客関連資産、無形固定資産</link:label>
    <link:label xml:lang="ja" xlink:type="resource" xlink:label="tse-qcedjpfr-19670_LossOnRedemptionOfInvestmentSecuritiesNOE_label" xlink:role="http://www.xbrl.org/2003/role/label">投資有価証券償還損</link:label>
    <link:label xml:lang="ja" xlink:type="resource" xlink:label="tse-qcedjpfr-19670_LossOnRedemptionOfInvestmentSecuritiesNOE_label_1" xlink:role="http://www.xbrl.org/2003/role/verboseLabel">投資有価証券償還損、営業外費用</link:label>
    <link:label xml:lang="ja" xlink:type="resource" xlink:label="tse-qcedjpfr-19670_NetDecreaseIncreaseInForcedDepositsInvCF_label" xlink:role="http://www.xbrl.org/2003/role/label">拘束性預金の純増減額（△は増加）</link:label>
    <link:label xml:lang="ja" xlink:type="resource" xlink:label="tse-qcedjpfr-19670_NetDecreaseIncreaseInForcedDepositsInvCF_label_1" xlink:role="http://www.xbrl.org/2003/role/verboseLabel">拘束性預金の純増減額（△は増加）、投資活動によるキャッシュ・フロー</link:label>
    <link:loc xlink:type="locator" xlink:href="tse-qcedjpfr-19670-2022-09-20-01-2022-10-26.xsd#tse-qcedjpfr-19670_AmortizationOfCustomerRelationshipOpeCF" xlink:label="tse-qcedjpfr-19670_AmortizationOfCustomerRelationshipOpeCF" />
    <link:loc xlink:type="locator" xlink:href="tse-qcedjpfr-19670-2022-09-20-01-2022-10-26.xsd#tse-qcedjpfr-19670_CustomerRelationshipIA" xlink:label="tse-qcedjpfr-19670_CustomerRelationshipIA" />
    <link:loc xlink:type="locator" xlink:href="tse-qcedjpfr-19670-2022-09-20-01-2022-10-26.xsd#tse-qcedjpfr-19670_LossOnRedemptionOfInvestmentSecuritiesNOE" xlink:label="tse-qcedjpfr-19670_LossOnRedemptionOfInvestmentSecuritiesNOE" />
    <link:loc xlink:type="locator" xlink:href="tse-qcedjpfr-19670-2022-09-20-01-2022-10-26.xsd#tse-qcedjpfr-19670_NetDecreaseIncreaseInForcedDepositsInvCF" xlink:label="tse-qcedjpfr-19670_NetDecreaseIncreaseInForcedDepositsInvCF" />
    <link:labelArc xlink:type="arc" xlink:from="tse-qcedjpfr-19670_AmortizationOfCustomerRelationshipOpeCF" xlink:to="tse-qcedjpfr-19670_AmortizationOfCustomerRelationshipOpeCF_label_1" xlink:arcrole="http://www.xbrl.org/2003/arcrole/concept-label" order="1" />
    <link:labelArc xlink:type="arc" xlink:from="tse-qcedjpfr-19670_AmortizationOfCustomerRelationshipOpeCF" xlink:to="tse-qcedjpfr-19670_AmortizationOfCustomerRelationshipOpeCF_label" xlink:arcrole="http://www.xbrl.org/2003/arcrole/concept-label" order="1" />
    <link:labelArc xlink:type="arc" xlink:from="tse-qcedjpfr-19670_CustomerRelationshipIA" xlink:to="tse-qcedjpfr-19670_CustomerRelationshipIA_label_1" xlink:arcrole="http://www.xbrl.org/2003/arcrole/concept-label" order="1" />
    <link:labelArc xlink:type="arc" xlink:from="tse-qcedjpfr-19670_CustomerRelationshipIA" xlink:to="tse-qcedjpfr-19670_CustomerRelationshipIA_label" xlink:arcrole="http://www.xbrl.org/2003/arcrole/concept-label" order="1" />
    <link:labelArc xlink:type="arc" xlink:from="tse-qcedjpfr-19670_LossOnRedemptionOfInvestmentSecuritiesNOE" xlink:to="tse-qcedjpfr-19670_LossOnRedemptionOfInvestmentSecuritiesNOE_label_1" xlink:arcrole="http://www.xbrl.org/2003/arcrole/concept-label" order="1" />
    <link:labelArc xlink:type="arc" xlink:from="tse-qcedjpfr-19670_LossOnRedemptionOfInvestmentSecuritiesNOE" xlink:to="tse-qcedjpfr-19670_LossOnRedemptionOfInvestmentSecuritiesNOE_label" xlink:arcrole="http://www.xbrl.org/2003/arcrole/concept-label" order="1" />
    <link:labelArc xlink:type="arc" xlink:from="tse-qcedjpfr-19670_NetDecreaseIncreaseInForcedDepositsInvCF" xlink:to="tse-qcedjpfr-19670_NetDecreaseIncreaseInForcedDepositsInvCF_label_1" xlink:arcrole="http://www.xbrl.org/2003/arcrole/concept-label" order="1" />
    <link:labelArc xlink:type="arc" xlink:from="tse-qcedjpfr-19670_NetDecreaseIncreaseInForcedDepositsInvCF" xlink:to="tse-qcedjpfr-19670_NetDecreaseIncreaseInForcedDepositsInvCF_label" xlink:arcrole="http://www.xbrl.org/2003/arcrole/concept-label" order="1" />
  </link:labelLink>
</link:linkbase>