<?xml version="1.0" encoding="utf-8"?>
<manifest xmlns="http://disclosure.edinet-fsa.go.jp/2013/manifest"><tocComposition><title xml:lang="ja">決算短信添付資料</title><title xml:lang="en">Earnings digest attached document</title><item in="presentation" ref="tse-qcediffr" extrole="http://www.xbrl.tdnet.info/jp/tse/tdnet/role/RoleAttachedDocument" /></tocComposition><list><instance id="tse-qcediffr" type="Attachment" preferredFilename="tse-qcediffr-28020-2022-09-30-01-2022-11-07.xbrl"><ixbrl>0101010-qcfs03-tse-qcediffr-28020-2022-09-30-01-2022-11-07-ixbrl.htm</ixbrl><ixbrl>0102010-qcci13-tse-qcediffr-28020-2022-09-30-01-2022-11-07-ixbrl.htm</ixbrl></instance></list></manifest>