<?xml version="1.0" encoding="utf-8"?>
<!-- Generated by PRONEXUS WORKS --><link:linkbase xmlns:link="http://www.xbrl.org/2003/linkbase" xmlns:xsi="http://www.w3.org/2001/XMLSchema-instance" xmlns:xbrli="http://www.xbrl.org/2003/instance" xmlns:xlink="http://www.w3.org/1999/xlink">  <link:labelLink xlink:type="extended" xlink:role="http://www.xbrl.org/2003/role/link">    <link:loc xlink:type="locator" xlink:href="tse-qcedjpfr-43040-2022-09-30-01-2022-11-14.xsd#tse-qcedjpfr-43040_CryptoAssetsCA" xlink:label="CryptoAssetsCA" />    <link:loc xlink:type="locator" xlink:href="tse-qcedjpfr-43040-2022-09-30-01-2022-11-14.xsd#tse-qcedjpfr-43040_CustomerRelationshipIA" xlink:label="CustomerRelationshipIA" />    <link:loc xlink:type="locator" xlink:href="tse-qcedjpfr-43040-2022-09-30-01-2022-11-14.xsd#tse-qcedjpfr-43040_LossOnValuationOfCryptoAssetsNOE" xlink:label="LossOnValuationOfCryptoAssetsNOE" />    <link:loc xlink:type="locator" xlink:href="tse-qcedjpfr-43040-2022-09-30-01-2022-11-14.xsd#tse-qcedjpfr-43040_LossOnValuationOfCryptoAssetsOpeCF" xlink:label="LossOnValuationOfCryptoAssetsOpeCF" />    <link:loc xlink:type="locator" xlink:href="tse-qcedjpfr-43040-2022-09-30-01-2022-11-14.xsd#tse-qcedjpfr-43040_RepaymentsOfCurrentPortionOfLongTermLoansPayableFinCF" xlink:label="RepaymentsOfCurrentPortionOfLongTermLoansPayableFinCF" />    <link:loc xlink:type="locator" xlink:href="http://disclosure.edinet-fsa.go.jp/taxonomy/jppfs/2021-11-01/jppfs_cor_2021-11-01.xsd#jppfs_cor_LeaseDepositsIOA" xlink:label="LeaseDepositsIOA" />    <link:loc xlink:type="locator" xlink:href="tse-qcedjpfr-43040-2022-09-30-01-2022-11-14.xsd#tse-qcedjpfr-43040_CommissonFeePaidOpeCF" xlink:label="CommissonFeePaidOpeCF" />    <link:label xlink:type="resource" xlink:label="label_LossOnValuationOfCryptoAssetsNOE" xml:lang="en" xlink:role="http://www.xbrl.org/2003/role/label" id="label_LossOnValuationOfCryptoAssetsNOE">Loss on valuation of crypto assets</link:label>    <link:labelArc xlink:type="arc" xlink:arcrole="http://www.xbrl.org/2003/arcrole/concept-label" xlink:from="LossOnValuationOfCryptoAssetsNOE" xlink:to="label_LossOnValuationOfCryptoAssetsNOE" />    <link:label xlink:type="resource" xlink:label="label_LossOnValuationOfCryptoAssetsNOE_2" xml:lang="en" xlink:role="http://www.xbrl.org/2003/role/verboseLabel" id="label_LossOnValuationOfCryptoAssetsNOE_2">Loss on valuation of crypto assets-NOE</link:label>    <link:labelArc xlink:type="arc" xlink:arcrole="http://www.xbrl.org/2003/arcrole/concept-label" xlink:from="LossOnValuationOfCryptoAssetsNOE" xlink:to="label_LossOnValuationOfCryptoAssetsNOE_2" />    <link:label xlink:type="resource" xlink:label="label_CryptoAssetsCA" xml:lang="en" xlink:role="http://www.xbrl.org/2003/role/label" id="label_CryptoAssetsCA">Crypto assets</link:label>    <link:labelArc xlink:type="arc" xlink:arcrole="http://www.xbrl.org/2003/arcrole/concept-label" xlink:from="CryptoAssetsCA" xlink:to="label_CryptoAssetsCA" />    <link:label xlink:type="resource" xlink:label="label_CryptoAssetsCA_2" xml:lang="en" xlink:role="http://www.xbrl.org/2003/role/verboseLabel" id="label_CryptoAssetsCA_2">Crypto assets-CA</link:label>    <link:labelArc xlink:type="arc" xlink:arcrole="http://www.xbrl.org/2003/arcrole/concept-label" xlink:from="CryptoAssetsCA" xlink:to="label_CryptoAssetsCA_2" />    <link:label xlink:type="resource" xlink:label="label_CustomerRelationshipIA" xml:lang="en" xlink:role="http://www.xbrl.org/2003/role/label" id="label_CustomerRelationshipIA">Customer relationship</link:label>    <link:labelArc xlink:type="arc" xlink:arcrole="http://www.xbrl.org/2003/arcrole/concept-label" xlink:from="CustomerRelationshipIA" xlink:to="label_CustomerRelationshipIA" />    <link:label xlink:type="resource" xlink:label="label_CustomerRelationshipIA_2" xml:lang="en" xlink:role="http://www.xbrl.org/2003/role/verboseLabel" id="label_CustomerRelationshipIA_2">Customer relationship-IA</link:label>    <link:labelArc xlink:type="arc" xlink:arcrole="http://www.xbrl.org/2003/arcrole/concept-label" xlink:from="CustomerRelationshipIA" xlink:to="label_CustomerRelationshipIA_2" />    <link:label xlink:type="resource" xlink:label="label_LossOnValuationOfCryptoAssetsOpeCF" xml:lang="en" xlink:role="http://www.xbrl.org/2003/role/label" id="label_LossOnValuationOfCryptoAssetsOpeCF">Loss(Gain) on valuation of crypto assets</link:label>    <link:labelArc xlink:type="arc" xlink:arcrole="http://www.xbrl.org/2003/arcrole/concept-label" xlink:from="LossOnValuationOfCryptoAssetsOpeCF" xlink:to="label_LossOnValuationOfCryptoAssetsOpeCF" />    <link:label xlink:type="resource" xlink:label="label_LossOnValuationOfCryptoAssetsOpeCF_2" xml:lang="en" xlink:role="http://www.xbrl.org/2003/role/verboseLabel" id="label_LossOnValuationOfCryptoAssetsOpeCF_2">Loss on valuation of crypto assets-OpeCF</link:label>    <link:labelArc xlink:type="arc" xlink:arcrole="http://www.xbrl.org/2003/arcrole/concept-label" xlink:from="LossOnValuationOfCryptoAssetsOpeCF" xlink:to="label_LossOnValuationOfCryptoAssetsOpeCF_2" />    <link:label xlink:type="resource" xlink:label="label_CommissonFeePaidOpeCF" xml:lang="en" xlink:role="http://www.xbrl.org/2003/role/label" id="label_CommissonFeePaidOpeCF">Commisson fee paid</link:label>    <link:labelArc xlink:type="arc" xlink:arcrole="http://www.xbrl.org/2003/arcrole/concept-label" xlink:from="CommissonFeePaidOpeCF" xlink:to="label_CommissonFeePaidOpeCF" />    <link:label xlink:type="resource" xlink:label="label_CommissonFeePaidOpeCF_2" xml:lang="en" xlink:role="http://www.xbrl.org/2003/role/verboseLabel" id="label_CommissonFeePaidOpeCF_2">Commisson fee paid-OpeCF</link:label>    <link:labelArc xlink:type="arc" xlink:arcrole="http://www.xbrl.org/2003/arcrole/concept-label" xlink:from="CommissonFeePaidOpeCF" xlink:to="label_CommissonFeePaidOpeCF_2" />    <link:label xlink:type="resource" xlink:label="label_RepaymentsOfCurrentPortionOfLongTermLoansPayableFinCF" xml:lang="en" xlink:role="http://www.xbrl.org/2003/role/label" id="label_RepaymentsOfCurrentPortionOfLongTermLoansPayableFinCF">Repayments of current portion of long-term loans payable</link:label>    <link:labelArc xlink:type="arc" xlink:arcrole="http://www.xbrl.org/2003/arcrole/concept-label" xlink:from="RepaymentsOfCurrentPortionOfLongTermLoansPayableFinCF" xlink:to="label_RepaymentsOfCurrentPortionOfLongTermLoansPayableFinCF" />    <link:label xlink:type="resource" xlink:label="label_RepaymentsOfCurrentPortionOfLongTermLoansPayableFinCF_2" xml:lang="en" xlink:role="http://www.xbrl.org/2003/role/verboseLabel" id="label_RepaymentsOfCurrentPortionOfLongTermLoansPayableFinCF_2">Repayments of current portion of long-term loans payable -FinCF</link:label>    <link:labelArc xlink:type="arc" xlink:arcrole="http://www.xbrl.org/2003/arcrole/concept-label" xlink:from="RepaymentsOfCurrentPortionOfLongTermLoansPayableFinCF" xlink:to="label_RepaymentsOfCurrentPortionOfLongTermLoansPayableFinCF_2" />    <link:label xlink:type="resource" xlink:label="label_LeaseDepositsIOA" xml:lang="en" xlink:role="http://www.xbrl.org/2003/role/positiveLabel" id="label_LeaseDepositsIOA">Leasehold deposits</link:label>    <link:labelArc xlink:type="arc" xlink:arcrole="http://www.xbrl.org/2003/arcrole/concept-label" xlink:from="LeaseDepositsIOA" xlink:to="label_LeaseDepositsIOA" />    <link:label xlink:type="resource" xlink:label="label_LeaseDepositsIOA_2" xml:lang="en" xlink:role="http://www.xbrl.org/2003/role/periodEndLabel" id="label_LeaseDepositsIOA_2">Leasehold deposits</link:label>    <link:labelArc xlink:type="arc" xlink:arcrole="http://www.xbrl.org/2003/arcrole/concept-label" xlink:from="LeaseDepositsIOA" xlink:to="label_LeaseDepositsIOA_2" />  </link:labelLink></link:linkbase>