﻿<?xml version="1.0" encoding="utf-8"?>
<!-- Edited with FutureStage XBRL Solution Library .NET 01-11 -->
<link:linkbase xmlns:xlink="http://www.w3.org/1999/xlink" xmlns:xsi="http://www.w3.org/2001/XMLSchema-instance" xmlns:link="http://www.xbrl.org/2003/linkbase">
  <link:labelLink xlink:type="extended" xlink:role="http://www.xbrl.org/2003/role/link">
    <link:label xml:lang="en" xlink:type="resource" xlink:label="tse-qcedjpfr-18780_AccountsReceivableFromCompletedConstructionContractsAndOtherCNS_label" xlink:role="http://www.xbrl.org/2003/role/label">Accounts receivable from completed construction contracts and other</link:label>
    <link:label xml:lang="en" xlink:type="resource" xlink:label="tse-qcedjpfr-18780_AccountsReceivableFromCompletedConstructionContractsAndOtherCNS_label_1" xlink:role="http://www.xbrl.org/2003/role/verboseLabel">Accounts receivable from completed construction contracts and other-CNS</link:label>
    <link:label xml:lang="en" xlink:type="resource" xlink:label="tse-qcedjpfr-18780_DecreaseInMoneyHeldInTrustInvCF_label" xlink:role="http://www.xbrl.org/2003/role/label">Decrease in money held in trust</link:label>
    <link:label xml:lang="en" xlink:type="resource" xlink:label="tse-qcedjpfr-18780_DecreaseInMoneyHeldInTrustInvCF_label_1" xlink:role="http://www.xbrl.org/2003/role/verboseLabel">Decrease in money held in trust-InvCF</link:label>
    <link:label xml:lang="en" xlink:type="resource" xlink:label="tse-qcedjpfr-18780_IncreaseDecreaseInLongTermGuaranteeDepositsOpeCF_label_1" xlink:role="http://www.xbrl.org/2003/role/label">Increase (decrease) in long term guarantee deposits</link:label>
    <link:label xml:lang="en" xlink:type="resource" xlink:label="tse-qcedjpfr-18780_IncreaseDecreaseInLongTermGuaranteeDepositsOpeCF_label_2" xlink:role="http://www.xbrl.org/2003/role/verboseLabel">Increase (decrease) in long term guarantee deposits-OpeCF</link:label>
    <link:label xml:lang="en" xlink:type="resource" xlink:label="tse-qcedjpfr-18780_IncreaseDecreaseInLongTermGuaranteeDepositsOpeCF_label" xlink:role="http://www.xbrl.org/2003/role/documentation">Increase (decrease) in long term guarantee deposits-OpeCF</link:label>
    <link:label xml:lang="en" xlink:type="resource" xlink:label="tse-qcedjpfr-18780_IncreaseDecreaseInProvisionForRepairsOnWholeBuildingLeaseOpeCF_label_1" xlink:role="http://www.xbrl.org/2003/role/label">Increase (decrease) in provision for repairs on whole-building lease</link:label>
    <link:label xml:lang="en" xlink:type="resource" xlink:label="tse-qcedjpfr-18780_IncreaseDecreaseInProvisionForRepairsOnWholeBuildingLeaseOpeCF_label_2" xlink:role="http://www.xbrl.org/2003/role/verboseLabel">Increase (decrease) in provision for repairs on whole-building lease-OpeCF</link:label>
    <link:label xml:lang="en" xlink:type="resource" xlink:label="tse-qcedjpfr-18780_IncreaseDecreaseInProvisionForRepairsOnWholeBuildingLeaseOpeCF_label" xlink:role="http://www.xbrl.org/2003/role/documentation">Increase (decrease) in provision for repairs on whole-building lease-OpeCF</link:label>
    <link:label xml:lang="en" xlink:type="resource" xlink:label="tse-qcedjpfr-18780_ProvisionForRepairsOnWholeBuildingLeaseNCL_label_1" xlink:role="http://www.xbrl.org/2003/role/label">Provision for repairs on whole-building lease</link:label>
    <link:label xml:lang="en" xlink:type="resource" xlink:label="tse-qcedjpfr-18780_ProvisionForRepairsOnWholeBuildingLeaseNCL_label_2" xlink:role="http://www.xbrl.org/2003/role/verboseLabel">Provision for repairs on whole-building lease-NCL</link:label>
    <link:label xml:lang="en" xlink:type="resource" xlink:label="tse-qcedjpfr-18780_ProvisionForRepairsOnWholeBuildingLeaseNCL_label" xlink:role="http://www.xbrl.org/2003/role/documentation">Provision for repairs on whole-building lease-NCL</link:label>
    <link:label xml:lang="en" xlink:type="resource" xlink:label="tse-qcedjpfr-18780_SubordinatedBondsAndSubordinatedTrustBeneficiaryRightIOA_label_1" xlink:role="http://www.xbrl.org/2003/role/label">Subordinated bonds and subordinated trust beneficiary right</link:label>
    <link:label xml:lang="en" xlink:type="resource" xlink:label="tse-qcedjpfr-18780_SubordinatedBondsAndSubordinatedTrustBeneficiaryRightIOA_label_2" xlink:role="http://www.xbrl.org/2003/role/verboseLabel">Subordinated bonds and subordinated trust beneficiary right-IOA</link:label>
    <link:label xml:lang="en" xlink:type="resource" xlink:label="tse-qcedjpfr-18780_SubordinatedBondsAndSubordinatedTrustBeneficiaryRightIOA_label" xlink:role="http://www.xbrl.org/2003/role/documentation">Subordinated bonds and subordinated trust beneficiary right-IOA</link:label>
    <link:loc xlink:type="locator" xlink:href="tse-qcedjpfr-18780-2022-09-30-01-2022-10-27.xsd#tse-qcedjpfr-18780_AccountsReceivableFromCompletedConstructionContractsAndOtherCNS" xlink:label="tse-qcedjpfr-18780_AccountsReceivableFromCompletedConstructionContractsAndOtherCNS" />
    <link:loc xlink:type="locator" xlink:href="tse-qcedjpfr-18780-2022-09-30-01-2022-10-27.xsd#tse-qcedjpfr-18780_DecreaseInMoneyHeldInTrustInvCF" xlink:label="tse-qcedjpfr-18780_DecreaseInMoneyHeldInTrustInvCF" />
    <link:loc xlink:type="locator" xlink:href="tse-qcedjpfr-18780-2022-09-30-01-2022-10-27.xsd#tse-qcedjpfr-18780_IncreaseDecreaseInLongTermGuaranteeDepositsOpeCF" xlink:label="tse-qcedjpfr-18780_IncreaseDecreaseInLongTermGuaranteeDepositsOpeCF" />
    <link:loc xlink:type="locator" xlink:href="tse-qcedjpfr-18780-2022-09-30-01-2022-10-27.xsd#tse-qcedjpfr-18780_IncreaseDecreaseInProvisionForRepairsOnWholeBuildingLeaseOpeCF" xlink:label="tse-qcedjpfr-18780_IncreaseDecreaseInProvisionForRepairsOnWholeBuildingLeaseOpeCF" />
    <link:loc xlink:type="locator" xlink:href="tse-qcedjpfr-18780-2022-09-30-01-2022-10-27.xsd#tse-qcedjpfr-18780_ProvisionForRepairsOnWholeBuildingLeaseNCL" xlink:label="tse-qcedjpfr-18780_ProvisionForRepairsOnWholeBuildingLeaseNCL" />
    <link:loc xlink:type="locator" xlink:href="tse-qcedjpfr-18780-2022-09-30-01-2022-10-27.xsd#tse-qcedjpfr-18780_SubordinatedBondsAndSubordinatedTrustBeneficiaryRightIOA" xlink:label="tse-qcedjpfr-18780_SubordinatedBondsAndSubordinatedTrustBeneficiaryRightIOA" />
    <link:labelArc xlink:type="arc" xlink:from="tse-qcedjpfr-18780_AccountsReceivableFromCompletedConstructionContractsAndOtherCNS" xlink:to="tse-qcedjpfr-18780_AccountsReceivableFromCompletedConstructionContractsAndOtherCNS_label_1" xlink:arcrole="http://www.xbrl.org/2003/arcrole/concept-label" order="1" />
    <link:labelArc xlink:type="arc" xlink:from="tse-qcedjpfr-18780_AccountsReceivableFromCompletedConstructionContractsAndOtherCNS" xlink:to="tse-qcedjpfr-18780_AccountsReceivableFromCompletedConstructionContractsAndOtherCNS_label" xlink:arcrole="http://www.xbrl.org/2003/arcrole/concept-label" order="1" />
    <link:labelArc xlink:type="arc" xlink:from="tse-qcedjpfr-18780_DecreaseInMoneyHeldInTrustInvCF" xlink:to="tse-qcedjpfr-18780_DecreaseInMoneyHeldInTrustInvCF_label_1" xlink:arcrole="http://www.xbrl.org/2003/arcrole/concept-label" order="1" />
    <link:labelArc xlink:type="arc" xlink:from="tse-qcedjpfr-18780_DecreaseInMoneyHeldInTrustInvCF" xlink:to="tse-qcedjpfr-18780_DecreaseInMoneyHeldInTrustInvCF_label" xlink:arcrole="http://www.xbrl.org/2003/arcrole/concept-label" order="1" />
    <link:labelArc xlink:type="arc" xlink:from="tse-qcedjpfr-18780_IncreaseDecreaseInLongTermGuaranteeDepositsOpeCF" xlink:to="tse-qcedjpfr-18780_IncreaseDecreaseInLongTermGuaranteeDepositsOpeCF_label_2" xlink:arcrole="http://www.xbrl.org/2003/arcrole/concept-label" order="1" />
    <link:labelArc xlink:type="arc" xlink:from="tse-qcedjpfr-18780_IncreaseDecreaseInLongTermGuaranteeDepositsOpeCF" xlink:to="tse-qcedjpfr-18780_IncreaseDecreaseInLongTermGuaranteeDepositsOpeCF_label_1" xlink:arcrole="http://www.xbrl.org/2003/arcrole/concept-label" order="1" />
    <link:labelArc xlink:type="arc" xlink:from="tse-qcedjpfr-18780_IncreaseDecreaseInLongTermGuaranteeDepositsOpeCF" xlink:to="tse-qcedjpfr-18780_IncreaseDecreaseInLongTermGuaranteeDepositsOpeCF_label" xlink:arcrole="http://www.xbrl.org/2003/arcrole/concept-label" order="1" />
    <link:labelArc xlink:type="arc" xlink:from="tse-qcedjpfr-18780_IncreaseDecreaseInProvisionForRepairsOnWholeBuildingLeaseOpeCF" xlink:to="tse-qcedjpfr-18780_IncreaseDecreaseInProvisionForRepairsOnWholeBuildingLeaseOpeCF_label_2" xlink:arcrole="http://www.xbrl.org/2003/arcrole/concept-label" order="1" />
    <link:labelArc xlink:type="arc" xlink:from="tse-qcedjpfr-18780_IncreaseDecreaseInProvisionForRepairsOnWholeBuildingLeaseOpeCF" xlink:to="tse-qcedjpfr-18780_IncreaseDecreaseInProvisionForRepairsOnWholeBuildingLeaseOpeCF_label_1" xlink:arcrole="http://www.xbrl.org/2003/arcrole/concept-label" order="1" />
    <link:labelArc xlink:type="arc" xlink:from="tse-qcedjpfr-18780_IncreaseDecreaseInProvisionForRepairsOnWholeBuildingLeaseOpeCF" xlink:to="tse-qcedjpfr-18780_IncreaseDecreaseInProvisionForRepairsOnWholeBuildingLeaseOpeCF_label" xlink:arcrole="http://www.xbrl.org/2003/arcrole/concept-label" order="1" />
    <link:labelArc xlink:type="arc" xlink:from="tse-qcedjpfr-18780_ProvisionForRepairsOnWholeBuildingLeaseNCL" xlink:to="tse-qcedjpfr-18780_ProvisionForRepairsOnWholeBuildingLeaseNCL_label_2" xlink:arcrole="http://www.xbrl.org/2003/arcrole/concept-label" order="1" />
    <link:labelArc xlink:type="arc" xlink:from="tse-qcedjpfr-18780_ProvisionForRepairsOnWholeBuildingLeaseNCL" xlink:to="tse-qcedjpfr-18780_ProvisionForRepairsOnWholeBuildingLeaseNCL_label_1" xlink:arcrole="http://www.xbrl.org/2003/arcrole/concept-label" order="1" />
    <link:labelArc xlink:type="arc" xlink:from="tse-qcedjpfr-18780_ProvisionForRepairsOnWholeBuildingLeaseNCL" xlink:to="tse-qcedjpfr-18780_ProvisionForRepairsOnWholeBuildingLeaseNCL_label" xlink:arcrole="http://www.xbrl.org/2003/arcrole/concept-label" order="1" />
    <link:labelArc xlink:type="arc" xlink:from="tse-qcedjpfr-18780_SubordinatedBondsAndSubordinatedTrustBeneficiaryRightIOA" xlink:to="tse-qcedjpfr-18780_SubordinatedBondsAndSubordinatedTrustBeneficiaryRightIOA_label_2" xlink:arcrole="http://www.xbrl.org/2003/arcrole/concept-label" order="1" />
    <link:labelArc xlink:type="arc" xlink:from="tse-qcedjpfr-18780_SubordinatedBondsAndSubordinatedTrustBeneficiaryRightIOA" xlink:to="tse-qcedjpfr-18780_SubordinatedBondsAndSubordinatedTrustBeneficiaryRightIOA_label_1" xlink:arcrole="http://www.xbrl.org/2003/arcrole/concept-label" order="1" />
    <link:labelArc xlink:type="arc" xlink:from="tse-qcedjpfr-18780_SubordinatedBondsAndSubordinatedTrustBeneficiaryRightIOA" xlink:to="tse-qcedjpfr-18780_SubordinatedBondsAndSubordinatedTrustBeneficiaryRightIOA_label" xlink:arcrole="http://www.xbrl.org/2003/arcrole/concept-label" order="1" />
  </link:labelLink>
</link:linkbase>