﻿<?xml version="1.0" encoding="utf-8"?>
<!-- Edited with FutureStage XBRL Solution Library .NET 01-11 -->
<link:linkbase xmlns:xlink="http://www.w3.org/1999/xlink" xmlns:xsi="http://www.w3.org/2001/XMLSchema-instance" xmlns:link="http://www.xbrl.org/2003/linkbase">
  <link:labelLink xlink:type="extended" xlink:role="http://www.xbrl.org/2003/role/link">
    <link:label xml:lang="ja" xlink:type="resource" xlink:label="tse-qnedjpfr-31790_IncreaseDecreaseInContractLiabilitiesOpeCF_label" xlink:role="http://www.xbrl.org/2003/role/label">契約負債の増減額（△は減少）</link:label>
    <link:label xml:lang="ja" xlink:type="resource" xlink:label="tse-qnedjpfr-31790_IncreaseDecreaseInContractLiabilitiesOpeCF_label_1" xlink:role="http://www.xbrl.org/2003/role/verboseLabel">契約負債の増減額（△は減少）、営業活動によるキャッシュ・フロー</link:label>
    <link:label xml:lang="ja" xlink:type="resource" xlink:label="tse-qnedjpfr-31790_IncreaseDecreaseInProvisionForProvisionForPerformanceLinkedIncentiveCompensationOpeCF_label" xlink:role="http://www.xbrl.org/2003/role/label">業績連動報酬引当金の増減額(△は減少)</link:label>
    <link:label xml:lang="ja" xlink:type="resource" xlink:label="tse-qnedjpfr-31790_IncreaseDecreaseInProvisionForProvisionForPerformanceLinkedIncentiveCompensationOpeCF_label_1" xlink:role="http://www.xbrl.org/2003/role/verboseLabel">業績連動報酬引当金の増減額(△は減少)、営業活動によるキャッシュ・フロー</link:label>
    <link:label xml:lang="ja" xlink:type="resource" xlink:label="tse-qnedjpfr-31790_IncreaseDecreaseInProvisionForStockCompensationOpeCF_label" xlink:role="http://www.xbrl.org/2003/role/label">株式報酬引当金の増減額（△は減少）</link:label>
    <link:label xml:lang="ja" xlink:type="resource" xlink:label="tse-qnedjpfr-31790_IncreaseDecreaseInProvisionForStockCompensationOpeCF_label_1" xlink:role="http://www.xbrl.org/2003/role/verboseLabel">株式報酬引当金の増減額（△は減少）、営業活動によるキャッシュ・フロー</link:label>
    <link:label xml:lang="ja" xlink:type="resource" xlink:label="tse-qnedjpfr-31790_OtherInvCF_label" xlink:role="http://www.xbrl.org/2003/role/label">その他の投資活動</link:label>
    <link:label xml:lang="ja" xlink:type="resource" xlink:label="tse-qnedjpfr-31790_OtherInvCF_label_1" xlink:role="http://www.xbrl.org/2003/role/verboseLabel">その他の投資活動、投資活動によるキャッシュ・フロー</link:label>
    <link:label xml:lang="ja" xlink:type="resource" xlink:label="tse-qnedjpfr-31790_ProceedsFromDisposalOfTreasurySharesResultingFromExerciseOfShareAcquisitionRightsFinCF_label" xlink:role="http://www.xbrl.org/2003/role/label">新株予約権の行使による自己株式の処分による収入</link:label>
    <link:label xml:lang="ja" xlink:type="resource" xlink:label="tse-qnedjpfr-31790_ProceedsFromDisposalOfTreasurySharesResultingFromExerciseOfShareAcquisitionRightsFinCF_label_1" xlink:role="http://www.xbrl.org/2003/role/verboseLabel">新株予約権の行使による自己株式の処分による収入、財務活動によるキャッシュ・フロー</link:label>
    <link:label xml:lang="ja" xlink:type="resource" xlink:label="tse-qnedjpfr-31790_ProvisionForPerformanceLinkedIncentiveCompensationNCL_label" xlink:role="http://www.xbrl.org/2003/role/label">業績連動報酬引当金</link:label>
    <link:label xml:lang="ja" xlink:type="resource" xlink:label="tse-qnedjpfr-31790_ProvisionForPerformanceLinkedIncentiveCompensationNCL_label_1" xlink:role="http://www.xbrl.org/2003/role/verboseLabel">業績連動報酬引当金、固定負債</link:label>
    <link:label xml:lang="ja" xlink:type="resource" xlink:label="tse-qnedjpfr-31790_ProvisionForShareBasedCompensationNCL_label" xlink:role="http://www.xbrl.org/2003/role/label">株式報酬引当金</link:label>
    <link:label xml:lang="ja" xlink:type="resource" xlink:label="tse-qnedjpfr-31790_ProvisionForShareBasedCompensationNCL_label_1" xlink:role="http://www.xbrl.org/2003/role/verboseLabel">株式報酬引当金、固定負債</link:label>
    <link:loc xlink:type="locator" xlink:href="tse-qnedjpfr-31790-2022-09-30-01-2022-11-08.xsd#tse-qnedjpfr-31790_IncreaseDecreaseInContractLiabilitiesOpeCF" xlink:label="tse-qnedjpfr-31790_IncreaseDecreaseInContractLiabilitiesOpeCF" />
    <link:loc xlink:type="locator" xlink:href="tse-qnedjpfr-31790-2022-09-30-01-2022-11-08.xsd#tse-qnedjpfr-31790_IncreaseDecreaseInProvisionForProvisionForPerformanceLinkedIncentiveCompensationOpeCF" xlink:label="tse-qnedjpfr-31790_IncreaseDecreaseInProvisionForProvisionForPerformanceLinkedIncentiveCompensationOpeCF" />
    <link:loc xlink:type="locator" xlink:href="tse-qnedjpfr-31790-2022-09-30-01-2022-11-08.xsd#tse-qnedjpfr-31790_IncreaseDecreaseInProvisionForStockCompensationOpeCF" xlink:label="tse-qnedjpfr-31790_IncreaseDecreaseInProvisionForStockCompensationOpeCF" />
    <link:loc xlink:type="locator" xlink:href="tse-qnedjpfr-31790-2022-09-30-01-2022-11-08.xsd#tse-qnedjpfr-31790_OtherInvCF" xlink:label="tse-qnedjpfr-31790_OtherInvCF" />
    <link:loc xlink:type="locator" xlink:href="tse-qnedjpfr-31790-2022-09-30-01-2022-11-08.xsd#tse-qnedjpfr-31790_ProceedsFromDisposalOfTreasurySharesResultingFromExerciseOfShareAcquisitionRightsFinCF" xlink:label="tse-qnedjpfr-31790_ProceedsFromDisposalOfTreasurySharesResultingFromExerciseOfShareAcquisitionRightsFinCF" />
    <link:loc xlink:type="locator" xlink:href="tse-qnedjpfr-31790-2022-09-30-01-2022-11-08.xsd#tse-qnedjpfr-31790_ProvisionForPerformanceLinkedIncentiveCompensationNCL" xlink:label="tse-qnedjpfr-31790_ProvisionForPerformanceLinkedIncentiveCompensationNCL" />
    <link:loc xlink:type="locator" xlink:href="tse-qnedjpfr-31790-2022-09-30-01-2022-11-08.xsd#tse-qnedjpfr-31790_ProvisionForShareBasedCompensationNCL" xlink:label="tse-qnedjpfr-31790_ProvisionForShareBasedCompensationNCL" />
    <link:labelArc xlink:type="arc" xlink:from="tse-qnedjpfr-31790_IncreaseDecreaseInContractLiabilitiesOpeCF" xlink:to="tse-qnedjpfr-31790_IncreaseDecreaseInContractLiabilitiesOpeCF_label" xlink:arcrole="http://www.xbrl.org/2003/arcrole/concept-label" order="1" />
    <link:labelArc xlink:type="arc" xlink:from="tse-qnedjpfr-31790_IncreaseDecreaseInContractLiabilitiesOpeCF" xlink:to="tse-qnedjpfr-31790_IncreaseDecreaseInContractLiabilitiesOpeCF_label_1" xlink:arcrole="http://www.xbrl.org/2003/arcrole/concept-label" order="1" />
    <link:labelArc xlink:type="arc" xlink:from="tse-qnedjpfr-31790_IncreaseDecreaseInProvisionForProvisionForPerformanceLinkedIncentiveCompensationOpeCF" xlink:to="tse-qnedjpfr-31790_IncreaseDecreaseInProvisionForProvisionForPerformanceLinkedIncentiveCompensationOpeCF_label" xlink:arcrole="http://www.xbrl.org/2003/arcrole/concept-label" order="1" />
    <link:labelArc xlink:type="arc" xlink:from="tse-qnedjpfr-31790_IncreaseDecreaseInProvisionForProvisionForPerformanceLinkedIncentiveCompensationOpeCF" xlink:to="tse-qnedjpfr-31790_IncreaseDecreaseInProvisionForProvisionForPerformanceLinkedIncentiveCompensationOpeCF_label_1" xlink:arcrole="http://www.xbrl.org/2003/arcrole/concept-label" order="1" />
    <link:labelArc xlink:type="arc" xlink:from="tse-qnedjpfr-31790_IncreaseDecreaseInProvisionForStockCompensationOpeCF" xlink:to="tse-qnedjpfr-31790_IncreaseDecreaseInProvisionForStockCompensationOpeCF_label" xlink:arcrole="http://www.xbrl.org/2003/arcrole/concept-label" order="1" />
    <link:labelArc xlink:type="arc" xlink:from="tse-qnedjpfr-31790_IncreaseDecreaseInProvisionForStockCompensationOpeCF" xlink:to="tse-qnedjpfr-31790_IncreaseDecreaseInProvisionForStockCompensationOpeCF_label_1" xlink:arcrole="http://www.xbrl.org/2003/arcrole/concept-label" order="1" />
    <link:labelArc xlink:type="arc" xlink:from="tse-qnedjpfr-31790_OtherInvCF" xlink:to="tse-qnedjpfr-31790_OtherInvCF_label" xlink:arcrole="http://www.xbrl.org/2003/arcrole/concept-label" order="1" />
    <link:labelArc xlink:type="arc" xlink:from="tse-qnedjpfr-31790_OtherInvCF" xlink:to="tse-qnedjpfr-31790_OtherInvCF_label_1" xlink:arcrole="http://www.xbrl.org/2003/arcrole/concept-label" order="1" />
    <link:labelArc xlink:type="arc" xlink:from="tse-qnedjpfr-31790_ProceedsFromDisposalOfTreasurySharesResultingFromExerciseOfShareAcquisitionRightsFinCF" xlink:to="tse-qnedjpfr-31790_ProceedsFromDisposalOfTreasurySharesResultingFromExerciseOfShareAcquisitionRightsFinCF_label" xlink:arcrole="http://www.xbrl.org/2003/arcrole/concept-label" order="1" />
    <link:labelArc xlink:type="arc" xlink:from="tse-qnedjpfr-31790_ProceedsFromDisposalOfTreasurySharesResultingFromExerciseOfShareAcquisitionRightsFinCF" xlink:to="tse-qnedjpfr-31790_ProceedsFromDisposalOfTreasurySharesResultingFromExerciseOfShareAcquisitionRightsFinCF_label_1" xlink:arcrole="http://www.xbrl.org/2003/arcrole/concept-label" order="1" />
    <link:labelArc xlink:type="arc" xlink:from="tse-qnedjpfr-31790_ProvisionForPerformanceLinkedIncentiveCompensationNCL" xlink:to="tse-qnedjpfr-31790_ProvisionForPerformanceLinkedIncentiveCompensationNCL_label" xlink:arcrole="http://www.xbrl.org/2003/arcrole/concept-label" order="1" />
    <link:labelArc xlink:type="arc" xlink:from="tse-qnedjpfr-31790_ProvisionForPerformanceLinkedIncentiveCompensationNCL" xlink:to="tse-qnedjpfr-31790_ProvisionForPerformanceLinkedIncentiveCompensationNCL_label_1" xlink:arcrole="http://www.xbrl.org/2003/arcrole/concept-label" order="1" />
    <link:labelArc xlink:type="arc" xlink:from="tse-qnedjpfr-31790_ProvisionForShareBasedCompensationNCL" xlink:to="tse-qnedjpfr-31790_ProvisionForShareBasedCompensationNCL_label" xlink:arcrole="http://www.xbrl.org/2003/arcrole/concept-label" order="1" />
    <link:labelArc xlink:type="arc" xlink:from="tse-qnedjpfr-31790_ProvisionForShareBasedCompensationNCL" xlink:to="tse-qnedjpfr-31790_ProvisionForShareBasedCompensationNCL_label_1" xlink:arcrole="http://www.xbrl.org/2003/arcrole/concept-label" order="1" />
  </link:labelLink>
</link:linkbase>