﻿<?xml version="1.0" encoding="utf-8"?>
<!-- Edited with FutureStage XBRL Solution Library .NET 01-11 -->
<link:linkbase xmlns:xlink="http://www.w3.org/1999/xlink" xmlns:xsi="http://www.w3.org/2001/XMLSchema-instance" xmlns:link="http://www.xbrl.org/2003/linkbase">
  <link:labelLink xlink:type="extended" xlink:role="http://www.xbrl.org/2003/role/link">
    <link:label xml:lang="en" xlink:type="resource" xlink:label="tse-qcedjpfr-21580_AccountsReceivableTradeAndContractAssetsCA_label" xlink:role="http://www.xbrl.org/2003/role/label">Accounts receivable trade and contract assets</link:label>
    <link:label xml:lang="en" xlink:type="resource" xlink:label="tse-qcedjpfr-21580_AccountsReceivableTradeAndContractAssetsCA_label_1" xlink:role="http://www.xbrl.org/2003/role/verboseLabel">Accounts receivable trade and contract assets-CA</link:label>
    <link:label xml:lang="en" xlink:type="resource" xlink:label="tse-qcedjpfr-21580_BusinessRestructuringExpensesOpeCF_label" xlink:role="http://www.xbrl.org/2003/role/label">Business restructuring expenses</link:label>
    <link:label xml:lang="en" xlink:type="resource" xlink:label="tse-qcedjpfr-21580_BusinessRestructuringExpensesOpeCF_label_1" xlink:role="http://www.xbrl.org/2003/role/verboseLabel">Business restructuring expenses-OpeCF</link:label>
    <link:label xml:lang="en" xlink:type="resource" xlink:label="tse-qcedjpfr-21580_CommissionForSyndicateLoanFinCF_label" xlink:role="http://www.xbrl.org/2003/role/label">Commission for syndicate loan</link:label>
    <link:label xml:lang="en" xlink:type="resource" xlink:label="tse-qcedjpfr-21580_CommissionForSyndicateLoanFinCF_label_1" xlink:role="http://www.xbrl.org/2003/role/verboseLabel">Commission for syndicate loan-FinCF</link:label>
    <link:label xml:lang="en" xlink:type="resource" xlink:label="tse-qcedjpfr-21580_CommissionForSyndicateLoanOpeCF_label" xlink:role="http://www.xbrl.org/2003/role/label">Commission for syndicate loan</link:label>
    <link:label xml:lang="en" xlink:type="resource" xlink:label="tse-qcedjpfr-21580_CommissionForSyndicateLoanOpeCF_label_1" xlink:role="http://www.xbrl.org/2003/role/verboseLabel">Commission for syndicate loan-OpeCF</link:label>
    <link:label xml:lang="en" xlink:type="resource" xlink:label="tse-qcedjpfr-21580_CustomerRelationships_label" xlink:role="http://www.xbrl.org/2003/role/label">Customer relationships</link:label>
    <link:label xml:lang="en" xlink:type="resource" xlink:label="tse-qcedjpfr-21580_CustomerRelationships_label_1" xlink:role="http://www.xbrl.org/2003/role/verboseLabel">Customer relationships</link:label>
    <link:label xml:lang="en" xlink:type="resource" xlink:label="tse-qcedjpfr-21580_InformationSecurityExpensesEL_label" xlink:role="http://www.xbrl.org/2003/role/label">Information security expenses</link:label>
    <link:label xml:lang="en" xlink:type="resource" xlink:label="tse-qcedjpfr-21580_InformationSecurityExpensesEL_label_1" xlink:role="http://www.xbrl.org/2003/role/verboseLabel">Information security expenses-EL</link:label>
    <link:label xml:lang="en" xlink:type="resource" xlink:label="tse-qcedjpfr-21580_InformationSecurityExpensesOpeCF_label" xlink:role="http://www.xbrl.org/2003/role/label">Information security expenses</link:label>
    <link:label xml:lang="en" xlink:type="resource" xlink:label="tse-qcedjpfr-21580_InformationSecurityExpensesOpeCF_label_1" xlink:role="http://www.xbrl.org/2003/role/verboseLabel">Information security expenses-OpeCF</link:label>
    <link:label xml:lang="en" xlink:type="resource" xlink:label="tse-qcedjpfr-21580_LossOnClosingOfOffcesEL_label" xlink:role="http://www.xbrl.org/2003/role/label">Loss on closing of offces</link:label>
    <link:label xml:lang="en" xlink:type="resource" xlink:label="tse-qcedjpfr-21580_LossOnClosingOfOffcesEL_label_1" xlink:role="http://www.xbrl.org/2003/role/verboseLabel">Loss on closing of offces-EL</link:label>
    <link:label xml:lang="en" xlink:type="resource" xlink:label="tse-qcedjpfr-21580_LossOnClosingOfOffcesOpeCF_label" xlink:role="http://www.xbrl.org/2003/role/label">Loss on closing of offces</link:label>
    <link:label xml:lang="en" xlink:type="resource" xlink:label="tse-qcedjpfr-21580_LossOnClosingOfOffcesOpeCF_label_1" xlink:role="http://www.xbrl.org/2003/role/verboseLabel">Loss on closing of offces-OpeCF</link:label>
    <link:label xml:lang="en" xlink:type="resource" xlink:label="tse-qcedjpfr-21580_PaymentsInformationSecurityControlExpenseOpeCF_label" xlink:role="http://www.xbrl.org/2003/role/label">Payments information security control expense</link:label>
    <link:label xml:lang="en" xlink:type="resource" xlink:label="tse-qcedjpfr-21580_PaymentsInformationSecurityControlExpenseOpeCF_label_1" xlink:role="http://www.xbrl.org/2003/role/verboseLabel">Payments information security control expense-OpeCF</link:label>
    <link:label xml:lang="en" xlink:type="resource" xlink:label="tse-qcedjpfr-21580_RestructuringExpensesEL_label" xlink:role="http://www.xbrl.org/2003/role/label">Restructuring expenses</link:label>
    <link:label xml:lang="en" xlink:type="resource" xlink:label="tse-qcedjpfr-21580_RestructuringExpensesEL_label_1" xlink:role="http://www.xbrl.org/2003/role/verboseLabel">Restructuring expenses-EL</link:label>
    <link:label xml:lang="en" xlink:type="resource" xlink:label="tse-qcedjpfr-21580_ReversalOfProvisionForLossOnLitigationNOI_label" xlink:role="http://www.xbrl.org/2003/role/label">Reversal of provision for loss on litigation</link:label>
    <link:label xml:lang="en" xlink:type="resource" xlink:label="tse-qcedjpfr-21580_ReversalOfProvisionForLossOnLitigationNOI_label_1" xlink:role="http://www.xbrl.org/2003/role/verboseLabel">Reversal of provision for loss on litigation-NOI</link:label>
    <link:label xml:lang="en" xlink:type="resource" xlink:label="tse-qcedjpfr-21580_RightOfUseAssetNetPPE_label" xlink:role="http://www.xbrl.org/2003/role/label">Right-of-use asset, net</link:label>
    <link:label xml:lang="en" xlink:type="resource" xlink:label="tse-qcedjpfr-21580_RightOfUseAssetNetPPE_label_1" xlink:role="http://www.xbrl.org/2003/role/verboseLabel">Right-of-use asset, net-PPE</link:label>
    <link:loc xlink:type="locator" xlink:href="tse-qcedjpfr-21580-2022-09-30-01-2022-11-14.xsd#tse-qcedjpfr-21580_AccountsReceivableTradeAndContractAssetsCA" xlink:label="tse-qcedjpfr-21580_AccountsReceivableTradeAndContractAssetsCA" />
    <link:loc xlink:type="locator" xlink:href="tse-qcedjpfr-21580-2022-09-30-01-2022-11-14.xsd#tse-qcedjpfr-21580_BusinessRestructuringExpensesOpeCF" xlink:label="tse-qcedjpfr-21580_BusinessRestructuringExpensesOpeCF" />
    <link:loc xlink:type="locator" xlink:href="tse-qcedjpfr-21580-2022-09-30-01-2022-11-14.xsd#tse-qcedjpfr-21580_CommissionForSyndicateLoanFinCF" xlink:label="tse-qcedjpfr-21580_CommissionForSyndicateLoanFinCF" />
    <link:loc xlink:type="locator" xlink:href="tse-qcedjpfr-21580-2022-09-30-01-2022-11-14.xsd#tse-qcedjpfr-21580_CommissionForSyndicateLoanOpeCF" xlink:label="tse-qcedjpfr-21580_CommissionForSyndicateLoanOpeCF" />
    <link:loc xlink:type="locator" xlink:href="tse-qcedjpfr-21580-2022-09-30-01-2022-11-14.xsd#tse-qcedjpfr-21580_CustomerRelationships" xlink:label="tse-qcedjpfr-21580_CustomerRelationships" />
    <link:loc xlink:type="locator" xlink:href="tse-qcedjpfr-21580-2022-09-30-01-2022-11-14.xsd#tse-qcedjpfr-21580_InformationSecurityExpensesEL" xlink:label="tse-qcedjpfr-21580_InformationSecurityExpensesEL" />
    <link:loc xlink:type="locator" xlink:href="tse-qcedjpfr-21580-2022-09-30-01-2022-11-14.xsd#tse-qcedjpfr-21580_InformationSecurityExpensesOpeCF" xlink:label="tse-qcedjpfr-21580_InformationSecurityExpensesOpeCF" />
    <link:loc xlink:type="locator" xlink:href="tse-qcedjpfr-21580-2022-09-30-01-2022-11-14.xsd#tse-qcedjpfr-21580_LossOnClosingOfOffcesEL" xlink:label="tse-qcedjpfr-21580_LossOnClosingOfOffcesEL" />
    <link:loc xlink:type="locator" xlink:href="tse-qcedjpfr-21580-2022-09-30-01-2022-11-14.xsd#tse-qcedjpfr-21580_LossOnClosingOfOffcesOpeCF" xlink:label="tse-qcedjpfr-21580_LossOnClosingOfOffcesOpeCF" />
    <link:loc xlink:type="locator" xlink:href="tse-qcedjpfr-21580-2022-09-30-01-2022-11-14.xsd#tse-qcedjpfr-21580_PaymentsInformationSecurityControlExpenseOpeCF" xlink:label="tse-qcedjpfr-21580_PaymentsInformationSecurityControlExpenseOpeCF" />
    <link:loc xlink:type="locator" xlink:href="tse-qcedjpfr-21580-2022-09-30-01-2022-11-14.xsd#tse-qcedjpfr-21580_RestructuringExpensesEL" xlink:label="tse-qcedjpfr-21580_RestructuringExpensesEL" />
    <link:loc xlink:type="locator" xlink:href="tse-qcedjpfr-21580-2022-09-30-01-2022-11-14.xsd#tse-qcedjpfr-21580_ReversalOfProvisionForLossOnLitigationNOI" xlink:label="tse-qcedjpfr-21580_ReversalOfProvisionForLossOnLitigationNOI" />
    <link:loc xlink:type="locator" xlink:href="tse-qcedjpfr-21580-2022-09-30-01-2022-11-14.xsd#tse-qcedjpfr-21580_RightOfUseAssetNetPPE" xlink:label="tse-qcedjpfr-21580_RightOfUseAssetNetPPE" />
    <link:labelArc xlink:type="arc" xlink:from="tse-qcedjpfr-21580_AccountsReceivableTradeAndContractAssetsCA" xlink:to="tse-qcedjpfr-21580_AccountsReceivableTradeAndContractAssetsCA_label_1" xlink:arcrole="http://www.xbrl.org/2003/arcrole/concept-label" order="1" />
    <link:labelArc xlink:type="arc" xlink:from="tse-qcedjpfr-21580_AccountsReceivableTradeAndContractAssetsCA" xlink:to="tse-qcedjpfr-21580_AccountsReceivableTradeAndContractAssetsCA_label" xlink:arcrole="http://www.xbrl.org/2003/arcrole/concept-label" order="1" />
    <link:labelArc xlink:type="arc" xlink:from="tse-qcedjpfr-21580_BusinessRestructuringExpensesOpeCF" xlink:to="tse-qcedjpfr-21580_BusinessRestructuringExpensesOpeCF_label_1" xlink:arcrole="http://www.xbrl.org/2003/arcrole/concept-label" order="1" />
    <link:labelArc xlink:type="arc" xlink:from="tse-qcedjpfr-21580_BusinessRestructuringExpensesOpeCF" xlink:to="tse-qcedjpfr-21580_BusinessRestructuringExpensesOpeCF_label" xlink:arcrole="http://www.xbrl.org/2003/arcrole/concept-label" order="1" />
    <link:labelArc xlink:type="arc" xlink:from="tse-qcedjpfr-21580_CommissionForSyndicateLoanFinCF" xlink:to="tse-qcedjpfr-21580_CommissionForSyndicateLoanFinCF_label_1" xlink:arcrole="http://www.xbrl.org/2003/arcrole/concept-label" order="1" />
    <link:labelArc xlink:type="arc" xlink:from="tse-qcedjpfr-21580_CommissionForSyndicateLoanFinCF" xlink:to="tse-qcedjpfr-21580_CommissionForSyndicateLoanFinCF_label" xlink:arcrole="http://www.xbrl.org/2003/arcrole/concept-label" order="1" />
    <link:labelArc xlink:type="arc" xlink:from="tse-qcedjpfr-21580_CommissionForSyndicateLoanOpeCF" xlink:to="tse-qcedjpfr-21580_CommissionForSyndicateLoanOpeCF_label_1" xlink:arcrole="http://www.xbrl.org/2003/arcrole/concept-label" order="1" />
    <link:labelArc xlink:type="arc" xlink:from="tse-qcedjpfr-21580_CommissionForSyndicateLoanOpeCF" xlink:to="tse-qcedjpfr-21580_CommissionForSyndicateLoanOpeCF_label" xlink:arcrole="http://www.xbrl.org/2003/arcrole/concept-label" order="1" />
    <link:labelArc xlink:type="arc" xlink:from="tse-qcedjpfr-21580_CustomerRelationships" xlink:to="tse-qcedjpfr-21580_CustomerRelationships_label_1" xlink:arcrole="http://www.xbrl.org/2003/arcrole/concept-label" order="1" />
    <link:labelArc xlink:type="arc" xlink:from="tse-qcedjpfr-21580_CustomerRelationships" xlink:to="tse-qcedjpfr-21580_CustomerRelationships_label" xlink:arcrole="http://www.xbrl.org/2003/arcrole/concept-label" order="1" />
    <link:labelArc xlink:type="arc" xlink:from="tse-qcedjpfr-21580_InformationSecurityExpensesEL" xlink:to="tse-qcedjpfr-21580_InformationSecurityExpensesEL_label_1" xlink:arcrole="http://www.xbrl.org/2003/arcrole/concept-label" order="1" />
    <link:labelArc xlink:type="arc" xlink:from="tse-qcedjpfr-21580_InformationSecurityExpensesEL" xlink:to="tse-qcedjpfr-21580_InformationSecurityExpensesEL_label" xlink:arcrole="http://www.xbrl.org/2003/arcrole/concept-label" order="1" />
    <link:labelArc xlink:type="arc" xlink:from="tse-qcedjpfr-21580_InformationSecurityExpensesOpeCF" xlink:to="tse-qcedjpfr-21580_InformationSecurityExpensesOpeCF_label_1" xlink:arcrole="http://www.xbrl.org/2003/arcrole/concept-label" order="1" />
    <link:labelArc xlink:type="arc" xlink:from="tse-qcedjpfr-21580_InformationSecurityExpensesOpeCF" xlink:to="tse-qcedjpfr-21580_InformationSecurityExpensesOpeCF_label" xlink:arcrole="http://www.xbrl.org/2003/arcrole/concept-label" order="1" />
    <link:labelArc xlink:type="arc" xlink:from="tse-qcedjpfr-21580_LossOnClosingOfOffcesEL" xlink:to="tse-qcedjpfr-21580_LossOnClosingOfOffcesEL_label_1" xlink:arcrole="http://www.xbrl.org/2003/arcrole/concept-label" order="1" />
    <link:labelArc xlink:type="arc" xlink:from="tse-qcedjpfr-21580_LossOnClosingOfOffcesEL" xlink:to="tse-qcedjpfr-21580_LossOnClosingOfOffcesEL_label" xlink:arcrole="http://www.xbrl.org/2003/arcrole/concept-label" order="1" />
    <link:labelArc xlink:type="arc" xlink:from="tse-qcedjpfr-21580_LossOnClosingOfOffcesOpeCF" xlink:to="tse-qcedjpfr-21580_LossOnClosingOfOffcesOpeCF_label_1" xlink:arcrole="http://www.xbrl.org/2003/arcrole/concept-label" order="1" />
    <link:labelArc xlink:type="arc" xlink:from="tse-qcedjpfr-21580_LossOnClosingOfOffcesOpeCF" xlink:to="tse-qcedjpfr-21580_LossOnClosingOfOffcesOpeCF_label" xlink:arcrole="http://www.xbrl.org/2003/arcrole/concept-label" order="1" />
    <link:labelArc xlink:type="arc" xlink:from="tse-qcedjpfr-21580_PaymentsInformationSecurityControlExpenseOpeCF" xlink:to="tse-qcedjpfr-21580_PaymentsInformationSecurityControlExpenseOpeCF_label_1" xlink:arcrole="http://www.xbrl.org/2003/arcrole/concept-label" order="1" />
    <link:labelArc xlink:type="arc" xlink:from="tse-qcedjpfr-21580_PaymentsInformationSecurityControlExpenseOpeCF" xlink:to="tse-qcedjpfr-21580_PaymentsInformationSecurityControlExpenseOpeCF_label" xlink:arcrole="http://www.xbrl.org/2003/arcrole/concept-label" order="1" />
    <link:labelArc xlink:type="arc" xlink:from="tse-qcedjpfr-21580_RestructuringExpensesEL" xlink:to="tse-qcedjpfr-21580_RestructuringExpensesEL_label_1" xlink:arcrole="http://www.xbrl.org/2003/arcrole/concept-label" order="1" />
    <link:labelArc xlink:type="arc" xlink:from="tse-qcedjpfr-21580_RestructuringExpensesEL" xlink:to="tse-qcedjpfr-21580_RestructuringExpensesEL_label" xlink:arcrole="http://www.xbrl.org/2003/arcrole/concept-label" order="1" />
    <link:labelArc xlink:type="arc" xlink:from="tse-qcedjpfr-21580_ReversalOfProvisionForLossOnLitigationNOI" xlink:to="tse-qcedjpfr-21580_ReversalOfProvisionForLossOnLitigationNOI_label_1" xlink:arcrole="http://www.xbrl.org/2003/arcrole/concept-label" order="1" />
    <link:labelArc xlink:type="arc" xlink:from="tse-qcedjpfr-21580_ReversalOfProvisionForLossOnLitigationNOI" xlink:to="tse-qcedjpfr-21580_ReversalOfProvisionForLossOnLitigationNOI_label" xlink:arcrole="http://www.xbrl.org/2003/arcrole/concept-label" order="1" />
    <link:labelArc xlink:type="arc" xlink:from="tse-qcedjpfr-21580_RightOfUseAssetNetPPE" xlink:to="tse-qcedjpfr-21580_RightOfUseAssetNetPPE_label_1" xlink:arcrole="http://www.xbrl.org/2003/arcrole/concept-label" order="1" />
    <link:labelArc xlink:type="arc" xlink:from="tse-qcedjpfr-21580_RightOfUseAssetNetPPE" xlink:to="tse-qcedjpfr-21580_RightOfUseAssetNetPPE_label" xlink:arcrole="http://www.xbrl.org/2003/arcrole/concept-label" order="1" />
  </link:labelLink>
</link:linkbase>