﻿<?xml version="1.0" encoding="utf-8"?>
<!-- Edited with FutureStage XBRL Solution Library .NET 01-11 -->
<link:linkbase xmlns:xlink="http://www.w3.org/1999/xlink" xmlns:xsi="http://www.w3.org/2001/XMLSchema-instance" xmlns:link="http://www.xbrl.org/2003/linkbase">
  <link:labelLink xlink:type="extended" xlink:role="http://www.xbrl.org/2003/role/link">
    <link:label xml:lang="ja" xlink:type="resource" xlink:label="tse-anedjpfr-70350_BusinessRestructuringCostEL_label" xlink:role="http://www.xbrl.org/2003/role/label">事業構造改革費用</link:label>
    <link:label xml:lang="ja" xlink:type="resource" xlink:label="tse-anedjpfr-70350_BusinessRestructuringCostEL_label_1" xlink:role="http://www.xbrl.org/2003/role/verboseLabel">事業構造改革費用、特別損失</link:label>
    <link:label xml:lang="ja" xlink:type="resource" xlink:label="tse-anedjpfr-70350_BusinessRestructuringCostOpeCF_label" xlink:role="http://www.xbrl.org/2003/role/label">事業構造改革費用</link:label>
    <link:label xml:lang="ja" xlink:type="resource" xlink:label="tse-anedjpfr-70350_BusinessRestructuringCostOpeCF_label_1" xlink:role="http://www.xbrl.org/2003/role/verboseLabel">事業構造改革費用、営業活動によるキャッシュ・フロー</link:label>
    <link:label xml:lang="ja" xlink:type="resource" xlink:label="tse-anedjpfr-70350_BusinessRestructuringCostPaidOpeCF_label" xlink:role="http://www.xbrl.org/2003/role/label">事業構造改革費用の支払額</link:label>
    <link:label xml:lang="ja" xlink:type="resource" xlink:label="tse-anedjpfr-70350_BusinessRestructuringCostPaidOpeCF_label_1" xlink:role="http://www.xbrl.org/2003/role/verboseLabel">事業構造改革費用の支払額、営業活動によるキャッシュ・フロー</link:label>
    <link:label xml:lang="ja" xlink:type="resource" xlink:label="tse-anedjpfr-70350_IncreaseDecreaseInProvisionForProvisionForLossOnCansellationOpeCF_label" xlink:role="http://www.xbrl.org/2003/role/label">解約損失引当金の増減額（△は減少）</link:label>
    <link:label xml:lang="ja" xlink:type="resource" xlink:label="tse-anedjpfr-70350_IncreaseDecreaseInProvisionForProvisionForLossOnCansellationOpeCF_label_1" xlink:role="http://www.xbrl.org/2003/role/verboseLabel">解約損失引当金の増減額（△は減少）、営業活動によるキャッシュ・フロー</link:label>
    <link:label xml:lang="ja" xlink:type="resource" xlink:label="tse-anedjpfr-70350_PaymentsForSaleOfBusinessesInvCF_label" xlink:role="http://www.xbrl.org/2003/role/label">事業譲渡による支出</link:label>
    <link:label xml:lang="ja" xlink:type="resource" xlink:label="tse-anedjpfr-70350_PaymentsForSaleOfBusinessesInvCF_label_1" xlink:role="http://www.xbrl.org/2003/role/verboseLabel">事業譲渡による支出、投資活動によるキャッシュ・フロー</link:label>
    <link:label xml:lang="ja" xlink:type="resource" xlink:label="tse-anedjpfr-70350_ProvisionForLossOnCancellationCL_label" xlink:role="http://www.xbrl.org/2003/role/label">解約損失引当金</link:label>
    <link:label xml:lang="ja" xlink:type="resource" xlink:label="tse-anedjpfr-70350_ProvisionForLossOnCancellationCL_label_1" xlink:role="http://www.xbrl.org/2003/role/verboseLabel">解約損失引当金、流動負債</link:label>
    <link:label xml:lang="ja" xlink:type="resource" xlink:label="tse-anedjpfr-70350_ProvisionForLossOnCancellationEL_label" xlink:role="http://www.xbrl.org/2003/role/label">解約損失引当金繰入額</link:label>
    <link:label xml:lang="ja" xlink:type="resource" xlink:label="tse-anedjpfr-70350_ProvisionForLossOnCancellationEL_label_1" xlink:role="http://www.xbrl.org/2003/role/verboseLabel">解約損失引当金繰入額、特別損失</link:label>
    <link:label xml:lang="ja" xlink:type="resource" xlink:label="tse-anedjpfr-70350_RentNOE_label" xlink:role="http://www.xbrl.org/2003/role/label">地代家賃</link:label>
    <link:label xml:lang="ja" xlink:type="resource" xlink:label="tse-anedjpfr-70350_RentNOE_label_1" xlink:role="http://www.xbrl.org/2003/role/verboseLabel">地代家賃、営業外費用</link:label>
    <link:label xml:lang="ja" xlink:type="resource" xlink:label="tse-anedjpfr-70350_RentOpeCF_label" xlink:role="http://www.xbrl.org/2003/role/label">地代家賃</link:label>
    <link:label xml:lang="ja" xlink:type="resource" xlink:label="tse-anedjpfr-70350_RentOpeCF_label_1" xlink:role="http://www.xbrl.org/2003/role/verboseLabel">地代家賃、営業活動によるキャッシュ・フロー</link:label>
    <link:label xml:lang="ja" xlink:type="resource" xlink:label="tse-anedjpfr-70350_RentPaidOpeCF_label" xlink:role="http://www.xbrl.org/2003/role/label">地代家賃の支払額</link:label>
    <link:label xml:lang="ja" xlink:type="resource" xlink:label="tse-anedjpfr-70350_RentPaidOpeCF_label_1" xlink:role="http://www.xbrl.org/2003/role/verboseLabel">地代家賃の支払額、営業活動によるキャッシュ・フロー</link:label>
    <link:loc xlink:type="locator" xlink:href="tse-anedjpfr-70350-2022-08-31-01-2022-10-14.xsd#tse-anedjpfr-70350_BusinessRestructuringCostEL" xlink:label="tse-anedjpfr-70350_BusinessRestructuringCostEL" />
    <link:loc xlink:type="locator" xlink:href="tse-anedjpfr-70350-2022-08-31-01-2022-10-14.xsd#tse-anedjpfr-70350_BusinessRestructuringCostOpeCF" xlink:label="tse-anedjpfr-70350_BusinessRestructuringCostOpeCF" />
    <link:loc xlink:type="locator" xlink:href="tse-anedjpfr-70350-2022-08-31-01-2022-10-14.xsd#tse-anedjpfr-70350_BusinessRestructuringCostPaidOpeCF" xlink:label="tse-anedjpfr-70350_BusinessRestructuringCostPaidOpeCF" />
    <link:loc xlink:type="locator" xlink:href="tse-anedjpfr-70350-2022-08-31-01-2022-10-14.xsd#tse-anedjpfr-70350_IncreaseDecreaseInProvisionForProvisionForLossOnCansellationOpeCF" xlink:label="tse-anedjpfr-70350_IncreaseDecreaseInProvisionForProvisionForLossOnCansellationOpeCF" />
    <link:loc xlink:type="locator" xlink:href="tse-anedjpfr-70350-2022-08-31-01-2022-10-14.xsd#tse-anedjpfr-70350_PaymentsForSaleOfBusinessesInvCF" xlink:label="tse-anedjpfr-70350_PaymentsForSaleOfBusinessesInvCF" />
    <link:loc xlink:type="locator" xlink:href="tse-anedjpfr-70350-2022-08-31-01-2022-10-14.xsd#tse-anedjpfr-70350_ProvisionForLossOnCancellationCL" xlink:label="tse-anedjpfr-70350_ProvisionForLossOnCancellationCL" />
    <link:loc xlink:type="locator" xlink:href="tse-anedjpfr-70350-2022-08-31-01-2022-10-14.xsd#tse-anedjpfr-70350_ProvisionForLossOnCancellationEL" xlink:label="tse-anedjpfr-70350_ProvisionForLossOnCancellationEL" />
    <link:loc xlink:type="locator" xlink:href="tse-anedjpfr-70350-2022-08-31-01-2022-10-14.xsd#tse-anedjpfr-70350_RentNOE" xlink:label="tse-anedjpfr-70350_RentNOE" />
    <link:loc xlink:type="locator" xlink:href="tse-anedjpfr-70350-2022-08-31-01-2022-10-14.xsd#tse-anedjpfr-70350_RentOpeCF" xlink:label="tse-anedjpfr-70350_RentOpeCF" />
    <link:loc xlink:type="locator" xlink:href="tse-anedjpfr-70350-2022-08-31-01-2022-10-14.xsd#tse-anedjpfr-70350_RentPaidOpeCF" xlink:label="tse-anedjpfr-70350_RentPaidOpeCF" />
    <link:labelArc xlink:type="arc" xlink:from="tse-anedjpfr-70350_BusinessRestructuringCostEL" xlink:to="tse-anedjpfr-70350_BusinessRestructuringCostEL_label" xlink:arcrole="http://www.xbrl.org/2003/arcrole/concept-label" order="1" />
    <link:labelArc xlink:type="arc" xlink:from="tse-anedjpfr-70350_BusinessRestructuringCostEL" xlink:to="tse-anedjpfr-70350_BusinessRestructuringCostEL_label_1" xlink:arcrole="http://www.xbrl.org/2003/arcrole/concept-label" order="1" />
    <link:labelArc xlink:type="arc" xlink:from="tse-anedjpfr-70350_BusinessRestructuringCostOpeCF" xlink:to="tse-anedjpfr-70350_BusinessRestructuringCostOpeCF_label" xlink:arcrole="http://www.xbrl.org/2003/arcrole/concept-label" order="1" />
    <link:labelArc xlink:type="arc" xlink:from="tse-anedjpfr-70350_BusinessRestructuringCostOpeCF" xlink:to="tse-anedjpfr-70350_BusinessRestructuringCostOpeCF_label_1" xlink:arcrole="http://www.xbrl.org/2003/arcrole/concept-label" order="1" />
    <link:labelArc xlink:type="arc" xlink:from="tse-anedjpfr-70350_BusinessRestructuringCostPaidOpeCF" xlink:to="tse-anedjpfr-70350_BusinessRestructuringCostPaidOpeCF_label" xlink:arcrole="http://www.xbrl.org/2003/arcrole/concept-label" order="1" />
    <link:labelArc xlink:type="arc" xlink:from="tse-anedjpfr-70350_BusinessRestructuringCostPaidOpeCF" xlink:to="tse-anedjpfr-70350_BusinessRestructuringCostPaidOpeCF_label_1" xlink:arcrole="http://www.xbrl.org/2003/arcrole/concept-label" order="1" />
    <link:labelArc xlink:type="arc" xlink:from="tse-anedjpfr-70350_IncreaseDecreaseInProvisionForProvisionForLossOnCansellationOpeCF" xlink:to="tse-anedjpfr-70350_IncreaseDecreaseInProvisionForProvisionForLossOnCansellationOpeCF_label" xlink:arcrole="http://www.xbrl.org/2003/arcrole/concept-label" order="1" />
    <link:labelArc xlink:type="arc" xlink:from="tse-anedjpfr-70350_IncreaseDecreaseInProvisionForProvisionForLossOnCansellationOpeCF" xlink:to="tse-anedjpfr-70350_IncreaseDecreaseInProvisionForProvisionForLossOnCansellationOpeCF_label_1" xlink:arcrole="http://www.xbrl.org/2003/arcrole/concept-label" order="1" />
    <link:labelArc xlink:type="arc" xlink:from="tse-anedjpfr-70350_PaymentsForSaleOfBusinessesInvCF" xlink:to="tse-anedjpfr-70350_PaymentsForSaleOfBusinessesInvCF_label_1" xlink:arcrole="http://www.xbrl.org/2003/arcrole/concept-label" order="1" />
    <link:labelArc xlink:type="arc" xlink:from="tse-anedjpfr-70350_PaymentsForSaleOfBusinessesInvCF" xlink:to="tse-anedjpfr-70350_PaymentsForSaleOfBusinessesInvCF_label" xlink:arcrole="http://www.xbrl.org/2003/arcrole/concept-label" order="1" />
    <link:labelArc xlink:type="arc" xlink:from="tse-anedjpfr-70350_ProvisionForLossOnCancellationCL" xlink:to="tse-anedjpfr-70350_ProvisionForLossOnCancellationCL_label" xlink:arcrole="http://www.xbrl.org/2003/arcrole/concept-label" order="1" />
    <link:labelArc xlink:type="arc" xlink:from="tse-anedjpfr-70350_ProvisionForLossOnCancellationCL" xlink:to="tse-anedjpfr-70350_ProvisionForLossOnCancellationCL_label_1" xlink:arcrole="http://www.xbrl.org/2003/arcrole/concept-label" order="1" />
    <link:labelArc xlink:type="arc" xlink:from="tse-anedjpfr-70350_ProvisionForLossOnCancellationEL" xlink:to="tse-anedjpfr-70350_ProvisionForLossOnCancellationEL_label" xlink:arcrole="http://www.xbrl.org/2003/arcrole/concept-label" order="1" />
    <link:labelArc xlink:type="arc" xlink:from="tse-anedjpfr-70350_ProvisionForLossOnCancellationEL" xlink:to="tse-anedjpfr-70350_ProvisionForLossOnCancellationEL_label_1" xlink:arcrole="http://www.xbrl.org/2003/arcrole/concept-label" order="1" />
    <link:labelArc xlink:type="arc" xlink:from="tse-anedjpfr-70350_RentNOE" xlink:to="tse-anedjpfr-70350_RentNOE_label" xlink:arcrole="http://www.xbrl.org/2003/arcrole/concept-label" order="1" />
    <link:labelArc xlink:type="arc" xlink:from="tse-anedjpfr-70350_RentNOE" xlink:to="tse-anedjpfr-70350_RentNOE_label_1" xlink:arcrole="http://www.xbrl.org/2003/arcrole/concept-label" order="1" />
    <link:labelArc xlink:type="arc" xlink:from="tse-anedjpfr-70350_RentOpeCF" xlink:to="tse-anedjpfr-70350_RentOpeCF_label" xlink:arcrole="http://www.xbrl.org/2003/arcrole/concept-label" order="1" />
    <link:labelArc xlink:type="arc" xlink:from="tse-anedjpfr-70350_RentOpeCF" xlink:to="tse-anedjpfr-70350_RentOpeCF_label_1" xlink:arcrole="http://www.xbrl.org/2003/arcrole/concept-label" order="1" />
    <link:labelArc xlink:type="arc" xlink:from="tse-anedjpfr-70350_RentPaidOpeCF" xlink:to="tse-anedjpfr-70350_RentPaidOpeCF_label" xlink:arcrole="http://www.xbrl.org/2003/arcrole/concept-label" order="1" />
    <link:labelArc xlink:type="arc" xlink:from="tse-anedjpfr-70350_RentPaidOpeCF" xlink:to="tse-anedjpfr-70350_RentPaidOpeCF_label_1" xlink:arcrole="http://www.xbrl.org/2003/arcrole/concept-label" order="1" />
  </link:labelLink>
</link:linkbase>