﻿<?xml version="1.0" encoding="utf-8"?>
<!-- Edited with FutureStage XBRL Solution Library .NET 01-11 -->
<link:linkbase xmlns:xlink="http://www.w3.org/1999/xlink" xmlns:xsi="http://www.w3.org/2001/XMLSchema-instance" xmlns:link="http://www.xbrl.org/2003/linkbase">
  <link:labelLink xlink:type="extended" xlink:role="http://www.xbrl.org/2003/role/link">
    <link:label xml:lang="ja" xlink:type="resource" xlink:label="tse-qnedjpfr-27900_LossOnDisasterNOE_label" xlink:role="http://www.xbrl.org/2003/role/label">災害による損失</link:label>
    <link:label xml:lang="ja" xlink:type="resource" xlink:label="tse-qnedjpfr-27900_LossOnDisasterNOE_label_1" xlink:role="http://www.xbrl.org/2003/role/verboseLabel">災害による損失、営業外費用</link:label>
    <link:label xml:lang="ja" xlink:type="resource" xlink:label="tse-qnedjpfr-27900_SystemFailureCountermeasureCostsEL_label" xlink:role="http://www.xbrl.org/2003/role/label">システム障害対応費用</link:label>
    <link:label xml:lang="ja" xlink:type="resource" xlink:label="tse-qnedjpfr-27900_SystemFailureCountermeasureCostsEL_label_1" xlink:role="http://www.xbrl.org/2003/role/verboseLabel">システム障害対応費用、特別損失</link:label>
    <link:loc xlink:type="locator" xlink:href="tse-qnedjpfr-27900-2022-09-30-01-2022-10-28.xsd#tse-qnedjpfr-27900_LossOnDisasterNOE" xlink:label="tse-qnedjpfr-27900_LossOnDisasterNOE" />
    <link:loc xlink:type="locator" xlink:href="tse-qnedjpfr-27900-2022-09-30-01-2022-10-28.xsd#tse-qnedjpfr-27900_SystemFailureCountermeasureCostsEL" xlink:label="tse-qnedjpfr-27900_SystemFailureCountermeasureCostsEL" />
    <link:labelArc xlink:type="arc" xlink:from="tse-qnedjpfr-27900_LossOnDisasterNOE" xlink:to="tse-qnedjpfr-27900_LossOnDisasterNOE_label" xlink:arcrole="http://www.xbrl.org/2003/arcrole/concept-label" order="1" />
    <link:labelArc xlink:type="arc" xlink:from="tse-qnedjpfr-27900_LossOnDisasterNOE" xlink:to="tse-qnedjpfr-27900_LossOnDisasterNOE_label_1" xlink:arcrole="http://www.xbrl.org/2003/arcrole/concept-label" order="1" />
    <link:labelArc xlink:type="arc" xlink:from="tse-qnedjpfr-27900_SystemFailureCountermeasureCostsEL" xlink:to="tse-qnedjpfr-27900_SystemFailureCountermeasureCostsEL_label" xlink:arcrole="http://www.xbrl.org/2003/arcrole/concept-label" order="1" />
    <link:labelArc xlink:type="arc" xlink:from="tse-qnedjpfr-27900_SystemFailureCountermeasureCostsEL" xlink:to="tse-qnedjpfr-27900_SystemFailureCountermeasureCostsEL_label_1" xlink:arcrole="http://www.xbrl.org/2003/arcrole/concept-label" order="1" />
  </link:labelLink>
</link:linkbase>