﻿<?xml version="1.0" encoding="utf-8"?>
<!-- Edited with FutureStage XBRL Solution Library .NET 01-11 -->
<link:linkbase xmlns:xlink="http://www.w3.org/1999/xlink" xmlns:xsi="http://www.w3.org/2001/XMLSchema-instance" xmlns:link="http://www.xbrl.org/2003/linkbase">
  <link:labelLink xlink:type="extended" xlink:role="http://www.xbrl.org/2003/role/link">
    <link:label xml:lang="en" xlink:type="resource" xlink:label="tse-acedjpfr-70410_CommissionForSyndicatedLoansPaidFinCF_label" xlink:role="http://www.xbrl.org/2003/role/label">Commission for syndicated loans paid</link:label>
    <link:label xml:lang="en" xlink:type="resource" xlink:label="tse-acedjpfr-70410_CommissionForSyndicatedLoansPaidFinCF_label_1" xlink:role="http://www.xbrl.org/2003/role/verboseLabel">Commission for syndicated loans paid-FinCF</link:label>
    <link:label xml:lang="en" xlink:type="resource" xlink:label="tse-acedjpfr-70410_CommissionForSyndicatedLoansPaidOpeCF_label" xlink:role="http://www.xbrl.org/2003/role/label">Commission for syndicated loans paid</link:label>
    <link:label xml:lang="en" xlink:type="resource" xlink:label="tse-acedjpfr-70410_CommissionForSyndicatedLoansPaidOpeCF_label_1" xlink:role="http://www.xbrl.org/2003/role/verboseLabel">Commission for syndicated loans paid-OpeCF</link:label>
    <link:label xml:lang="en" xlink:type="resource" xlink:label="tse-acedjpfr-70410_ConsumptionTaxDifferenceNOE_label" xlink:role="http://www.xbrl.org/2003/role/label">Consumption tax difference</link:label>
    <link:label xml:lang="en" xlink:type="resource" xlink:label="tse-acedjpfr-70410_ConsumptionTaxDifferenceNOE_label_1" xlink:role="http://www.xbrl.org/2003/role/verboseLabel">Consumption tax difference-NOE</link:label>
    <link:label xml:lang="en" xlink:type="resource" xlink:label="tse-acedjpfr-70410_OfficeTransferExpensesOpeCF_label" xlink:role="http://www.xbrl.org/2003/role/label">Office transfer expenses</link:label>
    <link:label xml:lang="en" xlink:type="resource" xlink:label="tse-acedjpfr-70410_OfficeTransferExpensesOpeCF_label_1" xlink:role="http://www.xbrl.org/2003/role/verboseLabel">Office transfer expenses-OpeCF</link:label>
    <link:loc xlink:type="locator" xlink:href="tse-acedjpfr-70410-2022-09-30-01-2022-11-14.xsd#tse-acedjpfr-70410_CommissionForSyndicatedLoansPaidFinCF" xlink:label="tse-acedjpfr-70410_CommissionForSyndicatedLoansPaidFinCF" />
    <link:loc xlink:type="locator" xlink:href="tse-acedjpfr-70410-2022-09-30-01-2022-11-14.xsd#tse-acedjpfr-70410_CommissionForSyndicatedLoansPaidOpeCF" xlink:label="tse-acedjpfr-70410_CommissionForSyndicatedLoansPaidOpeCF" />
    <link:loc xlink:type="locator" xlink:href="tse-acedjpfr-70410-2022-09-30-01-2022-11-14.xsd#tse-acedjpfr-70410_ConsumptionTaxDifferenceNOE" xlink:label="tse-acedjpfr-70410_ConsumptionTaxDifferenceNOE" />
    <link:loc xlink:type="locator" xlink:href="tse-acedjpfr-70410-2022-09-30-01-2022-11-14.xsd#tse-acedjpfr-70410_OfficeTransferExpensesOpeCF" xlink:label="tse-acedjpfr-70410_OfficeTransferExpensesOpeCF" />
    <link:labelArc xlink:type="arc" xlink:from="tse-acedjpfr-70410_CommissionForSyndicatedLoansPaidFinCF" xlink:to="tse-acedjpfr-70410_CommissionForSyndicatedLoansPaidFinCF_label_1" xlink:arcrole="http://www.xbrl.org/2003/arcrole/concept-label" order="1" />
    <link:labelArc xlink:type="arc" xlink:from="tse-acedjpfr-70410_CommissionForSyndicatedLoansPaidFinCF" xlink:to="tse-acedjpfr-70410_CommissionForSyndicatedLoansPaidFinCF_label" xlink:arcrole="http://www.xbrl.org/2003/arcrole/concept-label" order="1" />
    <link:labelArc xlink:type="arc" xlink:from="tse-acedjpfr-70410_CommissionForSyndicatedLoansPaidOpeCF" xlink:to="tse-acedjpfr-70410_CommissionForSyndicatedLoansPaidOpeCF_label_1" xlink:arcrole="http://www.xbrl.org/2003/arcrole/concept-label" order="1" />
    <link:labelArc xlink:type="arc" xlink:from="tse-acedjpfr-70410_CommissionForSyndicatedLoansPaidOpeCF" xlink:to="tse-acedjpfr-70410_CommissionForSyndicatedLoansPaidOpeCF_label" xlink:arcrole="http://www.xbrl.org/2003/arcrole/concept-label" order="1" />
    <link:labelArc xlink:type="arc" xlink:from="tse-acedjpfr-70410_ConsumptionTaxDifferenceNOE" xlink:to="tse-acedjpfr-70410_ConsumptionTaxDifferenceNOE_label_1" xlink:arcrole="http://www.xbrl.org/2003/arcrole/concept-label" order="1" />
    <link:labelArc xlink:type="arc" xlink:from="tse-acedjpfr-70410_ConsumptionTaxDifferenceNOE" xlink:to="tse-acedjpfr-70410_ConsumptionTaxDifferenceNOE_label" xlink:arcrole="http://www.xbrl.org/2003/arcrole/concept-label" order="1" />
    <link:labelArc xlink:type="arc" xlink:from="tse-acedjpfr-70410_OfficeTransferExpensesOpeCF" xlink:to="tse-acedjpfr-70410_OfficeTransferExpensesOpeCF_label_1" xlink:arcrole="http://www.xbrl.org/2003/arcrole/concept-label" order="1" />
    <link:labelArc xlink:type="arc" xlink:from="tse-acedjpfr-70410_OfficeTransferExpensesOpeCF" xlink:to="tse-acedjpfr-70410_OfficeTransferExpensesOpeCF_label" xlink:arcrole="http://www.xbrl.org/2003/arcrole/concept-label" order="1" />
  </link:labelLink>
</link:linkbase>