<?xml version="1.0" encoding="utf-8"?>
<!-- Generated by PRONEXUS WORKS --><link:linkbase xmlns:link="http://www.xbrl.org/2003/linkbase" xmlns:xsi="http://www.w3.org/2001/XMLSchema-instance" xmlns:xbrli="http://www.xbrl.org/2003/instance" xmlns:xlink="http://www.w3.org/1999/xlink">  <link:roleRef xlink:type="simple" roleURI="http://disclosure.edinet-fsa.go.jp/jppfs/cte/role/label" xlink:href="http://disclosure.edinet-fsa.go.jp/taxonomy/jppfs/2021-11-01/jppfs_rt_2021-11-01.xsd#rol_CTELabel" />  <link:labelLink xlink:type="extended" xlink:role="http://www.xbrl.org/2003/role/link">    <link:loc xlink:type="locator" xlink:href="http://disclosure.edinet-fsa.go.jp/taxonomy/jppfs/2021-11-01/jppfs_cor_2021-11-01.xsd#jppfs_cor_ValuationAndTranslationAdjustmentsAbstract" xlink:label="ValuationAndTranslationAdjustmentsAbstract" />    <link:label xlink:type="resource" xlink:label="label_ValuationAndTranslationAdjustmentsAbstract" xml:lang="ja" xlink:role="http://disclosure.edinet-fsa.go.jp/jppfs/cte/role/label" id="label_ValuationAndTranslationAdjustmentsAbstract">その他の包括利益累計額</link:label>    <link:labelArc xlink:type="arc" xlink:arcrole="http://www.xbrl.org/2003/arcrole/concept-label" xlink:from="ValuationAndTranslationAdjustmentsAbstract" xlink:to="label_ValuationAndTranslationAdjustmentsAbstract" />    <link:loc xlink:type="locator" xlink:href="http://disclosure.edinet-fsa.go.jp/taxonomy/jppfs/2021-11-01/jppfs_cor_2021-11-01.xsd#jppfs_cor_ValuationAndTranslationAdjustments" xlink:label="ValuationAndTranslationAdjustments" />    <link:label xlink:type="resource" xlink:label="label_ValuationAndTranslationAdjustments" xml:lang="ja" xlink:role="http://disclosure.edinet-fsa.go.jp/jppfs/cte/role/label" id="label_ValuationAndTranslationAdjustments">その他の包括利益累計額合計</link:label>    <link:labelArc xlink:type="arc" xlink:arcrole="http://www.xbrl.org/2003/arcrole/concept-label" xlink:from="ValuationAndTranslationAdjustments" xlink:to="label_ValuationAndTranslationAdjustments" />  </link:labelLink></link:linkbase>