<?xml version="1.0"?>
<!-- Generated by Fujitsu Interstage XWand B0250 --><linkbase xmlns="http://www.xbrl.org/2003/linkbase" xmlns:xbrldt="http://xbrl.org/2005/xbrldt" xmlns:xbrli="http://www.xbrl.org/2003/instance" xmlns:xlink="http://www.w3.org/1999/xlink" xmlns:xsi="http://www.w3.org/2001/XMLSchema-instance"><roleRef roleURI="http://www.xbrl.tdnet.info/jp/tse/tdnet/role/RoleBusinessResultsQuarterlyFinancialPositions" xlink:href="http://www.xbrl.tdnet.info/taxonomy/jp/tse/tdnet/ed/o/rt/2014-01-12/tse-ed-rt-2014-01-12.xsd#RoleBusinessResultsQuarterlyFinancialPositions" xlink:type="simple"/><roleRef roleURI="http://www.xbrl.tdnet.info/jp/tse/tdnet/role/RoleBusinessResultsQuarterlyOperatingResults" xlink:href="http://www.xbrl.tdnet.info/taxonomy/jp/tse/tdnet/ed/o/rt/2014-01-12/tse-ed-rt-2014-01-12.xsd#RoleBusinessResultsQuarterlyOperatingResults" xlink:type="simple"/><roleRef roleURI="http://www.xbrl.tdnet.info/jp/tse/tdnet/role/RoleDocumentEntityInformation" xlink:href="http://www.xbrl.tdnet.info/taxonomy/jp/tse/tdnet/ed/o/rt/2014-01-12/tse-ed-rt-2014-01-12.xsd#RoleDocumentEntityInformation" xlink:type="simple"/><roleRef roleURI="http://www.xbrl.tdnet.info/jp/tse/tdnet/role/RoleNotesQuarterlyApplyingSpecificAccountingConsolidatedQuarterlyFinancialStatements" xlink:href="http://www.xbrl.tdnet.info/taxonomy/jp/tse/tdnet/ed/o/rt/2014-01-12/tse-ed-rt-2014-01-12.xsd#RoleNotesQuarterlyApplyingSpecificAccountingConsolidatedQuarterlyFinancialStatements" xlink:type="simple"/><roleRef roleURI="http://www.xbrl.tdnet.info/jp/tse/tdnet/role/RoleNotesQuarterlyChangesAccountingPoliciesAccountingEstimatesRetrospectiveRestatement" xlink:href="http://www.xbrl.tdnet.info/taxonomy/jp/tse/tdnet/ed/o/rt/2014-01-12/tse-ed-rt-2014-01-12.xsd#RoleNotesQuarterlyChangesAccountingPoliciesAccountingEstimatesRetrospectiveRestatement" xlink:type="simple"/><roleRef roleURI="http://www.xbrl.tdnet.info/jp/tse/tdnet/role/RoleNotesQuarterlyNumberIssuedOutstandingSharesCommonStock" xlink:href="http://www.xbrl.tdnet.info/taxonomy/jp/tse/tdnet/ed/o/rt/2014-01-12/tse-ed-rt-2014-01-12.xsd#RoleNotesQuarterlyNumberIssuedOutstandingSharesCommonStock" xlink:type="simple"/><roleRef roleURI="http://www.xbrl.tdnet.info/jp/tse/tdnet/role/RoleQuarterlyDividends" xlink:href="http://www.xbrl.tdnet.info/taxonomy/jp/tse/tdnet/ed/o/rt/2014-01-12/tse-ed-rt-2014-01-12.xsd#RoleQuarterlyDividends" xlink:type="simple"/><roleRef roleURI="http://www.xbrl.tdnet.info/jp/tse/tdnet/role/RoleQuarterlyForecasts" xlink:href="http://www.xbrl.tdnet.info/taxonomy/jp/tse/tdnet/ed/o/rt/2014-01-12/tse-ed-rt-2014-01-12.xsd#RoleQuarterlyForecasts" xlink:type="simple"/><roleRef roleURI="http://www.xbrl.tdnet.info/jp/tse/tdnet/role/RoleSpecialNotesQuarterlyEarningDigestSummary" xlink:href="http://www.xbrl.tdnet.info/taxonomy/jp/tse/tdnet/ed/o/rt/2014-01-12/tse-ed-rt-2014-01-12.xsd#RoleSpecialNotesQuarterlyEarningDigestSummary" xlink:type="simple"/><roleRef roleURI="http://www.xbrl.tdnet.info/jp/tse/tdnet/role/RoleBusinessResultsNoteQuarterlyBusinessResults" xlink:href="http://www.xbrl.tdnet.info/taxonomy/jp/tse/tdnet/ed/o/rt/2014-01-12/tse-ed-rt-2014-01-12.xsd#RoleBusinessResultsNoteQuarterlyBusinessResults" xlink:type="simple"/><arcroleRef arcroleURI="http://xbrl.org/int/dim/arcrole/all" xlink:href="http://www.xbrl.org/2005/xbrldt-2005.xsd#all" xlink:type="simple"/><arcroleRef arcroleURI="http://xbrl.org/int/dim/arcrole/dimension-domain" xlink:href="http://www.xbrl.org/2005/xbrldt-2005.xsd#dimension-domain" xlink:type="simple"/><arcroleRef arcroleURI="http://xbrl.org/int/dim/arcrole/domain-member" xlink:href="http://www.xbrl.org/2005/xbrldt-2005.xsd#domain-member" xlink:type="simple"/><arcroleRef arcroleURI="http://xbrl.org/int/dim/arcrole/hypercube-dimension" xlink:href="http://www.xbrl.org/2005/xbrldt-2005.xsd#hypercube-dimension" xlink:type="simple"/><definitionLink xlink:role="http://www.xbrl.tdnet.info/jp/tse/tdnet/role/RoleDocumentEntityInformation" xlink:type="extended"><loc xlink:href="http://www.xbrl.tdnet.info/taxonomy/jp/tse/tdnet/ed/t/2014-01-12/tse-ed-t-2014-01-12.xsd#tse-ed-t_DocumentEntityInformationHeading" xlink:label="DocumentEntityInformationHeading" xlink:type="locator"/><loc xlink:href="http://www.xbrl.tdnet.info/taxonomy/jp/tse/tdnet/ed/t/2014-01-12/tse-ed-t-2014-01-12.xsd#tse-ed-t_DocumentEntityInformationTable" xlink:label="DocumentEntityInformationTable" xlink:type="locator"/><definitionArc order="1.0" priority="0" xbrldt:closed="true" xbrldt:contextElement="scenario" xlink:arcrole="http://xbrl.org/int/dim/arcrole/all" xlink:from="DocumentEntityInformationHeading" xlink:to="DocumentEntityInformationTable" xlink:type="arc"/><loc xlink:href="http://www.xbrl.tdnet.info/taxonomy/jp/tse/tdnet/ed/t/2014-01-12/tse-ed-t-2014-01-12.xsd#tse-ed-t_DocumentEntityInformationLineItems" xlink:label="DocumentEntityInformationLineItems" xlink:type="locator"/><definitionArc order="2.0" priority="0" xlink:arcrole="http://xbrl.org/int/dim/arcrole/domain-member" xlink:from="DocumentEntityInformationHeading" xlink:to="DocumentEntityInformationLineItems" xlink:type="arc"/><loc xlink:href="http://www.xbrl.tdnet.info/taxonomy/jp/tse/tdnet/ed/t/2014-01-12/tse-ed-t-2014-01-12.xsd#tse-ed-t_FASFMemberMark" xlink:label="FASFMemberMark" xlink:type="locator"/><definitionArc order="1.0" priority="0" xlink:arcrole="http://xbrl.org/int/dim/arcrole/domain-member" xlink:from="DocumentEntityInformationLineItems" xlink:to="FASFMemberMark" xlink:type="arc"/><loc xlink:href="http://www.xbrl.tdnet.info/taxonomy/jp/tse/tdnet/ed/t/2014-01-12/tse-ed-t-2014-01-12.xsd#tse-ed-t_DocumentName" xlink:label="DocumentName" xlink:type="locator"/><definitionArc order="2.0" priority="0" xlink:arcrole="http://xbrl.org/int/dim/arcrole/domain-member" xlink:from="DocumentEntityInformationLineItems" xlink:to="DocumentName" xlink:type="arc"/><loc xlink:href="http://www.xbrl.tdnet.info/taxonomy/jp/tse/tdnet/ed/t/2014-01-12/tse-ed-t-2014-01-12.xsd#tse-ed-t_FilingDate" xlink:label="FilingDate" xlink:type="locator"/><definitionArc order="3.0" priority="0" xlink:arcrole="http://xbrl.org/int/dim/arcrole/domain-member" xlink:from="DocumentEntityInformationLineItems" xlink:to="FilingDate" xlink:type="arc"/><loc xlink:href="http://www.xbrl.tdnet.info/taxonomy/jp/tse/tdnet/ed/t/2014-01-12/tse-ed-t-2014-01-12.xsd#tse-ed-t_CompanyName" xlink:label="CompanyName" xlink:type="locator"/><definitionArc order="4.0" priority="0" xlink:arcrole="http://xbrl.org/int/dim/arcrole/domain-member" xlink:from="DocumentEntityInformationLineItems" xlink:to="CompanyName" xlink:type="arc"/><loc xlink:href="http://www.xbrl.tdnet.info/taxonomy/jp/tse/tdnet/ed/t/2014-01-12/tse-ed-t-2014-01-12.xsd#tse-ed-t_SecuritiesCode" xlink:label="SecuritiesCode" xlink:type="locator"/><definitionArc order="6.0" priority="0" xlink:arcrole="http://xbrl.org/int/dim/arcrole/domain-member" xlink:from="DocumentEntityInformationLineItems" xlink:to="SecuritiesCode" xlink:type="arc"/><loc xlink:href="http://www.xbrl.tdnet.info/taxonomy/jp/tse/tdnet/ed/t/2014-01-12/tse-ed-t-2014-01-12.xsd#tse-ed-t_URL" xlink:label="URL" xlink:type="locator"/><definitionArc order="7.0" priority="0" xlink:arcrole="http://xbrl.org/int/dim/arcrole/domain-member" xlink:from="DocumentEntityInformationLineItems" xlink:to="URL" xlink:type="arc"/><loc xlink:href="http://www.xbrl.tdnet.info/taxonomy/jp/tse/tdnet/ed/t/2014-01-12/tse-ed-t-2014-01-12.xsd#tse-ed-t_BusinessCategoryAbstract" xlink:label="BusinessCategoryAbstract" xlink:type="locator"/><definitionArc order="8.0" priority="0" xlink:arcrole="http://xbrl.org/int/dim/arcrole/domain-member" xlink:from="DocumentEntityInformationLineItems" xlink:to="BusinessCategoryAbstract" xlink:type="arc"/><loc xlink:href="http://www.xbrl.tdnet.info/taxonomy/jp/tse/tdnet/ed/t/2014-01-12/tse-ed-t-2014-01-12.xsd#tse-ed-t_GeneralBusiness" xlink:label="GeneralBusiness" xlink:type="locator"/><definitionArc order="1.0" priority="0" xlink:arcrole="http://xbrl.org/int/dim/arcrole/domain-member" xlink:from="BusinessCategoryAbstract" xlink:to="GeneralBusiness" xlink:type="arc"/><loc xlink:href="http://www.xbrl.tdnet.info/taxonomy/jp/tse/tdnet/ed/t/2014-01-12/tse-ed-t-2014-01-12.xsd#tse-ed-t_SpecificBusiness" xlink:label="SpecificBusiness" xlink:type="locator"/><definitionArc order="2.0" priority="0" xlink:arcrole="http://xbrl.org/int/dim/arcrole/domain-member" xlink:from="BusinessCategoryAbstract" xlink:to="SpecificBusiness" xlink:type="arc"/><loc xlink:href="http://www.xbrl.tdnet.info/taxonomy/jp/tse/tdnet/ed/t/2014-01-12/tse-ed-t-2014-01-12.xsd#tse-ed-t_FiscalYearEnd" xlink:label="FiscalYearEnd" xlink:type="locator"/><definitionArc order="9.0" priority="0" xlink:arcrole="http://xbrl.org/int/dim/arcrole/domain-member" xlink:from="DocumentEntityInformationLineItems" xlink:to="FiscalYearEnd" xlink:type="arc"/><loc xlink:href="http://www.xbrl.tdnet.info/taxonomy/jp/tse/tdnet/ed/t/2014-01-12/tse-ed-t-2014-01-12.xsd#tse-ed-t_RepresentativeAbstract" xlink:label="RepresentativeAbstract" xlink:type="locator"/><definitionArc order="11.0" priority="0" xlink:arcrole="http://xbrl.org/int/dim/arcrole/domain-member" xlink:from="DocumentEntityInformationLineItems" xlink:to="RepresentativeAbstract" xlink:type="arc"/><loc xlink:href="http://www.xbrl.tdnet.info/taxonomy/jp/tse/tdnet/ed/t/2014-01-12/tse-ed-t-2014-01-12.xsd#tse-ed-t_TitleRepresentative" xlink:label="TitleRepresentative" xlink:type="locator"/><definitionArc order="1.0" priority="0" xlink:arcrole="http://xbrl.org/int/dim/arcrole/domain-member" xlink:from="RepresentativeAbstract" xlink:to="TitleRepresentative" xlink:type="arc"/><loc xlink:href="http://www.xbrl.tdnet.info/taxonomy/jp/tse/tdnet/ed/t/2014-01-12/tse-ed-t-2014-01-12.xsd#tse-ed-t_NameRepresentative" xlink:label="NameRepresentative" xlink:type="locator"/><definitionArc order="2.0" priority="0" xlink:arcrole="http://xbrl.org/int/dim/arcrole/domain-member" xlink:from="RepresentativeAbstract" xlink:to="NameRepresentative" xlink:type="arc"/><loc xlink:href="http://www.xbrl.tdnet.info/taxonomy/jp/tse/tdnet/ed/t/2014-01-12/tse-ed-t-2014-01-12.xsd#tse-ed-t_InquiriesAbstract" xlink:label="InquiriesAbstract" xlink:type="locator"/><definitionArc order="12.0" priority="0" xlink:arcrole="http://xbrl.org/int/dim/arcrole/domain-member" xlink:from="DocumentEntityInformationLineItems" xlink:to="InquiriesAbstract" xlink:type="arc"/><loc xlink:href="http://www.xbrl.tdnet.info/taxonomy/jp/tse/tdnet/ed/t/2014-01-12/tse-ed-t-2014-01-12.xsd#tse-ed-t_TitleInquiries" xlink:label="TitleInquiries" xlink:type="locator"/><definitionArc order="1.0" priority="0" xlink:arcrole="http://xbrl.org/int/dim/arcrole/domain-member" xlink:from="InquiriesAbstract" xlink:to="TitleInquiries" xlink:type="arc"/><loc xlink:href="http://www.xbrl.tdnet.info/taxonomy/jp/tse/tdnet/ed/t/2014-01-12/tse-ed-t-2014-01-12.xsd#tse-ed-t_NameInquiries" xlink:label="NameInquiries" xlink:type="locator"/><definitionArc order="2.0" priority="0" xlink:arcrole="http://xbrl.org/int/dim/arcrole/domain-member" xlink:from="InquiriesAbstract" xlink:to="NameInquiries" xlink:type="arc"/><loc xlink:href="http://www.xbrl.tdnet.info/taxonomy/jp/tse/tdnet/ed/t/2014-01-12/tse-ed-t-2014-01-12.xsd#tse-ed-t_Tel" xlink:label="Tel" xlink:type="locator"/><definitionArc order="13.0" priority="0" xlink:arcrole="http://xbrl.org/int/dim/arcrole/domain-member" xlink:from="DocumentEntityInformationLineItems" xlink:to="Tel" xlink:type="arc"/><loc xlink:href="http://www.xbrl.tdnet.info/taxonomy/jp/tse/tdnet/ed/t/2014-01-12/tse-ed-t-2014-01-12.xsd#tse-ed-t_OtherCompanyInformationAbstract" xlink:label="OtherCompanyInformationAbstract" xlink:type="locator"/><definitionArc order="14.0" priority="0" xlink:arcrole="http://xbrl.org/int/dim/arcrole/domain-member" xlink:from="DocumentEntityInformationLineItems" xlink:to="OtherCompanyInformationAbstract" xlink:type="arc"/><loc xlink:href="http://www.xbrl.tdnet.info/taxonomy/jp/tse/tdnet/ed/t/2014-01-12/tse-ed-t-2014-01-12.xsd#tse-ed-t_QuarterlyStatementFilingDateAsPlanned" xlink:label="A18459db280b_0" xlink:type="locator"/><definitionArc order="1.0" priority="0" xlink:arcrole="http://xbrl.org/int/dim/arcrole/domain-member" xlink:from="OtherCompanyInformationAbstract" xlink:to="A18459db280b_0" xlink:type="arc"/><loc xlink:href="http://www.xbrl.tdnet.info/taxonomy/jp/tse/tdnet/ed/t/2014-01-12/tse-ed-t-2014-01-12.xsd#tse-ed-t_DividendPayableDateAsPlanned" xlink:label="A18459db280c_0" xlink:type="locator"/><definitionArc order="2.0" priority="0" xlink:arcrole="http://xbrl.org/int/dim/arcrole/domain-member" xlink:from="OtherCompanyInformationAbstract" xlink:to="A18459db280c_0" xlink:type="arc"/><loc xlink:href="http://www.xbrl.tdnet.info/taxonomy/jp/tse/tdnet/ed/t/2014-01-12/tse-ed-t-2014-01-12.xsd#tse-ed-t_NoteToFractionProcessingMethod" xlink:label="NoteToFractionProcessingMethod" xlink:type="locator"/><definitionArc order="19.0" priority="0" xlink:arcrole="http://xbrl.org/int/dim/arcrole/domain-member" xlink:from="DocumentEntityInformationLineItems" xlink:to="NoteToFractionProcessingMethod" xlink:type="arc"/><loc xlink:href="http://www.xbrl.tdnet.info/taxonomy/jp/tse/tdnet/ed/t/2014-01-12/tse-ed-t-2014-01-12.xsd#tse-ed-t_QuarterlyPeriod" xlink:label="QuarterlyPeriod" xlink:type="locator"/><definitionArc order="10.0" priority="0" xlink:arcrole="http://xbrl.org/int/dim/arcrole/domain-member" xlink:from="DocumentEntityInformationLineItems" xlink:to="QuarterlyPeriod" xlink:type="arc"/><loc xlink:href="http://www.xbrl.tdnet.info/taxonomy/jp/tse/tdnet/ed/t/2014-01-12/tse-ed-t-2014-01-12.xsd#tse-ed-t_SupplementalMaterialOfQuarterlyResults" xlink:label="SupplementalMaterialOfQuarterlyResults" xlink:type="locator"/><definitionArc order="15.0" priority="0" xlink:arcrole="http://xbrl.org/int/dim/arcrole/domain-member" xlink:from="DocumentEntityInformationLineItems" xlink:to="SupplementalMaterialOfQuarterlyResults" xlink:type="arc"/><loc xlink:href="http://www.xbrl.tdnet.info/taxonomy/jp/tse/tdnet/ed/t/2014-01-12/tse-ed-t-2014-01-12.xsd#tse-ed-t_WayOfGettingSupplementalMaterialOfQuarterlyResults" xlink:label="WayOfGettingSupplementalMaterialOfQuarterlyResults" xlink:type="locator"/><definitionArc order="16.0" priority="0" xlink:arcrole="http://xbrl.org/int/dim/arcrole/domain-member" xlink:from="DocumentEntityInformationLineItems" xlink:to="WayOfGettingSupplementalMaterialOfQuarterlyResults" xlink:type="arc"/><loc xlink:href="http://www.xbrl.tdnet.info/taxonomy/jp/tse/tdnet/ed/t/2014-01-12/tse-ed-t-2014-01-12.xsd#tse-ed-t_ConveningBriefingOfQuarterlyResults" xlink:label="ConveningBriefingOfQuarterlyResults" xlink:type="locator"/><definitionArc order="17.0" priority="0" xlink:arcrole="http://xbrl.org/int/dim/arcrole/domain-member" xlink:from="DocumentEntityInformationLineItems" xlink:to="ConveningBriefingOfQuarterlyResults" xlink:type="arc"/><loc xlink:href="http://www.xbrl.tdnet.info/taxonomy/jp/tse/tdnet/ed/t/2014-01-12/tse-ed-t-2014-01-12.xsd#tse-ed-t_TargetForBriefingOfQuarterlyResults" xlink:label="TargetForBriefingOfQuarterlyResults" xlink:type="locator"/><definitionArc order="18.0" priority="0" xlink:arcrole="http://xbrl.org/int/dim/arcrole/domain-member" xlink:from="DocumentEntityInformationLineItems" xlink:to="TargetForBriefingOfQuarterlyResults" xlink:type="arc"/><loc xlink:href="http://www.xbrl.tdnet.info/taxonomy/jp/tse/tdnet/ed/t/2014-01-12/tse-ed-t-2014-01-12.xsd#tse-ed-t_StockExchangeListingsAbstract" xlink:label="A18459da9eb2_0" xlink:type="locator"/><definitionArc order="5.0" priority="0" xlink:arcrole="http://xbrl.org/int/dim/arcrole/domain-member" xlink:from="DocumentEntityInformationLineItems" xlink:to="A18459da9eb2_0" xlink:type="arc"/><loc xlink:href="http://www.xbrl.tdnet.info/taxonomy/jp/tse/tdnet/ed/t/2014-01-12/tse-ed-t-2014-01-12.xsd#tse-ed-t_TokyoStockExchange" xlink:label="A18459da9eb2_1" xlink:type="locator"/><definitionArc order="1.0" priority="0" xlink:arcrole="http://xbrl.org/int/dim/arcrole/domain-member" xlink:from="A18459da9eb2_0" xlink:to="A18459da9eb2_1" xlink:type="arc"/><loc xlink:href="http://www.xbrl.tdnet.info/taxonomy/jp/tse/tdnet/ed/t/2014-01-12/tse-ed-t-2014-01-12.xsd#tse-ed-t_TokyoStockExchangePrime" xlink:label="A18459da9eb2_2" xlink:type="locator"/><definitionArc order="0.5" priority="0" xlink:arcrole="http://xbrl.org/int/dim/arcrole/domain-member" xlink:from="A18459da9eb2_1" xlink:to="A18459da9eb2_2" xlink:type="arc"/><loc xlink:href="http://www.xbrl.tdnet.info/taxonomy/jp/tse/tdnet/ed/t/2014-01-12/tse-ed-t-2014-01-12.xsd#tse-ed-t_TokyoStockExchangeStandard" xlink:label="A18459da9eb2_3" xlink:type="locator"/><definitionArc order="0.6" priority="0" xlink:arcrole="http://xbrl.org/int/dim/arcrole/domain-member" xlink:from="A18459da9eb2_1" xlink:to="A18459da9eb2_3" xlink:type="arc"/><loc xlink:href="http://www.xbrl.tdnet.info/taxonomy/jp/tse/tdnet/ed/t/2014-01-12/tse-ed-t-2014-01-12.xsd#tse-ed-t_TokyoStockExchangeGrowth" xlink:label="A18459da9eb2_4" xlink:type="locator"/><definitionArc order="0.7" priority="0" xlink:arcrole="http://xbrl.org/int/dim/arcrole/domain-member" xlink:from="A18459da9eb2_1" xlink:to="A18459da9eb2_4" xlink:type="arc"/><loc xlink:href="http://www.xbrl.tdnet.info/taxonomy/jp/tse/tdnet/ed/t/2014-01-12/tse-ed-t-2014-01-12.xsd#tse-ed-t_TokyoStockExchange1stSection" xlink:label="A18459da9eb2_5" xlink:type="locator"/><definitionArc order="1.0" priority="0" xlink:arcrole="http://xbrl.org/int/dim/arcrole/domain-member" xlink:from="A18459da9eb2_1" xlink:to="A18459da9eb2_5" xlink:type="arc"/><loc xlink:href="http://www.xbrl.tdnet.info/taxonomy/jp/tse/tdnet/ed/t/2014-01-12/tse-ed-t-2014-01-12.xsd#tse-ed-t_TokyoStockExchange2ndSection" xlink:label="A18459da9eb2_6" xlink:type="locator"/><definitionArc order="2.0" priority="0" xlink:arcrole="http://xbrl.org/int/dim/arcrole/domain-member" xlink:from="A18459da9eb2_1" xlink:to="A18459da9eb2_6" xlink:type="arc"/><loc xlink:href="http://www.xbrl.tdnet.info/taxonomy/jp/tse/tdnet/ed/t/2014-01-12/tse-ed-t-2014-01-12.xsd#tse-ed-t_TokyoStockExchangeMothers" xlink:label="A18459da9eb2_7" xlink:type="locator"/><definitionArc order="3.0" priority="0" xlink:arcrole="http://xbrl.org/int/dim/arcrole/domain-member" xlink:from="A18459da9eb2_1" xlink:to="A18459da9eb2_7" xlink:type="arc"/><loc xlink:href="http://www.xbrl.tdnet.info/taxonomy/jp/tse/tdnet/ed/t/2014-01-12/tse-ed-t-2014-01-12.xsd#tse-ed-t_TokyoStockExchangeJASDAQ" xlink:label="A18459da9eb2_8" xlink:type="locator"/><definitionArc order="4.0" priority="0" xlink:arcrole="http://xbrl.org/int/dim/arcrole/domain-member" xlink:from="A18459da9eb2_1" xlink:to="A18459da9eb2_8" xlink:type="arc"/><loc xlink:href="http://www.xbrl.tdnet.info/taxonomy/jp/tse/tdnet/ed/t/2014-01-12/tse-ed-t-2014-01-12.xsd#tse-ed-t_TokyoStockExchangePROMarket" xlink:label="A18459da9eb2_9" xlink:type="locator"/><definitionArc order="5.0" priority="0" xlink:arcrole="http://xbrl.org/int/dim/arcrole/domain-member" xlink:from="A18459da9eb2_1" xlink:to="A18459da9eb2_9" xlink:type="arc"/><loc xlink:href="http://www.xbrl.tdnet.info/taxonomy/jp/tse/tdnet/ed/t/2014-01-12/tse-ed-t-2014-01-12.xsd#tse-ed-t_TokyoStockExchangeOthers" xlink:label="A18459da9eb2_a" xlink:type="locator"/><definitionArc order="6.0" priority="0" xlink:arcrole="http://xbrl.org/int/dim/arcrole/domain-member" xlink:from="A18459da9eb2_1" xlink:to="A18459da9eb2_a" xlink:type="arc"/><loc xlink:href="http://www.xbrl.tdnet.info/taxonomy/jp/tse/tdnet/ed/t/2014-01-12/tse-ed-t-2014-01-12.xsd#tse-ed-t_NagoyaStockExchange" xlink:label="A18459da9eb2_b" xlink:type="locator"/><definitionArc order="2.0" priority="0" xlink:arcrole="http://xbrl.org/int/dim/arcrole/domain-member" xlink:from="A18459da9eb2_0" xlink:to="A18459da9eb2_b" xlink:type="arc"/><loc xlink:href="http://www.xbrl.tdnet.info/taxonomy/jp/tse/tdnet/ed/t/2014-01-12/tse-ed-t-2014-01-12.xsd#tse-ed-t_NagoyaStockExchange1stSection" xlink:label="A18459da9eb2_c" xlink:type="locator"/><definitionArc order="1.0" priority="0" xlink:arcrole="http://xbrl.org/int/dim/arcrole/domain-member" xlink:from="A18459da9eb2_b" xlink:to="A18459da9eb2_c" xlink:type="arc"/><loc xlink:href="http://www.xbrl.tdnet.info/taxonomy/jp/tse/tdnet/ed/t/2014-01-12/tse-ed-t-2014-01-12.xsd#tse-ed-t_NagoyaStockExchange2ndSection" xlink:label="A18459da9eb2_d" xlink:type="locator"/><definitionArc order="2.0" priority="0" xlink:arcrole="http://xbrl.org/int/dim/arcrole/domain-member" xlink:from="A18459da9eb2_b" xlink:to="A18459da9eb2_d" xlink:type="arc"/><loc xlink:href="http://www.xbrl.tdnet.info/taxonomy/jp/tse/tdnet/ed/t/2014-01-12/tse-ed-t-2014-01-12.xsd#tse-ed-t_NagoyaStockExchangeCentrex" xlink:label="A18459da9eb2_e" xlink:type="locator"/><definitionArc order="3.0" priority="0" xlink:arcrole="http://xbrl.org/int/dim/arcrole/domain-member" xlink:from="A18459da9eb2_b" xlink:to="A18459da9eb2_e" xlink:type="arc"/><loc xlink:href="http://www.xbrl.tdnet.info/taxonomy/jp/tse/tdnet/ed/t/2014-01-12/tse-ed-t-2014-01-12.xsd#tse-ed-t_NagoyaStockExchangeOthers" xlink:label="A18459da9eb2_f" xlink:type="locator"/><definitionArc order="4.0" priority="0" xlink:arcrole="http://xbrl.org/int/dim/arcrole/domain-member" xlink:from="A18459da9eb2_b" xlink:to="A18459da9eb2_f" xlink:type="arc"/><loc xlink:href="http://www.xbrl.tdnet.info/taxonomy/jp/tse/tdnet/ed/t/2014-01-12/tse-ed-t-2014-01-12.xsd#tse-ed-t_SapporoStockExchange" xlink:label="A18459da9eb2_10" xlink:type="locator"/><definitionArc order="3.0" priority="0" xlink:arcrole="http://xbrl.org/int/dim/arcrole/domain-member" xlink:from="A18459da9eb2_0" xlink:to="A18459da9eb2_10" xlink:type="arc"/><loc xlink:href="http://www.xbrl.tdnet.info/taxonomy/jp/tse/tdnet/ed/t/2014-01-12/tse-ed-t-2014-01-12.xsd#tse-ed-t_SapporoStockExchangeEstablished" xlink:label="A18459da9eb2_11" xlink:type="locator"/><definitionArc order="1.0" priority="0" xlink:arcrole="http://xbrl.org/int/dim/arcrole/domain-member" xlink:from="A18459da9eb2_10" xlink:to="A18459da9eb2_11" xlink:type="arc"/><loc xlink:href="http://www.xbrl.tdnet.info/taxonomy/jp/tse/tdnet/ed/t/2014-01-12/tse-ed-t-2014-01-12.xsd#tse-ed-t_SapporoStockExchangeAmbitious" xlink:label="A18459da9eb2_12" xlink:type="locator"/><definitionArc order="2.0" priority="0" xlink:arcrole="http://xbrl.org/int/dim/arcrole/domain-member" xlink:from="A18459da9eb2_10" xlink:to="A18459da9eb2_12" xlink:type="arc"/><loc xlink:href="http://www.xbrl.tdnet.info/taxonomy/jp/tse/tdnet/ed/t/2014-01-12/tse-ed-t-2014-01-12.xsd#tse-ed-t_SapporoStockExchangeOthers" xlink:label="A18459da9eb2_13" xlink:type="locator"/><definitionArc order="3.0" priority="0" xlink:arcrole="http://xbrl.org/int/dim/arcrole/domain-member" xlink:from="A18459da9eb2_10" xlink:to="A18459da9eb2_13" xlink:type="arc"/><loc xlink:href="http://www.xbrl.tdnet.info/taxonomy/jp/tse/tdnet/ed/t/2014-01-12/tse-ed-t-2014-01-12.xsd#tse-ed-t_FukuokaStockExchange" xlink:label="A18459da9eb2_14" xlink:type="locator"/><definitionArc order="4.0" priority="0" xlink:arcrole="http://xbrl.org/int/dim/arcrole/domain-member" xlink:from="A18459da9eb2_0" xlink:to="A18459da9eb2_14" xlink:type="arc"/><loc xlink:href="http://www.xbrl.tdnet.info/taxonomy/jp/tse/tdnet/ed/t/2014-01-12/tse-ed-t-2014-01-12.xsd#tse-ed-t_FukuokaStockExchangeEstablished" xlink:label="A18459da9eb2_15" xlink:type="locator"/><definitionArc order="1.0" priority="0" xlink:arcrole="http://xbrl.org/int/dim/arcrole/domain-member" xlink:from="A18459da9eb2_14" xlink:to="A18459da9eb2_15" xlink:type="arc"/><loc xlink:href="http://www.xbrl.tdnet.info/taxonomy/jp/tse/tdnet/ed/t/2014-01-12/tse-ed-t-2014-01-12.xsd#tse-ed-t_FukuokaStockExchangeQBoard" xlink:label="A18459da9eb2_16" xlink:type="locator"/><definitionArc order="2.0" priority="0" xlink:arcrole="http://xbrl.org/int/dim/arcrole/domain-member" xlink:from="A18459da9eb2_14" xlink:to="A18459da9eb2_16" xlink:type="arc"/><loc xlink:href="http://www.xbrl.tdnet.info/taxonomy/jp/tse/tdnet/ed/t/2014-01-12/tse-ed-t-2014-01-12.xsd#tse-ed-t_FukuokaStockExchangeOthers" xlink:label="A18459da9eb2_17" xlink:type="locator"/><definitionArc order="3.0" priority="0" xlink:arcrole="http://xbrl.org/int/dim/arcrole/domain-member" xlink:from="A18459da9eb2_14" xlink:to="A18459da9eb2_17" xlink:type="arc"/><loc xlink:href="http://www.xbrl.tdnet.info/taxonomy/jp/tse/tdnet/ed/t/2014-01-12/tse-ed-t-2014-01-12.xsd#tse-ed-t_JapanSecuritiesDealersAssociation" xlink:label="A18459da9eb2_18" xlink:type="locator"/><definitionArc order="5.0" priority="0" xlink:arcrole="http://xbrl.org/int/dim/arcrole/domain-member" xlink:from="A18459da9eb2_0" xlink:to="A18459da9eb2_18" xlink:type="arc"/><loc xlink:href="http://www.xbrl.tdnet.info/taxonomy/jp/tse/tdnet/ed/t/2014-01-12/tse-ed-t-2014-01-12.xsd#tse-ed-t_JapanSecuritiesDealersAssociationGreenSheet" xlink:label="A18459da9eb2_19" xlink:type="locator"/><definitionArc order="1.0" priority="0" xlink:arcrole="http://xbrl.org/int/dim/arcrole/domain-member" xlink:from="A18459da9eb2_18" xlink:to="A18459da9eb2_19" xlink:type="arc"/></definitionLink><definitionLink xlink:role="http://www.xbrl.tdnet.info/jp/tse/tdnet/role/RoleBusinessResultsQuarterlyOperatingResults" xlink:type="extended"><loc xlink:href="http://www.xbrl.tdnet.info/taxonomy/jp/tse/tdnet/ed/t/2014-01-12/tse-ed-t-2014-01-12.xsd#tse-ed-t_BusinessResultsQuarterlyOperatingResultsHeading" xlink:label="BusinessResultsQuarterlyOperatingResultsHeading" xlink:type="locator"/><loc xlink:href="http://www.xbrl.tdnet.info/taxonomy/jp/tse/tdnet/ed/t/2014-01-12/tse-ed-t-2014-01-12.xsd#tse-ed-t_BusinessResultsQuarterlyOperatingResultsTable" xlink:label="BusinessResultsQuarterlyOperatingResultsTable" xlink:type="locator"/><definitionArc order="1.0" priority="0" xbrldt:closed="true" xbrldt:contextElement="scenario" xlink:arcrole="http://xbrl.org/int/dim/arcrole/all" xlink:from="BusinessResultsQuarterlyOperatingResultsHeading" xlink:to="BusinessResultsQuarterlyOperatingResultsTable" xlink:type="arc"/><loc xlink:href="http://www.xbrl.tdnet.info/taxonomy/jp/tse/tdnet/ed/t/2014-01-12/tse-ed-t-2014-01-12.xsd#tse-ed-t_ConsolidatedNonconsolidatedAxis" xlink:label="ConsolidatedNonconsolidatedAxis" xlink:type="locator"/><definitionArc order="1.0" priority="0" xlink:arcrole="http://xbrl.org/int/dim/arcrole/hypercube-dimension" xlink:from="BusinessResultsQuarterlyOperatingResultsTable" xlink:to="ConsolidatedNonconsolidatedAxis" xlink:type="arc"/><loc xlink:href="http://www.xbrl.tdnet.info/taxonomy/jp/tse/tdnet/ed/t/2014-01-12/tse-ed-t-2014-01-12.xsd#tse-ed-t_NonConsolidatedMember" xlink:label="NonConsolidatedMember" xlink:type="locator"/><definitionArc order="1.0" priority="0" xlink:arcrole="http://xbrl.org/int/dim/arcrole/dimension-domain" xlink:from="ConsolidatedNonconsolidatedAxis" xlink:to="NonConsolidatedMember" xlink:type="arc"/><loc xlink:href="http://www.xbrl.tdnet.info/taxonomy/jp/tse/tdnet/ed/t/2014-01-12/tse-ed-t-2014-01-12.xsd#tse-ed-t_ResultForecastAxis" xlink:label="ResultForecastAxis" xlink:type="locator"/><definitionArc order="2.0" priority="0" xlink:arcrole="http://xbrl.org/int/dim/arcrole/hypercube-dimension" xlink:from="BusinessResultsQuarterlyOperatingResultsTable" xlink:to="ResultForecastAxis" xlink:type="arc"/><loc xlink:href="http://www.xbrl.tdnet.info/taxonomy/jp/tse/tdnet/ed/t/2014-01-12/tse-ed-t-2014-01-12.xsd#tse-ed-t_ResultMember" xlink:label="ResultMember" xlink:type="locator"/><definitionArc order="1.0" priority="0" xlink:arcrole="http://xbrl.org/int/dim/arcrole/dimension-domain" xlink:from="ResultForecastAxis" xlink:to="ResultMember" xlink:type="arc"/><loc xlink:href="http://www.xbrl.tdnet.info/taxonomy/jp/tse/tdnet/ed/t/2014-01-12/tse-ed-t-2014-01-12.xsd#tse-ed-t_BusinessResultsQuarterlyOperatingResultsLineItems" xlink:label="BusinessResultsQuarterlyOperatingResultsLineItems" xlink:type="locator"/><definitionArc order="2.0" priority="0" xlink:arcrole="http://xbrl.org/int/dim/arcrole/domain-member" xlink:from="BusinessResultsQuarterlyOperatingResultsHeading" xlink:to="BusinessResultsQuarterlyOperatingResultsLineItems" xlink:type="arc"/><loc xlink:href="http://www.xbrl.tdnet.info/taxonomy/jp/tse/tdnet/ed/t/2014-01-12/tse-ed-t-2014-01-12.xsd#tse-ed-t_OperatingResultsAbstract" xlink:label="OperatingResultsAbstract" xlink:type="locator"/><definitionArc order="1.0" priority="0" xlink:arcrole="http://xbrl.org/int/dim/arcrole/domain-member" xlink:from="BusinessResultsQuarterlyOperatingResultsLineItems" xlink:to="OperatingResultsAbstract" xlink:type="arc"/><loc xlink:href="http://www.xbrl.tdnet.info/taxonomy/jp/tse/tdnet/ed/t/2014-01-12/tse-ed-t-2014-01-12.xsd#tse-ed-t_IncomeStatementsInformationAbstract" xlink:label="IncomeStatementsInformationAbstract" xlink:type="locator"/><definitionArc order="1.0" priority="0" xlink:arcrole="http://xbrl.org/int/dim/arcrole/domain-member" xlink:from="OperatingResultsAbstract" xlink:to="IncomeStatementsInformationAbstract" xlink:type="arc"/><loc xlink:href="http://www.xbrl.tdnet.info/taxonomy/jp/tse/tdnet/ed/t/2014-01-12/tse-ed-t-2014-01-12.xsd#tse-ed-t_NetSalesAbstract" xlink:label="NetSalesAbstract" xlink:type="locator"/><definitionArc order="1.0" priority="0" xlink:arcrole="http://xbrl.org/int/dim/arcrole/domain-member" xlink:from="IncomeStatementsInformationAbstract" xlink:to="NetSalesAbstract" xlink:type="arc"/><loc xlink:href="http://www.xbrl.tdnet.info/taxonomy/jp/tse/tdnet/ed/t/2014-01-12/tse-ed-t-2014-01-12.xsd#tse-ed-t_NetSales" xlink:label="NetSales" xlink:type="locator"/><definitionArc order="1.0" priority="0" xlink:arcrole="http://xbrl.org/int/dim/arcrole/domain-member" xlink:from="NetSalesAbstract" xlink:to="NetSales" xlink:type="arc"/><loc xlink:href="http://www.xbrl.tdnet.info/taxonomy/jp/tse/tdnet/ed/t/2014-01-12/tse-ed-t-2014-01-12.xsd#tse-ed-t_ChangeInNetSales" xlink:label="ChangeInNetSales" xlink:type="locator"/><definitionArc order="2.0" priority="0" xlink:arcrole="http://xbrl.org/int/dim/arcrole/domain-member" xlink:from="NetSalesAbstract" xlink:to="ChangeInNetSales" xlink:type="arc"/><loc xlink:href="http://www.xbrl.tdnet.info/taxonomy/jp/tse/tdnet/ed/t/2014-01-12/tse-ed-t-2014-01-12.xsd#tse-ed-t_OperatingIncomeAbstract" xlink:label="OperatingIncomeAbstract" xlink:type="locator"/><definitionArc order="2.0" priority="0" xlink:arcrole="http://xbrl.org/int/dim/arcrole/domain-member" xlink:from="IncomeStatementsInformationAbstract" xlink:to="OperatingIncomeAbstract" xlink:type="arc"/><loc xlink:href="http://www.xbrl.tdnet.info/taxonomy/jp/tse/tdnet/ed/t/2014-01-12/tse-ed-t-2014-01-12.xsd#tse-ed-t_OperatingIncome" xlink:label="OperatingIncome" xlink:type="locator"/><definitionArc order="1.0" priority="0" xlink:arcrole="http://xbrl.org/int/dim/arcrole/domain-member" xlink:from="OperatingIncomeAbstract" xlink:to="OperatingIncome" xlink:type="arc"/><loc xlink:href="http://www.xbrl.tdnet.info/taxonomy/jp/tse/tdnet/ed/t/2014-01-12/tse-ed-t-2014-01-12.xsd#tse-ed-t_ChangeInOperatingIncome" xlink:label="ChangeInOperatingIncome" xlink:type="locator"/><definitionArc order="2.0" priority="0" xlink:arcrole="http://xbrl.org/int/dim/arcrole/domain-member" xlink:from="OperatingIncomeAbstract" xlink:to="ChangeInOperatingIncome" xlink:type="arc"/><loc xlink:href="http://www.xbrl.tdnet.info/taxonomy/jp/tse/tdnet/ed/t/2014-01-12/tse-ed-t-2014-01-12.xsd#tse-ed-t_OrdinaryIncomeAbstract" xlink:label="OrdinaryIncomeAbstract" xlink:type="locator"/><definitionArc order="3.0" priority="0" xlink:arcrole="http://xbrl.org/int/dim/arcrole/domain-member" xlink:from="IncomeStatementsInformationAbstract" xlink:to="OrdinaryIncomeAbstract" xlink:type="arc"/><loc xlink:href="http://www.xbrl.tdnet.info/taxonomy/jp/tse/tdnet/ed/t/2014-01-12/tse-ed-t-2014-01-12.xsd#tse-ed-t_OrdinaryIncome" xlink:label="OrdinaryIncome" xlink:type="locator"/><definitionArc order="1.0" priority="0" xlink:arcrole="http://xbrl.org/int/dim/arcrole/domain-member" xlink:from="OrdinaryIncomeAbstract" xlink:to="OrdinaryIncome" xlink:type="arc"/><loc xlink:href="http://www.xbrl.tdnet.info/taxonomy/jp/tse/tdnet/ed/t/2014-01-12/tse-ed-t-2014-01-12.xsd#tse-ed-t_ChangeInOrdinaryIncome" xlink:label="ChangeInOrdinaryIncome" xlink:type="locator"/><definitionArc order="2.0" priority="0" xlink:arcrole="http://xbrl.org/int/dim/arcrole/domain-member" xlink:from="OrdinaryIncomeAbstract" xlink:to="ChangeInOrdinaryIncome" xlink:type="arc"/><loc xlink:href="http://www.xbrl.tdnet.info/taxonomy/jp/tse/tdnet/ed/t/2014-01-12/tse-ed-t-2014-01-12.xsd#tse-ed-t_NetIncomeAbstract" xlink:label="NetIncomeAbstract" xlink:type="locator"/><definitionArc order="4.0" priority="0" xlink:arcrole="http://xbrl.org/int/dim/arcrole/domain-member" xlink:from="IncomeStatementsInformationAbstract" xlink:to="NetIncomeAbstract" xlink:type="arc"/><loc xlink:href="http://www.xbrl.tdnet.info/taxonomy/jp/tse/tdnet/ed/t/2014-01-12/tse-ed-t-2014-01-12.xsd#tse-ed-t_NetIncome" xlink:label="NetIncome" xlink:type="locator"/><definitionArc order="1.0" priority="0" xlink:arcrole="http://xbrl.org/int/dim/arcrole/domain-member" xlink:from="NetIncomeAbstract" xlink:to="NetIncome" xlink:type="arc"/><loc xlink:href="http://www.xbrl.tdnet.info/taxonomy/jp/tse/tdnet/ed/t/2014-01-12/tse-ed-t-2014-01-12.xsd#tse-ed-t_ChangeInNetIncome" xlink:label="ChangeInNetIncome" xlink:type="locator"/><definitionArc order="2.0" priority="0" xlink:arcrole="http://xbrl.org/int/dim/arcrole/domain-member" xlink:from="NetIncomeAbstract" xlink:to="ChangeInNetIncome" xlink:type="arc"/><loc xlink:href="http://www.xbrl.tdnet.info/taxonomy/jp/tse/tdnet/ed/t/2014-01-12/tse-ed-t-2014-01-12.xsd#tse-ed-t_OtherOperatingResultsAbstract" xlink:label="OtherOperatingResultsAbstract" xlink:type="locator"/><definitionArc order="2.0" priority="0" xlink:arcrole="http://xbrl.org/int/dim/arcrole/domain-member" xlink:from="OperatingResultsAbstract" xlink:to="OtherOperatingResultsAbstract" xlink:type="arc"/><loc xlink:href="http://www.xbrl.tdnet.info/taxonomy/jp/tse/tdnet/ed/t/2014-01-12/tse-ed-t-2014-01-12.xsd#tse-ed-t_NetIncomePerShare" xlink:label="NetIncomePerShare" xlink:type="locator"/><definitionArc order="1.0" priority="0" xlink:arcrole="http://xbrl.org/int/dim/arcrole/domain-member" xlink:from="OtherOperatingResultsAbstract" xlink:to="NetIncomePerShare" xlink:type="arc"/><loc xlink:href="http://www.xbrl.tdnet.info/taxonomy/jp/tse/tdnet/ed/t/2014-01-12/tse-ed-t-2014-01-12.xsd#tse-ed-t_DilutedNetIncomePerShare" xlink:label="DilutedNetIncomePerShare" xlink:type="locator"/><definitionArc order="2.0" priority="0" xlink:arcrole="http://xbrl.org/int/dim/arcrole/domain-member" xlink:from="OtherOperatingResultsAbstract" xlink:to="DilutedNetIncomePerShare" xlink:type="arc"/><loc xlink:href="http://www.xbrl.tdnet.info/taxonomy/jp/tse/tdnet/ed/t/2014-01-12/tse-ed-t-2014-01-12.xsd#tse-ed-t_NoteToOperatingResultsAbstract" xlink:label="NoteToOperatingResultsAbstract" xlink:type="locator"/><definitionArc order="2.0" priority="0" xlink:arcrole="http://xbrl.org/int/dim/arcrole/domain-member" xlink:from="BusinessResultsQuarterlyOperatingResultsLineItems" xlink:to="NoteToOperatingResultsAbstract" xlink:type="arc"/><loc xlink:href="http://www.xbrl.tdnet.info/taxonomy/jp/tse/tdnet/ed/t/2014-01-12/tse-ed-t-2014-01-12.xsd#tse-ed-t_NoteToOperatingResults" xlink:label="NoteToOperatingResults" xlink:type="locator"/><definitionArc order="1.0" priority="0" xlink:arcrole="http://xbrl.org/int/dim/arcrole/domain-member" xlink:from="NoteToOperatingResultsAbstract" xlink:to="NoteToOperatingResults" xlink:type="arc"/></definitionLink><definitionLink xlink:role="http://www.xbrl.tdnet.info/jp/tse/tdnet/role/RoleQuarterlyForecasts" xlink:type="extended"><loc xlink:href="http://www.xbrl.tdnet.info/taxonomy/jp/tse/tdnet/ed/t/2014-01-12/tse-ed-t-2014-01-12.xsd#tse-ed-t_ConsolidatedNonconsolidatedAxis" xlink:label="ConsolidatedNonconsolidatedAxis" xlink:type="locator"/><loc xlink:href="http://www.xbrl.tdnet.info/taxonomy/jp/tse/tdnet/ed/t/2014-01-12/tse-ed-t-2014-01-12.xsd#tse-ed-t_NonConsolidatedMember" xlink:label="NonConsolidatedMember" xlink:type="locator"/><definitionArc order="1.0" priority="0" xlink:arcrole="http://xbrl.org/int/dim/arcrole/dimension-domain" xlink:from="ConsolidatedNonconsolidatedAxis" xlink:to="NonConsolidatedMember" xlink:type="arc"/><loc xlink:href="http://www.xbrl.tdnet.info/taxonomy/jp/tse/tdnet/ed/t/2014-01-12/tse-ed-t-2014-01-12.xsd#tse-ed-t_ResultForecastAxis" xlink:label="ResultForecastAxis" xlink:type="locator"/><loc xlink:href="http://www.xbrl.tdnet.info/taxonomy/jp/tse/tdnet/ed/t/2014-01-12/tse-ed-t-2014-01-12.xsd#tse-ed-t_ForecastMember" xlink:label="ForecastMember" xlink:type="locator"/><definitionArc order="1.0" priority="0" xlink:arcrole="http://xbrl.org/int/dim/arcrole/dimension-domain" xlink:from="ResultForecastAxis" xlink:to="ForecastMember" xlink:type="arc"/><loc xlink:href="http://www.xbrl.tdnet.info/taxonomy/jp/tse/tdnet/ed/t/2014-01-12/tse-ed-t-2014-01-12.xsd#tse-ed-t_UpperMember" xlink:label="UpperMember" xlink:type="locator"/><definitionArc order="2.0" priority="0" xlink:arcrole="http://xbrl.org/int/dim/arcrole/dimension-domain" xlink:from="ResultForecastAxis" xlink:to="UpperMember" xlink:type="arc"/><loc xlink:href="http://www.xbrl.tdnet.info/taxonomy/jp/tse/tdnet/ed/t/2014-01-12/tse-ed-t-2014-01-12.xsd#tse-ed-t_LowerMember" xlink:label="LowerMember" xlink:type="locator"/><definitionArc order="3.0" priority="0" xlink:arcrole="http://xbrl.org/int/dim/arcrole/dimension-domain" xlink:from="ResultForecastAxis" xlink:to="LowerMember" xlink:type="arc"/><loc xlink:href="http://www.xbrl.tdnet.info/taxonomy/jp/tse/tdnet/ed/t/2014-01-12/tse-ed-t-2014-01-12.xsd#tse-ed-t_QuarterlyForecastsHeading" xlink:label="QuarterlyForecastsHeading" xlink:type="locator"/><loc xlink:href="http://www.xbrl.tdnet.info/taxonomy/jp/tse/tdnet/ed/t/2014-01-12/tse-ed-t-2014-01-12.xsd#tse-ed-t_QuarterlyForecastsTable" xlink:label="QuarterlyForecastsTable" xlink:type="locator"/><definitionArc order="1.0" priority="0" xbrldt:closed="true" xbrldt:contextElement="scenario" xlink:arcrole="http://xbrl.org/int/dim/arcrole/all" xlink:from="QuarterlyForecastsHeading" xlink:to="QuarterlyForecastsTable" xlink:type="arc"/><definitionArc order="1.0" priority="0" xlink:arcrole="http://xbrl.org/int/dim/arcrole/hypercube-dimension" xlink:from="QuarterlyForecastsTable" xlink:to="ConsolidatedNonconsolidatedAxis" xlink:type="arc"/><definitionArc order="2.0" priority="0" xlink:arcrole="http://xbrl.org/int/dim/arcrole/hypercube-dimension" xlink:from="QuarterlyForecastsTable" xlink:to="ResultForecastAxis" xlink:type="arc"/><loc xlink:href="http://www.xbrl.tdnet.info/taxonomy/jp/tse/tdnet/ed/t/2014-01-12/tse-ed-t-2014-01-12.xsd#tse-ed-t_QuarterlyForecastsLineItems" xlink:label="QuarterlyForecastsLineItems" xlink:type="locator"/><definitionArc order="2.0" priority="0" xlink:arcrole="http://xbrl.org/int/dim/arcrole/domain-member" xlink:from="QuarterlyForecastsHeading" xlink:to="QuarterlyForecastsLineItems" xlink:type="arc"/><loc xlink:href="http://www.xbrl.tdnet.info/taxonomy/jp/tse/tdnet/ed/t/2014-01-12/tse-ed-t-2014-01-12.xsd#tse-ed-t_TitleForForecasts" xlink:label="TitleForForecasts" xlink:type="locator"/><definitionArc order="1.0" priority="0" xlink:arcrole="http://xbrl.org/int/dim/arcrole/domain-member" xlink:from="QuarterlyForecastsLineItems" xlink:to="TitleForForecasts" xlink:type="arc"/><loc xlink:href="http://www.xbrl.tdnet.info/taxonomy/jp/tse/tdnet/ed/t/2014-01-12/tse-ed-t-2014-01-12.xsd#tse-ed-t_PreambleToForecastsAbstract" xlink:label="PreambleToForecastsAbstract" xlink:type="locator"/><definitionArc order="2.0" priority="0" xlink:arcrole="http://xbrl.org/int/dim/arcrole/domain-member" xlink:from="QuarterlyForecastsLineItems" xlink:to="PreambleToForecastsAbstract" xlink:type="arc"/><loc xlink:href="http://www.xbrl.tdnet.info/taxonomy/jp/tse/tdnet/ed/t/2014-01-12/tse-ed-t-2014-01-12.xsd#tse-ed-t_PreambleToForecasts" xlink:label="PreambleToForecasts" xlink:type="locator"/><definitionArc order="1.0" priority="0" xlink:arcrole="http://xbrl.org/int/dim/arcrole/domain-member" xlink:from="PreambleToForecastsAbstract" xlink:to="PreambleToForecasts" xlink:type="arc"/><loc xlink:href="http://www.xbrl.tdnet.info/taxonomy/jp/tse/tdnet/ed/t/2014-01-12/tse-ed-t-2014-01-12.xsd#tse-ed-t_MainTableOfForecastsAbstract" xlink:label="MainTableOfForecastsAbstract" xlink:type="locator"/><definitionArc order="3.0" priority="0" xlink:arcrole="http://xbrl.org/int/dim/arcrole/domain-member" xlink:from="QuarterlyForecastsLineItems" xlink:to="MainTableOfForecastsAbstract" xlink:type="arc"/><loc xlink:href="http://www.xbrl.tdnet.info/taxonomy/jp/tse/tdnet/ed/t/2014-01-12/tse-ed-t-2014-01-12.xsd#tse-ed-t_NetSalesForecastAbstract" xlink:label="NetSalesForecastAbstract" xlink:type="locator"/><definitionArc order="1.0" priority="0" xlink:arcrole="http://xbrl.org/int/dim/arcrole/domain-member" xlink:from="MainTableOfForecastsAbstract" xlink:to="NetSalesForecastAbstract" xlink:type="arc"/><loc xlink:href="http://www.xbrl.tdnet.info/taxonomy/jp/tse/tdnet/ed/t/2014-01-12/tse-ed-t-2014-01-12.xsd#tse-ed-t_NetSales" xlink:label="NetSales" xlink:type="locator"/><definitionArc order="1.0" priority="0" xlink:arcrole="http://xbrl.org/int/dim/arcrole/domain-member" xlink:from="NetSalesForecastAbstract" xlink:to="NetSales" xlink:type="arc"/><loc xlink:href="http://www.xbrl.tdnet.info/taxonomy/jp/tse/tdnet/ed/t/2014-01-12/tse-ed-t-2014-01-12.xsd#tse-ed-t_ChangeInNetSales" xlink:label="ChangeInNetSales" xlink:type="locator"/><definitionArc order="2.0" priority="0" xlink:arcrole="http://xbrl.org/int/dim/arcrole/domain-member" xlink:from="NetSalesForecastAbstract" xlink:to="ChangeInNetSales" xlink:type="arc"/><loc xlink:href="http://www.xbrl.tdnet.info/taxonomy/jp/tse/tdnet/ed/t/2014-01-12/tse-ed-t-2014-01-12.xsd#tse-ed-t_OperatingIncomeForecastAbstract" xlink:label="OperatingIncomeForecastAbstract" xlink:type="locator"/><definitionArc order="2.0" priority="0" xlink:arcrole="http://xbrl.org/int/dim/arcrole/domain-member" xlink:from="MainTableOfForecastsAbstract" xlink:to="OperatingIncomeForecastAbstract" xlink:type="arc"/><loc xlink:href="http://www.xbrl.tdnet.info/taxonomy/jp/tse/tdnet/ed/t/2014-01-12/tse-ed-t-2014-01-12.xsd#tse-ed-t_OperatingIncome" xlink:label="OperatingIncome" xlink:type="locator"/><definitionArc order="1.0" priority="0" xlink:arcrole="http://xbrl.org/int/dim/arcrole/domain-member" xlink:from="OperatingIncomeForecastAbstract" xlink:to="OperatingIncome" xlink:type="arc"/><loc xlink:href="http://www.xbrl.tdnet.info/taxonomy/jp/tse/tdnet/ed/t/2014-01-12/tse-ed-t-2014-01-12.xsd#tse-ed-t_ChangeInOperatingIncome" xlink:label="ChangeInOperatingIncome" xlink:type="locator"/><definitionArc order="2.0" priority="0" xlink:arcrole="http://xbrl.org/int/dim/arcrole/domain-member" xlink:from="OperatingIncomeForecastAbstract" xlink:to="ChangeInOperatingIncome" xlink:type="arc"/><loc xlink:href="http://www.xbrl.tdnet.info/taxonomy/jp/tse/tdnet/ed/t/2014-01-12/tse-ed-t-2014-01-12.xsd#tse-ed-t_OrdinaryIncomeForecastAbstract" xlink:label="OrdinaryIncomeForecastAbstract" xlink:type="locator"/><definitionArc order="3.0" priority="0" xlink:arcrole="http://xbrl.org/int/dim/arcrole/domain-member" xlink:from="MainTableOfForecastsAbstract" xlink:to="OrdinaryIncomeForecastAbstract" xlink:type="arc"/><loc xlink:href="http://www.xbrl.tdnet.info/taxonomy/jp/tse/tdnet/ed/t/2014-01-12/tse-ed-t-2014-01-12.xsd#tse-ed-t_OrdinaryIncome" xlink:label="OrdinaryIncome" xlink:type="locator"/><definitionArc order="1.0" priority="0" xlink:arcrole="http://xbrl.org/int/dim/arcrole/domain-member" xlink:from="OrdinaryIncomeForecastAbstract" xlink:to="OrdinaryIncome" xlink:type="arc"/><loc xlink:href="http://www.xbrl.tdnet.info/taxonomy/jp/tse/tdnet/ed/t/2014-01-12/tse-ed-t-2014-01-12.xsd#tse-ed-t_ChangeInOrdinaryIncome" xlink:label="ChangeInOrdinaryIncome" xlink:type="locator"/><definitionArc order="2.0" priority="0" xlink:arcrole="http://xbrl.org/int/dim/arcrole/domain-member" xlink:from="OrdinaryIncomeForecastAbstract" xlink:to="ChangeInOrdinaryIncome" xlink:type="arc"/><loc xlink:href="http://www.xbrl.tdnet.info/taxonomy/jp/tse/tdnet/ed/t/2014-01-12/tse-ed-t-2014-01-12.xsd#tse-ed-t_NetIncomeForecastAbstract" xlink:label="NetIncomeForecastAbstract" xlink:type="locator"/><definitionArc order="4.0" priority="0" xlink:arcrole="http://xbrl.org/int/dim/arcrole/domain-member" xlink:from="MainTableOfForecastsAbstract" xlink:to="NetIncomeForecastAbstract" xlink:type="arc"/><loc xlink:href="http://www.xbrl.tdnet.info/taxonomy/jp/tse/tdnet/ed/t/2014-01-12/tse-ed-t-2014-01-12.xsd#tse-ed-t_NetIncome" xlink:label="NetIncome" xlink:type="locator"/><definitionArc order="1.0" priority="0" xlink:arcrole="http://xbrl.org/int/dim/arcrole/domain-member" xlink:from="NetIncomeForecastAbstract" xlink:to="NetIncome" xlink:type="arc"/><loc xlink:href="http://www.xbrl.tdnet.info/taxonomy/jp/tse/tdnet/ed/t/2014-01-12/tse-ed-t-2014-01-12.xsd#tse-ed-t_ChangeInNetIncome" xlink:label="ChangeInNetIncome" xlink:type="locator"/><definitionArc order="2.0" priority="0" xlink:arcrole="http://xbrl.org/int/dim/arcrole/domain-member" xlink:from="NetIncomeForecastAbstract" xlink:to="ChangeInNetIncome" xlink:type="arc"/><loc xlink:href="http://www.xbrl.tdnet.info/taxonomy/jp/tse/tdnet/ed/t/2014-01-12/tse-ed-t-2014-01-12.xsd#tse-ed-t_NetIncomePerShareForecastAbstract" xlink:label="NetIncomePerShareForecastAbstract" xlink:type="locator"/><definitionArc order="5.0" priority="0" xlink:arcrole="http://xbrl.org/int/dim/arcrole/domain-member" xlink:from="MainTableOfForecastsAbstract" xlink:to="NetIncomePerShareForecastAbstract" xlink:type="arc"/><loc xlink:href="http://www.xbrl.tdnet.info/taxonomy/jp/tse/tdnet/ed/t/2014-01-12/tse-ed-t-2014-01-12.xsd#tse-ed-t_NetIncomePerShare" xlink:label="NetIncomePerShare" xlink:type="locator"/><definitionArc order="1.0" priority="0" xlink:arcrole="http://xbrl.org/int/dim/arcrole/domain-member" xlink:from="NetIncomePerShareForecastAbstract" xlink:to="NetIncomePerShare" xlink:type="arc"/><loc xlink:href="http://www.xbrl.tdnet.info/taxonomy/jp/tse/tdnet/ed/t/2014-01-12/tse-ed-t-2014-01-12.xsd#tse-ed-t_CorrectionOfFinancialForecastInThisQuarterAbstract" xlink:label="CorrectionOfFinancialForecastInThisQuarterAbstract" xlink:type="locator"/><definitionArc order="5.0" priority="0" xlink:arcrole="http://xbrl.org/int/dim/arcrole/domain-member" xlink:from="QuarterlyForecastsLineItems" xlink:to="CorrectionOfFinancialForecastInThisQuarterAbstract" xlink:type="arc"/><loc xlink:href="http://www.xbrl.tdnet.info/taxonomy/jp/tse/tdnet/ed/t/2014-01-12/tse-ed-t-2014-01-12.xsd#tse-ed-t_CorrectionOfFinancialForecastInThisQuarter" xlink:label="CorrectionOfFinancialForecastInThisQuarter" xlink:type="locator"/><definitionArc order="1.0" priority="0" xlink:arcrole="http://xbrl.org/int/dim/arcrole/domain-member" xlink:from="CorrectionOfFinancialForecastInThisQuarterAbstract" xlink:to="CorrectionOfFinancialForecastInThisQuarter" xlink:type="arc"/><loc xlink:href="http://www.xbrl.tdnet.info/taxonomy/jp/tse/tdnet/ed/t/2014-01-12/tse-ed-t-2014-01-12.xsd#tse-ed-t_NoteToForecastsAbstract" xlink:label="NoteToForecastsAbstract" xlink:type="locator"/><definitionArc order="4.0" priority="0" xlink:arcrole="http://xbrl.org/int/dim/arcrole/domain-member" xlink:from="QuarterlyForecastsLineItems" xlink:to="NoteToForecastsAbstract" xlink:type="arc"/><loc xlink:href="http://www.xbrl.tdnet.info/taxonomy/jp/tse/tdnet/ed/t/2014-01-12/tse-ed-t-2014-01-12.xsd#tse-ed-t_NoteToForecasts" xlink:label="NoteToForecasts" xlink:type="locator"/><definitionArc order="1.0" priority="0" xlink:arcrole="http://xbrl.org/int/dim/arcrole/domain-member" xlink:from="NoteToForecastsAbstract" xlink:to="NoteToForecasts" xlink:type="arc"/></definitionLink><definitionLink xlink:role="http://www.xbrl.tdnet.info/jp/tse/tdnet/role/RoleBusinessResultsQuarterlyFinancialPositions" xlink:type="extended"><loc xlink:href="http://www.xbrl.tdnet.info/taxonomy/jp/tse/tdnet/ed/t/2014-01-12/tse-ed-t-2014-01-12.xsd#tse-ed-t_ConsolidatedNonconsolidatedAxis" xlink:label="ConsolidatedNonconsolidatedAxis" xlink:type="locator"/><loc xlink:href="http://www.xbrl.tdnet.info/taxonomy/jp/tse/tdnet/ed/t/2014-01-12/tse-ed-t-2014-01-12.xsd#tse-ed-t_NonConsolidatedMember" xlink:label="NonConsolidatedMember" xlink:type="locator"/><definitionArc order="1.0" priority="0" xlink:arcrole="http://xbrl.org/int/dim/arcrole/dimension-domain" xlink:from="ConsolidatedNonconsolidatedAxis" xlink:to="NonConsolidatedMember" xlink:type="arc"/><loc xlink:href="http://www.xbrl.tdnet.info/taxonomy/jp/tse/tdnet/ed/t/2014-01-12/tse-ed-t-2014-01-12.xsd#tse-ed-t_ResultForecastAxis" xlink:label="ResultForecastAxis" xlink:type="locator"/><loc xlink:href="http://www.xbrl.tdnet.info/taxonomy/jp/tse/tdnet/ed/t/2014-01-12/tse-ed-t-2014-01-12.xsd#tse-ed-t_ResultMember" xlink:label="ResultMember" xlink:type="locator"/><definitionArc order="1.0" priority="0" xlink:arcrole="http://xbrl.org/int/dim/arcrole/dimension-domain" xlink:from="ResultForecastAxis" xlink:to="ResultMember" xlink:type="arc"/><loc xlink:href="http://www.xbrl.tdnet.info/taxonomy/jp/tse/tdnet/ed/t/2014-01-12/tse-ed-t-2014-01-12.xsd#tse-ed-t_BusinessResultsQuarterlyFinancialPositionsHeading" xlink:label="BusinessResultsQuarterlyFinancialPositionsHeading" xlink:type="locator"/><loc xlink:href="http://www.xbrl.tdnet.info/taxonomy/jp/tse/tdnet/ed/t/2014-01-12/tse-ed-t-2014-01-12.xsd#tse-ed-t_BusinessResultsQuarterlyFinancialPositionsTable" xlink:label="BusinessResultsQuarterlyFinancialPositionsTable" xlink:type="locator"/><definitionArc order="1.0" priority="0" xbrldt:closed="true" xbrldt:contextElement="scenario" xlink:arcrole="http://xbrl.org/int/dim/arcrole/all" xlink:from="BusinessResultsQuarterlyFinancialPositionsHeading" xlink:to="BusinessResultsQuarterlyFinancialPositionsTable" xlink:type="arc"/><definitionArc order="1.0" priority="0" xlink:arcrole="http://xbrl.org/int/dim/arcrole/hypercube-dimension" xlink:from="BusinessResultsQuarterlyFinancialPositionsTable" xlink:to="ConsolidatedNonconsolidatedAxis" xlink:type="arc"/><definitionArc order="2.0" priority="0" xlink:arcrole="http://xbrl.org/int/dim/arcrole/hypercube-dimension" xlink:from="BusinessResultsQuarterlyFinancialPositionsTable" xlink:to="ResultForecastAxis" xlink:type="arc"/><loc xlink:href="http://www.xbrl.tdnet.info/taxonomy/jp/tse/tdnet/ed/t/2014-01-12/tse-ed-t-2014-01-12.xsd#tse-ed-t_BusinessResultsQuarterlyFinancialPositionsLineItems" xlink:label="BusinessResultsQuarterlyFinancialPositionsLineItems" xlink:type="locator"/><definitionArc order="2.0" priority="0" xlink:arcrole="http://xbrl.org/int/dim/arcrole/domain-member" xlink:from="BusinessResultsQuarterlyFinancialPositionsHeading" xlink:to="BusinessResultsQuarterlyFinancialPositionsLineItems" xlink:type="arc"/><loc xlink:href="http://www.xbrl.tdnet.info/taxonomy/jp/tse/tdnet/ed/t/2014-01-12/tse-ed-t-2014-01-12.xsd#tse-ed-t_FinancialPositionsAbstract" xlink:label="FinancialPositionsAbstract" xlink:type="locator"/><definitionArc order="1.0" priority="0" xlink:arcrole="http://xbrl.org/int/dim/arcrole/domain-member" xlink:from="BusinessResultsQuarterlyFinancialPositionsLineItems" xlink:to="FinancialPositionsAbstract" xlink:type="arc"/><loc xlink:href="http://www.xbrl.tdnet.info/taxonomy/jp/tse/tdnet/ed/t/2014-01-12/tse-ed-t-2014-01-12.xsd#tse-ed-t_TotalAssets" xlink:label="TotalAssets" xlink:type="locator"/><definitionArc order="1.0" priority="0" xlink:arcrole="http://xbrl.org/int/dim/arcrole/domain-member" xlink:from="FinancialPositionsAbstract" xlink:to="TotalAssets" xlink:type="arc"/><loc xlink:href="http://www.xbrl.tdnet.info/taxonomy/jp/tse/tdnet/ed/t/2014-01-12/tse-ed-t-2014-01-12.xsd#tse-ed-t_NetAssets" xlink:label="NetAssets" xlink:type="locator"/><definitionArc order="2.0" priority="0" xlink:arcrole="http://xbrl.org/int/dim/arcrole/domain-member" xlink:from="FinancialPositionsAbstract" xlink:to="NetAssets" xlink:type="arc"/><loc xlink:href="http://www.xbrl.tdnet.info/taxonomy/jp/tse/tdnet/ed/t/2014-01-12/tse-ed-t-2014-01-12.xsd#tse-ed-t_CapitalAdequacyRatio" xlink:label="CapitalAdequacyRatio" xlink:type="locator"/><definitionArc order="3.0" priority="0" xlink:arcrole="http://xbrl.org/int/dim/arcrole/domain-member" xlink:from="FinancialPositionsAbstract" xlink:to="CapitalAdequacyRatio" xlink:type="arc"/><loc xlink:href="http://www.xbrl.tdnet.info/taxonomy/jp/tse/tdnet/ed/t/2014-01-12/tse-ed-t-2014-01-12.xsd#tse-ed-t_NetAssetsPerShare" xlink:label="NetAssetsPerShare" xlink:type="locator"/><definitionArc order="4.0" priority="0" xlink:arcrole="http://xbrl.org/int/dim/arcrole/domain-member" xlink:from="FinancialPositionsAbstract" xlink:to="NetAssetsPerShare" xlink:type="arc"/><loc xlink:href="http://www.xbrl.tdnet.info/taxonomy/jp/tse/tdnet/ed/t/2014-01-12/tse-ed-t-2014-01-12.xsd#tse-ed-t_NoteToFinancialPositionsAbstract" xlink:label="NoteToFinancialPositionsAbstract" xlink:type="locator"/><definitionArc order="2.0" priority="0" xlink:arcrole="http://xbrl.org/int/dim/arcrole/domain-member" xlink:from="BusinessResultsQuarterlyFinancialPositionsLineItems" xlink:to="NoteToFinancialPositionsAbstract" xlink:type="arc"/><loc xlink:href="http://www.xbrl.tdnet.info/taxonomy/jp/tse/tdnet/ed/t/2014-01-12/tse-ed-t-2014-01-12.xsd#tse-ed-t_OwnersEquity" xlink:label="OwnersEquity" xlink:type="locator"/><definitionArc order="1.0" priority="0" xlink:arcrole="http://xbrl.org/int/dim/arcrole/domain-member" xlink:from="NoteToFinancialPositionsAbstract" xlink:to="OwnersEquity" xlink:type="arc"/><loc xlink:href="http://www.xbrl.tdnet.info/taxonomy/jp/tse/tdnet/ed/t/2014-01-12/tse-ed-t-2014-01-12.xsd#tse-ed-t_NoteToFinancialPositions" xlink:label="NoteToFinancialPositions" xlink:type="locator"/><definitionArc order="2.0" priority="0" xlink:arcrole="http://xbrl.org/int/dim/arcrole/domain-member" xlink:from="NoteToFinancialPositionsAbstract" xlink:to="NoteToFinancialPositions" xlink:type="arc"/></definitionLink><definitionLink xlink:role="http://www.xbrl.tdnet.info/jp/tse/tdnet/role/RoleNotesQuarterlyApplyingSpecificAccountingConsolidatedQuarterlyFinancialStatements" xlink:type="extended"><loc xlink:href="http://www.xbrl.tdnet.info/taxonomy/jp/tse/tdnet/ed/t/2014-01-12/tse-ed-t-2014-01-12.xsd#tse-ed-t_ConsolidatedNonconsolidatedAxis" xlink:label="ConsolidatedNonconsolidatedAxis" xlink:type="locator"/><loc xlink:href="http://www.xbrl.tdnet.info/taxonomy/jp/tse/tdnet/ed/t/2014-01-12/tse-ed-t-2014-01-12.xsd#tse-ed-t_NonConsolidatedMember" xlink:label="NonConsolidatedMember" xlink:type="locator"/><definitionArc order="1.0" priority="0" xlink:arcrole="http://xbrl.org/int/dim/arcrole/dimension-domain" xlink:from="ConsolidatedNonconsolidatedAxis" xlink:to="NonConsolidatedMember" xlink:type="arc"/><loc xlink:href="http://www.xbrl.tdnet.info/taxonomy/jp/tse/tdnet/ed/t/2014-01-12/tse-ed-t-2014-01-12.xsd#tse-ed-t_ResultForecastAxis" xlink:label="ResultForecastAxis" xlink:type="locator"/><loc xlink:href="http://www.xbrl.tdnet.info/taxonomy/jp/tse/tdnet/ed/t/2014-01-12/tse-ed-t-2014-01-12.xsd#tse-ed-t_ResultMember" xlink:label="ResultMember" xlink:type="locator"/><definitionArc order="1.0" priority="0" xlink:arcrole="http://xbrl.org/int/dim/arcrole/dimension-domain" xlink:from="ResultForecastAxis" xlink:to="ResultMember" xlink:type="arc"/><loc xlink:href="http://www.xbrl.tdnet.info/taxonomy/jp/tse/tdnet/ed/t/2014-01-12/tse-ed-t-2014-01-12.xsd#tse-ed-t_NotesQuarterlyApplyingSpecificAccountingConsolidatedQuarterlyFinancialStatementsHeading" xlink:label="NotesQuarterlyApplyingSpecificAccountingConsolidatedQuarterlyFinancialStatementsHeading" xlink:type="locator"/><loc xlink:href="http://www.xbrl.tdnet.info/taxonomy/jp/tse/tdnet/ed/t/2014-01-12/tse-ed-t-2014-01-12.xsd#tse-ed-t_NotesQuarterlyApplyingSpecificAccountingConsolidatedQuarterlyFinancialStatementsTable" xlink:label="NotesQuarterlyApplyingSpecificAccountingConsolidatedQuarterlyFinancialStatementsTable" xlink:type="locator"/><definitionArc order="1.0" priority="0" xbrldt:closed="true" xbrldt:contextElement="scenario" xlink:arcrole="http://xbrl.org/int/dim/arcrole/all" xlink:from="NotesQuarterlyApplyingSpecificAccountingConsolidatedQuarterlyFinancialStatementsHeading" xlink:to="NotesQuarterlyApplyingSpecificAccountingConsolidatedQuarterlyFinancialStatementsTable" xlink:type="arc"/><definitionArc order="1.0" priority="0" xlink:arcrole="http://xbrl.org/int/dim/arcrole/hypercube-dimension" xlink:from="NotesQuarterlyApplyingSpecificAccountingConsolidatedQuarterlyFinancialStatementsTable" xlink:to="ConsolidatedNonconsolidatedAxis" xlink:type="arc"/><definitionArc order="2.0" priority="0" xlink:arcrole="http://xbrl.org/int/dim/arcrole/hypercube-dimension" xlink:from="NotesQuarterlyApplyingSpecificAccountingConsolidatedQuarterlyFinancialStatementsTable" xlink:to="ResultForecastAxis" xlink:type="arc"/><loc xlink:href="http://www.xbrl.tdnet.info/taxonomy/jp/tse/tdnet/ed/t/2014-01-12/tse-ed-t-2014-01-12.xsd#tse-ed-t_NotesQuarterlyApplyingSpecificAccountingConsolidatedQuarterlyFinancialStatementsLineItems" xlink:label="NotesQuarterlyApplyingSpecificAccountingConsolidatedQuarterlyFinancialStatementsLineItems" xlink:type="locator"/><definitionArc order="2.0" priority="0" xlink:arcrole="http://xbrl.org/int/dim/arcrole/domain-member" xlink:from="NotesQuarterlyApplyingSpecificAccountingConsolidatedQuarterlyFinancialStatementsHeading" xlink:to="NotesQuarterlyApplyingSpecificAccountingConsolidatedQuarterlyFinancialStatementsLineItems" xlink:type="arc"/><loc xlink:href="http://www.xbrl.tdnet.info/taxonomy/jp/tse/tdnet/ed/t/2014-01-12/tse-ed-t-2014-01-12.xsd#tse-ed-t_OthersAbstract" xlink:label="OthersAbstract" xlink:type="locator"/><definitionArc order="1.0" priority="0" xlink:arcrole="http://xbrl.org/int/dim/arcrole/domain-member" xlink:from="NotesQuarterlyApplyingSpecificAccountingConsolidatedQuarterlyFinancialStatementsLineItems" xlink:to="OthersAbstract" xlink:type="arc"/><loc xlink:href="http://www.xbrl.tdnet.info/taxonomy/jp/tse/tdnet/ed/t/2014-01-12/tse-ed-t-2014-01-12.xsd#tse-ed-t_ApplyingOfSpecificAccountingOfTheQuarterlyFinancialStatementsAbstract" xlink:label="ApplyingOfSpecificAccountingOfTheQuarterlyFinancialStatementsAbstract" xlink:type="locator"/><definitionArc order="1.0" priority="0" xlink:arcrole="http://xbrl.org/int/dim/arcrole/domain-member" xlink:from="OthersAbstract" xlink:to="ApplyingOfSpecificAccountingOfTheQuarterlyFinancialStatementsAbstract" xlink:type="arc"/><loc xlink:href="http://www.xbrl.tdnet.info/taxonomy/jp/tse/tdnet/ed/t/2014-01-12/tse-ed-t-2014-01-12.xsd#tse-ed-t_ApplyingOfSpecificAccountingOfTheQuarterlyFinancialStatements" xlink:label="ApplyingOfSpecificAccountingOfTheQuarterlyFinancialStatements" xlink:type="locator"/><definitionArc order="1.0" priority="0" xlink:arcrole="http://xbrl.org/int/dim/arcrole/domain-member" xlink:from="ApplyingOfSpecificAccountingOfTheQuarterlyFinancialStatementsAbstract" xlink:to="ApplyingOfSpecificAccountingOfTheQuarterlyFinancialStatements" xlink:type="arc"/><loc xlink:href="http://www.xbrl.tdnet.info/taxonomy/jp/tse/tdnet/ed/t/2014-01-12/tse-ed-t-2014-01-12.xsd#tse-ed-t_NoteToApplyingOfSpecificAccountingOfTheQuarterlyFinancialStatementsAbstract" xlink:label="NoteToApplyingOfSpecificAccountingOfTheQuarterlyFinancialStatementsAbstract" xlink:type="locator"/><definitionArc order="2.0" priority="0" xlink:arcrole="http://xbrl.org/int/dim/arcrole/domain-member" xlink:from="OthersAbstract" xlink:to="NoteToApplyingOfSpecificAccountingOfTheQuarterlyFinancialStatementsAbstract" xlink:type="arc"/><loc xlink:href="http://www.xbrl.tdnet.info/taxonomy/jp/tse/tdnet/ed/t/2014-01-12/tse-ed-t-2014-01-12.xsd#tse-ed-t_NoteToApplyingOfSpecificAccountingOfTheQuarterlyFinancialStatements" xlink:label="NoteToApplyingOfSpecificAccountingOfTheQuarterlyFinancialStatements" xlink:type="locator"/><definitionArc order="1.0" priority="0" xlink:arcrole="http://xbrl.org/int/dim/arcrole/domain-member" xlink:from="NoteToApplyingOfSpecificAccountingOfTheQuarterlyFinancialStatementsAbstract" xlink:to="NoteToApplyingOfSpecificAccountingOfTheQuarterlyFinancialStatements" xlink:type="arc"/></definitionLink><definitionLink xlink:role="http://www.xbrl.tdnet.info/jp/tse/tdnet/role/RoleNotesQuarterlyChangesAccountingPoliciesAccountingEstimatesRetrospectiveRestatement" xlink:type="extended"><loc xlink:href="http://www.xbrl.tdnet.info/taxonomy/jp/tse/tdnet/ed/t/2014-01-12/tse-ed-t-2014-01-12.xsd#tse-ed-t_ConsolidatedNonconsolidatedAxis" xlink:label="ConsolidatedNonconsolidatedAxis" xlink:type="locator"/><loc xlink:href="http://www.xbrl.tdnet.info/taxonomy/jp/tse/tdnet/ed/t/2014-01-12/tse-ed-t-2014-01-12.xsd#tse-ed-t_NonConsolidatedMember" xlink:label="NonConsolidatedMember" xlink:type="locator"/><definitionArc order="1.0" priority="0" xlink:arcrole="http://xbrl.org/int/dim/arcrole/dimension-domain" xlink:from="ConsolidatedNonconsolidatedAxis" xlink:to="NonConsolidatedMember" xlink:type="arc"/><loc xlink:href="http://www.xbrl.tdnet.info/taxonomy/jp/tse/tdnet/ed/t/2014-01-12/tse-ed-t-2014-01-12.xsd#tse-ed-t_ResultForecastAxis" xlink:label="ResultForecastAxis" xlink:type="locator"/><loc xlink:href="http://www.xbrl.tdnet.info/taxonomy/jp/tse/tdnet/ed/t/2014-01-12/tse-ed-t-2014-01-12.xsd#tse-ed-t_ResultMember" xlink:label="ResultMember" xlink:type="locator"/><definitionArc order="1.0" priority="0" xlink:arcrole="http://xbrl.org/int/dim/arcrole/dimension-domain" xlink:from="ResultForecastAxis" xlink:to="ResultMember" xlink:type="arc"/><loc xlink:href="http://www.xbrl.tdnet.info/taxonomy/jp/tse/tdnet/ed/t/2014-01-12/tse-ed-t-2014-01-12.xsd#tse-ed-t_OthersAbstract" xlink:label="OthersAbstract" xlink:type="locator"/><loc xlink:href="http://www.xbrl.tdnet.info/taxonomy/jp/tse/tdnet/ed/t/2014-01-12/tse-ed-t-2014-01-12.xsd#tse-ed-t_ChangesInAccountingPoliciesAccountingEstimatesAndRetrospectiveRestatementQuarterlyConsolidatedAbstract" xlink:label="ChangesInAccountingPoliciesAccountingEstimatesAndRetrospectiveRestatementQuarterlyConsolidatedAbstract" xlink:type="locator"/><definitionArc order="1.0" priority="0" xlink:arcrole="http://xbrl.org/int/dim/arcrole/domain-member" xlink:from="OthersAbstract" xlink:to="ChangesInAccountingPoliciesAccountingEstimatesAndRetrospectiveRestatementQuarterlyConsolidatedAbstract" xlink:type="arc"/><loc xlink:href="http://www.xbrl.tdnet.info/taxonomy/jp/tse/tdnet/ed/t/2014-01-12/tse-ed-t-2014-01-12.xsd#tse-ed-t_ChangesBasedOnRevisionsOfAccountingStandard" xlink:label="ChangesBasedOnRevisionsOfAccountingStandard" xlink:type="locator"/><definitionArc order="1.0" priority="0" xlink:arcrole="http://xbrl.org/int/dim/arcrole/domain-member" xlink:from="ChangesInAccountingPoliciesAccountingEstimatesAndRetrospectiveRestatementQuarterlyConsolidatedAbstract" xlink:to="ChangesBasedOnRevisionsOfAccountingStandard" xlink:type="arc"/><loc xlink:href="http://www.xbrl.tdnet.info/taxonomy/jp/tse/tdnet/ed/t/2014-01-12/tse-ed-t-2014-01-12.xsd#tse-ed-t_ChangesOtherThanOnesBasedOnRevisionsOfAccountingStandard" xlink:label="ChangesOtherThanOnesBasedOnRevisionsOfAccountingStandard" xlink:type="locator"/><definitionArc order="2.0" priority="0" xlink:arcrole="http://xbrl.org/int/dim/arcrole/domain-member" xlink:from="ChangesInAccountingPoliciesAccountingEstimatesAndRetrospectiveRestatementQuarterlyConsolidatedAbstract" xlink:to="ChangesOtherThanOnesBasedOnRevisionsOfAccountingStandard" xlink:type="arc"/><loc xlink:href="http://www.xbrl.tdnet.info/taxonomy/jp/tse/tdnet/ed/t/2014-01-12/tse-ed-t-2014-01-12.xsd#tse-ed-t_ChangesInAccountingEstimates" xlink:label="ChangesInAccountingEstimates" xlink:type="locator"/><definitionArc order="3.0" priority="0" xlink:arcrole="http://xbrl.org/int/dim/arcrole/domain-member" xlink:from="ChangesInAccountingPoliciesAccountingEstimatesAndRetrospectiveRestatementQuarterlyConsolidatedAbstract" xlink:to="ChangesInAccountingEstimates" xlink:type="arc"/><loc xlink:href="http://www.xbrl.tdnet.info/taxonomy/jp/tse/tdnet/ed/t/2014-01-12/tse-ed-t-2014-01-12.xsd#tse-ed-t_RetrospectiveRestatement" xlink:label="RetrospectiveRestatement" xlink:type="locator"/><definitionArc order="4.0" priority="0" xlink:arcrole="http://xbrl.org/int/dim/arcrole/domain-member" xlink:from="ChangesInAccountingPoliciesAccountingEstimatesAndRetrospectiveRestatementQuarterlyConsolidatedAbstract" xlink:to="RetrospectiveRestatement" xlink:type="arc"/><loc xlink:href="http://www.xbrl.tdnet.info/taxonomy/jp/tse/tdnet/ed/t/2014-01-12/tse-ed-t-2014-01-12.xsd#tse-ed-t_NoteToChangesInAccountingPoliciesAccountingEstimatesAndRetrospectiveRestatementQuarterlyConsolidatedAbstract" xlink:label="NoteToChangesInAccountingPoliciesAccountingEstimatesAndRetrospectiveRestatementQuarterlyConsolidatedAbstract" xlink:type="locator"/><definitionArc order="2.0" priority="0" xlink:arcrole="http://xbrl.org/int/dim/arcrole/domain-member" xlink:from="OthersAbstract" xlink:to="NoteToChangesInAccountingPoliciesAccountingEstimatesAndRetrospectiveRestatementQuarterlyConsolidatedAbstract" xlink:type="arc"/><loc xlink:href="http://www.xbrl.tdnet.info/taxonomy/jp/tse/tdnet/ed/t/2014-01-12/tse-ed-t-2014-01-12.xsd#tse-ed-t_NoteToChangesInAccountingPoliciesAccountingEstimatesAndRetrospectiveRestatementQuarterlyConsolidated" xlink:label="NoteToChangesInAccountingPoliciesAccountingEstimatesAndRetrospectiveRestatementQuarterlyConsolidated" xlink:type="locator"/><definitionArc order="1.0" priority="0" xlink:arcrole="http://xbrl.org/int/dim/arcrole/domain-member" xlink:from="NoteToChangesInAccountingPoliciesAccountingEstimatesAndRetrospectiveRestatementQuarterlyConsolidatedAbstract" xlink:to="NoteToChangesInAccountingPoliciesAccountingEstimatesAndRetrospectiveRestatementQuarterlyConsolidated" xlink:type="arc"/><loc xlink:href="http://www.xbrl.tdnet.info/taxonomy/jp/tse/tdnet/ed/t/2014-01-12/tse-ed-t-2014-01-12.xsd#tse-ed-t_NotesQuarterlyChangesAccountingPoliciesAccountingEstimatesRetrospectiveRestatementHeading" xlink:label="NotesQuarterlyChangesAccountingPoliciesAccountingEstimatesRetrospectiveRestatementHeading" xlink:type="locator"/><loc xlink:href="http://www.xbrl.tdnet.info/taxonomy/jp/tse/tdnet/ed/t/2014-01-12/tse-ed-t-2014-01-12.xsd#tse-ed-t_NotesQuarterlyChangesAccountingPoliciesAccountingEstimatesRetrospectiveRestatementTable" xlink:label="NotesQuarterlyChangesAccountingPoliciesAccountingEstimatesRetrospectiveRestatementTable" xlink:type="locator"/><definitionArc order="1.0" priority="0" xbrldt:closed="true" xbrldt:contextElement="scenario" xlink:arcrole="http://xbrl.org/int/dim/arcrole/all" xlink:from="NotesQuarterlyChangesAccountingPoliciesAccountingEstimatesRetrospectiveRestatementHeading" xlink:to="NotesQuarterlyChangesAccountingPoliciesAccountingEstimatesRetrospectiveRestatementTable" xlink:type="arc"/><definitionArc order="1.0" priority="0" xlink:arcrole="http://xbrl.org/int/dim/arcrole/hypercube-dimension" xlink:from="NotesQuarterlyChangesAccountingPoliciesAccountingEstimatesRetrospectiveRestatementTable" xlink:to="ConsolidatedNonconsolidatedAxis" xlink:type="arc"/><definitionArc order="2.0" priority="0" xlink:arcrole="http://xbrl.org/int/dim/arcrole/hypercube-dimension" xlink:from="NotesQuarterlyChangesAccountingPoliciesAccountingEstimatesRetrospectiveRestatementTable" xlink:to="ResultForecastAxis" xlink:type="arc"/><loc xlink:href="http://www.xbrl.tdnet.info/taxonomy/jp/tse/tdnet/ed/t/2014-01-12/tse-ed-t-2014-01-12.xsd#tse-ed-t_NotesQuarterlyChangesAccountingPoliciesAccountingEstimatesRetrospectiveRestatementLineItems" xlink:label="NotesQuarterlyChangesAccountingPoliciesAccountingEstimatesRetrospectiveRestatementLineItems" xlink:type="locator"/><definitionArc order="2.0" priority="0" xlink:arcrole="http://xbrl.org/int/dim/arcrole/domain-member" xlink:from="NotesQuarterlyChangesAccountingPoliciesAccountingEstimatesRetrospectiveRestatementHeading" xlink:to="NotesQuarterlyChangesAccountingPoliciesAccountingEstimatesRetrospectiveRestatementLineItems" xlink:type="arc"/><definitionArc order="1.0" priority="0" xlink:arcrole="http://xbrl.org/int/dim/arcrole/domain-member" xlink:from="NotesQuarterlyChangesAccountingPoliciesAccountingEstimatesRetrospectiveRestatementLineItems" xlink:to="OthersAbstract" xlink:type="arc"/></definitionLink><definitionLink xlink:role="http://www.xbrl.tdnet.info/jp/tse/tdnet/role/RoleQuarterlyDividends" xlink:type="extended"><loc xlink:href="http://www.xbrl.tdnet.info/taxonomy/jp/tse/tdnet/ed/t/2014-01-12/tse-ed-t-2014-01-12.xsd#tse-ed-t_ConsolidatedNonconsolidatedAxis" xlink:label="ConsolidatedNonconsolidatedAxis" xlink:type="locator"/><loc xlink:href="http://www.xbrl.tdnet.info/taxonomy/jp/tse/tdnet/ed/t/2014-01-12/tse-ed-t-2014-01-12.xsd#tse-ed-t_NonConsolidatedMember" xlink:label="NonConsolidatedMember" xlink:type="locator"/><definitionArc order="1.0" priority="0" xlink:arcrole="http://xbrl.org/int/dim/arcrole/dimension-domain" xlink:from="ConsolidatedNonconsolidatedAxis" xlink:to="NonConsolidatedMember" xlink:type="arc"/><loc xlink:href="http://www.xbrl.tdnet.info/taxonomy/jp/tse/tdnet/ed/t/2014-01-12/tse-ed-t-2014-01-12.xsd#tse-ed-t_ResultForecastAxis" xlink:label="ResultForecastAxis" xlink:type="locator"/><loc xlink:href="http://www.xbrl.tdnet.info/taxonomy/jp/tse/tdnet/ed/t/2014-01-12/tse-ed-t-2014-01-12.xsd#tse-ed-t_ResultMember" xlink:label="ResultMember" xlink:type="locator"/><definitionArc order="1.0" priority="0" xlink:arcrole="http://xbrl.org/int/dim/arcrole/dimension-domain" xlink:from="ResultForecastAxis" xlink:to="ResultMember" xlink:type="arc"/><loc xlink:href="http://www.xbrl.tdnet.info/taxonomy/jp/tse/tdnet/ed/t/2014-01-12/tse-ed-t-2014-01-12.xsd#tse-ed-t_ForecastMember" xlink:label="ForecastMember" xlink:type="locator"/><definitionArc order="2.0" priority="0" xlink:arcrole="http://xbrl.org/int/dim/arcrole/dimension-domain" xlink:from="ResultForecastAxis" xlink:to="ForecastMember" xlink:type="arc"/><loc xlink:href="http://www.xbrl.tdnet.info/taxonomy/jp/tse/tdnet/ed/t/2014-01-12/tse-ed-t-2014-01-12.xsd#tse-ed-t_UpperMember" xlink:label="UpperMember" xlink:type="locator"/><definitionArc order="3.0" priority="0" xlink:arcrole="http://xbrl.org/int/dim/arcrole/dimension-domain" xlink:from="ResultForecastAxis" xlink:to="UpperMember" xlink:type="arc"/><loc xlink:href="http://www.xbrl.tdnet.info/taxonomy/jp/tse/tdnet/ed/t/2014-01-12/tse-ed-t-2014-01-12.xsd#tse-ed-t_LowerMember" xlink:label="LowerMember" xlink:type="locator"/><definitionArc order="4.0" priority="0" xlink:arcrole="http://xbrl.org/int/dim/arcrole/dimension-domain" xlink:from="ResultForecastAxis" xlink:to="LowerMember" xlink:type="arc"/><loc xlink:href="http://www.xbrl.tdnet.info/taxonomy/jp/tse/tdnet/ed/t/2014-01-12/tse-ed-t-2014-01-12.xsd#tse-ed-t_QuarterlyDividendsHeading" xlink:label="QuarterlyDividendsHeading" xlink:type="locator"/><loc xlink:href="http://www.xbrl.tdnet.info/taxonomy/jp/tse/tdnet/ed/t/2014-01-12/tse-ed-t-2014-01-12.xsd#tse-ed-t_QuarterlyDividendsTable" xlink:label="QuarterlyDividendsTable" xlink:type="locator"/><definitionArc order="1.0" priority="0" xbrldt:closed="true" xbrldt:contextElement="scenario" xlink:arcrole="http://xbrl.org/int/dim/arcrole/all" xlink:from="QuarterlyDividendsHeading" xlink:to="QuarterlyDividendsTable" xlink:type="arc"/><loc xlink:href="http://www.xbrl.tdnet.info/taxonomy/jp/tse/tdnet/ed/t/2014-01-12/tse-ed-t-2014-01-12.xsd#tse-ed-t_AnnualDividendPaymentScheduleAxis" xlink:label="AnnualDividendPaymentScheduleAxis" xlink:type="locator"/><definitionArc order="1.0" priority="0" xlink:arcrole="http://xbrl.org/int/dim/arcrole/hypercube-dimension" xlink:from="QuarterlyDividendsTable" xlink:to="AnnualDividendPaymentScheduleAxis" xlink:type="arc"/><loc xlink:href="http://www.xbrl.tdnet.info/taxonomy/jp/tse/tdnet/ed/t/2014-01-12/tse-ed-t-2014-01-12.xsd#tse-ed-t_FirstQuarterMember" xlink:label="FirstQuarterMember" xlink:type="locator"/><definitionArc order="1.0" priority="0" xlink:arcrole="http://xbrl.org/int/dim/arcrole/dimension-domain" xlink:from="AnnualDividendPaymentScheduleAxis" xlink:to="FirstQuarterMember" xlink:type="arc"/><loc xlink:href="http://www.xbrl.tdnet.info/taxonomy/jp/tse/tdnet/ed/t/2014-01-12/tse-ed-t-2014-01-12.xsd#tse-ed-t_SecondQuarterMember" xlink:label="SecondQuarterMember" xlink:type="locator"/><definitionArc order="2.0" priority="0" xlink:arcrole="http://xbrl.org/int/dim/arcrole/dimension-domain" xlink:from="AnnualDividendPaymentScheduleAxis" xlink:to="SecondQuarterMember" xlink:type="arc"/><loc xlink:href="http://www.xbrl.tdnet.info/taxonomy/jp/tse/tdnet/ed/t/2014-01-12/tse-ed-t-2014-01-12.xsd#tse-ed-t_ThirdQuarterMember" xlink:label="ThirdQuarterMember" xlink:type="locator"/><definitionArc order="3.0" priority="0" xlink:arcrole="http://xbrl.org/int/dim/arcrole/dimension-domain" xlink:from="AnnualDividendPaymentScheduleAxis" xlink:to="ThirdQuarterMember" xlink:type="arc"/><loc xlink:href="http://www.xbrl.tdnet.info/taxonomy/jp/tse/tdnet/ed/t/2014-01-12/tse-ed-t-2014-01-12.xsd#tse-ed-t_YearEndMember" xlink:label="YearEndMember" xlink:type="locator"/><definitionArc order="4.0" priority="0" xlink:arcrole="http://xbrl.org/int/dim/arcrole/dimension-domain" xlink:from="AnnualDividendPaymentScheduleAxis" xlink:to="YearEndMember" xlink:type="arc"/><loc xlink:href="http://www.xbrl.tdnet.info/taxonomy/jp/tse/tdnet/ed/t/2014-01-12/tse-ed-t-2014-01-12.xsd#tse-ed-t_AnnualMember" xlink:label="AnnualMember" xlink:type="locator"/><definitionArc order="5.0" priority="0" xlink:arcrole="http://xbrl.org/int/dim/arcrole/dimension-domain" xlink:from="AnnualDividendPaymentScheduleAxis" xlink:to="AnnualMember" xlink:type="arc"/><definitionArc order="2.0" priority="0" xlink:arcrole="http://xbrl.org/int/dim/arcrole/hypercube-dimension" xlink:from="QuarterlyDividendsTable" xlink:to="ResultForecastAxis" xlink:type="arc"/><definitionArc order="3.0" priority="0" xlink:arcrole="http://xbrl.org/int/dim/arcrole/hypercube-dimension" xlink:from="QuarterlyDividendsTable" xlink:to="ConsolidatedNonconsolidatedAxis" xlink:type="arc"/><loc xlink:href="http://www.xbrl.tdnet.info/taxonomy/jp/tse/tdnet/ed/t/2014-01-12/tse-ed-t-2014-01-12.xsd#tse-ed-t_QuarterlyDividendsLineItems" xlink:label="QuarterlyDividendsLineItems" xlink:type="locator"/><definitionArc order="2.0" priority="0" xlink:arcrole="http://xbrl.org/int/dim/arcrole/domain-member" xlink:from="QuarterlyDividendsHeading" xlink:to="QuarterlyDividendsLineItems" xlink:type="arc"/><loc xlink:href="http://www.xbrl.tdnet.info/taxonomy/jp/tse/tdnet/ed/t/2014-01-12/tse-ed-t-2014-01-12.xsd#tse-ed-t_DividendsAbstract" xlink:label="DividendsAbstract" xlink:type="locator"/><definitionArc order="1.0" priority="0" xlink:arcrole="http://xbrl.org/int/dim/arcrole/domain-member" xlink:from="QuarterlyDividendsLineItems" xlink:to="DividendsAbstract" xlink:type="arc"/><loc xlink:href="http://www.xbrl.tdnet.info/taxonomy/jp/tse/tdnet/ed/t/2014-01-12/tse-ed-t-2014-01-12.xsd#tse-ed-t_DividendPerShareAbstract" xlink:label="DividendPerShareAbstract" xlink:type="locator"/><definitionArc order="1.0" priority="0" xlink:arcrole="http://xbrl.org/int/dim/arcrole/domain-member" xlink:from="DividendsAbstract" xlink:to="DividendPerShareAbstract" xlink:type="arc"/><loc xlink:href="http://www.xbrl.tdnet.info/taxonomy/jp/tse/tdnet/ed/t/2014-01-12/tse-ed-t-2014-01-12.xsd#tse-ed-t_DividendPerShare" xlink:label="DividendPerShare" xlink:type="locator"/><definitionArc order="1.0" priority="0" xlink:arcrole="http://xbrl.org/int/dim/arcrole/domain-member" xlink:from="DividendPerShareAbstract" xlink:to="DividendPerShare" xlink:type="arc"/><loc xlink:href="http://www.xbrl.tdnet.info/taxonomy/jp/tse/tdnet/ed/t/2014-01-12/tse-ed-t-2014-01-12.xsd#tse-ed-t_CorrectionOfDividendForecastInThisQuarterAbstract" xlink:label="CorrectionOfDividendForecastInThisQuarterAbstract" xlink:type="locator"/><definitionArc order="2.0" priority="0" xlink:arcrole="http://xbrl.org/int/dim/arcrole/domain-member" xlink:from="QuarterlyDividendsLineItems" xlink:to="CorrectionOfDividendForecastInThisQuarterAbstract" xlink:type="arc"/><loc xlink:href="http://www.xbrl.tdnet.info/taxonomy/jp/tse/tdnet/ed/t/2014-01-12/tse-ed-t-2014-01-12.xsd#tse-ed-t_CorrectionOfDividendForecastInThisQuarter" xlink:label="CorrectionOfDividendForecastInThisQuarter" xlink:type="locator"/><definitionArc order="1.0" priority="0" xlink:arcrole="http://xbrl.org/int/dim/arcrole/domain-member" xlink:from="CorrectionOfDividendForecastInThisQuarterAbstract" xlink:to="CorrectionOfDividendForecastInThisQuarter" xlink:type="arc"/><loc xlink:href="http://www.xbrl.tdnet.info/taxonomy/jp/tse/tdnet/ed/t/2014-01-12/tse-ed-t-2014-01-12.xsd#tse-ed-t_NoteToDividendsAbstract" xlink:label="NoteToDividendsAbstract" xlink:type="locator"/><definitionArc order="3.0" priority="0" xlink:arcrole="http://xbrl.org/int/dim/arcrole/domain-member" xlink:from="QuarterlyDividendsLineItems" xlink:to="NoteToDividendsAbstract" xlink:type="arc"/><loc xlink:href="http://www.xbrl.tdnet.info/taxonomy/jp/tse/tdnet/ed/t/2014-01-12/tse-ed-t-2014-01-12.xsd#tse-ed-t_DetailOfDividendPerShareFiscalYearEndAbstract" xlink:label="DetailOfDividendPerShareFiscalYearEndAbstract" xlink:type="locator"/><definitionArc order="1.0" priority="0" xlink:arcrole="http://xbrl.org/int/dim/arcrole/domain-member" xlink:from="NoteToDividendsAbstract" xlink:to="DetailOfDividendPerShareFiscalYearEndAbstract" xlink:type="arc"/><loc xlink:href="http://www.xbrl.tdnet.info/taxonomy/jp/tse/tdnet/ed/t/2014-01-12/tse-ed-t-2014-01-12.xsd#tse-ed-t_NoteToDividends" xlink:label="NoteToDividends" xlink:type="locator"/><definitionArc order="2.0" priority="0" xlink:arcrole="http://xbrl.org/int/dim/arcrole/domain-member" xlink:from="NoteToDividendsAbstract" xlink:to="NoteToDividends" xlink:type="arc"/></definitionLink><definitionLink xlink:role="http://www.xbrl.tdnet.info/jp/tse/tdnet/role/RoleNotesQuarterlyNumberIssuedOutstandingSharesCommonStock" xlink:type="extended"><loc xlink:href="http://www.xbrl.tdnet.info/taxonomy/jp/tse/tdnet/ed/t/2014-01-12/tse-ed-t-2014-01-12.xsd#tse-ed-t_ConsolidatedNonconsolidatedAxis" xlink:label="ConsolidatedNonconsolidatedAxis" xlink:type="locator"/><loc xlink:href="http://www.xbrl.tdnet.info/taxonomy/jp/tse/tdnet/ed/t/2014-01-12/tse-ed-t-2014-01-12.xsd#tse-ed-t_NonConsolidatedMember" xlink:label="NonConsolidatedMember" xlink:type="locator"/><definitionArc order="1.0" priority="0" xlink:arcrole="http://xbrl.org/int/dim/arcrole/dimension-domain" xlink:from="ConsolidatedNonconsolidatedAxis" xlink:to="NonConsolidatedMember" xlink:type="arc"/><loc xlink:href="http://www.xbrl.tdnet.info/taxonomy/jp/tse/tdnet/ed/t/2014-01-12/tse-ed-t-2014-01-12.xsd#tse-ed-t_ResultForecastAxis" xlink:label="ResultForecastAxis" xlink:type="locator"/><loc xlink:href="http://www.xbrl.tdnet.info/taxonomy/jp/tse/tdnet/ed/t/2014-01-12/tse-ed-t-2014-01-12.xsd#tse-ed-t_ResultMember" xlink:label="ResultMember" xlink:type="locator"/><definitionArc order="1.0" priority="0" xlink:arcrole="http://xbrl.org/int/dim/arcrole/dimension-domain" xlink:from="ResultForecastAxis" xlink:to="ResultMember" xlink:type="arc"/><loc xlink:href="http://www.xbrl.tdnet.info/taxonomy/jp/tse/tdnet/ed/t/2014-01-12/tse-ed-t-2014-01-12.xsd#tse-ed-t_OthersAbstract" xlink:label="OthersAbstract" xlink:type="locator"/><loc xlink:href="http://www.xbrl.tdnet.info/taxonomy/jp/tse/tdnet/ed/t/2014-01-12/tse-ed-t-2014-01-12.xsd#tse-ed-t_NumberOfIssuedAndOutstandingSharesCommonStockAbstract" xlink:label="NumberOfIssuedAndOutstandingSharesCommonStockAbstract" xlink:type="locator"/><definitionArc order="1.0" priority="0" xlink:arcrole="http://xbrl.org/int/dim/arcrole/domain-member" xlink:from="OthersAbstract" xlink:to="NumberOfIssuedAndOutstandingSharesCommonStockAbstract" xlink:type="arc"/><loc xlink:href="http://www.xbrl.tdnet.info/taxonomy/jp/tse/tdnet/ed/t/2014-01-12/tse-ed-t-2014-01-12.xsd#tse-ed-t_NumberOfIssuedAndOutstandingSharesAtTheEndOfFiscalYearIncludingTreasuryStock" xlink:label="NumberOfIssuedAndOutstandingSharesAtTheEndOfFiscalYearIncludingTreasuryStock" xlink:type="locator"/><definitionArc order="1.0" priority="0" xlink:arcrole="http://xbrl.org/int/dim/arcrole/domain-member" xlink:from="NumberOfIssuedAndOutstandingSharesCommonStockAbstract" xlink:to="NumberOfIssuedAndOutstandingSharesAtTheEndOfFiscalYearIncludingTreasuryStock" xlink:type="arc"/><loc xlink:href="http://www.xbrl.tdnet.info/taxonomy/jp/tse/tdnet/ed/t/2014-01-12/tse-ed-t-2014-01-12.xsd#tse-ed-t_NumberOfTreasuryStockAtTheEndOfFiscalYear" xlink:label="NumberOfTreasuryStockAtTheEndOfFiscalYear" xlink:type="locator"/><definitionArc order="2.0" priority="0" xlink:arcrole="http://xbrl.org/int/dim/arcrole/domain-member" xlink:from="NumberOfIssuedAndOutstandingSharesCommonStockAbstract" xlink:to="NumberOfTreasuryStockAtTheEndOfFiscalYear" xlink:type="arc"/><loc xlink:href="http://www.xbrl.tdnet.info/taxonomy/jp/tse/tdnet/ed/t/2014-01-12/tse-ed-t-2014-01-12.xsd#tse-ed-t_AverageNumberOfShares" xlink:label="AverageNumberOfShares" xlink:type="locator"/><definitionArc order="3.0" priority="0" xlink:arcrole="http://xbrl.org/int/dim/arcrole/domain-member" xlink:from="NumberOfIssuedAndOutstandingSharesCommonStockAbstract" xlink:to="AverageNumberOfShares" xlink:type="arc"/><loc xlink:href="http://www.xbrl.tdnet.info/taxonomy/jp/tse/tdnet/ed/t/2014-01-12/tse-ed-t-2014-01-12.xsd#tse-ed-t_NoteToNumberOfIssuedAndOutstandingSharesCommonStockAbstract" xlink:label="NoteToNumberOfIssuedAndOutstandingSharesCommonStockAbstract" xlink:type="locator"/><definitionArc order="2.0" priority="0" xlink:arcrole="http://xbrl.org/int/dim/arcrole/domain-member" xlink:from="OthersAbstract" xlink:to="NoteToNumberOfIssuedAndOutstandingSharesCommonStockAbstract" xlink:type="arc"/><loc xlink:href="http://www.xbrl.tdnet.info/taxonomy/jp/tse/tdnet/ed/t/2014-01-12/tse-ed-t-2014-01-12.xsd#tse-ed-t_NoteToNumberOfIssuedAndOutstandingSharesCommonStock" xlink:label="NoteToNumberOfIssuedAndOutstandingSharesCommonStock" xlink:type="locator"/><definitionArc order="1.0" priority="0" xlink:arcrole="http://xbrl.org/int/dim/arcrole/domain-member" xlink:from="NoteToNumberOfIssuedAndOutstandingSharesCommonStockAbstract" xlink:to="NoteToNumberOfIssuedAndOutstandingSharesCommonStock" xlink:type="arc"/><loc xlink:href="http://www.xbrl.tdnet.info/taxonomy/jp/tse/tdnet/ed/t/2014-01-12/tse-ed-t-2014-01-12.xsd#tse-ed-t_NotesQuarterlyNumberIssuedOutstandingSharesCommonStockHeading" xlink:label="NotesQuarterlyNumberIssuedOutstandingSharesCommonStockHeading" xlink:type="locator"/><loc xlink:href="http://www.xbrl.tdnet.info/taxonomy/jp/tse/tdnet/ed/t/2014-01-12/tse-ed-t-2014-01-12.xsd#tse-ed-t_NotesQuarterlyNumberIssuedOutstandingSharesCommonStockTable" xlink:label="NotesQuarterlyNumberIssuedOutstandingSharesCommonStockTable" xlink:type="locator"/><definitionArc order="1.0" priority="0" xbrldt:closed="true" xbrldt:contextElement="scenario" xlink:arcrole="http://xbrl.org/int/dim/arcrole/all" xlink:from="NotesQuarterlyNumberIssuedOutstandingSharesCommonStockHeading" xlink:to="NotesQuarterlyNumberIssuedOutstandingSharesCommonStockTable" xlink:type="arc"/><definitionArc order="1.0" priority="0" xlink:arcrole="http://xbrl.org/int/dim/arcrole/hypercube-dimension" xlink:from="NotesQuarterlyNumberIssuedOutstandingSharesCommonStockTable" xlink:to="ConsolidatedNonconsolidatedAxis" xlink:type="arc"/><definitionArc order="2.0" priority="0" xlink:arcrole="http://xbrl.org/int/dim/arcrole/hypercube-dimension" xlink:from="NotesQuarterlyNumberIssuedOutstandingSharesCommonStockTable" xlink:to="ResultForecastAxis" xlink:type="arc"/><loc xlink:href="http://www.xbrl.tdnet.info/taxonomy/jp/tse/tdnet/ed/t/2014-01-12/tse-ed-t-2014-01-12.xsd#tse-ed-t_NotesQuarterlyNumberIssuedOutstandingSharesCommonStockLineItems" xlink:label="NotesQuarterlyNumberIssuedOutstandingSharesCommonStockLineItems" xlink:type="locator"/><definitionArc order="2.0" priority="0" xlink:arcrole="http://xbrl.org/int/dim/arcrole/domain-member" xlink:from="NotesQuarterlyNumberIssuedOutstandingSharesCommonStockHeading" xlink:to="NotesQuarterlyNumberIssuedOutstandingSharesCommonStockLineItems" xlink:type="arc"/><definitionArc order="1.0" priority="0" xlink:arcrole="http://xbrl.org/int/dim/arcrole/domain-member" xlink:from="NotesQuarterlyNumberIssuedOutstandingSharesCommonStockLineItems" xlink:to="OthersAbstract" xlink:type="arc"/></definitionLink><definitionLink xlink:role="http://www.xbrl.tdnet.info/jp/tse/tdnet/role/RoleSpecialNotesQuarterlyEarningDigestSummary" xlink:type="extended"><loc xlink:href="http://www.xbrl.tdnet.info/taxonomy/jp/tse/tdnet/ed/t/2014-01-12/tse-ed-t-2014-01-12.xsd#tse-ed-t_SpecialNotesQuarterlyEarningDigestSummaryHeading" xlink:label="SpecialNotesQuarterlyEarningDigestSummaryHeading" xlink:type="locator"/><loc xlink:href="http://www.xbrl.tdnet.info/taxonomy/jp/tse/tdnet/ed/t/2014-01-12/tse-ed-t-2014-01-12.xsd#tse-ed-t_SpecialNotesQuarterlyEarningDigestSummaryTable" xlink:label="SpecialNotesQuarterlyEarningDigestSummaryTable" xlink:type="locator"/><definitionArc order="1.0" priority="0" xbrldt:closed="true" xbrldt:contextElement="scenario" xlink:arcrole="http://xbrl.org/int/dim/arcrole/all" xlink:from="SpecialNotesQuarterlyEarningDigestSummaryHeading" xlink:to="SpecialNotesQuarterlyEarningDigestSummaryTable" xlink:type="arc"/><loc xlink:href="http://www.xbrl.tdnet.info/taxonomy/jp/tse/tdnet/ed/t/2014-01-12/tse-ed-t-2014-01-12.xsd#tse-ed-t_SpecialNotesQuarterlyEarningDigestSummaryLineItems" xlink:label="SpecialNotesQuarterlyEarningDigestSummaryLineItems" xlink:type="locator"/><definitionArc order="2.0" priority="0" xlink:arcrole="http://xbrl.org/int/dim/arcrole/domain-member" xlink:from="SpecialNotesQuarterlyEarningDigestSummaryHeading" xlink:to="SpecialNotesQuarterlyEarningDigestSummaryLineItems" xlink:type="arc"/><loc xlink:href="http://www.xbrl.tdnet.info/taxonomy/jp/tse/tdnet/ed/t/2014-01-12/tse-ed-t-2014-01-12.xsd#tse-ed-t_SpecialNotesAbstract" xlink:label="SpecialNotesAbstract" xlink:type="locator"/><definitionArc order="1.0" priority="0" xlink:arcrole="http://xbrl.org/int/dim/arcrole/domain-member" xlink:from="SpecialNotesQuarterlyEarningDigestSummaryLineItems" xlink:to="SpecialNotesAbstract" xlink:type="arc"/><loc xlink:href="http://www.xbrl.tdnet.info/taxonomy/jp/tse/tdnet/ed/t/2014-01-12/tse-ed-t-2014-01-12.xsd#tse-ed-t_ExpressionOfImplementationStatusOfQuarterlyReviewProcedures" xlink:label="ExpressionOfImplementationStatusOfQuarterlyReviewProcedures" xlink:type="locator"/><definitionArc order="1.0" priority="0" xlink:arcrole="http://xbrl.org/int/dim/arcrole/domain-member" xlink:from="SpecialNotesAbstract" xlink:to="ExpressionOfImplementationStatusOfQuarterlyReviewProcedures" xlink:type="arc"/><loc xlink:href="http://www.xbrl.tdnet.info/taxonomy/jp/tse/tdnet/ed/t/2014-01-12/tse-ed-t-2014-01-12.xsd#tse-ed-t_NotesForUsingForecastedInformationAndOthers" xlink:label="NotesForUsingForecastedInformationAndOthers" xlink:type="locator"/><definitionArc order="2.0" priority="0" xlink:arcrole="http://xbrl.org/int/dim/arcrole/domain-member" xlink:from="SpecialNotesAbstract" xlink:to="NotesForUsingForecastedInformationAndOthers" xlink:type="arc"/></definitionLink><definitionLink xlink:role="http://www.xbrl.tdnet.info/jp/tse/tdnet/role/RoleBusinessResultsNoteQuarterlyBusinessResults" xlink:type="extended"><loc xlink:href="http://www.xbrl.tdnet.info/taxonomy/jp/tse/tdnet/ed/t/2014-01-12/tse-ed-t-2014-01-12.xsd#tse-ed-t_ConsolidatedNonconsolidatedAxis" xlink:label="ConsolidatedNonconsolidatedAxis" xlink:type="locator"/><loc xlink:href="http://www.xbrl.tdnet.info/taxonomy/jp/tse/tdnet/ed/t/2014-01-12/tse-ed-t-2014-01-12.xsd#tse-ed-t_NonConsolidatedMember" xlink:label="NonConsolidatedMember" xlink:type="locator"/><definitionArc order="1.0" priority="0" xlink:arcrole="http://xbrl.org/int/dim/arcrole/dimension-domain" xlink:from="ConsolidatedNonconsolidatedAxis" xlink:to="NonConsolidatedMember" xlink:type="arc"/><loc xlink:href="http://www.xbrl.tdnet.info/taxonomy/jp/tse/tdnet/ed/t/2014-01-12/tse-ed-t-2014-01-12.xsd#tse-ed-t_ResultForecastAxis" xlink:label="ResultForecastAxis" xlink:type="locator"/><loc xlink:href="http://www.xbrl.tdnet.info/taxonomy/jp/tse/tdnet/ed/t/2014-01-12/tse-ed-t-2014-01-12.xsd#tse-ed-t_ResultMember" xlink:label="ResultMember" xlink:type="locator"/><definitionArc order="1.0" priority="0" xlink:arcrole="http://xbrl.org/int/dim/arcrole/dimension-domain" xlink:from="ResultForecastAxis" xlink:to="ResultMember" xlink:type="arc"/><loc xlink:href="http://www.xbrl.tdnet.info/taxonomy/jp/tse/tdnet/ed/t/2014-01-12/tse-ed-t-2014-01-12.xsd#tse-ed-t_BusinessResultsNoteQuarterlyBusinessResultsHeading" xlink:label="BusinessResultsNoteQuarterlyBusinessResultsHeading" xlink:type="locator"/><loc xlink:href="http://www.xbrl.tdnet.info/taxonomy/jp/tse/tdnet/ed/t/2014-01-12/tse-ed-t-2014-01-12.xsd#tse-ed-t_BusinessResultsNoteQuarterlyBusinessResultsTable" xlink:label="BusinessResultsNoteQuarterlyBusinessResultsTable" xlink:type="locator"/><definitionArc order="1.0" priority="0" xbrldt:closed="true" xbrldt:contextElement="scenario" xlink:arcrole="http://xbrl.org/int/dim/arcrole/all" xlink:from="BusinessResultsNoteQuarterlyBusinessResultsHeading" xlink:to="BusinessResultsNoteQuarterlyBusinessResultsTable" xlink:type="arc"/><definitionArc order="1.0" priority="0" xlink:arcrole="http://xbrl.org/int/dim/arcrole/hypercube-dimension" xlink:from="BusinessResultsNoteQuarterlyBusinessResultsTable" xlink:to="ConsolidatedNonconsolidatedAxis" xlink:type="arc"/><definitionArc order="2.0" priority="0" xlink:arcrole="http://xbrl.org/int/dim/arcrole/hypercube-dimension" xlink:from="BusinessResultsNoteQuarterlyBusinessResultsTable" xlink:to="ResultForecastAxis" xlink:type="arc"/><loc xlink:href="http://www.xbrl.tdnet.info/taxonomy/jp/tse/tdnet/ed/t/2014-01-12/tse-ed-t-2014-01-12.xsd#tse-ed-t_BusinessResultsNoteQuarterlyBusinessResultsLineItems" xlink:label="BusinessResultsNoteQuarterlyBusinessResultsLineItems" xlink:type="locator"/><definitionArc order="2.0" priority="0" xlink:arcrole="http://xbrl.org/int/dim/arcrole/domain-member" xlink:from="BusinessResultsNoteQuarterlyBusinessResultsHeading" xlink:to="BusinessResultsNoteQuarterlyBusinessResultsLineItems" xlink:type="arc"/><loc xlink:href="http://www.xbrl.tdnet.info/taxonomy/jp/tse/tdnet/ed/t/2014-01-12/tse-ed-t-2014-01-12.xsd#tse-ed-t_NoteToFinancialResultsAbstract" xlink:label="NoteToFinancialResultsAbstract" xlink:type="locator"/><definitionArc order="1.0" priority="0" xlink:arcrole="http://xbrl.org/int/dim/arcrole/domain-member" xlink:from="BusinessResultsNoteQuarterlyBusinessResultsLineItems" xlink:to="NoteToFinancialResultsAbstract" xlink:type="arc"/><loc xlink:href="http://www.xbrl.tdnet.info/taxonomy/jp/tse/tdnet/ed/t/2014-01-12/tse-ed-t-2014-01-12.xsd#tse-ed-t_NoteToFinancialResults" xlink:label="NoteToFinancialResults" xlink:type="locator"/><definitionArc order="1.0" priority="0" xlink:arcrole="http://xbrl.org/int/dim/arcrole/domain-member" xlink:from="NoteToFinancialResultsAbstract" xlink:to="NoteToFinancialResults" xlink:type="arc"/></definitionLink></linkbase>