<?xml version="1.0"?>
<!-- Generated by Fujitsu Interstage XWand B0250 --><linkbase xmlns="http://www.xbrl.org/2003/linkbase" xmlns:xbrldt="http://xbrl.org/2005/xbrldt" xmlns:xbrli="http://www.xbrl.org/2003/instance" xmlns:xlink="http://www.w3.org/1999/xlink" xmlns:xsi="http://www.w3.org/2001/XMLSchema-instance"><roleRef roleURI="http://www.xbrl.tdnet.info/jp/tse/tdnet/role/RoleConsolidatedInformationAnnual" xlink:href="http://www.xbrl.tdnet.info/taxonomy/jp/tse/tdnet/ed/o/rt/2014-01-12/tse-ed-rt-2014-01-12.xsd#RoleConsolidatedInformationAnnual" xlink:type="simple"/><roleRef roleURI="http://www.xbrl.tdnet.info/jp/tse/tdnet/role/RoleConsolidatedInformationQ2YTD" xlink:href="http://www.xbrl.tdnet.info/taxonomy/jp/tse/tdnet/ed/o/rt/2014-01-12/tse-ed-rt-2014-01-12.xsd#RoleConsolidatedInformationQ2YTD" xlink:type="simple"/><roleRef roleURI="http://www.xbrl.tdnet.info/jp/tse/tdnet/role/RoleDocumentEntityInformation" xlink:href="http://www.xbrl.tdnet.info/taxonomy/jp/tse/tdnet/ed/o/rt/2014-01-12/tse-ed-rt-2014-01-12.xsd#RoleDocumentEntityInformation" xlink:type="simple"/><roleRef roleURI="http://www.xbrl.tdnet.info/jp/tse/tdnet/role/RoleNonConsolidatedInformationAnnual" xlink:href="http://www.xbrl.tdnet.info/taxonomy/jp/tse/tdnet/ed/o/rt/2014-01-12/tse-ed-rt-2014-01-12.xsd#RoleNonConsolidatedInformationAnnual" xlink:type="simple"/><roleRef roleURI="http://www.xbrl.tdnet.info/jp/tse/tdnet/role/RoleNonConsolidatedInformationQ2YTD" xlink:href="http://www.xbrl.tdnet.info/taxonomy/jp/tse/tdnet/ed/o/rt/2014-01-12/tse-ed-rt-2014-01-12.xsd#RoleNonConsolidatedInformationQ2YTD" xlink:type="simple"/><roleRef roleURI="http://www.xbrl.tdnet.info/jp/tse/tdnet/role/RoleNoteFinancialForecastCorrection" xlink:href="http://www.xbrl.tdnet.info/taxonomy/jp/tse/tdnet/ed/o/rt/2014-01-12/tse-ed-rt-2014-01-12.xsd#RoleNoteFinancialForecastCorrection" xlink:type="simple"/><roleRef roleURI="http://www.xbrl.tdnet.info/jp/tse/tdnet/role/RoleNoteRevisedDividendForecast" xlink:href="http://www.xbrl.tdnet.info/taxonomy/jp/tse/tdnet/ed/o/rt/2014-01-12/tse-ed-rt-2014-01-12.xsd#RoleNoteRevisedDividendForecast" xlink:type="simple"/><roleRef roleURI="http://www.xbrl.tdnet.info/jp/tse/tdnet/role/RoleRevisedDividendForecast" xlink:href="http://www.xbrl.tdnet.info/taxonomy/jp/tse/tdnet/ed/o/rt/2014-01-12/tse-ed-rt-2014-01-12.xsd#RoleRevisedDividendForecast" xlink:type="simple"/><arcroleRef arcroleURI="http://xbrl.org/int/dim/arcrole/all" xlink:href="http://www.xbrl.org/2005/xbrldt-2005.xsd#all" xlink:type="simple"/><arcroleRef arcroleURI="http://xbrl.org/int/dim/arcrole/dimension-domain" xlink:href="http://www.xbrl.org/2005/xbrldt-2005.xsd#dimension-domain" xlink:type="simple"/><arcroleRef arcroleURI="http://xbrl.org/int/dim/arcrole/domain-member" xlink:href="http://www.xbrl.org/2005/xbrldt-2005.xsd#domain-member" xlink:type="simple"/><arcroleRef arcroleURI="http://xbrl.org/int/dim/arcrole/hypercube-dimension" xlink:href="http://www.xbrl.org/2005/xbrldt-2005.xsd#hypercube-dimension" xlink:type="simple"/><definitionLink xlink:role="http://www.xbrl.tdnet.info/jp/tse/tdnet/role/RoleDocumentEntityInformation" xlink:type="extended"><loc xlink:href="http://www.xbrl.tdnet.info/taxonomy/jp/tse/tdnet/ed/t/2014-01-12/tse-ed-t-2014-01-12.xsd#tse-ed-t_DocumentEntityInformationHeading" xlink:label="DocumentEntityInformationHeading" xlink:type="locator"/><loc xlink:href="http://www.xbrl.tdnet.info/taxonomy/jp/tse/tdnet/ed/t/2014-01-12/tse-ed-t-2014-01-12.xsd#tse-ed-t_DocumentEntityInformationTable" xlink:label="DocumentEntityInformationTable" xlink:type="locator"/><definitionArc order="1.0" priority="0" xbrldt:closed="true" xbrldt:contextElement="scenario" xlink:arcrole="http://xbrl.org/int/dim/arcrole/all" xlink:from="DocumentEntityInformationHeading" xlink:to="DocumentEntityInformationTable" xlink:type="arc"/><loc xlink:href="http://www.xbrl.tdnet.info/taxonomy/jp/tse/tdnet/ed/t/2014-01-12/tse-ed-t-2014-01-12.xsd#tse-ed-t_DocumentEntityInformationLineItems" xlink:label="DocumentEntityInformationLineItems" xlink:type="locator"/><definitionArc order="2.0" priority="0" xlink:arcrole="http://xbrl.org/int/dim/arcrole/domain-member" xlink:from="DocumentEntityInformationHeading" xlink:to="DocumentEntityInformationLineItems" xlink:type="arc"/><loc xlink:href="http://www.xbrl.tdnet.info/taxonomy/jp/tse/tdnet/ed/t/2014-01-12/tse-ed-t-2014-01-12.xsd#tse-ed-t_FASFMemberMark" xlink:label="FASFMemberMark" xlink:type="locator"/><definitionArc order="1.0" priority="0" xlink:arcrole="http://xbrl.org/int/dim/arcrole/domain-member" xlink:from="DocumentEntityInformationLineItems" xlink:to="FASFMemberMark" xlink:type="arc"/><loc xlink:href="http://www.xbrl.tdnet.info/taxonomy/jp/tse/tdnet/ed/t/2014-01-12/tse-ed-t-2014-01-12.xsd#tse-ed-t_DocumentName" xlink:label="DocumentName" xlink:type="locator"/><definitionArc order="2.0" priority="0" xlink:arcrole="http://xbrl.org/int/dim/arcrole/domain-member" xlink:from="DocumentEntityInformationLineItems" xlink:to="DocumentName" xlink:type="arc"/><loc xlink:href="http://www.xbrl.tdnet.info/taxonomy/jp/tse/tdnet/ed/t/2014-01-12/tse-ed-t-2014-01-12.xsd#tse-ed-t_CompanyName" xlink:label="CompanyName" xlink:type="locator"/><definitionArc order="4.0" priority="0" xlink:arcrole="http://xbrl.org/int/dim/arcrole/domain-member" xlink:from="DocumentEntityInformationLineItems" xlink:to="CompanyName" xlink:type="arc"/><loc xlink:href="http://www.xbrl.tdnet.info/taxonomy/jp/tse/tdnet/ed/t/2014-01-12/tse-ed-t-2014-01-12.xsd#tse-ed-t_SecuritiesCode" xlink:label="SecuritiesCode" xlink:type="locator"/><definitionArc order="7.0" priority="0" xlink:arcrole="http://xbrl.org/int/dim/arcrole/domain-member" xlink:from="DocumentEntityInformationLineItems" xlink:to="SecuritiesCode" xlink:type="arc"/><loc xlink:href="http://www.xbrl.tdnet.info/taxonomy/jp/tse/tdnet/ed/t/2014-01-12/tse-ed-t-2014-01-12.xsd#tse-ed-t_BusinessCategoryAbstract" xlink:label="BusinessCategoryAbstract" xlink:type="locator"/><definitionArc order="8.0" priority="0" xlink:arcrole="http://xbrl.org/int/dim/arcrole/domain-member" xlink:from="DocumentEntityInformationLineItems" xlink:to="BusinessCategoryAbstract" xlink:type="arc"/><loc xlink:href="http://www.xbrl.tdnet.info/taxonomy/jp/tse/tdnet/ed/t/2014-01-12/tse-ed-t-2014-01-12.xsd#tse-ed-t_GeneralBusiness" xlink:label="GeneralBusiness" xlink:type="locator"/><definitionArc order="1.0" priority="0" xlink:arcrole="http://xbrl.org/int/dim/arcrole/domain-member" xlink:from="BusinessCategoryAbstract" xlink:to="GeneralBusiness" xlink:type="arc"/><loc xlink:href="http://www.xbrl.tdnet.info/taxonomy/jp/tse/tdnet/ed/t/2014-01-12/tse-ed-t-2014-01-12.xsd#tse-ed-t_SpecificBusiness" xlink:label="SpecificBusiness" xlink:type="locator"/><definitionArc order="2.0" priority="0" xlink:arcrole="http://xbrl.org/int/dim/arcrole/domain-member" xlink:from="BusinessCategoryAbstract" xlink:to="SpecificBusiness" xlink:type="arc"/><loc xlink:href="http://www.xbrl.tdnet.info/taxonomy/jp/tse/tdnet/ed/t/2014-01-12/tse-ed-t-2014-01-12.xsd#tse-ed-t_FiscalYearEnd" xlink:label="FiscalYearEnd" xlink:type="locator"/><definitionArc order="9.0" priority="0" xlink:arcrole="http://xbrl.org/int/dim/arcrole/domain-member" xlink:from="DocumentEntityInformationLineItems" xlink:to="FiscalYearEnd" xlink:type="arc"/><loc xlink:href="http://www.xbrl.tdnet.info/taxonomy/jp/tse/tdnet/ed/t/2014-01-12/tse-ed-t-2014-01-12.xsd#tse-ed-t_RepresentativeAbstract" xlink:label="RepresentativeAbstract" xlink:type="locator"/><definitionArc order="5.0" priority="0" xlink:arcrole="http://xbrl.org/int/dim/arcrole/domain-member" xlink:from="DocumentEntityInformationLineItems" xlink:to="RepresentativeAbstract" xlink:type="arc"/><loc xlink:href="http://www.xbrl.tdnet.info/taxonomy/jp/tse/tdnet/ed/t/2014-01-12/tse-ed-t-2014-01-12.xsd#tse-ed-t_TitleRepresentative" xlink:label="TitleRepresentative" xlink:type="locator"/><definitionArc order="1.0" priority="0" xlink:arcrole="http://xbrl.org/int/dim/arcrole/domain-member" xlink:from="RepresentativeAbstract" xlink:to="TitleRepresentative" xlink:type="arc"/><loc xlink:href="http://www.xbrl.tdnet.info/taxonomy/jp/tse/tdnet/ed/t/2014-01-12/tse-ed-t-2014-01-12.xsd#tse-ed-t_NameRepresentative" xlink:label="NameRepresentative" xlink:type="locator"/><definitionArc order="2.0" priority="0" xlink:arcrole="http://xbrl.org/int/dim/arcrole/domain-member" xlink:from="RepresentativeAbstract" xlink:to="NameRepresentative" xlink:type="arc"/><loc xlink:href="http://www.xbrl.tdnet.info/taxonomy/jp/tse/tdnet/ed/t/2014-01-12/tse-ed-t-2014-01-12.xsd#tse-ed-t_InquiriesAbstract" xlink:label="InquiriesAbstract" xlink:type="locator"/><definitionArc order="10.0" priority="0" xlink:arcrole="http://xbrl.org/int/dim/arcrole/domain-member" xlink:from="DocumentEntityInformationLineItems" xlink:to="InquiriesAbstract" xlink:type="arc"/><loc xlink:href="http://www.xbrl.tdnet.info/taxonomy/jp/tse/tdnet/ed/t/2014-01-12/tse-ed-t-2014-01-12.xsd#tse-ed-t_TitleInquiries" xlink:label="TitleInquiries" xlink:type="locator"/><definitionArc order="1.0" priority="0" xlink:arcrole="http://xbrl.org/int/dim/arcrole/domain-member" xlink:from="InquiriesAbstract" xlink:to="TitleInquiries" xlink:type="arc"/><loc xlink:href="http://www.xbrl.tdnet.info/taxonomy/jp/tse/tdnet/ed/t/2014-01-12/tse-ed-t-2014-01-12.xsd#tse-ed-t_NameInquiries" xlink:label="NameInquiries" xlink:type="locator"/><definitionArc order="2.0" priority="0" xlink:arcrole="http://xbrl.org/int/dim/arcrole/domain-member" xlink:from="InquiriesAbstract" xlink:to="NameInquiries" xlink:type="arc"/><loc xlink:href="http://www.xbrl.tdnet.info/taxonomy/jp/tse/tdnet/ed/t/2014-01-12/tse-ed-t-2014-01-12.xsd#tse-ed-t_Tel" xlink:label="Tel" xlink:type="locator"/><definitionArc order="11.0" priority="0" xlink:arcrole="http://xbrl.org/int/dim/arcrole/domain-member" xlink:from="DocumentEntityInformationLineItems" xlink:to="Tel" xlink:type="arc"/><loc xlink:href="http://www.xbrl.tdnet.info/taxonomy/jp/tse/tdnet/ed/t/2014-01-12/tse-ed-t-2014-01-12.xsd#tse-ed-t_NoticeOfForecastCorrection" xlink:label="NoticeOfForecastCorrection" xlink:type="locator"/><definitionArc order="12.0" priority="0" xlink:arcrole="http://xbrl.org/int/dim/arcrole/domain-member" xlink:from="DocumentEntityInformationLineItems" xlink:to="NoticeOfForecastCorrection" xlink:type="arc"/><loc xlink:href="http://www.xbrl.tdnet.info/taxonomy/jp/tse/tdnet/ed/t/2014-01-12/tse-ed-t-2014-01-12.xsd#tse-ed-t_ReportingDateOfFinancialForecastCorrection" xlink:label="ReportingDateOfFinancialForecastCorrection" xlink:type="locator"/><definitionArc order="3.0" priority="0" xlink:arcrole="http://xbrl.org/int/dim/arcrole/domain-member" xlink:from="DocumentEntityInformationLineItems" xlink:to="ReportingDateOfFinancialForecastCorrection" xlink:type="arc"/><loc xlink:href="http://www.xbrl.tdnet.info/taxonomy/jp/tse/tdnet/ed/t/2014-01-12/tse-ed-t-2014-01-12.xsd#tse-ed-t_StockExchangeListingsAbstract" xlink:label="A1842bf6df88_0" xlink:type="locator"/><definitionArc order="6.0" priority="0" xlink:arcrole="http://xbrl.org/int/dim/arcrole/domain-member" xlink:from="DocumentEntityInformationLineItems" xlink:to="A1842bf6df88_0" xlink:type="arc"/><loc xlink:href="http://www.xbrl.tdnet.info/taxonomy/jp/tse/tdnet/ed/t/2014-01-12/tse-ed-t-2014-01-12.xsd#tse-ed-t_TokyoStockExchange" xlink:label="A1842bf6df88_1" xlink:type="locator"/><definitionArc order="1.0" priority="0" xlink:arcrole="http://xbrl.org/int/dim/arcrole/domain-member" xlink:from="A1842bf6df88_0" xlink:to="A1842bf6df88_1" xlink:type="arc"/><loc xlink:href="http://www.xbrl.tdnet.info/taxonomy/jp/tse/tdnet/ed/t/2014-01-12/tse-ed-t-2014-01-12.xsd#tse-ed-t_TokyoStockExchangePrime" xlink:label="A1842bf6df88_2" xlink:type="locator"/><definitionArc order="0.5" priority="0" xlink:arcrole="http://xbrl.org/int/dim/arcrole/domain-member" xlink:from="A1842bf6df88_1" xlink:to="A1842bf6df88_2" xlink:type="arc"/><loc xlink:href="http://www.xbrl.tdnet.info/taxonomy/jp/tse/tdnet/ed/t/2014-01-12/tse-ed-t-2014-01-12.xsd#tse-ed-t_TokyoStockExchangeStandard" xlink:label="A1842bf6df88_3" xlink:type="locator"/><definitionArc order="0.6" priority="0" xlink:arcrole="http://xbrl.org/int/dim/arcrole/domain-member" xlink:from="A1842bf6df88_1" xlink:to="A1842bf6df88_3" xlink:type="arc"/><loc xlink:href="http://www.xbrl.tdnet.info/taxonomy/jp/tse/tdnet/ed/t/2014-01-12/tse-ed-t-2014-01-12.xsd#tse-ed-t_TokyoStockExchangeGrowth" xlink:label="A1842bf6df88_4" xlink:type="locator"/><definitionArc order="0.7" priority="0" xlink:arcrole="http://xbrl.org/int/dim/arcrole/domain-member" xlink:from="A1842bf6df88_1" xlink:to="A1842bf6df88_4" xlink:type="arc"/><loc xlink:href="http://www.xbrl.tdnet.info/taxonomy/jp/tse/tdnet/ed/t/2014-01-12/tse-ed-t-2014-01-12.xsd#tse-ed-t_TokyoStockExchange1stSection" xlink:label="A1842bf6df88_5" xlink:type="locator"/><definitionArc order="1.0" priority="0" xlink:arcrole="http://xbrl.org/int/dim/arcrole/domain-member" xlink:from="A1842bf6df88_1" xlink:to="A1842bf6df88_5" xlink:type="arc"/><loc xlink:href="http://www.xbrl.tdnet.info/taxonomy/jp/tse/tdnet/ed/t/2014-01-12/tse-ed-t-2014-01-12.xsd#tse-ed-t_TokyoStockExchange2ndSection" xlink:label="A1842bf6df88_6" xlink:type="locator"/><definitionArc order="2.0" priority="0" xlink:arcrole="http://xbrl.org/int/dim/arcrole/domain-member" xlink:from="A1842bf6df88_1" xlink:to="A1842bf6df88_6" xlink:type="arc"/><loc xlink:href="http://www.xbrl.tdnet.info/taxonomy/jp/tse/tdnet/ed/t/2014-01-12/tse-ed-t-2014-01-12.xsd#tse-ed-t_TokyoStockExchangeMothers" xlink:label="A1842bf6df88_7" xlink:type="locator"/><definitionArc order="3.0" priority="0" xlink:arcrole="http://xbrl.org/int/dim/arcrole/domain-member" xlink:from="A1842bf6df88_1" xlink:to="A1842bf6df88_7" xlink:type="arc"/><loc xlink:href="http://www.xbrl.tdnet.info/taxonomy/jp/tse/tdnet/ed/t/2014-01-12/tse-ed-t-2014-01-12.xsd#tse-ed-t_TokyoStockExchangeJASDAQ" xlink:label="A1842bf6df88_8" xlink:type="locator"/><definitionArc order="4.0" priority="0" xlink:arcrole="http://xbrl.org/int/dim/arcrole/domain-member" xlink:from="A1842bf6df88_1" xlink:to="A1842bf6df88_8" xlink:type="arc"/><loc xlink:href="http://www.xbrl.tdnet.info/taxonomy/jp/tse/tdnet/ed/t/2014-01-12/tse-ed-t-2014-01-12.xsd#tse-ed-t_TokyoStockExchangePROMarket" xlink:label="A1842bf6df88_9" xlink:type="locator"/><definitionArc order="5.0" priority="0" xlink:arcrole="http://xbrl.org/int/dim/arcrole/domain-member" xlink:from="A1842bf6df88_1" xlink:to="A1842bf6df88_9" xlink:type="arc"/><loc xlink:href="http://www.xbrl.tdnet.info/taxonomy/jp/tse/tdnet/ed/t/2014-01-12/tse-ed-t-2014-01-12.xsd#tse-ed-t_TokyoStockExchangeOthers" xlink:label="A1842bf6df88_a" xlink:type="locator"/><definitionArc order="6.0" priority="0" xlink:arcrole="http://xbrl.org/int/dim/arcrole/domain-member" xlink:from="A1842bf6df88_1" xlink:to="A1842bf6df88_a" xlink:type="arc"/><loc xlink:href="http://www.xbrl.tdnet.info/taxonomy/jp/tse/tdnet/ed/t/2014-01-12/tse-ed-t-2014-01-12.xsd#tse-ed-t_NagoyaStockExchange" xlink:label="A1842bf6df88_b" xlink:type="locator"/><definitionArc order="2.0" priority="0" xlink:arcrole="http://xbrl.org/int/dim/arcrole/domain-member" xlink:from="A1842bf6df88_0" xlink:to="A1842bf6df88_b" xlink:type="arc"/><loc xlink:href="http://www.xbrl.tdnet.info/taxonomy/jp/tse/tdnet/ed/t/2014-01-12/tse-ed-t-2014-01-12.xsd#tse-ed-t_NagoyaStockExchange1stSection" xlink:label="A1842bf6df88_c" xlink:type="locator"/><definitionArc order="1.0" priority="0" xlink:arcrole="http://xbrl.org/int/dim/arcrole/domain-member" xlink:from="A1842bf6df88_b" xlink:to="A1842bf6df88_c" xlink:type="arc"/><loc xlink:href="http://www.xbrl.tdnet.info/taxonomy/jp/tse/tdnet/ed/t/2014-01-12/tse-ed-t-2014-01-12.xsd#tse-ed-t_NagoyaStockExchange2ndSection" xlink:label="A1842bf6df88_d" xlink:type="locator"/><definitionArc order="2.0" priority="0" xlink:arcrole="http://xbrl.org/int/dim/arcrole/domain-member" xlink:from="A1842bf6df88_b" xlink:to="A1842bf6df88_d" xlink:type="arc"/><loc xlink:href="http://www.xbrl.tdnet.info/taxonomy/jp/tse/tdnet/ed/t/2014-01-12/tse-ed-t-2014-01-12.xsd#tse-ed-t_NagoyaStockExchangeCentrex" xlink:label="A1842bf6df88_e" xlink:type="locator"/><definitionArc order="3.0" priority="0" xlink:arcrole="http://xbrl.org/int/dim/arcrole/domain-member" xlink:from="A1842bf6df88_b" xlink:to="A1842bf6df88_e" xlink:type="arc"/><loc xlink:href="http://www.xbrl.tdnet.info/taxonomy/jp/tse/tdnet/ed/t/2014-01-12/tse-ed-t-2014-01-12.xsd#tse-ed-t_NagoyaStockExchangeOthers" xlink:label="A1842bf6df88_f" xlink:type="locator"/><definitionArc order="4.0" priority="0" xlink:arcrole="http://xbrl.org/int/dim/arcrole/domain-member" xlink:from="A1842bf6df88_b" xlink:to="A1842bf6df88_f" xlink:type="arc"/><loc xlink:href="http://www.xbrl.tdnet.info/taxonomy/jp/tse/tdnet/ed/t/2014-01-12/tse-ed-t-2014-01-12.xsd#tse-ed-t_SapporoStockExchange" xlink:label="A1842bf6df89_0" xlink:type="locator"/><definitionArc order="3.0" priority="0" xlink:arcrole="http://xbrl.org/int/dim/arcrole/domain-member" xlink:from="A1842bf6df88_0" xlink:to="A1842bf6df89_0" xlink:type="arc"/><loc xlink:href="http://www.xbrl.tdnet.info/taxonomy/jp/tse/tdnet/ed/t/2014-01-12/tse-ed-t-2014-01-12.xsd#tse-ed-t_SapporoStockExchangeEstablished" xlink:label="A1842bf6df89_1" xlink:type="locator"/><definitionArc order="1.0" priority="0" xlink:arcrole="http://xbrl.org/int/dim/arcrole/domain-member" xlink:from="A1842bf6df89_0" xlink:to="A1842bf6df89_1" xlink:type="arc"/><loc xlink:href="http://www.xbrl.tdnet.info/taxonomy/jp/tse/tdnet/ed/t/2014-01-12/tse-ed-t-2014-01-12.xsd#tse-ed-t_SapporoStockExchangeAmbitious" xlink:label="A1842bf6df89_2" xlink:type="locator"/><definitionArc order="2.0" priority="0" xlink:arcrole="http://xbrl.org/int/dim/arcrole/domain-member" xlink:from="A1842bf6df89_0" xlink:to="A1842bf6df89_2" xlink:type="arc"/><loc xlink:href="http://www.xbrl.tdnet.info/taxonomy/jp/tse/tdnet/ed/t/2014-01-12/tse-ed-t-2014-01-12.xsd#tse-ed-t_SapporoStockExchangeOthers" xlink:label="A1842bf6df89_3" xlink:type="locator"/><definitionArc order="3.0" priority="0" xlink:arcrole="http://xbrl.org/int/dim/arcrole/domain-member" xlink:from="A1842bf6df89_0" xlink:to="A1842bf6df89_3" xlink:type="arc"/><loc xlink:href="http://www.xbrl.tdnet.info/taxonomy/jp/tse/tdnet/ed/t/2014-01-12/tse-ed-t-2014-01-12.xsd#tse-ed-t_FukuokaStockExchange" xlink:label="A1842bf6df89_4" xlink:type="locator"/><definitionArc order="4.0" priority="0" xlink:arcrole="http://xbrl.org/int/dim/arcrole/domain-member" xlink:from="A1842bf6df88_0" xlink:to="A1842bf6df89_4" xlink:type="arc"/><loc xlink:href="http://www.xbrl.tdnet.info/taxonomy/jp/tse/tdnet/ed/t/2014-01-12/tse-ed-t-2014-01-12.xsd#tse-ed-t_FukuokaStockExchangeEstablished" xlink:label="A1842bf6df89_5" xlink:type="locator"/><definitionArc order="1.0" priority="0" xlink:arcrole="http://xbrl.org/int/dim/arcrole/domain-member" xlink:from="A1842bf6df89_4" xlink:to="A1842bf6df89_5" xlink:type="arc"/><loc xlink:href="http://www.xbrl.tdnet.info/taxonomy/jp/tse/tdnet/ed/t/2014-01-12/tse-ed-t-2014-01-12.xsd#tse-ed-t_FukuokaStockExchangeQBoard" xlink:label="A1842bf6df89_6" xlink:type="locator"/><definitionArc order="2.0" priority="0" xlink:arcrole="http://xbrl.org/int/dim/arcrole/domain-member" xlink:from="A1842bf6df89_4" xlink:to="A1842bf6df89_6" xlink:type="arc"/><loc xlink:href="http://www.xbrl.tdnet.info/taxonomy/jp/tse/tdnet/ed/t/2014-01-12/tse-ed-t-2014-01-12.xsd#tse-ed-t_FukuokaStockExchangeOthers" xlink:label="A1842bf6df89_7" xlink:type="locator"/><definitionArc order="3.0" priority="0" xlink:arcrole="http://xbrl.org/int/dim/arcrole/domain-member" xlink:from="A1842bf6df89_4" xlink:to="A1842bf6df89_7" xlink:type="arc"/><loc xlink:href="http://www.xbrl.tdnet.info/taxonomy/jp/tse/tdnet/ed/t/2014-01-12/tse-ed-t-2014-01-12.xsd#tse-ed-t_JapanSecuritiesDealersAssociation" xlink:label="A1842bf6df89_8" xlink:type="locator"/><definitionArc order="5.0" priority="0" xlink:arcrole="http://xbrl.org/int/dim/arcrole/domain-member" xlink:from="A1842bf6df88_0" xlink:to="A1842bf6df89_8" xlink:type="arc"/><loc xlink:href="http://www.xbrl.tdnet.info/taxonomy/jp/tse/tdnet/ed/t/2014-01-12/tse-ed-t-2014-01-12.xsd#tse-ed-t_JapanSecuritiesDealersAssociationGreenSheet" xlink:label="A1842bf6df89_9" xlink:type="locator"/><definitionArc order="1.0" priority="0" xlink:arcrole="http://xbrl.org/int/dim/arcrole/domain-member" xlink:from="A1842bf6df89_8" xlink:to="A1842bf6df89_9" xlink:type="arc"/></definitionLink><definitionLink xlink:role="http://www.xbrl.tdnet.info/jp/tse/tdnet/role/RoleConsolidatedInformationAnnual" xlink:type="extended"><loc xlink:href="http://www.xbrl.tdnet.info/taxonomy/jp/tse/tdnet/ed/t/2014-01-12/tse-ed-t-2014-01-12.xsd#tse-ed-t_ConsolidatedInformationAnnualHeading" xlink:label="ConsolidatedInformationAnnualHeading" xlink:type="locator"/><loc xlink:href="http://www.xbrl.tdnet.info/taxonomy/jp/tse/tdnet/ed/t/2014-01-12/tse-ed-t-2014-01-12.xsd#tse-ed-t_ConsolidatedInformationAnnualTable" xlink:label="ConsolidatedInformationAnnualTable" xlink:type="locator"/><definitionArc order="1.0" priority="0" xbrldt:closed="true" xbrldt:contextElement="scenario" xlink:arcrole="http://xbrl.org/int/dim/arcrole/all" xlink:from="ConsolidatedInformationAnnualHeading" xlink:to="ConsolidatedInformationAnnualTable" xlink:type="arc"/><loc xlink:href="http://www.xbrl.tdnet.info/taxonomy/jp/tse/tdnet/ed/t/2014-01-12/tse-ed-t-2014-01-12.xsd#tse-ed-t_ConsolidatedNonconsolidatedAxis" xlink:label="ConsolidatedNonconsolidatedAxis" xlink:type="locator"/><definitionArc order="1.0" priority="0" xlink:arcrole="http://xbrl.org/int/dim/arcrole/hypercube-dimension" xlink:from="ConsolidatedInformationAnnualTable" xlink:to="ConsolidatedNonconsolidatedAxis" xlink:type="arc"/><loc xlink:href="http://www.xbrl.tdnet.info/taxonomy/jp/tse/tdnet/ed/t/2014-01-12/tse-ed-t-2014-01-12.xsd#tse-ed-t_ConsolidatedMember" xlink:label="ConsolidatedMember" xlink:type="locator"/><definitionArc order="1.0" priority="0" xlink:arcrole="http://xbrl.org/int/dim/arcrole/dimension-domain" xlink:from="ConsolidatedNonconsolidatedAxis" xlink:to="ConsolidatedMember" xlink:type="arc"/><loc xlink:href="http://www.xbrl.tdnet.info/taxonomy/jp/tse/tdnet/ed/t/2014-01-12/tse-ed-t-2014-01-12.xsd#tse-ed-t_ResultForecastAxis" xlink:label="ResultForecastAxis" xlink:type="locator"/><definitionArc order="2.0" priority="0" xlink:arcrole="http://xbrl.org/int/dim/arcrole/hypercube-dimension" xlink:from="ConsolidatedInformationAnnualTable" xlink:to="ResultForecastAxis" xlink:type="arc"/><loc xlink:href="http://www.xbrl.tdnet.info/taxonomy/jp/tse/tdnet/ed/t/2014-01-12/tse-ed-t-2014-01-12.xsd#tse-ed-t_ResultMember" xlink:label="ResultMember" xlink:type="locator"/><definitionArc order="1.0" priority="0" xlink:arcrole="http://xbrl.org/int/dim/arcrole/dimension-domain" xlink:from="ResultForecastAxis" xlink:to="ResultMember" xlink:type="arc"/><loc xlink:href="http://www.xbrl.tdnet.info/taxonomy/jp/tse/tdnet/ed/t/2014-01-12/tse-ed-t-2014-01-12.xsd#tse-ed-t_ForecastMember" xlink:label="ForecastMember" xlink:type="locator"/><definitionArc order="2.0" priority="0" xlink:arcrole="http://xbrl.org/int/dim/arcrole/dimension-domain" xlink:from="ResultForecastAxis" xlink:to="ForecastMember" xlink:type="arc"/><loc xlink:href="http://www.xbrl.tdnet.info/taxonomy/jp/tse/tdnet/ed/t/2014-01-12/tse-ed-t-2014-01-12.xsd#tse-ed-t_UpperMember" xlink:label="UpperMember" xlink:type="locator"/><definitionArc order="3.0" priority="0" xlink:arcrole="http://xbrl.org/int/dim/arcrole/dimension-domain" xlink:from="ResultForecastAxis" xlink:to="UpperMember" xlink:type="arc"/><loc xlink:href="http://www.xbrl.tdnet.info/taxonomy/jp/tse/tdnet/ed/t/2014-01-12/tse-ed-t-2014-01-12.xsd#tse-ed-t_LowerMember" xlink:label="LowerMember" xlink:type="locator"/><definitionArc order="4.0" priority="0" xlink:arcrole="http://xbrl.org/int/dim/arcrole/dimension-domain" xlink:from="ResultForecastAxis" xlink:to="LowerMember" xlink:type="arc"/><loc xlink:href="http://www.xbrl.tdnet.info/taxonomy/jp/tse/tdnet/ed/t/2014-01-12/tse-ed-t-2014-01-12.xsd#tse-ed-t_PreviousCurrentAxis" xlink:label="PreviousCurrentAxis" xlink:type="locator"/><definitionArc order="3.0" priority="0" xlink:arcrole="http://xbrl.org/int/dim/arcrole/hypercube-dimension" xlink:from="ConsolidatedInformationAnnualTable" xlink:to="PreviousCurrentAxis" xlink:type="arc"/><loc xlink:href="http://www.xbrl.tdnet.info/taxonomy/jp/tse/tdnet/ed/t/2014-01-12/tse-ed-t-2014-01-12.xsd#tse-ed-t_PreviousMember" xlink:label="PreviousMember" xlink:type="locator"/><definitionArc order="1.0" priority="0" xlink:arcrole="http://xbrl.org/int/dim/arcrole/dimension-domain" xlink:from="PreviousCurrentAxis" xlink:to="PreviousMember" xlink:type="arc"/><loc xlink:href="http://www.xbrl.tdnet.info/taxonomy/jp/tse/tdnet/ed/t/2014-01-12/tse-ed-t-2014-01-12.xsd#tse-ed-t_CurrentMember" xlink:label="CurrentMember" xlink:type="locator"/><definitionArc order="2.0" priority="0" xlink:arcrole="http://xbrl.org/int/dim/arcrole/dimension-domain" xlink:from="PreviousCurrentAxis" xlink:to="CurrentMember" xlink:type="arc"/><loc xlink:href="http://www.xbrl.tdnet.info/taxonomy/jp/tse/tdnet/ed/t/2014-01-12/tse-ed-t-2014-01-12.xsd#tse-ed-t_ConsolidatedInformationAnnualLineItems" xlink:label="ConsolidatedInformationAnnualLineItems" xlink:type="locator"/><definitionArc order="2.0" priority="0" xlink:arcrole="http://xbrl.org/int/dim/arcrole/domain-member" xlink:from="ConsolidatedInformationAnnualHeading" xlink:to="ConsolidatedInformationAnnualLineItems" xlink:type="arc"/><loc xlink:href="http://www.xbrl.tdnet.info/taxonomy/jp/tse/tdnet/ed/t/2014-01-12/tse-ed-t-2014-01-12.xsd#tse-ed-t_FinancialForecastCorrectionAbstract" xlink:label="FinancialForecastCorrectionAbstract" xlink:type="locator"/><definitionArc order="1.0" priority="0" xlink:arcrole="http://xbrl.org/int/dim/arcrole/domain-member" xlink:from="ConsolidatedInformationAnnualLineItems" xlink:to="FinancialForecastCorrectionAbstract" xlink:type="arc"/><loc xlink:href="http://www.xbrl.tdnet.info/taxonomy/jp/tse/tdnet/ed/t/2014-01-12/tse-ed-t-2014-01-12.xsd#tse-ed-t_ForecastCorrectionOfAnnualConsolidatedFinancialResultsAbstract" xlink:label="ForecastCorrectionOfAnnualConsolidatedFinancialResultsAbstract" xlink:type="locator"/><definitionArc order="1.0" priority="0" xlink:arcrole="http://xbrl.org/int/dim/arcrole/domain-member" xlink:from="FinancialForecastCorrectionAbstract" xlink:to="ForecastCorrectionOfAnnualConsolidatedFinancialResultsAbstract" xlink:type="arc"/><loc xlink:href="http://www.xbrl.tdnet.info/taxonomy/jp/tse/tdnet/ed/t/2014-01-12/tse-ed-t-2014-01-12.xsd#tse-ed-t_PreambleToConsolidatedForecastsAbstract" xlink:label="PreambleToConsolidatedForecastsAbstract" xlink:type="locator"/><definitionArc order="1.0" priority="0" xlink:arcrole="http://xbrl.org/int/dim/arcrole/domain-member" xlink:from="ForecastCorrectionOfAnnualConsolidatedFinancialResultsAbstract" xlink:to="PreambleToConsolidatedForecastsAbstract" xlink:type="arc"/><loc xlink:href="http://www.xbrl.tdnet.info/taxonomy/jp/tse/tdnet/ed/t/2014-01-12/tse-ed-t-2014-01-12.xsd#tse-ed-t_PreambleToForecasts" xlink:label="PreambleToForecasts" xlink:type="locator"/><definitionArc order="1.0" priority="0" xlink:arcrole="http://xbrl.org/int/dim/arcrole/domain-member" xlink:from="PreambleToConsolidatedForecastsAbstract" xlink:to="PreambleToForecasts" xlink:type="arc"/><loc xlink:href="http://www.xbrl.tdnet.info/taxonomy/jp/tse/tdnet/ed/t/2014-01-12/tse-ed-t-2014-01-12.xsd#tse-ed-t_MainTableOfConsolidatedForecastsAbstract" xlink:label="MainTableOfConsolidatedForecastsAbstract" xlink:type="locator"/><definitionArc order="2.0" priority="0" xlink:arcrole="http://xbrl.org/int/dim/arcrole/domain-member" xlink:from="ForecastCorrectionOfAnnualConsolidatedFinancialResultsAbstract" xlink:to="MainTableOfConsolidatedForecastsAbstract" xlink:type="arc"/><loc xlink:href="http://www.xbrl.tdnet.info/taxonomy/jp/tse/tdnet/ed/t/2014-01-12/tse-ed-t-2014-01-12.xsd#tse-ed-t_NetSalesCorrectionAbstract" xlink:label="A1842c434773_0" xlink:type="locator"/><definitionArc order="1.0" priority="0" xlink:arcrole="http://xbrl.org/int/dim/arcrole/domain-member" xlink:from="MainTableOfConsolidatedForecastsAbstract" xlink:to="A1842c434773_0" xlink:type="arc"/><loc xlink:href="http://www.xbrl.tdnet.info/taxonomy/jp/tse/tdnet/ed/t/2014-01-12/tse-ed-t-2014-01-12.xsd#tse-ed-t_NetSales" xlink:label="A1842c434773_1" xlink:type="locator"/><definitionArc order="1.0" priority="0" xlink:arcrole="http://xbrl.org/int/dim/arcrole/domain-member" xlink:from="A1842c434773_0" xlink:to="A1842c434773_1" xlink:type="arc"/><loc xlink:href="http://www.xbrl.tdnet.info/taxonomy/jp/tse/tdnet/ed/t/2014-01-12/tse-ed-t-2014-01-12.xsd#tse-ed-t_AmountChangeNetSales" xlink:label="A1842c434773_2" xlink:type="locator"/><definitionArc order="2.0" priority="0" xlink:arcrole="http://xbrl.org/int/dim/arcrole/domain-member" xlink:from="A1842c434773_0" xlink:to="A1842c434773_2" xlink:type="arc"/><loc xlink:href="http://www.xbrl.tdnet.info/taxonomy/jp/tse/tdnet/ed/t/2014-01-12/tse-ed-t-2014-01-12.xsd#tse-ed-t_ChangeInNetSales" xlink:label="A1842c434773_3" xlink:type="locator"/><definitionArc order="3.0" priority="0" xlink:arcrole="http://xbrl.org/int/dim/arcrole/domain-member" xlink:from="A1842c434773_0" xlink:to="A1842c434773_3" xlink:type="arc"/><loc xlink:href="http://www.xbrl.tdnet.info/taxonomy/jp/tse/tdnet/ed/t/2014-01-12/tse-ed-t-2014-01-12.xsd#tse-ed-t_OperatingIncomeCorrectionAbstract" xlink:label="A1842c434773_4" xlink:type="locator"/><definitionArc order="2.0" priority="0" xlink:arcrole="http://xbrl.org/int/dim/arcrole/domain-member" xlink:from="MainTableOfConsolidatedForecastsAbstract" xlink:to="A1842c434773_4" xlink:type="arc"/><loc xlink:href="http://www.xbrl.tdnet.info/taxonomy/jp/tse/tdnet/ed/t/2014-01-12/tse-ed-t-2014-01-12.xsd#tse-ed-t_OperatingIncome" xlink:label="A1842c434773_5" xlink:type="locator"/><definitionArc order="1.0" priority="0" xlink:arcrole="http://xbrl.org/int/dim/arcrole/domain-member" xlink:from="A1842c434773_4" xlink:to="A1842c434773_5" xlink:type="arc"/><loc xlink:href="http://www.xbrl.tdnet.info/taxonomy/jp/tse/tdnet/ed/t/2014-01-12/tse-ed-t-2014-01-12.xsd#tse-ed-t_AmountChangeOperatingIncome" xlink:label="A1842c434773_6" xlink:type="locator"/><definitionArc order="2.0" priority="0" xlink:arcrole="http://xbrl.org/int/dim/arcrole/domain-member" xlink:from="A1842c434773_4" xlink:to="A1842c434773_6" xlink:type="arc"/><loc xlink:href="http://www.xbrl.tdnet.info/taxonomy/jp/tse/tdnet/ed/t/2014-01-12/tse-ed-t-2014-01-12.xsd#tse-ed-t_ChangeInOperatingIncome" xlink:label="A1842c434773_7" xlink:type="locator"/><definitionArc order="3.0" priority="0" xlink:arcrole="http://xbrl.org/int/dim/arcrole/domain-member" xlink:from="A1842c434773_4" xlink:to="A1842c434773_7" xlink:type="arc"/><loc xlink:href="http://www.xbrl.tdnet.info/taxonomy/jp/tse/tdnet/ed/t/2014-01-12/tse-ed-t-2014-01-12.xsd#tse-ed-t_OrdinaryIncomeCorrectionAbstract" xlink:label="A1842c434774_0" xlink:type="locator"/><definitionArc order="3.0" priority="0" xlink:arcrole="http://xbrl.org/int/dim/arcrole/domain-member" xlink:from="MainTableOfConsolidatedForecastsAbstract" xlink:to="A1842c434774_0" xlink:type="arc"/><loc xlink:href="http://www.xbrl.tdnet.info/taxonomy/jp/tse/tdnet/ed/t/2014-01-12/tse-ed-t-2014-01-12.xsd#tse-ed-t_OrdinaryIncome" xlink:label="A1842c434774_1" xlink:type="locator"/><definitionArc order="1.0" priority="0" xlink:arcrole="http://xbrl.org/int/dim/arcrole/domain-member" xlink:from="A1842c434774_0" xlink:to="A1842c434774_1" xlink:type="arc"/><loc xlink:href="http://www.xbrl.tdnet.info/taxonomy/jp/tse/tdnet/ed/t/2014-01-12/tse-ed-t-2014-01-12.xsd#tse-ed-t_AmountChangeOrdinaryIncome" xlink:label="A1842c434774_2" xlink:type="locator"/><definitionArc order="2.0" priority="0" xlink:arcrole="http://xbrl.org/int/dim/arcrole/domain-member" xlink:from="A1842c434774_0" xlink:to="A1842c434774_2" xlink:type="arc"/><loc xlink:href="http://www.xbrl.tdnet.info/taxonomy/jp/tse/tdnet/ed/t/2014-01-12/tse-ed-t-2014-01-12.xsd#tse-ed-t_ChangeInOrdinaryIncome" xlink:label="A1842c434774_3" xlink:type="locator"/><definitionArc order="3.0" priority="0" xlink:arcrole="http://xbrl.org/int/dim/arcrole/domain-member" xlink:from="A1842c434774_0" xlink:to="A1842c434774_3" xlink:type="arc"/><loc xlink:href="http://www.xbrl.tdnet.info/taxonomy/jp/tse/tdnet/ed/t/2014-01-12/tse-ed-t-2014-01-12.xsd#tse-ed-t_ProfitAttributableToOwnersOfParentCorrectionAbstract" xlink:label="A1842c434774_4" xlink:type="locator"/><definitionArc order="4.0" priority="0" xlink:arcrole="http://xbrl.org/int/dim/arcrole/domain-member" xlink:from="MainTableOfConsolidatedForecastsAbstract" xlink:to="A1842c434774_4" xlink:type="arc"/><loc xlink:href="http://www.xbrl.tdnet.info/taxonomy/jp/tse/tdnet/ed/t/2014-01-12/tse-ed-t-2014-01-12.xsd#tse-ed-t_ProfitAttributableToOwnersOfParent" xlink:label="A1842c434774_5" xlink:type="locator"/><definitionArc order="1.0" priority="0" xlink:arcrole="http://xbrl.org/int/dim/arcrole/domain-member" xlink:from="A1842c434774_4" xlink:to="A1842c434774_5" xlink:type="arc"/><loc xlink:href="http://www.xbrl.tdnet.info/taxonomy/jp/tse/tdnet/ed/t/2014-01-12/tse-ed-t-2014-01-12.xsd#tse-ed-t_AmountChangeProfitAttributableToOwnersOfParent" xlink:label="A1842c434774_6" xlink:type="locator"/><definitionArc order="2.0" priority="0" xlink:arcrole="http://xbrl.org/int/dim/arcrole/domain-member" xlink:from="A1842c434774_4" xlink:to="A1842c434774_6" xlink:type="arc"/><loc xlink:href="http://www.xbrl.tdnet.info/taxonomy/jp/tse/tdnet/ed/t/2014-01-12/tse-ed-t-2014-01-12.xsd#tse-ed-t_ChangeInProfitAttributableToOwnersOfParent" xlink:label="A1842c434774_7" xlink:type="locator"/><definitionArc order="3.0" priority="0" xlink:arcrole="http://xbrl.org/int/dim/arcrole/domain-member" xlink:from="A1842c434774_4" xlink:to="A1842c434774_7" xlink:type="arc"/><loc xlink:href="http://www.xbrl.tdnet.info/taxonomy/jp/tse/tdnet/ed/t/2014-01-12/tse-ed-t-2014-01-12.xsd#tse-ed-t_NetIncomePerShareCorrectionAbstract" xlink:label="A1842c434774_8" xlink:type="locator"/><definitionArc order="5.0" priority="0" xlink:arcrole="http://xbrl.org/int/dim/arcrole/domain-member" xlink:from="MainTableOfConsolidatedForecastsAbstract" xlink:to="A1842c434774_8" xlink:type="arc"/><loc xlink:href="http://www.xbrl.tdnet.info/taxonomy/jp/tse/tdnet/ed/t/2014-01-12/tse-ed-t-2014-01-12.xsd#tse-ed-t_NetIncomePerShare" xlink:label="A1842c434774_9" xlink:type="locator"/><definitionArc order="1.0" priority="0" xlink:arcrole="http://xbrl.org/int/dim/arcrole/domain-member" xlink:from="A1842c434774_8" xlink:to="A1842c434774_9" xlink:type="arc"/></definitionLink><definitionLink xlink:role="http://www.xbrl.tdnet.info/jp/tse/tdnet/role/RoleNonConsolidatedInformationAnnual" xlink:type="extended"><loc xlink:href="http://www.xbrl.tdnet.info/taxonomy/jp/tse/tdnet/ed/t/2014-01-12/tse-ed-t-2014-01-12.xsd#tse-ed-t_ConsolidatedNonconsolidatedAxis" xlink:label="ConsolidatedNonconsolidatedAxis" xlink:type="locator"/><loc xlink:href="http://www.xbrl.tdnet.info/taxonomy/jp/tse/tdnet/ed/t/2014-01-12/tse-ed-t-2014-01-12.xsd#tse-ed-t_NonConsolidatedMember" xlink:label="NonConsolidatedMember" xlink:type="locator"/><definitionArc order="1.0" priority="0" xlink:arcrole="http://xbrl.org/int/dim/arcrole/dimension-domain" xlink:from="ConsolidatedNonconsolidatedAxis" xlink:to="NonConsolidatedMember" xlink:type="arc"/><loc xlink:href="http://www.xbrl.tdnet.info/taxonomy/jp/tse/tdnet/ed/t/2014-01-12/tse-ed-t-2014-01-12.xsd#tse-ed-t_ResultForecastAxis" xlink:label="ResultForecastAxis" xlink:type="locator"/><loc xlink:href="http://www.xbrl.tdnet.info/taxonomy/jp/tse/tdnet/ed/t/2014-01-12/tse-ed-t-2014-01-12.xsd#tse-ed-t_ResultMember" xlink:label="ResultMember" xlink:type="locator"/><definitionArc order="1.0" priority="0" xlink:arcrole="http://xbrl.org/int/dim/arcrole/dimension-domain" xlink:from="ResultForecastAxis" xlink:to="ResultMember" xlink:type="arc"/><loc xlink:href="http://www.xbrl.tdnet.info/taxonomy/jp/tse/tdnet/ed/t/2014-01-12/tse-ed-t-2014-01-12.xsd#tse-ed-t_ForecastMember" xlink:label="ForecastMember" xlink:type="locator"/><definitionArc order="2.0" priority="0" xlink:arcrole="http://xbrl.org/int/dim/arcrole/dimension-domain" xlink:from="ResultForecastAxis" xlink:to="ForecastMember" xlink:type="arc"/><loc xlink:href="http://www.xbrl.tdnet.info/taxonomy/jp/tse/tdnet/ed/t/2014-01-12/tse-ed-t-2014-01-12.xsd#tse-ed-t_UpperMember" xlink:label="UpperMember" xlink:type="locator"/><definitionArc order="3.0" priority="0" xlink:arcrole="http://xbrl.org/int/dim/arcrole/dimension-domain" xlink:from="ResultForecastAxis" xlink:to="UpperMember" xlink:type="arc"/><loc xlink:href="http://www.xbrl.tdnet.info/taxonomy/jp/tse/tdnet/ed/t/2014-01-12/tse-ed-t-2014-01-12.xsd#tse-ed-t_LowerMember" xlink:label="LowerMember" xlink:type="locator"/><definitionArc order="4.0" priority="0" xlink:arcrole="http://xbrl.org/int/dim/arcrole/dimension-domain" xlink:from="ResultForecastAxis" xlink:to="LowerMember" xlink:type="arc"/><loc xlink:href="http://www.xbrl.tdnet.info/taxonomy/jp/tse/tdnet/ed/t/2014-01-12/tse-ed-t-2014-01-12.xsd#tse-ed-t_PreviousCurrentAxis" xlink:label="PreviousCurrentAxis" xlink:type="locator"/><loc xlink:href="http://www.xbrl.tdnet.info/taxonomy/jp/tse/tdnet/ed/t/2014-01-12/tse-ed-t-2014-01-12.xsd#tse-ed-t_PreviousMember" xlink:label="PreviousMember" xlink:type="locator"/><definitionArc order="1.0" priority="0" xlink:arcrole="http://xbrl.org/int/dim/arcrole/dimension-domain" xlink:from="PreviousCurrentAxis" xlink:to="PreviousMember" xlink:type="arc"/><loc xlink:href="http://www.xbrl.tdnet.info/taxonomy/jp/tse/tdnet/ed/t/2014-01-12/tse-ed-t-2014-01-12.xsd#tse-ed-t_CurrentMember" xlink:label="CurrentMember" xlink:type="locator"/><definitionArc order="2.0" priority="0" xlink:arcrole="http://xbrl.org/int/dim/arcrole/dimension-domain" xlink:from="PreviousCurrentAxis" xlink:to="CurrentMember" xlink:type="arc"/><loc xlink:href="http://www.xbrl.tdnet.info/taxonomy/jp/tse/tdnet/ed/t/2014-01-12/tse-ed-t-2014-01-12.xsd#tse-ed-t_NetSalesCorrectionAbstract" xlink:label="NetSalesCorrectionAbstract" xlink:type="locator"/><loc xlink:href="http://www.xbrl.tdnet.info/taxonomy/jp/tse/tdnet/ed/t/2014-01-12/tse-ed-t-2014-01-12.xsd#tse-ed-t_NetSales" xlink:label="NetSales" xlink:type="locator"/><definitionArc order="1.0" priority="0" xlink:arcrole="http://xbrl.org/int/dim/arcrole/domain-member" xlink:from="NetSalesCorrectionAbstract" xlink:to="NetSales" xlink:type="arc"/><loc xlink:href="http://www.xbrl.tdnet.info/taxonomy/jp/tse/tdnet/ed/t/2014-01-12/tse-ed-t-2014-01-12.xsd#tse-ed-t_AmountChangeNetSales" xlink:label="AmountChangeNetSales" xlink:type="locator"/><definitionArc order="2.0" priority="0" xlink:arcrole="http://xbrl.org/int/dim/arcrole/domain-member" xlink:from="NetSalesCorrectionAbstract" xlink:to="AmountChangeNetSales" xlink:type="arc"/><loc xlink:href="http://www.xbrl.tdnet.info/taxonomy/jp/tse/tdnet/ed/t/2014-01-12/tse-ed-t-2014-01-12.xsd#tse-ed-t_ChangeInNetSales" xlink:label="ChangeInNetSales" xlink:type="locator"/><definitionArc order="3.0" priority="0" xlink:arcrole="http://xbrl.org/int/dim/arcrole/domain-member" xlink:from="NetSalesCorrectionAbstract" xlink:to="ChangeInNetSales" xlink:type="arc"/><loc xlink:href="http://www.xbrl.tdnet.info/taxonomy/jp/tse/tdnet/ed/t/2014-01-12/tse-ed-t-2014-01-12.xsd#tse-ed-t_OrdinaryIncomeCorrectionAbstract" xlink:label="OrdinaryIncomeCorrectionAbstract" xlink:type="locator"/><loc xlink:href="http://www.xbrl.tdnet.info/taxonomy/jp/tse/tdnet/ed/t/2014-01-12/tse-ed-t-2014-01-12.xsd#tse-ed-t_OrdinaryIncome" xlink:label="OrdinaryIncome" xlink:type="locator"/><definitionArc order="1.0" priority="0" xlink:arcrole="http://xbrl.org/int/dim/arcrole/domain-member" xlink:from="OrdinaryIncomeCorrectionAbstract" xlink:to="OrdinaryIncome" xlink:type="arc"/><loc xlink:href="http://www.xbrl.tdnet.info/taxonomy/jp/tse/tdnet/ed/t/2014-01-12/tse-ed-t-2014-01-12.xsd#tse-ed-t_AmountChangeOrdinaryIncome" xlink:label="AmountChangeOrdinaryIncome" xlink:type="locator"/><definitionArc order="2.0" priority="0" xlink:arcrole="http://xbrl.org/int/dim/arcrole/domain-member" xlink:from="OrdinaryIncomeCorrectionAbstract" xlink:to="AmountChangeOrdinaryIncome" xlink:type="arc"/><loc xlink:href="http://www.xbrl.tdnet.info/taxonomy/jp/tse/tdnet/ed/t/2014-01-12/tse-ed-t-2014-01-12.xsd#tse-ed-t_ChangeInOrdinaryIncome" xlink:label="ChangeInOrdinaryIncome" xlink:type="locator"/><definitionArc order="3.0" priority="0" xlink:arcrole="http://xbrl.org/int/dim/arcrole/domain-member" xlink:from="OrdinaryIncomeCorrectionAbstract" xlink:to="ChangeInOrdinaryIncome" xlink:type="arc"/><loc xlink:href="http://www.xbrl.tdnet.info/taxonomy/jp/tse/tdnet/ed/t/2014-01-12/tse-ed-t-2014-01-12.xsd#tse-ed-t_NetIncomePerShareCorrectionAbstract" xlink:label="NetIncomePerShareCorrectionAbstract" xlink:type="locator"/><loc xlink:href="http://www.xbrl.tdnet.info/taxonomy/jp/tse/tdnet/ed/t/2014-01-12/tse-ed-t-2014-01-12.xsd#tse-ed-t_NetIncomePerShare" xlink:label="NetIncomePerShare" xlink:type="locator"/><definitionArc order="1.0" priority="0" xlink:arcrole="http://xbrl.org/int/dim/arcrole/domain-member" xlink:from="NetIncomePerShareCorrectionAbstract" xlink:to="NetIncomePerShare" xlink:type="arc"/><loc xlink:href="http://www.xbrl.tdnet.info/taxonomy/jp/tse/tdnet/ed/t/2014-01-12/tse-ed-t-2014-01-12.xsd#tse-ed-t_FinancialForecastCorrectionAbstract" xlink:label="FinancialForecastCorrectionAbstract" xlink:type="locator"/><loc xlink:href="http://www.xbrl.tdnet.info/taxonomy/jp/tse/tdnet/ed/t/2014-01-12/tse-ed-t-2014-01-12.xsd#tse-ed-t_ForecastCorrectionOfAnnualNonConsolidatedFinancialResultsAbstract" xlink:label="ForecastCorrectionOfAnnualNonConsolidatedFinancialResultsAbstract" xlink:type="locator"/><definitionArc order="1.0" priority="0" xlink:arcrole="http://xbrl.org/int/dim/arcrole/domain-member" xlink:from="FinancialForecastCorrectionAbstract" xlink:to="ForecastCorrectionOfAnnualNonConsolidatedFinancialResultsAbstract" xlink:type="arc"/><loc xlink:href="http://www.xbrl.tdnet.info/taxonomy/jp/tse/tdnet/ed/t/2014-01-12/tse-ed-t-2014-01-12.xsd#tse-ed-t_PreambleToNonConsolidatedForecastsAbstract" xlink:label="PreambleToNonConsolidatedForecastsAbstract" xlink:type="locator"/><definitionArc order="1.0" priority="0" xlink:arcrole="http://xbrl.org/int/dim/arcrole/domain-member" xlink:from="ForecastCorrectionOfAnnualNonConsolidatedFinancialResultsAbstract" xlink:to="PreambleToNonConsolidatedForecastsAbstract" xlink:type="arc"/><loc xlink:href="http://www.xbrl.tdnet.info/taxonomy/jp/tse/tdnet/ed/t/2014-01-12/tse-ed-t-2014-01-12.xsd#tse-ed-t_PreambleToForecasts" xlink:label="PreambleToForecasts" xlink:type="locator"/><definitionArc order="1.0" priority="0" xlink:arcrole="http://xbrl.org/int/dim/arcrole/domain-member" xlink:from="PreambleToNonConsolidatedForecastsAbstract" xlink:to="PreambleToForecasts" xlink:type="arc"/><loc xlink:href="http://www.xbrl.tdnet.info/taxonomy/jp/tse/tdnet/ed/t/2014-01-12/tse-ed-t-2014-01-12.xsd#tse-ed-t_MainTableOfNonConsolidatedForecastsAbstract" xlink:label="MainTableOfNonConsolidatedForecastsAbstract" xlink:type="locator"/><definitionArc order="2.0" priority="0" xlink:arcrole="http://xbrl.org/int/dim/arcrole/domain-member" xlink:from="ForecastCorrectionOfAnnualNonConsolidatedFinancialResultsAbstract" xlink:to="MainTableOfNonConsolidatedForecastsAbstract" xlink:type="arc"/><definitionArc order="1.0" priority="0" xlink:arcrole="http://xbrl.org/int/dim/arcrole/domain-member" xlink:from="MainTableOfNonConsolidatedForecastsAbstract" xlink:to="NetSalesCorrectionAbstract" xlink:type="arc"/><definitionArc order="2.0" priority="0" xlink:arcrole="http://xbrl.org/int/dim/arcrole/domain-member" xlink:from="MainTableOfNonConsolidatedForecastsAbstract" xlink:to="OrdinaryIncomeCorrectionAbstract" xlink:type="arc"/><loc xlink:href="http://www.xbrl.tdnet.info/taxonomy/jp/tse/tdnet/ed/t/2014-01-12/tse-ed-t-2014-01-12.xsd#tse-ed-t_NetIncomeCorrectionAbstract" xlink:label="NetIncomeCorrectionAbstract" xlink:type="locator"/><definitionArc order="3.0" priority="0" xlink:arcrole="http://xbrl.org/int/dim/arcrole/domain-member" xlink:from="MainTableOfNonConsolidatedForecastsAbstract" xlink:to="NetIncomeCorrectionAbstract" xlink:type="arc"/><loc xlink:href="http://www.xbrl.tdnet.info/taxonomy/jp/tse/tdnet/ed/t/2014-01-12/tse-ed-t-2014-01-12.xsd#tse-ed-t_NetIncome" xlink:label="NetIncome" xlink:type="locator"/><definitionArc order="1.0" priority="0" xlink:arcrole="http://xbrl.org/int/dim/arcrole/domain-member" xlink:from="NetIncomeCorrectionAbstract" xlink:to="NetIncome" xlink:type="arc"/><loc xlink:href="http://www.xbrl.tdnet.info/taxonomy/jp/tse/tdnet/ed/t/2014-01-12/tse-ed-t-2014-01-12.xsd#tse-ed-t_AmountChangeNetIncome" xlink:label="AmountChangeNetIncome" xlink:type="locator"/><definitionArc order="2.0" priority="0" xlink:arcrole="http://xbrl.org/int/dim/arcrole/domain-member" xlink:from="NetIncomeCorrectionAbstract" xlink:to="AmountChangeNetIncome" xlink:type="arc"/><loc xlink:href="http://www.xbrl.tdnet.info/taxonomy/jp/tse/tdnet/ed/t/2014-01-12/tse-ed-t-2014-01-12.xsd#tse-ed-t_ChangeInNetIncome" xlink:label="ChangeInNetIncome" xlink:type="locator"/><definitionArc order="3.0" priority="0" xlink:arcrole="http://xbrl.org/int/dim/arcrole/domain-member" xlink:from="NetIncomeCorrectionAbstract" xlink:to="ChangeInNetIncome" xlink:type="arc"/><definitionArc order="4.0" priority="0" xlink:arcrole="http://xbrl.org/int/dim/arcrole/domain-member" xlink:from="MainTableOfNonConsolidatedForecastsAbstract" xlink:to="NetIncomePerShareCorrectionAbstract" xlink:type="arc"/><loc xlink:href="http://www.xbrl.tdnet.info/taxonomy/jp/tse/tdnet/ed/t/2014-01-12/tse-ed-t-2014-01-12.xsd#tse-ed-t_NonConsolidatedInformationAnnualHeading" xlink:label="NonConsolidatedInformationAnnualHeading" xlink:type="locator"/><loc xlink:href="http://www.xbrl.tdnet.info/taxonomy/jp/tse/tdnet/ed/t/2014-01-12/tse-ed-t-2014-01-12.xsd#tse-ed-t_NonConsolidatedInformationAnnualTable" xlink:label="NonConsolidatedInformationAnnualTable" xlink:type="locator"/><definitionArc order="1.0" priority="0" xbrldt:closed="true" xbrldt:contextElement="scenario" xlink:arcrole="http://xbrl.org/int/dim/arcrole/all" xlink:from="NonConsolidatedInformationAnnualHeading" xlink:to="NonConsolidatedInformationAnnualTable" xlink:type="arc"/><definitionArc order="1.0" priority="0" xlink:arcrole="http://xbrl.org/int/dim/arcrole/hypercube-dimension" xlink:from="NonConsolidatedInformationAnnualTable" xlink:to="ConsolidatedNonconsolidatedAxis" xlink:type="arc"/><definitionArc order="2.0" priority="0" xlink:arcrole="http://xbrl.org/int/dim/arcrole/hypercube-dimension" xlink:from="NonConsolidatedInformationAnnualTable" xlink:to="ResultForecastAxis" xlink:type="arc"/><definitionArc order="3.0" priority="0" xlink:arcrole="http://xbrl.org/int/dim/arcrole/hypercube-dimension" xlink:from="NonConsolidatedInformationAnnualTable" xlink:to="PreviousCurrentAxis" xlink:type="arc"/><loc xlink:href="http://www.xbrl.tdnet.info/taxonomy/jp/tse/tdnet/ed/t/2014-01-12/tse-ed-t-2014-01-12.xsd#tse-ed-t_NonConsolidatedInformationAnnualLineItems" xlink:label="NonConsolidatedInformationAnnualLineItems" xlink:type="locator"/><definitionArc order="2.0" priority="0" xlink:arcrole="http://xbrl.org/int/dim/arcrole/domain-member" xlink:from="NonConsolidatedInformationAnnualHeading" xlink:to="NonConsolidatedInformationAnnualLineItems" xlink:type="arc"/><definitionArc order="1.0" priority="0" xlink:arcrole="http://xbrl.org/int/dim/arcrole/domain-member" xlink:from="NonConsolidatedInformationAnnualLineItems" xlink:to="FinancialForecastCorrectionAbstract" xlink:type="arc"/></definitionLink><definitionLink xlink:role="http://www.xbrl.tdnet.info/jp/tse/tdnet/role/RoleNoteFinancialForecastCorrection" xlink:type="extended"><loc xlink:href="http://www.xbrl.tdnet.info/taxonomy/jp/tse/tdnet/ed/t/2014-01-12/tse-ed-t-2014-01-12.xsd#tse-ed-t_NoteFinancialForecastCorrectionHeading" xlink:label="NoteFinancialForecastCorrectionHeading" xlink:type="locator"/><loc xlink:href="http://www.xbrl.tdnet.info/taxonomy/jp/tse/tdnet/ed/t/2014-01-12/tse-ed-t-2014-01-12.xsd#tse-ed-t_NoteFinancialForecastCorrectionTable" xlink:label="NoteFinancialForecastCorrectionTable" xlink:type="locator"/><definitionArc order="1.0" priority="0" xbrldt:closed="true" xbrldt:contextElement="scenario" xlink:arcrole="http://xbrl.org/int/dim/arcrole/all" xlink:from="NoteFinancialForecastCorrectionHeading" xlink:to="NoteFinancialForecastCorrectionTable" xlink:type="arc"/><loc xlink:href="http://www.xbrl.tdnet.info/taxonomy/jp/tse/tdnet/ed/t/2014-01-12/tse-ed-t-2014-01-12.xsd#tse-ed-t_NoteFinancialForecastCorrectionLineItems" xlink:label="NoteFinancialForecastCorrectionLineItems" xlink:type="locator"/><definitionArc order="2.0" priority="0" xlink:arcrole="http://xbrl.org/int/dim/arcrole/domain-member" xlink:from="NoteFinancialForecastCorrectionHeading" xlink:to="NoteFinancialForecastCorrectionLineItems" xlink:type="arc"/><loc xlink:href="http://www.xbrl.tdnet.info/taxonomy/jp/tse/tdnet/ed/t/2014-01-12/tse-ed-t-2014-01-12.xsd#tse-ed-t_NoteAndReasonForCorrectionAbstract" xlink:label="NoteAndReasonForCorrectionAbstract" xlink:type="locator"/><definitionArc order="1.0" priority="0" xlink:arcrole="http://xbrl.org/int/dim/arcrole/domain-member" xlink:from="NoteFinancialForecastCorrectionLineItems" xlink:to="NoteAndReasonForCorrectionAbstract" xlink:type="arc"/><loc xlink:href="http://www.xbrl.tdnet.info/taxonomy/jp/tse/tdnet/ed/t/2014-01-12/tse-ed-t-2014-01-12.xsd#tse-ed-t_NoteToFinancialForecastAbstract" xlink:label="NoteToFinancialForecastAbstract" xlink:type="locator"/><definitionArc order="1.0" priority="0" xlink:arcrole="http://xbrl.org/int/dim/arcrole/domain-member" xlink:from="NoteAndReasonForCorrectionAbstract" xlink:to="NoteToFinancialForecastAbstract" xlink:type="arc"/><loc xlink:href="http://www.xbrl.tdnet.info/taxonomy/jp/tse/tdnet/ed/t/2014-01-12/tse-ed-t-2014-01-12.xsd#tse-ed-t_NoteToFinancialForecast" xlink:label="NoteToFinancialForecast" xlink:type="locator"/><definitionArc order="1.0" priority="0" xlink:arcrole="http://xbrl.org/int/dim/arcrole/domain-member" xlink:from="NoteToFinancialForecastAbstract" xlink:to="NoteToFinancialForecast" xlink:type="arc"/><loc xlink:href="http://www.xbrl.tdnet.info/taxonomy/jp/tse/tdnet/ed/t/2014-01-12/tse-ed-t-2014-01-12.xsd#tse-ed-t_ReasonForForecastCorrectionAbstract" xlink:label="ReasonForForecastCorrectionAbstract" xlink:type="locator"/><definitionArc order="2.0" priority="0" xlink:arcrole="http://xbrl.org/int/dim/arcrole/domain-member" xlink:from="NoteAndReasonForCorrectionAbstract" xlink:to="ReasonForForecastCorrectionAbstract" xlink:type="arc"/><loc xlink:href="http://www.xbrl.tdnet.info/taxonomy/jp/tse/tdnet/ed/t/2014-01-12/tse-ed-t-2014-01-12.xsd#tse-ed-t_ReasonForForecastCorrection" xlink:label="ReasonForForecastCorrection" xlink:type="locator"/><definitionArc order="1.0" priority="0" xlink:arcrole="http://xbrl.org/int/dim/arcrole/domain-member" xlink:from="ReasonForForecastCorrectionAbstract" xlink:to="ReasonForForecastCorrection" xlink:type="arc"/></definitionLink><definitionLink xlink:role="http://www.xbrl.tdnet.info/jp/tse/tdnet/role/RoleConsolidatedInformationQ2YTD" xlink:type="extended"><loc xlink:href="http://www.xbrl.tdnet.info/taxonomy/jp/tse/tdnet/ed/t/2014-01-12/tse-ed-t-2014-01-12.xsd#tse-ed-t_ConsolidatedNonconsolidatedAxis" xlink:label="A18417ba1321_2" xlink:type="locator"/><loc xlink:href="http://www.xbrl.tdnet.info/taxonomy/jp/tse/tdnet/ed/t/2014-01-12/tse-ed-t-2014-01-12.xsd#tse-ed-t_ConsolidatedMember" xlink:label="A18417ba1321_3" xlink:type="locator"/><definitionArc order="1.0" priority="0" xlink:arcrole="http://xbrl.org/int/dim/arcrole/dimension-domain" xlink:from="A18417ba1321_2" xlink:to="A18417ba1321_3" xlink:type="arc"/><loc xlink:href="http://www.xbrl.tdnet.info/taxonomy/jp/tse/tdnet/ed/t/2014-01-12/tse-ed-t-2014-01-12.xsd#tse-ed-t_ResultForecastAxis" xlink:label="A18417ba1321_4" xlink:type="locator"/><loc xlink:href="http://www.xbrl.tdnet.info/taxonomy/jp/tse/tdnet/ed/t/2014-01-12/tse-ed-t-2014-01-12.xsd#tse-ed-t_ResultMember" xlink:label="A18417ba1321_5" xlink:type="locator"/><definitionArc order="1.0" priority="0" xlink:arcrole="http://xbrl.org/int/dim/arcrole/dimension-domain" xlink:from="A18417ba1321_4" xlink:to="A18417ba1321_5" xlink:type="arc"/><loc xlink:href="http://www.xbrl.tdnet.info/taxonomy/jp/tse/tdnet/ed/t/2014-01-12/tse-ed-t-2014-01-12.xsd#tse-ed-t_ForecastMember" xlink:label="A18417ba1321_6" xlink:type="locator"/><definitionArc order="2.0" priority="0" xlink:arcrole="http://xbrl.org/int/dim/arcrole/dimension-domain" xlink:from="A18417ba1321_4" xlink:to="A18417ba1321_6" xlink:type="arc"/><loc xlink:href="http://www.xbrl.tdnet.info/taxonomy/jp/tse/tdnet/ed/t/2014-01-12/tse-ed-t-2014-01-12.xsd#tse-ed-t_UpperMember" xlink:label="A18417ba1321_7" xlink:type="locator"/><definitionArc order="3.0" priority="0" xlink:arcrole="http://xbrl.org/int/dim/arcrole/dimension-domain" xlink:from="A18417ba1321_4" xlink:to="A18417ba1321_7" xlink:type="arc"/><loc xlink:href="http://www.xbrl.tdnet.info/taxonomy/jp/tse/tdnet/ed/t/2014-01-12/tse-ed-t-2014-01-12.xsd#tse-ed-t_LowerMember" xlink:label="A18417ba1321_8" xlink:type="locator"/><definitionArc order="4.0" priority="0" xlink:arcrole="http://xbrl.org/int/dim/arcrole/dimension-domain" xlink:from="A18417ba1321_4" xlink:to="A18417ba1321_8" xlink:type="arc"/><loc xlink:href="http://www.xbrl.tdnet.info/taxonomy/jp/tse/tdnet/ed/t/2014-01-12/tse-ed-t-2014-01-12.xsd#tse-ed-t_PreviousCurrentAxis" xlink:label="A18417ba1321_9" xlink:type="locator"/><loc xlink:href="http://www.xbrl.tdnet.info/taxonomy/jp/tse/tdnet/ed/t/2014-01-12/tse-ed-t-2014-01-12.xsd#tse-ed-t_PreviousMember" xlink:label="A18417ba1321_a" xlink:type="locator"/><definitionArc order="1.0" priority="0" xlink:arcrole="http://xbrl.org/int/dim/arcrole/dimension-domain" xlink:from="A18417ba1321_9" xlink:to="A18417ba1321_a" xlink:type="arc"/><loc xlink:href="http://www.xbrl.tdnet.info/taxonomy/jp/tse/tdnet/ed/t/2014-01-12/tse-ed-t-2014-01-12.xsd#tse-ed-t_CurrentMember" xlink:label="A18417ba1321_b" xlink:type="locator"/><definitionArc order="2.0" priority="0" xlink:arcrole="http://xbrl.org/int/dim/arcrole/dimension-domain" xlink:from="A18417ba1321_9" xlink:to="A18417ba1321_b" xlink:type="arc"/><loc xlink:href="http://www.xbrl.tdnet.info/taxonomy/jp/tse/tdnet/ed/t/2014-01-12/tse-ed-t-2014-01-12.xsd#tse-ed-t_PreambleToConsolidatedForecastsAbstract" xlink:label="A18417ba68a0_0" xlink:type="locator"/><loc xlink:href="http://www.xbrl.tdnet.info/taxonomy/jp/tse/tdnet/ed/t/2014-01-12/tse-ed-t-2014-01-12.xsd#tse-ed-t_PreambleToForecasts" xlink:label="A18417ba68a0_1" xlink:type="locator"/><definitionArc order="1.0" priority="0" xlink:arcrole="http://xbrl.org/int/dim/arcrole/domain-member" xlink:from="A18417ba68a0_0" xlink:to="A18417ba68a0_1" xlink:type="arc"/><loc xlink:href="http://www.xbrl.tdnet.info/taxonomy/jp/tse/tdnet/ed/t/2014-01-12/tse-ed-t-2014-01-12.xsd#tse-ed-t_MainTableOfConsolidatedForecastsAbstract" xlink:label="A18417ba68a1_0" xlink:type="locator"/><loc xlink:href="http://www.xbrl.tdnet.info/taxonomy/jp/tse/tdnet/ed/t/2014-01-12/tse-ed-t-2014-01-12.xsd#tse-ed-t_NetSalesCorrectionAbstract" xlink:label="A1842c3b47d3_0" xlink:type="locator"/><definitionArc order="1.0" priority="0" xlink:arcrole="http://xbrl.org/int/dim/arcrole/domain-member" xlink:from="A18417ba68a1_0" xlink:to="A1842c3b47d3_0" xlink:type="arc"/><loc xlink:href="http://www.xbrl.tdnet.info/taxonomy/jp/tse/tdnet/ed/t/2014-01-12/tse-ed-t-2014-01-12.xsd#tse-ed-t_NetSales" xlink:label="A1842c3b47d3_1" xlink:type="locator"/><definitionArc order="1.0" priority="0" xlink:arcrole="http://xbrl.org/int/dim/arcrole/domain-member" xlink:from="A1842c3b47d3_0" xlink:to="A1842c3b47d3_1" xlink:type="arc"/><loc xlink:href="http://www.xbrl.tdnet.info/taxonomy/jp/tse/tdnet/ed/t/2014-01-12/tse-ed-t-2014-01-12.xsd#tse-ed-t_AmountChangeNetSales" xlink:label="A1842c3b47d3_2" xlink:type="locator"/><definitionArc order="2.0" priority="0" xlink:arcrole="http://xbrl.org/int/dim/arcrole/domain-member" xlink:from="A1842c3b47d3_0" xlink:to="A1842c3b47d3_2" xlink:type="arc"/><loc xlink:href="http://www.xbrl.tdnet.info/taxonomy/jp/tse/tdnet/ed/t/2014-01-12/tse-ed-t-2014-01-12.xsd#tse-ed-t_ChangeInNetSales" xlink:label="A1842c3b47d3_3" xlink:type="locator"/><definitionArc order="3.0" priority="0" xlink:arcrole="http://xbrl.org/int/dim/arcrole/domain-member" xlink:from="A1842c3b47d3_0" xlink:to="A1842c3b47d3_3" xlink:type="arc"/><loc xlink:href="http://www.xbrl.tdnet.info/taxonomy/jp/tse/tdnet/ed/t/2014-01-12/tse-ed-t-2014-01-12.xsd#tse-ed-t_OperatingIncomeCorrectionAbstract" xlink:label="A1842c3b47d3_4" xlink:type="locator"/><definitionArc order="2.0" priority="0" xlink:arcrole="http://xbrl.org/int/dim/arcrole/domain-member" xlink:from="A18417ba68a1_0" xlink:to="A1842c3b47d3_4" xlink:type="arc"/><loc xlink:href="http://www.xbrl.tdnet.info/taxonomy/jp/tse/tdnet/ed/t/2014-01-12/tse-ed-t-2014-01-12.xsd#tse-ed-t_OperatingIncome" xlink:label="A1842c3b47d3_5" xlink:type="locator"/><definitionArc order="1.0" priority="0" xlink:arcrole="http://xbrl.org/int/dim/arcrole/domain-member" xlink:from="A1842c3b47d3_4" xlink:to="A1842c3b47d3_5" xlink:type="arc"/><loc xlink:href="http://www.xbrl.tdnet.info/taxonomy/jp/tse/tdnet/ed/t/2014-01-12/tse-ed-t-2014-01-12.xsd#tse-ed-t_AmountChangeOperatingIncome" xlink:label="A1842c3b47d3_6" xlink:type="locator"/><definitionArc order="2.0" priority="0" xlink:arcrole="http://xbrl.org/int/dim/arcrole/domain-member" xlink:from="A1842c3b47d3_4" xlink:to="A1842c3b47d3_6" xlink:type="arc"/><loc xlink:href="http://www.xbrl.tdnet.info/taxonomy/jp/tse/tdnet/ed/t/2014-01-12/tse-ed-t-2014-01-12.xsd#tse-ed-t_ChangeInOperatingIncome" xlink:label="A1842c3b47d3_7" xlink:type="locator"/><definitionArc order="3.0" priority="0" xlink:arcrole="http://xbrl.org/int/dim/arcrole/domain-member" xlink:from="A1842c3b47d3_4" xlink:to="A1842c3b47d3_7" xlink:type="arc"/><loc xlink:href="http://www.xbrl.tdnet.info/taxonomy/jp/tse/tdnet/ed/t/2014-01-12/tse-ed-t-2014-01-12.xsd#tse-ed-t_OrdinaryIncomeCorrectionAbstract" xlink:label="A1842c3b47d3_8" xlink:type="locator"/><definitionArc order="3.0" priority="0" xlink:arcrole="http://xbrl.org/int/dim/arcrole/domain-member" xlink:from="A18417ba68a1_0" xlink:to="A1842c3b47d3_8" xlink:type="arc"/><loc xlink:href="http://www.xbrl.tdnet.info/taxonomy/jp/tse/tdnet/ed/t/2014-01-12/tse-ed-t-2014-01-12.xsd#tse-ed-t_OrdinaryIncome" xlink:label="A1842c3b47d3_9" xlink:type="locator"/><definitionArc order="1.0" priority="0" xlink:arcrole="http://xbrl.org/int/dim/arcrole/domain-member" xlink:from="A1842c3b47d3_8" xlink:to="A1842c3b47d3_9" xlink:type="arc"/><loc xlink:href="http://www.xbrl.tdnet.info/taxonomy/jp/tse/tdnet/ed/t/2014-01-12/tse-ed-t-2014-01-12.xsd#tse-ed-t_AmountChangeOrdinaryIncome" xlink:label="A1842c3b47d3_a" xlink:type="locator"/><definitionArc order="2.0" priority="0" xlink:arcrole="http://xbrl.org/int/dim/arcrole/domain-member" xlink:from="A1842c3b47d3_8" xlink:to="A1842c3b47d3_a" xlink:type="arc"/><loc xlink:href="http://www.xbrl.tdnet.info/taxonomy/jp/tse/tdnet/ed/t/2014-01-12/tse-ed-t-2014-01-12.xsd#tse-ed-t_ChangeInOrdinaryIncome" xlink:label="A1842c3b47d3_b" xlink:type="locator"/><definitionArc order="3.0" priority="0" xlink:arcrole="http://xbrl.org/int/dim/arcrole/domain-member" xlink:from="A1842c3b47d3_8" xlink:to="A1842c3b47d3_b" xlink:type="arc"/><loc xlink:href="http://www.xbrl.tdnet.info/taxonomy/jp/tse/tdnet/ed/t/2014-01-12/tse-ed-t-2014-01-12.xsd#tse-ed-t_ProfitAttributableToOwnersOfParentCorrectionAbstract" xlink:label="A1842c3b47d4_0" xlink:type="locator"/><definitionArc order="4.0" priority="0" xlink:arcrole="http://xbrl.org/int/dim/arcrole/domain-member" xlink:from="A18417ba68a1_0" xlink:to="A1842c3b47d4_0" xlink:type="arc"/><loc xlink:href="http://www.xbrl.tdnet.info/taxonomy/jp/tse/tdnet/ed/t/2014-01-12/tse-ed-t-2014-01-12.xsd#tse-ed-t_ProfitAttributableToOwnersOfParent" xlink:label="A1842c3b47d4_1" xlink:type="locator"/><definitionArc order="1.0" priority="0" xlink:arcrole="http://xbrl.org/int/dim/arcrole/domain-member" xlink:from="A1842c3b47d4_0" xlink:to="A1842c3b47d4_1" xlink:type="arc"/><loc xlink:href="http://www.xbrl.tdnet.info/taxonomy/jp/tse/tdnet/ed/t/2014-01-12/tse-ed-t-2014-01-12.xsd#tse-ed-t_AmountChangeProfitAttributableToOwnersOfParent" xlink:label="A1842c3b47d4_2" xlink:type="locator"/><definitionArc order="2.0" priority="0" xlink:arcrole="http://xbrl.org/int/dim/arcrole/domain-member" xlink:from="A1842c3b47d4_0" xlink:to="A1842c3b47d4_2" xlink:type="arc"/><loc xlink:href="http://www.xbrl.tdnet.info/taxonomy/jp/tse/tdnet/ed/t/2014-01-12/tse-ed-t-2014-01-12.xsd#tse-ed-t_ChangeInProfitAttributableToOwnersOfParent" xlink:label="A1842c3b47d4_3" xlink:type="locator"/><definitionArc order="3.0" priority="0" xlink:arcrole="http://xbrl.org/int/dim/arcrole/domain-member" xlink:from="A1842c3b47d4_0" xlink:to="A1842c3b47d4_3" xlink:type="arc"/><loc xlink:href="http://www.xbrl.tdnet.info/taxonomy/jp/tse/tdnet/ed/t/2014-01-12/tse-ed-t-2014-01-12.xsd#tse-ed-t_NetIncomePerShareCorrectionAbstract" xlink:label="A1842c3b47d4_4" xlink:type="locator"/><definitionArc order="5.0" priority="0" xlink:arcrole="http://xbrl.org/int/dim/arcrole/domain-member" xlink:from="A18417ba68a1_0" xlink:to="A1842c3b47d4_4" xlink:type="arc"/><loc xlink:href="http://www.xbrl.tdnet.info/taxonomy/jp/tse/tdnet/ed/t/2014-01-12/tse-ed-t-2014-01-12.xsd#tse-ed-t_NetIncomePerShare" xlink:label="A1842c3b47d4_5" xlink:type="locator"/><definitionArc order="1.0" priority="0" xlink:arcrole="http://xbrl.org/int/dim/arcrole/domain-member" xlink:from="A1842c3b47d4_4" xlink:to="A1842c3b47d4_5" xlink:type="arc"/><loc xlink:href="http://www.xbrl.tdnet.info/taxonomy/jp/tse/tdnet/ed/t/2014-01-12/tse-ed-t-2014-01-12.xsd#tse-ed-t_FinancialForecastCorrectionAbstract" xlink:label="A18417ba1321_d" xlink:type="locator"/><loc xlink:href="http://www.xbrl.tdnet.info/taxonomy/jp/tse/tdnet/ed/t/2014-01-12/tse-ed-t-2014-01-12.xsd#tse-ed-t_ForecastCorrectionOfQuarterlyConsolidatedFinancialResults6MonthsYTDAbstract" xlink:label="A18417ba1321_e" xlink:type="locator"/><definitionArc order="1.0" priority="0" xlink:arcrole="http://xbrl.org/int/dim/arcrole/domain-member" xlink:from="A18417ba1321_d" xlink:to="A18417ba1321_e" xlink:type="arc"/><definitionArc order="1.0" priority="0" xlink:arcrole="http://xbrl.org/int/dim/arcrole/domain-member" xlink:from="A18417ba1321_e" xlink:to="A18417ba68a0_0" xlink:type="arc"/><definitionArc order="2.0" priority="0" xlink:arcrole="http://xbrl.org/int/dim/arcrole/domain-member" xlink:from="A18417ba1321_e" xlink:to="A18417ba68a1_0" xlink:type="arc"/><loc xlink:href="http://www.xbrl.tdnet.info/taxonomy/jp/tse/tdnet/ed/t/2014-01-12/tse-ed-t-2014-01-12.xsd#tse-ed-t_ConsolidatedInformationQ2YTDHeading" xlink:label="A18417ba1321_0" xlink:type="locator"/><loc xlink:href="http://www.xbrl.tdnet.info/taxonomy/jp/tse/tdnet/ed/t/2014-01-12/tse-ed-t-2014-01-12.xsd#tse-ed-t_ConsolidatedInformationQ2YTDTable" xlink:label="A18417ba1321_1" xlink:type="locator"/><definitionArc order="1.0" priority="0" xbrldt:closed="true" xbrldt:contextElement="scenario" xlink:arcrole="http://xbrl.org/int/dim/arcrole/all" xlink:from="A18417ba1321_0" xlink:to="A18417ba1321_1" xlink:type="arc"/><definitionArc order="1.0" priority="0" xlink:arcrole="http://xbrl.org/int/dim/arcrole/hypercube-dimension" xlink:from="A18417ba1321_1" xlink:to="A18417ba1321_2" xlink:type="arc"/><definitionArc order="2.0" priority="0" xlink:arcrole="http://xbrl.org/int/dim/arcrole/hypercube-dimension" xlink:from="A18417ba1321_1" xlink:to="A18417ba1321_4" xlink:type="arc"/><definitionArc order="3.0" priority="0" xlink:arcrole="http://xbrl.org/int/dim/arcrole/hypercube-dimension" xlink:from="A18417ba1321_1" xlink:to="A18417ba1321_9" xlink:type="arc"/><loc xlink:href="http://www.xbrl.tdnet.info/taxonomy/jp/tse/tdnet/ed/t/2014-01-12/tse-ed-t-2014-01-12.xsd#tse-ed-t_ConsolidatedInformationQ2YTDLineItems" xlink:label="A18417ba1321_c" xlink:type="locator"/><definitionArc order="2.0" priority="0" xlink:arcrole="http://xbrl.org/int/dim/arcrole/domain-member" xlink:from="A18417ba1321_0" xlink:to="A18417ba1321_c" xlink:type="arc"/><definitionArc order="1.0" priority="0" xlink:arcrole="http://xbrl.org/int/dim/arcrole/domain-member" xlink:from="A18417ba1321_c" xlink:to="A18417ba1321_d" xlink:type="arc"/></definitionLink><definitionLink xlink:role="http://www.xbrl.tdnet.info/jp/tse/tdnet/role/RoleNonConsolidatedInformationQ2YTD" xlink:type="extended"><loc xlink:href="http://www.xbrl.tdnet.info/taxonomy/jp/tse/tdnet/ed/t/2014-01-12/tse-ed-t-2014-01-12.xsd#tse-ed-t_ConsolidatedNonconsolidatedAxis" xlink:label="A18417bbc379_2" xlink:type="locator"/><loc xlink:href="http://www.xbrl.tdnet.info/taxonomy/jp/tse/tdnet/ed/t/2014-01-12/tse-ed-t-2014-01-12.xsd#tse-ed-t_NonConsolidatedMember" xlink:label="A18417bbc37a_0" xlink:type="locator"/><definitionArc order="1.0" priority="0" xlink:arcrole="http://xbrl.org/int/dim/arcrole/dimension-domain" xlink:from="A18417bbc379_2" xlink:to="A18417bbc37a_0" xlink:type="arc"/><loc xlink:href="http://www.xbrl.tdnet.info/taxonomy/jp/tse/tdnet/ed/t/2014-01-12/tse-ed-t-2014-01-12.xsd#tse-ed-t_ResultForecastAxis" xlink:label="A18417bbc37a_1" xlink:type="locator"/><loc xlink:href="http://www.xbrl.tdnet.info/taxonomy/jp/tse/tdnet/ed/t/2014-01-12/tse-ed-t-2014-01-12.xsd#tse-ed-t_ResultMember" xlink:label="A18417bbc37a_2" xlink:type="locator"/><definitionArc order="1.0" priority="0" xlink:arcrole="http://xbrl.org/int/dim/arcrole/dimension-domain" xlink:from="A18417bbc37a_1" xlink:to="A18417bbc37a_2" xlink:type="arc"/><loc xlink:href="http://www.xbrl.tdnet.info/taxonomy/jp/tse/tdnet/ed/t/2014-01-12/tse-ed-t-2014-01-12.xsd#tse-ed-t_ForecastMember" xlink:label="A18417bbc37a_3" xlink:type="locator"/><definitionArc order="2.0" priority="0" xlink:arcrole="http://xbrl.org/int/dim/arcrole/dimension-domain" xlink:from="A18417bbc37a_1" xlink:to="A18417bbc37a_3" xlink:type="arc"/><loc xlink:href="http://www.xbrl.tdnet.info/taxonomy/jp/tse/tdnet/ed/t/2014-01-12/tse-ed-t-2014-01-12.xsd#tse-ed-t_UpperMember" xlink:label="A18417bbc37a_4" xlink:type="locator"/><definitionArc order="3.0" priority="0" xlink:arcrole="http://xbrl.org/int/dim/arcrole/dimension-domain" xlink:from="A18417bbc37a_1" xlink:to="A18417bbc37a_4" xlink:type="arc"/><loc xlink:href="http://www.xbrl.tdnet.info/taxonomy/jp/tse/tdnet/ed/t/2014-01-12/tse-ed-t-2014-01-12.xsd#tse-ed-t_LowerMember" xlink:label="A18417bbc37a_5" xlink:type="locator"/><definitionArc order="4.0" priority="0" xlink:arcrole="http://xbrl.org/int/dim/arcrole/dimension-domain" xlink:from="A18417bbc37a_1" xlink:to="A18417bbc37a_5" xlink:type="arc"/><loc xlink:href="http://www.xbrl.tdnet.info/taxonomy/jp/tse/tdnet/ed/t/2014-01-12/tse-ed-t-2014-01-12.xsd#tse-ed-t_PreviousCurrentAxis" xlink:label="A18417bbc37a_6" xlink:type="locator"/><loc xlink:href="http://www.xbrl.tdnet.info/taxonomy/jp/tse/tdnet/ed/t/2014-01-12/tse-ed-t-2014-01-12.xsd#tse-ed-t_PreviousMember" xlink:label="A18417bbc37a_7" xlink:type="locator"/><definitionArc order="1.0" priority="0" xlink:arcrole="http://xbrl.org/int/dim/arcrole/dimension-domain" xlink:from="A18417bbc37a_6" xlink:to="A18417bbc37a_7" xlink:type="arc"/><loc xlink:href="http://www.xbrl.tdnet.info/taxonomy/jp/tse/tdnet/ed/t/2014-01-12/tse-ed-t-2014-01-12.xsd#tse-ed-t_CurrentMember" xlink:label="A18417bbc37a_8" xlink:type="locator"/><definitionArc order="2.0" priority="0" xlink:arcrole="http://xbrl.org/int/dim/arcrole/dimension-domain" xlink:from="A18417bbc37a_6" xlink:to="A18417bbc37a_8" xlink:type="arc"/><loc xlink:href="http://www.xbrl.tdnet.info/taxonomy/jp/tse/tdnet/ed/t/2014-01-12/tse-ed-t-2014-01-12.xsd#tse-ed-t_NetSalesCorrectionAbstract" xlink:label="A18417be33be_0" xlink:type="locator"/><loc xlink:href="http://www.xbrl.tdnet.info/taxonomy/jp/tse/tdnet/ed/t/2014-01-12/tse-ed-t-2014-01-12.xsd#tse-ed-t_NetSales" xlink:label="A18417be33be_1" xlink:type="locator"/><definitionArc order="1.0" priority="0" xlink:arcrole="http://xbrl.org/int/dim/arcrole/domain-member" xlink:from="A18417be33be_0" xlink:to="A18417be33be_1" xlink:type="arc"/><loc xlink:href="http://www.xbrl.tdnet.info/taxonomy/jp/tse/tdnet/ed/t/2014-01-12/tse-ed-t-2014-01-12.xsd#tse-ed-t_AmountChangeNetSales" xlink:label="A18417be33be_2" xlink:type="locator"/><definitionArc order="2.0" priority="0" xlink:arcrole="http://xbrl.org/int/dim/arcrole/domain-member" xlink:from="A18417be33be_0" xlink:to="A18417be33be_2" xlink:type="arc"/><loc xlink:href="http://www.xbrl.tdnet.info/taxonomy/jp/tse/tdnet/ed/t/2014-01-12/tse-ed-t-2014-01-12.xsd#tse-ed-t_ChangeInNetSales" xlink:label="A18417be33be_3" xlink:type="locator"/><definitionArc order="3.0" priority="0" xlink:arcrole="http://xbrl.org/int/dim/arcrole/domain-member" xlink:from="A18417be33be_0" xlink:to="A18417be33be_3" xlink:type="arc"/><loc xlink:href="http://www.xbrl.tdnet.info/taxonomy/jp/tse/tdnet/ed/t/2014-01-12/tse-ed-t-2014-01-12.xsd#tse-ed-t_OrdinaryIncomeCorrectionAbstract" xlink:label="A18417be33be_4" xlink:type="locator"/><loc xlink:href="http://www.xbrl.tdnet.info/taxonomy/jp/tse/tdnet/ed/t/2014-01-12/tse-ed-t-2014-01-12.xsd#tse-ed-t_OrdinaryIncome" xlink:label="A18417be33be_5" xlink:type="locator"/><definitionArc order="1.0" priority="0" xlink:arcrole="http://xbrl.org/int/dim/arcrole/domain-member" xlink:from="A18417be33be_4" xlink:to="A18417be33be_5" xlink:type="arc"/><loc xlink:href="http://www.xbrl.tdnet.info/taxonomy/jp/tse/tdnet/ed/t/2014-01-12/tse-ed-t-2014-01-12.xsd#tse-ed-t_AmountChangeOrdinaryIncome" xlink:label="A18417be33be_6" xlink:type="locator"/><definitionArc order="2.0" priority="0" xlink:arcrole="http://xbrl.org/int/dim/arcrole/domain-member" xlink:from="A18417be33be_4" xlink:to="A18417be33be_6" xlink:type="arc"/><loc xlink:href="http://www.xbrl.tdnet.info/taxonomy/jp/tse/tdnet/ed/t/2014-01-12/tse-ed-t-2014-01-12.xsd#tse-ed-t_ChangeInOrdinaryIncome" xlink:label="A18417be33be_7" xlink:type="locator"/><definitionArc order="3.0" priority="0" xlink:arcrole="http://xbrl.org/int/dim/arcrole/domain-member" xlink:from="A18417be33be_4" xlink:to="A18417be33be_7" xlink:type="arc"/><loc xlink:href="http://www.xbrl.tdnet.info/taxonomy/jp/tse/tdnet/ed/t/2014-01-12/tse-ed-t-2014-01-12.xsd#tse-ed-t_NetIncomePerShareCorrectionAbstract" xlink:label="A18417be33be_c" xlink:type="locator"/><loc xlink:href="http://www.xbrl.tdnet.info/taxonomy/jp/tse/tdnet/ed/t/2014-01-12/tse-ed-t-2014-01-12.xsd#tse-ed-t_NetIncomePerShare" xlink:label="A18417be33be_d" xlink:type="locator"/><definitionArc order="1.0" priority="0" xlink:arcrole="http://xbrl.org/int/dim/arcrole/domain-member" xlink:from="A18417be33be_c" xlink:to="A18417be33be_d" xlink:type="arc"/><loc xlink:href="http://www.xbrl.tdnet.info/taxonomy/jp/tse/tdnet/ed/t/2014-01-12/tse-ed-t-2014-01-12.xsd#tse-ed-t_PreambleToNonConsolidatedForecastsAbstract" xlink:label="A18417be33bd_0" xlink:type="locator"/><loc xlink:href="http://www.xbrl.tdnet.info/taxonomy/jp/tse/tdnet/ed/t/2014-01-12/tse-ed-t-2014-01-12.xsd#tse-ed-t_PreambleToForecasts" xlink:label="A18417be33bd_1" xlink:type="locator"/><definitionArc order="1.0" priority="0" xlink:arcrole="http://xbrl.org/int/dim/arcrole/domain-member" xlink:from="A18417be33bd_0" xlink:to="A18417be33bd_1" xlink:type="arc"/><loc xlink:href="http://www.xbrl.tdnet.info/taxonomy/jp/tse/tdnet/ed/t/2014-01-12/tse-ed-t-2014-01-12.xsd#tse-ed-t_MainTableOfNonConsolidatedForecastsAbstract" xlink:label="A18417be33bd_2" xlink:type="locator"/><definitionArc order="1.0" priority="0" xlink:arcrole="http://xbrl.org/int/dim/arcrole/domain-member" xlink:from="A18417be33bd_2" xlink:to="A18417be33be_0" xlink:type="arc"/><definitionArc order="2.0" priority="0" xlink:arcrole="http://xbrl.org/int/dim/arcrole/domain-member" xlink:from="A18417be33bd_2" xlink:to="A18417be33be_4" xlink:type="arc"/><loc xlink:href="http://www.xbrl.tdnet.info/taxonomy/jp/tse/tdnet/ed/t/2014-01-12/tse-ed-t-2014-01-12.xsd#tse-ed-t_NetIncomeCorrectionAbstract" xlink:label="A18417be33be_8" xlink:type="locator"/><definitionArc order="3.0" priority="0" xlink:arcrole="http://xbrl.org/int/dim/arcrole/domain-member" xlink:from="A18417be33bd_2" xlink:to="A18417be33be_8" xlink:type="arc"/><loc xlink:href="http://www.xbrl.tdnet.info/taxonomy/jp/tse/tdnet/ed/t/2014-01-12/tse-ed-t-2014-01-12.xsd#tse-ed-t_NetIncome" xlink:label="A18417be33be_9" xlink:type="locator"/><definitionArc order="1.0" priority="0" xlink:arcrole="http://xbrl.org/int/dim/arcrole/domain-member" xlink:from="A18417be33be_8" xlink:to="A18417be33be_9" xlink:type="arc"/><loc xlink:href="http://www.xbrl.tdnet.info/taxonomy/jp/tse/tdnet/ed/t/2014-01-12/tse-ed-t-2014-01-12.xsd#tse-ed-t_AmountChangeNetIncome" xlink:label="A18417be33be_a" xlink:type="locator"/><definitionArc order="2.0" priority="0" xlink:arcrole="http://xbrl.org/int/dim/arcrole/domain-member" xlink:from="A18417be33be_8" xlink:to="A18417be33be_a" xlink:type="arc"/><loc xlink:href="http://www.xbrl.tdnet.info/taxonomy/jp/tse/tdnet/ed/t/2014-01-12/tse-ed-t-2014-01-12.xsd#tse-ed-t_ChangeInNetIncome" xlink:label="A18417be33be_b" xlink:type="locator"/><definitionArc order="3.0" priority="0" xlink:arcrole="http://xbrl.org/int/dim/arcrole/domain-member" xlink:from="A18417be33be_8" xlink:to="A18417be33be_b" xlink:type="arc"/><definitionArc order="4.0" priority="0" xlink:arcrole="http://xbrl.org/int/dim/arcrole/domain-member" xlink:from="A18417be33bd_2" xlink:to="A18417be33be_c" xlink:type="arc"/><loc xlink:href="http://www.xbrl.tdnet.info/taxonomy/jp/tse/tdnet/ed/t/2014-01-12/tse-ed-t-2014-01-12.xsd#tse-ed-t_FinancialForecastCorrectionAbstract" xlink:label="A18417bbc37a_a" xlink:type="locator"/><loc xlink:href="http://www.xbrl.tdnet.info/taxonomy/jp/tse/tdnet/ed/t/2014-01-12/tse-ed-t-2014-01-12.xsd#tse-ed-t_ForecastCorrectionOfQuarterlyNonConsolidatedFinancialResults6MonthsYTDAbstract" xlink:label="A18417bbc37a_b" xlink:type="locator"/><definitionArc order="1.0" priority="0" xlink:arcrole="http://xbrl.org/int/dim/arcrole/domain-member" xlink:from="A18417bbc37a_a" xlink:to="A18417bbc37a_b" xlink:type="arc"/><definitionArc order="1.0" priority="0" xlink:arcrole="http://xbrl.org/int/dim/arcrole/domain-member" xlink:from="A18417bbc37a_b" xlink:to="A18417be33bd_0" xlink:type="arc"/><definitionArc order="2.0" priority="0" xlink:arcrole="http://xbrl.org/int/dim/arcrole/domain-member" xlink:from="A18417bbc37a_b" xlink:to="A18417be33bd_2" xlink:type="arc"/><loc xlink:href="http://www.xbrl.tdnet.info/taxonomy/jp/tse/tdnet/ed/t/2014-01-12/tse-ed-t-2014-01-12.xsd#tse-ed-t_NonConsolidatedInformationQ2YTDHeading" xlink:label="A18417bbc379_0" xlink:type="locator"/><loc xlink:href="http://www.xbrl.tdnet.info/taxonomy/jp/tse/tdnet/ed/t/2014-01-12/tse-ed-t-2014-01-12.xsd#tse-ed-t_NonConsolidatedInformationQ2YTDTable" xlink:label="A18417bbc379_1" xlink:type="locator"/><definitionArc order="1.0" priority="0" xbrldt:closed="true" xbrldt:contextElement="scenario" xlink:arcrole="http://xbrl.org/int/dim/arcrole/all" xlink:from="A18417bbc379_0" xlink:to="A18417bbc379_1" xlink:type="arc"/><definitionArc order="1.0" priority="0" xlink:arcrole="http://xbrl.org/int/dim/arcrole/hypercube-dimension" xlink:from="A18417bbc379_1" xlink:to="A18417bbc379_2" xlink:type="arc"/><definitionArc order="2.0" priority="0" xlink:arcrole="http://xbrl.org/int/dim/arcrole/hypercube-dimension" xlink:from="A18417bbc379_1" xlink:to="A18417bbc37a_1" xlink:type="arc"/><definitionArc order="3.0" priority="0" xlink:arcrole="http://xbrl.org/int/dim/arcrole/hypercube-dimension" xlink:from="A18417bbc379_1" xlink:to="A18417bbc37a_6" xlink:type="arc"/><loc xlink:href="http://www.xbrl.tdnet.info/taxonomy/jp/tse/tdnet/ed/t/2014-01-12/tse-ed-t-2014-01-12.xsd#tse-ed-t_NonConsolidatedInformationQ2YTDLineItems" xlink:label="A18417bbc37a_9" xlink:type="locator"/><definitionArc order="2.0" priority="0" xlink:arcrole="http://xbrl.org/int/dim/arcrole/domain-member" xlink:from="A18417bbc379_0" xlink:to="A18417bbc37a_9" xlink:type="arc"/><definitionArc order="1.0" priority="0" xlink:arcrole="http://xbrl.org/int/dim/arcrole/domain-member" xlink:from="A18417bbc37a_9" xlink:to="A18417bbc37a_a" xlink:type="arc"/></definitionLink></linkbase>