<?xml version="1.0" encoding="utf-8"?>
<!-- Generated by PRONEXUS WORKS --><link:linkbase xmlns:link="http://www.xbrl.org/2003/linkbase" xmlns:xsi="http://www.w3.org/2001/XMLSchema-instance" xmlns:xbrli="http://www.xbrl.org/2003/instance" xmlns:xlink="http://www.w3.org/1999/xlink">  <link:labelLink xlink:type="extended" xlink:role="http://www.xbrl.org/2003/role/link">    <link:loc xlink:type="locator" xlink:href="tse-qcedjpfr-36920-2022-09-30-01-2022-11-11.xsd#tse-qcedjpfr-36920_IncreaseDecreaseInContractLiabilitiesOpeCF" xlink:label="IncreaseDecreaseInContractLiabilitiesOpeCF" />    <link:loc xlink:type="locator" xlink:href="tse-qcedjpfr-36920-2022-09-30-01-2022-11-11.xsd#tse-qcedjpfr-36920_AccountsReceivableTradeAndContractAssets" xlink:label="AccountsReceivableTradeAndContractAssets" />    <link:label xlink:type="resource" xlink:label="label_AccountsReceivableTradeAndContractAssets" xml:lang="en" xlink:role="http://www.xbrl.org/2003/role/label" id="label_AccountsReceivableTradeAndContractAssets">accounts receivable - trade, and contract assets</link:label>    <link:labelArc xlink:type="arc" xlink:arcrole="http://www.xbrl.org/2003/arcrole/concept-label" xlink:from="AccountsReceivableTradeAndContractAssets" xlink:to="label_AccountsReceivableTradeAndContractAssets" />    <link:label xlink:type="resource" xlink:label="label_AccountsReceivableTradeAndContractAssets_2" xml:lang="en" xlink:role="http://www.xbrl.org/2003/role/verboseLabel" id="label_AccountsReceivableTradeAndContractAssets_2">accounts receivable - trade, and contract assets</link:label>    <link:labelArc xlink:type="arc" xlink:arcrole="http://www.xbrl.org/2003/arcrole/concept-label" xlink:from="AccountsReceivableTradeAndContractAssets" xlink:to="label_AccountsReceivableTradeAndContractAssets_2" />    <link:loc xlink:type="locator" xlink:href="tse-qcedjpfr-36920-2022-09-30-01-2022-11-11.xsd#tse-qcedjpfr-36920_InterestOnRefundOfIncomeTaxesOpeCF" xlink:label="InterestOnRefundOfIncomeTaxesOpeCF" />    <link:label xlink:type="resource" xlink:label="label_InterestOnRefundOfIncomeTaxesOpeCF" xml:lang="en" xlink:role="http://www.xbrl.org/2003/role/label" id="label_InterestOnRefundOfIncomeTaxesOpeCF">Interest on refund of income taxes</link:label>    <link:labelArc xlink:type="arc" xlink:arcrole="http://www.xbrl.org/2003/arcrole/concept-label" xlink:from="InterestOnRefundOfIncomeTaxesOpeCF" xlink:to="label_InterestOnRefundOfIncomeTaxesOpeCF" />    <link:label xlink:type="resource" xlink:label="label_InterestOnRefundOfIncomeTaxesOpeCF_2" xml:lang="en" xlink:role="http://www.xbrl.org/2003/role/verboseLabel" id="label_InterestOnRefundOfIncomeTaxesOpeCF_2">Interest on refund of income taxes-OpeCF</link:label>    <link:labelArc xlink:type="arc" xlink:arcrole="http://www.xbrl.org/2003/arcrole/concept-label" xlink:from="InterestOnRefundOfIncomeTaxesOpeCF" xlink:to="label_InterestOnRefundOfIncomeTaxesOpeCF_2" />    <link:loc xlink:type="locator" xlink:href="tse-qcedjpfr-36920-2022-09-30-01-2022-11-11.xsd#tse-qcedjpfr-36920_IncomeTaxesRefundAndInterestOnRefundOfIncomeTaxesOpeCF" xlink:label="IncomeTaxesRefundAndInterestOnRefundOfIncomeTaxesOpeCF" />    <link:label xlink:type="resource" xlink:label="label_IncomeTaxesRefundAndInterestOnRefundOfIncomeTaxesOpeCF" xml:lang="en" xlink:role="http://www.xbrl.org/2003/role/label" id="label_IncomeTaxesRefundAndInterestOnRefundOfIncomeTaxesOpeCF">Income taxes refund and Interest on refund of income taxes</link:label>    <link:labelArc xlink:type="arc" xlink:arcrole="http://www.xbrl.org/2003/arcrole/concept-label" xlink:from="IncomeTaxesRefundAndInterestOnRefundOfIncomeTaxesOpeCF" xlink:to="label_IncomeTaxesRefundAndInterestOnRefundOfIncomeTaxesOpeCF" />    <link:label xlink:type="resource" xlink:label="label_IncomeTaxesRefundAndInterestOnRefundOfIncomeTaxesOpeCF_2" xml:lang="en" xlink:role="http://www.xbrl.org/2003/role/verboseLabel" id="label_IncomeTaxesRefundAndInterestOnRefundOfIncomeTaxesOpeCF_2">Income taxes refund and Interest on refund of income taxes-OpeCF</link:label>    <link:labelArc xlink:type="arc" xlink:arcrole="http://www.xbrl.org/2003/arcrole/concept-label" xlink:from="IncomeTaxesRefundAndInterestOnRefundOfIncomeTaxesOpeCF" xlink:to="label_IncomeTaxesRefundAndInterestOnRefundOfIncomeTaxesOpeCF_2" />    <link:label xlink:type="resource" xlink:label="label_IncreaseDecreaseInContractLiabilitiesOpeCF" xml:lang="en" xlink:role="http://www.xbrl.org/2003/role/label" id="label_IncreaseDecreaseInContractLiabilitiesOpeCF">Increase (decrease) in contract liabilities</link:label>    <link:labelArc xlink:type="arc" xlink:arcrole="http://www.xbrl.org/2003/arcrole/concept-label" xlink:from="IncreaseDecreaseInContractLiabilitiesOpeCF" xlink:to="label_IncreaseDecreaseInContractLiabilitiesOpeCF" />    <link:label xlink:type="resource" xlink:label="label_IncreaseDecreaseInContractLiabilitiesOpeCF_2" xml:lang="en" xlink:role="http://www.xbrl.org/2003/role/verboseLabel" id="label_IncreaseDecreaseInContractLiabilitiesOpeCF_2">Increase (decrease) in contract liabilities-OpeCF</link:label>    <link:labelArc xlink:type="arc" xlink:arcrole="http://www.xbrl.org/2003/arcrole/concept-label" xlink:from="IncreaseDecreaseInContractLiabilitiesOpeCF" xlink:to="label_IncreaseDecreaseInContractLiabilitiesOpeCF_2" />  </link:labelLink></link:linkbase>