﻿<?xml version="1.0" encoding="utf-8"?>
<!-- Edited with FutureStage XBRL Solution Library .NET 01-11 -->
<link:linkbase xmlns:xlink="http://www.w3.org/1999/xlink" xmlns:xsi="http://www.w3.org/2001/XMLSchema-instance" xmlns:link="http://www.xbrl.org/2003/linkbase">
  <link:labelLink xlink:type="extended" xlink:role="http://www.xbrl.org/2003/role/link">
    <link:label xml:lang="ja" xlink:type="resource" xlink:label="tse-qcedjpfr-80700_DecreaseIncreaseInLongTermAccountsReceivableOtherOpeCF_label" xlink:role="http://www.xbrl.org/2003/role/label">長期未収入金の増減額（△は増加）</link:label>
    <link:label xml:lang="ja" xlink:type="resource" xlink:label="tse-qcedjpfr-80700_DecreaseIncreaseInLongTermAccountsReceivableOtherOpeCF_label_1" xlink:role="http://www.xbrl.org/2003/role/verboseLabel">長期未収入金の増減額（△は増加）、営業活動によるキャッシュ・フロー</link:label>
    <link:label xml:lang="ja" xlink:type="resource" xlink:label="tse-qcedjpfr-80700_IncreaseDecreaseInContractLiabilitiesOpeCF_label" xlink:role="http://www.xbrl.org/2003/role/label">契約負債の増減額（△は減少）</link:label>
    <link:label xml:lang="ja" xlink:type="resource" xlink:label="tse-qcedjpfr-80700_IncreaseDecreaseInContractLiabilitiesOpeCF_label_1" xlink:role="http://www.xbrl.org/2003/role/verboseLabel">契約負債の増減額（△は減少）、営業活動によるキャッシュ・フロー</link:label>
    <link:label xml:lang="ja" xlink:type="resource" xlink:label="tse-qcedjpfr-80700_LossRelatedToImproprietyEL_label" xlink:role="http://www.xbrl.org/2003/role/label">不正関連損失</link:label>
    <link:label xml:lang="ja" xlink:type="resource" xlink:label="tse-qcedjpfr-80700_LossRelatedToImproprietyEL_label_1" xlink:role="http://www.xbrl.org/2003/role/verboseLabel">不正関連損失、特別損失</link:label>
    <link:label xml:lang="ja" xlink:type="resource" xlink:label="tse-qcedjpfr-80700_LossRelatedToImproprietyOpeCF_label" xlink:role="http://www.xbrl.org/2003/role/label">不正関連損失</link:label>
    <link:label xml:lang="ja" xlink:type="resource" xlink:label="tse-qcedjpfr-80700_LossRelatedToImproprietyOpeCF_label_1" xlink:role="http://www.xbrl.org/2003/role/verboseLabel">不正関連損失、営業活動によるキャッシュ・フロー</link:label>
    <link:label xml:lang="ja" xlink:type="resource" xlink:label="tse-qcedjpfr-80700_ProceedsFromSalesOfOtherSecuritiesOfSubsidiariesAndAffiliatesResultingInChangeInScopeOfConsolidationInvCF_label" xlink:role="http://www.xbrl.org/2003/role/label">連結範囲の変更を伴うその他の関係会社有価証券の売却による収入</link:label>
    <link:label xml:lang="ja" xlink:type="resource" xlink:label="tse-qcedjpfr-80700_ProceedsFromSalesOfOtherSecuritiesOfSubsidiariesAndAffiliatesResultingInChangeInScopeOfConsolidationInvCF_label_1" xlink:role="http://www.xbrl.org/2003/role/verboseLabel">連結範囲の変更を伴うその他の関係会社有価証券の売却による収入、投資活動によるキャッシュ・フロー</link:label>
    <link:label xml:lang="ja" xlink:type="resource" xlink:label="tse-qcedjpfr-80700_SpecialSurveyCostsEtcEL_label" xlink:role="http://www.xbrl.org/2003/role/label">特別調査費用等</link:label>
    <link:label xml:lang="ja" xlink:type="resource" xlink:label="tse-qcedjpfr-80700_SpecialSurveyCostsEtcEL_label_1" xlink:role="http://www.xbrl.org/2003/role/verboseLabel">特別調査費用等、特別損失</link:label>
    <link:loc xlink:type="locator" xlink:href="tse-qcedjpfr-80700-2022-09-30-01-2022-11-11.xsd#tse-qcedjpfr-80700_DecreaseIncreaseInLongTermAccountsReceivableOtherOpeCF" xlink:label="tse-qcedjpfr-80700_DecreaseIncreaseInLongTermAccountsReceivableOtherOpeCF" />
    <link:loc xlink:type="locator" xlink:href="tse-qcedjpfr-80700-2022-09-30-01-2022-11-11.xsd#tse-qcedjpfr-80700_IncreaseDecreaseInContractLiabilitiesOpeCF" xlink:label="tse-qcedjpfr-80700_IncreaseDecreaseInContractLiabilitiesOpeCF" />
    <link:loc xlink:type="locator" xlink:href="tse-qcedjpfr-80700-2022-09-30-01-2022-11-11.xsd#tse-qcedjpfr-80700_LossRelatedToImproprietyEL" xlink:label="tse-qcedjpfr-80700_LossRelatedToImproprietyEL" />
    <link:loc xlink:type="locator" xlink:href="tse-qcedjpfr-80700-2022-09-30-01-2022-11-11.xsd#tse-qcedjpfr-80700_LossRelatedToImproprietyOpeCF" xlink:label="tse-qcedjpfr-80700_LossRelatedToImproprietyOpeCF" />
    <link:loc xlink:type="locator" xlink:href="tse-qcedjpfr-80700-2022-09-30-01-2022-11-11.xsd#tse-qcedjpfr-80700_ProceedsFromSalesOfOtherSecuritiesOfSubsidiariesAndAffiliatesResultingInChangeInScopeOfConsolidationInvCF" xlink:label="tse-qcedjpfr-80700_ProceedsFromSalesOfOtherSecuritiesOfSubsidiariesAndAffiliatesResultingInChangeInScopeOfConsolidationInvCF" />
    <link:loc xlink:type="locator" xlink:href="tse-qcedjpfr-80700-2022-09-30-01-2022-11-11.xsd#tse-qcedjpfr-80700_SpecialSurveyCostsEtcEL" xlink:label="tse-qcedjpfr-80700_SpecialSurveyCostsEtcEL" />
    <link:labelArc xlink:type="arc" xlink:from="tse-qcedjpfr-80700_DecreaseIncreaseInLongTermAccountsReceivableOtherOpeCF" xlink:to="tse-qcedjpfr-80700_DecreaseIncreaseInLongTermAccountsReceivableOtherOpeCF_label_1" xlink:arcrole="http://www.xbrl.org/2003/arcrole/concept-label" order="1" />
    <link:labelArc xlink:type="arc" xlink:from="tse-qcedjpfr-80700_DecreaseIncreaseInLongTermAccountsReceivableOtherOpeCF" xlink:to="tse-qcedjpfr-80700_DecreaseIncreaseInLongTermAccountsReceivableOtherOpeCF_label" xlink:arcrole="http://www.xbrl.org/2003/arcrole/concept-label" order="1" />
    <link:labelArc xlink:type="arc" xlink:from="tse-qcedjpfr-80700_IncreaseDecreaseInContractLiabilitiesOpeCF" xlink:to="tse-qcedjpfr-80700_IncreaseDecreaseInContractLiabilitiesOpeCF_label_1" xlink:arcrole="http://www.xbrl.org/2003/arcrole/concept-label" order="1" />
    <link:labelArc xlink:type="arc" xlink:from="tse-qcedjpfr-80700_IncreaseDecreaseInContractLiabilitiesOpeCF" xlink:to="tse-qcedjpfr-80700_IncreaseDecreaseInContractLiabilitiesOpeCF_label" xlink:arcrole="http://www.xbrl.org/2003/arcrole/concept-label" order="1" />
    <link:labelArc xlink:type="arc" xlink:from="tse-qcedjpfr-80700_LossRelatedToImproprietyEL" xlink:to="tse-qcedjpfr-80700_LossRelatedToImproprietyEL_label_1" xlink:arcrole="http://www.xbrl.org/2003/arcrole/concept-label" order="1" />
    <link:labelArc xlink:type="arc" xlink:from="tse-qcedjpfr-80700_LossRelatedToImproprietyEL" xlink:to="tse-qcedjpfr-80700_LossRelatedToImproprietyEL_label" xlink:arcrole="http://www.xbrl.org/2003/arcrole/concept-label" order="1" />
    <link:labelArc xlink:type="arc" xlink:from="tse-qcedjpfr-80700_LossRelatedToImproprietyOpeCF" xlink:to="tse-qcedjpfr-80700_LossRelatedToImproprietyOpeCF_label_1" xlink:arcrole="http://www.xbrl.org/2003/arcrole/concept-label" order="1" />
    <link:labelArc xlink:type="arc" xlink:from="tse-qcedjpfr-80700_LossRelatedToImproprietyOpeCF" xlink:to="tse-qcedjpfr-80700_LossRelatedToImproprietyOpeCF_label" xlink:arcrole="http://www.xbrl.org/2003/arcrole/concept-label" order="1" />
    <link:labelArc xlink:type="arc" xlink:from="tse-qcedjpfr-80700_ProceedsFromSalesOfOtherSecuritiesOfSubsidiariesAndAffiliatesResultingInChangeInScopeOfConsolidationInvCF" xlink:to="tse-qcedjpfr-80700_ProceedsFromSalesOfOtherSecuritiesOfSubsidiariesAndAffiliatesResultingInChangeInScopeOfConsolidationInvCF_label_1" xlink:arcrole="http://www.xbrl.org/2003/arcrole/concept-label" order="1" />
    <link:labelArc xlink:type="arc" xlink:from="tse-qcedjpfr-80700_ProceedsFromSalesOfOtherSecuritiesOfSubsidiariesAndAffiliatesResultingInChangeInScopeOfConsolidationInvCF" xlink:to="tse-qcedjpfr-80700_ProceedsFromSalesOfOtherSecuritiesOfSubsidiariesAndAffiliatesResultingInChangeInScopeOfConsolidationInvCF_label" xlink:arcrole="http://www.xbrl.org/2003/arcrole/concept-label" order="1" />
    <link:labelArc xlink:type="arc" xlink:from="tse-qcedjpfr-80700_SpecialSurveyCostsEtcEL" xlink:to="tse-qcedjpfr-80700_SpecialSurveyCostsEtcEL_label_1" xlink:arcrole="http://www.xbrl.org/2003/arcrole/concept-label" order="1" />
    <link:labelArc xlink:type="arc" xlink:from="tse-qcedjpfr-80700_SpecialSurveyCostsEtcEL" xlink:to="tse-qcedjpfr-80700_SpecialSurveyCostsEtcEL_label" xlink:arcrole="http://www.xbrl.org/2003/arcrole/concept-label" order="1" />
  </link:labelLink>
</link:linkbase>