﻿<?xml version="1.0" encoding="utf-8"?>
<!-- Edited with FutureStage XBRL Solution Library .NET 01-11 -->
<link:linkbase xmlns:xlink="http://www.w3.org/1999/xlink" xmlns:xsi="http://www.w3.org/2001/XMLSchema-instance" xmlns:link="http://www.xbrl.org/2003/linkbase">
  <link:labelLink xlink:type="extended" xlink:role="http://www.xbrl.org/2003/role/link">
    <link:label xml:lang="ja" xlink:type="resource" xlink:label="tse-qcedjpfr-72240_BorrowingFeesNOE_label" xlink:role="http://www.xbrl.org/2003/role/label">借入手数料</link:label>
    <link:label xml:lang="ja" xlink:type="resource" xlink:label="tse-qcedjpfr-72240_BorrowingFeesNOE_label_1" xlink:role="http://www.xbrl.org/2003/role/verboseLabel">借入手数料、営業外費用</link:label>
    <link:label xml:lang="ja" xlink:type="resource" xlink:label="tse-qcedjpfr-72240_CostOfInactiveNoncurrentAssetsNOE_label_1" xlink:role="http://www.xbrl.org/2003/role/label">休止固定資産費用</link:label>
    <link:label xml:lang="ja" xlink:type="resource" xlink:label="tse-qcedjpfr-72240_CostOfInactiveNoncurrentAssetsNOE_label_2" xlink:role="http://www.xbrl.org/2003/role/verboseLabel">休止固定資産費用、営業外費用</link:label>
    <link:label xml:lang="ja" xlink:type="resource" xlink:label="tse-qcedjpfr-72240_CostOfInactiveNoncurrentAssetsNOE_label" xlink:role="http://www.xbrl.org/2003/role/documentation">休止固定資産費用、営業外費用</link:label>
    <link:label xml:lang="ja" xlink:type="resource" xlink:label="tse-qcedjpfr-72240_LossOnSecuritizationOfReceivablesNOE_label" xlink:role="http://www.xbrl.org/2003/role/label">債権流動化費用</link:label>
    <link:label xml:lang="ja" xlink:type="resource" xlink:label="tse-qcedjpfr-72240_LossOnSecuritizationOfReceivablesNOE_label_1" xlink:role="http://www.xbrl.org/2003/role/verboseLabel">債権流動化費用、営業外費用</link:label>
    <link:loc xlink:type="locator" xlink:href="tse-qcedjpfr-72240-2022-09-30-01-2022-10-31.xsd#tse-qcedjpfr-72240_BorrowingFeesNOE" xlink:label="tse-qcedjpfr-72240_BorrowingFeesNOE" />
    <link:loc xlink:type="locator" xlink:href="tse-qcedjpfr-72240-2022-09-30-01-2022-10-31.xsd#tse-qcedjpfr-72240_CostOfInactiveNoncurrentAssetsNOE" xlink:label="tse-qcedjpfr-72240_CostOfInactiveNoncurrentAssetsNOE" />
    <link:loc xlink:type="locator" xlink:href="tse-qcedjpfr-72240-2022-09-30-01-2022-10-31.xsd#tse-qcedjpfr-72240_LossOnSecuritizationOfReceivablesNOE" xlink:label="tse-qcedjpfr-72240_LossOnSecuritizationOfReceivablesNOE" />
    <link:labelArc xlink:type="arc" xlink:from="tse-qcedjpfr-72240_BorrowingFeesNOE" xlink:to="tse-qcedjpfr-72240_BorrowingFeesNOE_label" xlink:arcrole="http://www.xbrl.org/2003/arcrole/concept-label" order="1" />
    <link:labelArc xlink:type="arc" xlink:from="tse-qcedjpfr-72240_BorrowingFeesNOE" xlink:to="tse-qcedjpfr-72240_BorrowingFeesNOE_label_1" xlink:arcrole="http://www.xbrl.org/2003/arcrole/concept-label" order="1" />
    <link:labelArc xlink:type="arc" xlink:from="tse-qcedjpfr-72240_CostOfInactiveNoncurrentAssetsNOE" xlink:to="tse-qcedjpfr-72240_CostOfInactiveNoncurrentAssetsNOE_label" xlink:arcrole="http://www.xbrl.org/2003/arcrole/concept-label" order="1" />
    <link:labelArc xlink:type="arc" xlink:from="tse-qcedjpfr-72240_CostOfInactiveNoncurrentAssetsNOE" xlink:to="tse-qcedjpfr-72240_CostOfInactiveNoncurrentAssetsNOE_label_1" xlink:arcrole="http://www.xbrl.org/2003/arcrole/concept-label" order="1" />
    <link:labelArc xlink:type="arc" xlink:from="tse-qcedjpfr-72240_CostOfInactiveNoncurrentAssetsNOE" xlink:to="tse-qcedjpfr-72240_CostOfInactiveNoncurrentAssetsNOE_label_2" xlink:arcrole="http://www.xbrl.org/2003/arcrole/concept-label" order="1" />
    <link:labelArc xlink:type="arc" xlink:from="tse-qcedjpfr-72240_LossOnSecuritizationOfReceivablesNOE" xlink:to="tse-qcedjpfr-72240_LossOnSecuritizationOfReceivablesNOE_label" xlink:arcrole="http://www.xbrl.org/2003/arcrole/concept-label" order="1" />
    <link:labelArc xlink:type="arc" xlink:from="tse-qcedjpfr-72240_LossOnSecuritizationOfReceivablesNOE" xlink:to="tse-qcedjpfr-72240_LossOnSecuritizationOfReceivablesNOE_label_1" xlink:arcrole="http://www.xbrl.org/2003/arcrole/concept-label" order="1" />
  </link:labelLink>
</link:linkbase>