﻿<?xml version="1.0" encoding="utf-8"?>
<!-- Edited with FutureStage XBRL Solution Library .NET 01-11 -->
<link:linkbase xmlns:xlink="http://www.w3.org/1999/xlink" xmlns:xsi="http://www.w3.org/2001/XMLSchema-instance" xmlns:link="http://www.xbrl.org/2003/linkbase">
  <link:labelLink xlink:type="extended" xlink:role="http://www.xbrl.org/2003/role/link">
    <link:label xml:lang="en" xlink:type="resource" xlink:label="tse-qcedjpfr-22930_ProvisionForExecutiveOfficersRetirementBenefitsNCL_label" xlink:role="http://www.xbrl.org/2003/role/label">Provision for executive officers' retirement benefits</link:label>
    <link:label xml:lang="en" xlink:type="resource" xlink:label="tse-qcedjpfr-22930_ProvisionForExecutiveOfficersRetirementBenefitsNCL_label_1" xlink:role="http://www.xbrl.org/2003/role/verboseLabel">Provision for executive officers' retirement benefits-NCL</link:label>
    <link:loc xlink:type="locator" xlink:href="tse-qcedjpfr-22930-2022-09-30-01-2022-11-11.xsd#tse-qcedjpfr-22930_ProvisionForExecutiveOfficersRetirementBenefitsNCL" xlink:label="tse-qcedjpfr-22930_ProvisionForExecutiveOfficersRetirementBenefitsNCL" />
    <link:labelArc xlink:type="arc" xlink:from="tse-qcedjpfr-22930_ProvisionForExecutiveOfficersRetirementBenefitsNCL" xlink:to="tse-qcedjpfr-22930_ProvisionForExecutiveOfficersRetirementBenefitsNCL_label" xlink:arcrole="http://www.xbrl.org/2003/arcrole/concept-label" order="1" />
    <link:labelArc xlink:type="arc" xlink:from="tse-qcedjpfr-22930_ProvisionForExecutiveOfficersRetirementBenefitsNCL" xlink:to="tse-qcedjpfr-22930_ProvisionForExecutiveOfficersRetirementBenefitsNCL_label_1" xlink:arcrole="http://www.xbrl.org/2003/arcrole/concept-label" order="1" />
  </link:labelLink>
</link:linkbase>