<?xml version="1.0" encoding="utf-8"?>
<!-- Generated by PRONEXUS WORKS --><link:linkbase xmlns:link="http://www.xbrl.org/2003/linkbase" xmlns:xsi="http://www.w3.org/2001/XMLSchema-instance" xmlns:xbrli="http://www.xbrl.org/2003/instance" xmlns:xlink="http://www.w3.org/1999/xlink">  <link:roleRef xlink:type="simple" roleURI="http://disclosure.edinet-fsa.go.jp/jppfs/ConsolidatedQuarterly/role/verboseLabel" xlink:href="http://disclosure.edinet-fsa.go.jp/taxonomy/jppfs/2021-11-01/jppfs_rt_2021-11-01.xsd#rol_ConsolidatedQuarterlyVerboseLabel" />  <link:labelLink xlink:type="extended" xlink:role="http://www.xbrl.org/2003/role/link">    <link:loc xlink:type="locator" xlink:href="tse-qcedjpfr-78880-2022-08-31-01-2022-10-12.xsd#tse-qcedjpfr-78880_LossOnDerivativeNOE" xlink:label="LossOnDerivativeNOE" />    <link:label xlink:type="resource" xlink:label="label_LossOnDerivativeNOE" xml:lang="ja" xlink:role="http://www.xbrl.org/2003/role/label" id="label_LossOnDerivativeNOE">デリバティブ損失</link:label>    <link:labelArc xlink:type="arc" xlink:arcrole="http://www.xbrl.org/2003/arcrole/concept-label" xlink:from="LossOnDerivativeNOE" xlink:to="label_LossOnDerivativeNOE" />    <link:label xlink:type="resource" xlink:label="label_LossOnDerivativeNOE_2" xml:lang="ja" xlink:role="http://www.xbrl.org/2003/role/verboseLabel" id="label_LossOnDerivativeNOE_2">デリバティブ損失、営業外費用</link:label>    <link:labelArc xlink:type="arc" xlink:arcrole="http://www.xbrl.org/2003/arcrole/concept-label" xlink:from="LossOnDerivativeNOE" xlink:to="label_LossOnDerivativeNOE_2" />    <link:loc xlink:type="locator" xlink:href="http://disclosure.edinet-fsa.go.jp/taxonomy/jppfs/2021-11-01/jppfs_cor_2021-11-01.xsd#jppfs_cor_ProfitLoss" xlink:label="ProfitLoss" />    <link:label xlink:type="resource" xlink:label="label_ProfitLoss" xml:lang="ja" xlink:role="http://disclosure.edinet-fsa.go.jp/jppfs/ConsolidatedQuarterly/role/verboseLabel" id="label_ProfitLoss">四半期純利益</link:label>    <link:labelArc xlink:type="arc" xlink:arcrole="http://www.xbrl.org/2003/arcrole/concept-label" xlink:from="ProfitLoss" xlink:to="label_ProfitLoss" />  </link:labelLink></link:linkbase>