<?xml version="1.0" encoding="utf-8"?>
<!-- Generated by PRONEXUS WORKS --><link:linkbase xmlns:link="http://www.xbrl.org/2003/linkbase" xmlns:xsi="http://www.w3.org/2001/XMLSchema-instance" xmlns:xbrli="http://www.xbrl.org/2003/instance" xmlns:xlink="http://www.w3.org/1999/xlink">  <link:labelLink xlink:type="extended" xlink:role="http://www.xbrl.org/2003/role/link">    <link:loc xlink:type="locator" xlink:href="tse-qcedjpfr-70030-2022-09-30-01-2022-11-10.xsd#tse-qcedjpfr-70030_ProvisionForBusinessRestructuringNCL" xlink:label="ProvisionForBusinessRestructuringNCL" />    <link:loc xlink:type="locator" xlink:href="tse-qcedjpfr-70030-2022-09-30-01-2022-11-10.xsd#tse-qcedjpfr-70030_RecoveryOfSpecialRepairsExpenseEI" xlink:label="RecoveryOfSpecialRepairsExpenseEI" />    <link:label xlink:type="resource" xlink:label="label_ProvisionForBusinessRestructuringNCL" xml:lang="ja" xlink:role="http://www.xbrl.org/2003/role/label" id="label_ProvisionForBusinessRestructuringNCL">事業構造改革引当金</link:label>    <link:labelArc xlink:type="arc" xlink:arcrole="http://www.xbrl.org/2003/arcrole/concept-label" xlink:from="ProvisionForBusinessRestructuringNCL" xlink:to="label_ProvisionForBusinessRestructuringNCL" />    <link:label xlink:type="resource" xlink:label="label_ProvisionForBusinessRestructuringNCL_2" xml:lang="ja" xlink:role="http://www.xbrl.org/2003/role/verboseLabel" id="label_ProvisionForBusinessRestructuringNCL_2">事業構造改革引当金、固定負債</link:label>    <link:labelArc xlink:type="arc" xlink:arcrole="http://www.xbrl.org/2003/arcrole/concept-label" xlink:from="ProvisionForBusinessRestructuringNCL" xlink:to="label_ProvisionForBusinessRestructuringNCL_2" />    <link:label xlink:type="resource" xlink:label="label_RecoveryOfSpecialRepairsExpenseEI" xml:lang="ja" xlink:role="http://www.xbrl.org/2003/role/label" id="label_RecoveryOfSpecialRepairsExpenseEI">特別修繕費回収額</link:label>    <link:labelArc xlink:type="arc" xlink:arcrole="http://www.xbrl.org/2003/arcrole/concept-label" xlink:from="RecoveryOfSpecialRepairsExpenseEI" xlink:to="label_RecoveryOfSpecialRepairsExpenseEI" />    <link:label xlink:type="resource" xlink:label="label_RecoveryOfSpecialRepairsExpenseEI_2" xml:lang="ja" xlink:role="http://www.xbrl.org/2003/role/verboseLabel" id="label_RecoveryOfSpecialRepairsExpenseEI_2">特別修繕費回収額、特別利益</link:label>    <link:labelArc xlink:type="arc" xlink:arcrole="http://www.xbrl.org/2003/arcrole/concept-label" xlink:from="RecoveryOfSpecialRepairsExpenseEI" xlink:to="label_RecoveryOfSpecialRepairsExpenseEI_2" />    <link:loc xlink:type="locator" xlink:href="tse-qcedjpfr-70030-2022-09-30-01-2022-11-10.xsd#tse-qcedjpfr-70030_DecreaseIncreaseInTradeReceivablesAndContractAssetsOpeCF" xlink:label="DecreaseIncreaseInTradeReceivablesAndContractAssetsOpeCF" />    <link:label xlink:type="resource" xlink:label="label_DecreaseIncreaseInTradeReceivablesAndContractAssetsOpeCF" xml:lang="ja" xlink:role="http://www.xbrl.org/2003/role/label" id="label_DecreaseIncreaseInTradeReceivablesAndContractAssetsOpeCF">売上債権及び契約資産の増減額（△は増加）</link:label>    <link:labelArc xlink:type="arc" xlink:arcrole="http://www.xbrl.org/2003/arcrole/concept-label" xlink:from="DecreaseIncreaseInTradeReceivablesAndContractAssetsOpeCF" xlink:to="label_DecreaseIncreaseInTradeReceivablesAndContractAssetsOpeCF" />    <link:label xlink:type="resource" xlink:label="label_DecreaseIncreaseInTradeReceivablesAndContractAssetsOpeCF_2" xml:lang="ja" xlink:role="http://www.xbrl.org/2003/role/verboseLabel" id="label_DecreaseIncreaseInTradeReceivablesAndContractAssetsOpeCF_2">売上債権及び契約資産の増減額（△は増加）、営業活動によるキャッシュ・フロー</link:label>    <link:labelArc xlink:type="arc" xlink:arcrole="http://www.xbrl.org/2003/arcrole/concept-label" xlink:from="DecreaseIncreaseInTradeReceivablesAndContractAssetsOpeCF" xlink:to="label_DecreaseIncreaseInTradeReceivablesAndContractAssetsOpeCF_2" />    <link:loc xlink:type="locator" xlink:href="tse-qcedjpfr-70030-2022-09-30-01-2022-11-10.xsd#tse-qcedjpfr-70030_IncreaseDecreaseInContractLiabilitiesOpeCF" xlink:label="IncreaseDecreaseInContractLiabilitiesOpeCF" />    <link:label xlink:type="resource" xlink:label="label_IncreaseDecreaseInContractLiabilitiesOpeCF" xml:lang="ja" xlink:role="http://www.xbrl.org/2003/role/label" id="label_IncreaseDecreaseInContractLiabilitiesOpeCF">契約負債の増減額（△は減少）</link:label>    <link:labelArc xlink:type="arc" xlink:arcrole="http://www.xbrl.org/2003/arcrole/concept-label" xlink:from="IncreaseDecreaseInContractLiabilitiesOpeCF" xlink:to="label_IncreaseDecreaseInContractLiabilitiesOpeCF" />    <link:label xlink:type="resource" xlink:label="label_IncreaseDecreaseInContractLiabilitiesOpeCF_2" xml:lang="ja" xlink:role="http://www.xbrl.org/2003/role/verboseLabel" id="label_IncreaseDecreaseInContractLiabilitiesOpeCF_2">契約負債の増減額（△は減少）、営業活動によるキャッシュ・フロー</link:label>    <link:labelArc xlink:type="arc" xlink:arcrole="http://www.xbrl.org/2003/arcrole/concept-label" xlink:from="IncreaseDecreaseInContractLiabilitiesOpeCF" xlink:to="label_IncreaseDecreaseInContractLiabilitiesOpeCF_2" />  </link:labelLink></link:linkbase>