<?xml version="1.0" encoding="utf-8"?>
<!-- Generated by PRONEXUS WORKS --><link:linkbase xmlns:link="http://www.xbrl.org/2003/linkbase" xmlns:xsi="http://www.w3.org/2001/XMLSchema-instance" xmlns:xbrli="http://www.xbrl.org/2003/instance" xmlns:xlink="http://www.w3.org/1999/xlink">  <link:labelLink xlink:type="extended" xlink:role="http://www.xbrl.org/2003/role/link">    <link:loc xlink:type="locator" xlink:href="tse-qnedjpfr-78510-2022-09-30-01-2022-11-11.xsd#tse-qnedjpfr-78510_ProvisionForLossOnAntiMonopolyAct" xlink:label="ProvisionForLossOnAntiMonopolyAct" />    <link:loc xlink:type="locator" xlink:href="tse-qnedjpfr-78510-2022-09-30-01-2022-11-11.xsd#tse-qnedjpfr-78510_ProvisionOfAllowanceForLossRelatedToAntiMonopolyAct" xlink:label="ProvisionOfAllowanceForLossRelatedToAntiMonopolyAct" />    <link:loc xlink:type="locator" xlink:href="tse-qnedjpfr-78510-2022-09-30-01-2022-11-11.xsd#tse-qnedjpfr-78510_IncreaseDecreaseInProvisionForAntiMonopolyAct" xlink:label="IncreaseDecreaseInProvisionForAntiMonopolyAct" />    <link:loc xlink:type="locator" xlink:href="tse-qnedjpfr-78510-2022-09-30-01-2022-11-11.xsd#tse-qnedjpfr-78510_LossOnAntimonopolyLawEL" xlink:label="LossOnAntimonopolyLawEL" />    <link:label xlink:type="resource" xlink:label="label_ProvisionForLossOnAntiMonopolyAct" xml:lang="ja" xlink:role="http://www.xbrl.org/2003/role/label" id="label_ProvisionForLossOnAntiMonopolyAct">独占禁止法関連損失引当金</link:label>    <link:labelArc xlink:type="arc" xlink:arcrole="http://www.xbrl.org/2003/arcrole/concept-label" xlink:from="ProvisionForLossOnAntiMonopolyAct" xlink:to="label_ProvisionForLossOnAntiMonopolyAct" />    <link:label xlink:type="resource" xlink:label="label_ProvisionForLossOnAntiMonopolyAct_2" xml:lang="ja" xlink:role="http://www.xbrl.org/2003/role/verboseLabel" id="label_ProvisionForLossOnAntiMonopolyAct_2">独占禁止法関連損失引当金、流動負債</link:label>    <link:labelArc xlink:type="arc" xlink:arcrole="http://www.xbrl.org/2003/arcrole/concept-label" xlink:from="ProvisionForLossOnAntiMonopolyAct" xlink:to="label_ProvisionForLossOnAntiMonopolyAct_2" />    <link:label xlink:type="resource" xlink:label="label_LossOnAntimonopolyLawEL" xml:lang="ja" xlink:role="http://www.xbrl.org/2003/role/label" id="label_LossOnAntimonopolyLawEL">独占禁止法関連損失</link:label>    <link:labelArc xlink:type="arc" xlink:arcrole="http://www.xbrl.org/2003/arcrole/concept-label" xlink:from="LossOnAntimonopolyLawEL" xlink:to="label_LossOnAntimonopolyLawEL" />    <link:label xlink:type="resource" xlink:label="label_LossOnAntimonopolyLawEL_2" xml:lang="ja" xlink:role="http://www.xbrl.org/2003/role/verboseLabel" id="label_LossOnAntimonopolyLawEL_2">独占禁止法関連損失、特別損失</link:label>    <link:labelArc xlink:type="arc" xlink:arcrole="http://www.xbrl.org/2003/arcrole/concept-label" xlink:from="LossOnAntimonopolyLawEL" xlink:to="label_LossOnAntimonopolyLawEL_2" />    <link:label xlink:type="resource" xlink:label="label_ProvisionOfAllowanceForLossRelatedToAntiMonopolyAct" xml:lang="ja" xlink:role="http://www.xbrl.org/2003/role/label" id="label_ProvisionOfAllowanceForLossRelatedToAntiMonopolyAct">独占禁止法関連損失引当金繰入額</link:label>    <link:labelArc xlink:type="arc" xlink:arcrole="http://www.xbrl.org/2003/arcrole/concept-label" xlink:from="ProvisionOfAllowanceForLossRelatedToAntiMonopolyAct" xlink:to="label_ProvisionOfAllowanceForLossRelatedToAntiMonopolyAct" />    <link:label xlink:type="resource" xlink:label="label_ProvisionOfAllowanceForLossRelatedToAntiMonopolyAct_2" xml:lang="ja" xlink:role="http://www.xbrl.org/2003/role/verboseLabel" id="label_ProvisionOfAllowanceForLossRelatedToAntiMonopolyAct_2">独占禁止法関連損失引当金繰入額、特別損失</link:label>    <link:labelArc xlink:type="arc" xlink:arcrole="http://www.xbrl.org/2003/arcrole/concept-label" xlink:from="ProvisionOfAllowanceForLossRelatedToAntiMonopolyAct" xlink:to="label_ProvisionOfAllowanceForLossRelatedToAntiMonopolyAct_2" />    <link:loc xlink:type="locator" xlink:href="tse-qnedjpfr-78510-2022-09-30-01-2022-11-11.xsd#tse-qnedjpfr-78510_PaymentsRelatedToAntiMonopolyActOpeCF" xlink:label="PaymentsRelatedToAntiMonopolyActOpeCF" />    <link:label xlink:type="resource" xlink:label="label_IncreaseDecreaseInProvisionForAntiMonopolyAct" xml:lang="ja" xlink:role="http://www.xbrl.org/2003/role/label" id="label_IncreaseDecreaseInProvisionForAntiMonopolyAct">独占禁止法関連損失引当金の増減額（△は減少）</link:label>    <link:labelArc xlink:type="arc" xlink:arcrole="http://www.xbrl.org/2003/arcrole/concept-label" xlink:from="IncreaseDecreaseInProvisionForAntiMonopolyAct" xlink:to="label_IncreaseDecreaseInProvisionForAntiMonopolyAct" />    <link:label xlink:type="resource" xlink:label="label_IncreaseDecreaseInProvisionForAntiMonopolyAct_2" xml:lang="ja" xlink:role="http://www.xbrl.org/2003/role/verboseLabel" id="label_IncreaseDecreaseInProvisionForAntiMonopolyAct_2">独占禁止法関連損失引当金の増減額（△は減少）、営業活動によるキャッシュ・フロー</link:label>    <link:labelArc xlink:type="arc" xlink:arcrole="http://www.xbrl.org/2003/arcrole/concept-label" xlink:from="IncreaseDecreaseInProvisionForAntiMonopolyAct" xlink:to="label_IncreaseDecreaseInProvisionForAntiMonopolyAct_2" />    <link:label xlink:type="resource" xlink:label="label_PaymentsRelatedToAntiMonopolyActOpeCF" xml:lang="ja" xlink:role="http://www.xbrl.org/2003/role/label" id="label_PaymentsRelatedToAntiMonopolyActOpeCF">独占禁止法関連支払額</link:label>    <link:labelArc xlink:type="arc" xlink:arcrole="http://www.xbrl.org/2003/arcrole/concept-label" xlink:from="PaymentsRelatedToAntiMonopolyActOpeCF" xlink:to="label_PaymentsRelatedToAntiMonopolyActOpeCF" />    <link:label xlink:type="resource" xlink:label="label_PaymentsRelatedToAntiMonopolyActOpeCF_2" xml:lang="ja" xlink:role="http://www.xbrl.org/2003/role/verboseLabel" id="label_PaymentsRelatedToAntiMonopolyActOpeCF_2">独占禁止法関連支払額、営業活動によるキャッシュ・フロー</link:label>    <link:labelArc xlink:type="arc" xlink:arcrole="http://www.xbrl.org/2003/arcrole/concept-label" xlink:from="PaymentsRelatedToAntiMonopolyActOpeCF" xlink:to="label_PaymentsRelatedToAntiMonopolyActOpeCF_2" />  </link:labelLink></link:linkbase>