<?xml version="1.0" encoding="utf-8"?>
<!-- Generated by PRONEXUS WORKS --><link:linkbase xmlns:link="http://www.xbrl.org/2003/linkbase" xmlns:xsi="http://www.w3.org/2001/XMLSchema-instance" xmlns:xbrli="http://www.xbrl.org/2003/instance" xmlns:xlink="http://www.w3.org/1999/xlink">  <link:labelLink xlink:type="extended" xlink:role="http://www.xbrl.org/2003/role/link">    <link:loc xlink:type="locator" xlink:href="tse-qnedjpfr-30910-2022-09-30-01-2022-10-14.xsd#tse-qnedjpfr-30910_ContractLiabilityCL" xlink:label="ContractLiabilityCL" />    <link:loc xlink:type="locator" xlink:href="tse-qnedjpfr-30910-2022-09-30-01-2022-10-14.xsd#tse-qnedjpfr-30910_LossOnTemporaryClosingOfStoresEL" xlink:label="LossOnTemporaryClosingOfStoresEL" />    <link:loc xlink:type="locator" xlink:href="tse-qnedjpfr-30910-2022-09-30-01-2022-10-14.xsd#tse-qnedjpfr-30910_LossOnFireEL" xlink:label="LossOnFireEL" />    <link:label xlink:type="resource" xlink:label="label_LossOnTemporaryClosingOfStoresEL" xml:lang="en" xlink:role="http://www.xbrl.org/2003/role/label" id="label_LossOnTemporaryClosingOfStoresEL">Loss on temporary closing of stores</link:label>    <link:labelArc xlink:type="arc" xlink:arcrole="http://www.xbrl.org/2003/arcrole/concept-label" xlink:from="LossOnTemporaryClosingOfStoresEL" xlink:to="label_LossOnTemporaryClosingOfStoresEL" />    <link:label xlink:type="resource" xlink:label="label_LossOnTemporaryClosingOfStoresEL_2" xml:lang="en" xlink:role="http://www.xbrl.org/2003/role/verboseLabel" id="label_LossOnTemporaryClosingOfStoresEL_2">Loss on temporary closing of stores-EL</link:label>    <link:labelArc xlink:type="arc" xlink:arcrole="http://www.xbrl.org/2003/arcrole/concept-label" xlink:from="LossOnTemporaryClosingOfStoresEL" xlink:to="label_LossOnTemporaryClosingOfStoresEL_2" />    <link:label xlink:type="resource" xlink:label="label_LossOnFireEL" xml:lang="en" xlink:role="http://www.xbrl.org/2003/role/label" id="label_LossOnFireEL">Loss on fire</link:label>    <link:labelArc xlink:type="arc" xlink:arcrole="http://www.xbrl.org/2003/arcrole/concept-label" xlink:from="LossOnFireEL" xlink:to="label_LossOnFireEL" />    <link:label xlink:type="resource" xlink:label="label_LossOnFireEL_2" xml:lang="en" xlink:role="http://www.xbrl.org/2003/role/verboseLabel" id="label_LossOnFireEL_2">Loss on fire-EL</link:label>    <link:labelArc xlink:type="arc" xlink:arcrole="http://www.xbrl.org/2003/arcrole/concept-label" xlink:from="LossOnFireEL" xlink:to="label_LossOnFireEL_2" />    <link:label xlink:type="resource" xlink:label="label_ContractLiabilityCL" xml:lang="en" xlink:role="http://www.xbrl.org/2003/role/label" id="label_ContractLiabilityCL">Contract liability</link:label>    <link:labelArc xlink:type="arc" xlink:arcrole="http://www.xbrl.org/2003/arcrole/concept-label" xlink:from="ContractLiabilityCL" xlink:to="label_ContractLiabilityCL" />    <link:label xlink:type="resource" xlink:label="label_ContractLiabilityCL_2" xml:lang="en" xlink:role="http://www.xbrl.org/2003/role/verboseLabel" id="label_ContractLiabilityCL_2">Contract liability-CL</link:label>    <link:labelArc xlink:type="arc" xlink:arcrole="http://www.xbrl.org/2003/arcrole/concept-label" xlink:from="ContractLiabilityCL" xlink:to="label_ContractLiabilityCL_2" />  </link:labelLink></link:linkbase>