﻿<?xml version="1.0" encoding="utf-8"?>
<!-- Edited with FutureStage XBRL Solution Library .NET 01-11 -->
<link:linkbase xmlns:xlink="http://www.w3.org/1999/xlink" xmlns:xsi="http://www.w3.org/2001/XMLSchema-instance" xmlns:link="http://www.xbrl.org/2003/linkbase">
  <link:roleRef xlink:type="simple" xlink:href="http://disclosure.edinet-fsa.go.jp/taxonomy/jpcrp/2021-11-01/jpcrp_rt_2021-11-01.xsd#rol_altLabel" roleURI="http://disclosure.edinet-fsa.go.jp/jpcrp/alt/role/label" />
  <link:roleRef xlink:type="simple" xlink:href="http://disclosure.edinet-fsa.go.jp/taxonomy/jpcrp/2021-11-01/jpcrp_rt_2021-11-01.xsd#rol_altTotalLabel" roleURI="http://disclosure.edinet-fsa.go.jp/jpcrp/alt/role/totalLabel" />
  <link:roleRef xlink:type="simple" xlink:href="tse-qcediffr-65940-2022-09-30-01-2022-10-24.xsd#at1" roleURI="http://disclosure.edinet-fsa.go.jp/jpcrp/alt2/role/label" />
  <link:roleRef xlink:type="simple" xlink:href="http://disclosure.edinet-fsa.go.jp/taxonomy/jpcrp/2021-11-01/jpcrp_rt_2021-11-01.xsd#rol_SegmentLabel" roleURI="http://disclosure.edinet-fsa.go.jp/jpcrp/Segment/role/label" />
  <link:roleRef xlink:type="simple" xlink:href="http://disclosure.edinet-fsa.go.jp/taxonomy/jpcrp/2021-11-01/jpcrp_rt_2021-11-01.xsd#rol_std_altTotalLabel" roleURI="http://disclosure.edinet-fsa.go.jp/jpcrp/std/alt/role/totalLabel" />
  <link:roleRef xlink:type="simple" xlink:href="http://disclosure.edinet-fsa.go.jp/taxonomy/jppfs/2021-11-01/jppfs_rt_2021-11-01.xsd#rol_ConsolidatedQuarterlyLabel" roleURI="http://disclosure.edinet-fsa.go.jp/jppfs/ConsolidatedQuarterly/role/label" />
  <link:roleRef xlink:type="simple" xlink:href="http://disclosure.edinet-fsa.go.jp/taxonomy/jppfs/2021-11-01/jppfs_rt_2021-11-01.xsd#rol_ConsolidatedQuarterlyNegativeLabel" roleURI="http://disclosure.edinet-fsa.go.jp/jppfs/ConsolidatedQuarterly/role/negativeLabel" />
  <link:roleRef xlink:type="simple" xlink:href="http://disclosure.edinet-fsa.go.jp/taxonomy/jppfs/2021-11-01/jppfs_rt_2021-11-01.xsd#rol_ConsolidatedQuarterlyPositiveLabel" roleURI="http://disclosure.edinet-fsa.go.jp/jppfs/ConsolidatedQuarterly/role/positiveLabel" />
  <link:roleRef xlink:type="simple" xlink:href="http://disclosure.edinet-fsa.go.jp/taxonomy/jppfs/2021-11-01/jppfs_rt_2021-11-01.xsd#rol_CTELabel" roleURI="http://disclosure.edinet-fsa.go.jp/jppfs/cte/role/label" />
  <link:labelLink xlink:type="extended" xlink:role="http://www.xbrl.org/2003/role/link">
    <link:label xml:lang="en" xlink:type="resource" xlink:label="jpigp_cor_AdjustmentsForOpeCFIFRSAbstract_label" xlink:role="http://disclosure.edinet-fsa.go.jp/jpcrp/alt/role/label">Adjustments for</link:label>
    <link:label xml:lang="en" xlink:type="resource" xlink:label="jpigp_cor_AdjustmentsForOpeCFIFRSAbstract_label_1" xlink:role="http://disclosure.edinet-fsa.go.jp/jppfs/cte/role/label">Adjustments to reconcile profit for the period to net cash provided by operating activities</link:label>
    <link:label xml:lang="en" xlink:type="resource" xlink:label="jpigp_cor_AssetsIFRSAbstract_label" xlink:role="http://disclosure.edinet-fsa.go.jp/jpcrp/alt/role/label">Assets</link:label>
    <link:label xml:lang="en" xlink:type="resource" xlink:label="jpigp_cor_BorrowingsCLIFRS_label" xlink:role="http://disclosure.edinet-fsa.go.jp/jpcrp/alt/role/label">Borrowings</link:label>
    <link:label xml:lang="en" xlink:type="resource" xlink:label="jpigp_cor_ComprehensiveIncomeAttributableToIFRSAbstract_label" xlink:role="http://disclosure.edinet-fsa.go.jp/jpcrp/alt/role/label">Comprehensive income attributable to</link:label>
    <link:label xml:lang="en" xlink:type="resource" xlink:label="jpigp_cor_ComprehensiveIncomeIFRSAbstract_label" xlink:role="http://disclosure.edinet-fsa.go.jp/jpcrp/alt/role/label">Comprehensive income</link:label>
    <link:label xml:lang="en" xlink:type="resource" xlink:label="jpigp_cor_DecreaseIncreaseInInventoriesOpeCFIFRS_label" xlink:role="http://disclosure.edinet-fsa.go.jp/jpcrp/alt/role/label">Decrease (increase) in inventories</link:label>
    <link:label xml:lang="en" xlink:type="resource" xlink:label="jpigp_cor_DecreaseIncreaseInTradeReceivablesOpeCFIFRS_label" xlink:role="http://disclosure.edinet-fsa.go.jp/jpcrp/alt/role/label">Decrease (increase) in trade receivables</link:label>
    <link:label xml:lang="en" xlink:type="resource" xlink:label="jpigp_cor_DepreciationAndAmortizationOpeCFIFRS_label" xlink:role="http://disclosure.edinet-fsa.go.jp/jpcrp/alt/role/label">Depreciation and amortization</link:label>
    <link:label xml:lang="en" xlink:type="resource" xlink:label="jpigp_cor_DividendsPaidToOwnersOfParentFinCFIFRS_label" xlink:role="http://disclosure.edinet-fsa.go.jp/jpcrp/alt/role/label">Dividends paid to owners of parent</link:label>
    <link:label xml:lang="en" xlink:type="resource" xlink:label="jpigp_cor_DividendsToNonControllingInterestsSSIFRS_label" xlink:role="http://disclosure.edinet-fsa.go.jp/jpcrp/alt/role/label">Dividends to non-controlling interests</link:label>
    <link:label xml:lang="en" xlink:type="resource" xlink:label="jpigp_cor_DividendsToOwnersOfParentSSIFRS_label" xlink:role="http://disclosure.edinet-fsa.go.jp/jpcrp/alt/role/label">Dividends to owners of parent</link:label>
    <link:label xml:lang="en" xlink:type="resource" xlink:label="jpigp_cor_EffectivePortionOfCashFlowHedgesNetOfTaxItemsThatMayBeReclassifiedToProfitOrLossOCIIFRS_label" xlink:role="http://disclosure.edinet-fsa.go.jp/jpcrp/alt/role/label">Effective portion of cash flow hedges</link:label>
    <link:label xml:lang="en" xlink:type="resource" xlink:label="jpigp_cor_EffectOfExchangeRateChangesOnCashAndCashEquivalentsIFRS_label" xlink:role="http://disclosure.edinet-fsa.go.jp/jpcrp/alt/role/label">Effect of exchange rate changes on cash and cash equivalents</link:label>
    <link:label xml:lang="en" xlink:type="resource" xlink:label="jpigp_cor_EquityIFRSAbstract_label" xlink:role="http://disclosure.edinet-fsa.go.jp/jpcrp/alt/role/label">Equity</link:label>
    <link:label xml:lang="en" xlink:type="resource" xlink:label="jpigp_cor_EquityIFRSMember_label" xlink:role="http://disclosure.edinet-fsa.go.jp/jpcrp/std/alt/role/totalLabel">Total</link:label>
    <link:label xml:lang="en" xlink:type="resource" xlink:label="jpigp_cor_FinanceIncomeAndFinanceCostsOpeCFIFRS_label" xlink:role="http://disclosure.edinet-fsa.go.jp/jpcrp/alt/role/label">Finance income and finance costs</link:label>
    <link:label xml:lang="en" xlink:type="resource" xlink:label="jpigp_cor_FinancialAssetsMeasuredAtFairValueThroughOtherComprehensiveIncomeNetOfTaxItemsThatMayBeReclassifiedToProfitOrLossOCIIFRS_label" xlink:role="http://disclosure.edinet-fsa.go.jp/jpcrp/alt/role/label">Financial assets measured at fair value through other comprehensive income</link:label>
    <link:label xml:lang="en" xlink:type="resource" xlink:label="jpigp_cor_ForeignExchangeGainLossIFRS_label" xlink:role="http://disclosure.edinet-fsa.go.jp/jpcrp/alt/role/label">Foreign exchange gain (loss)</link:label>
    <link:label xml:lang="en" xlink:type="resource" xlink:label="jpigp_cor_IncreaseDecreaseInRetirementBenefitLiabilityOpeCFIFRS_label" xlink:role="http://disclosure.edinet-fsa.go.jp/jpcrp/alt/role/label">Increase (decrease) in retirement benefit liability</link:label>
    <link:label xml:lang="en" xlink:type="resource" xlink:label="jpigp_cor_IncreaseDecreaseInTradePayablesOpeCFIFRS_label" xlink:role="http://disclosure.edinet-fsa.go.jp/jpcrp/alt/role/label">Increase (decrease) in trade payables</link:label>
    <link:label xml:lang="en" xlink:type="resource" xlink:label="jpigp_cor_InvestmentsAccountedForUsingEquityMethodIFRS_label" xlink:role="http://disclosure.edinet-fsa.go.jp/jpcrp/alt/role/label">Investments accounted for using equity method</link:label>
    <link:label xml:lang="en" xlink:type="resource" xlink:label="jpigp_cor_LiabilitiesIFRSAbstract_label" xlink:role="http://disclosure.edinet-fsa.go.jp/jpcrp/alt/role/label">Liabilities</link:label>
    <link:label xml:lang="en" xlink:type="resource" xlink:label="jpigp_cor_NetChangeInFairValueOfEquityInstrumentsDesignatedAsMeasuredAtFairValueThroughOtherComprehensiveIncomeNetOfTaxItemsThatWillNotBeReclassifiedToProfitOrLossOCIIFRS_label" xlink:role="http://disclosure.edinet-fsa.go.jp/jpcrp/alt/role/label">Net change in fair value of equity instruments designated as measured at fair value through other comprehensive income</link:label>
    <link:label xml:lang="en" xlink:type="resource" xlink:label="jpigp_cor_NetIncreaseDecreaseInCashAndCashEquivalentsIFRS_label" xlink:role="http://disclosure.edinet-fsa.go.jp/jpcrp/alt/role/label">Net increase (decrease) in cash and cash equivalents</link:label>
    <link:label xml:lang="en" xlink:type="resource" xlink:label="jpigp_cor_NetIncreaseDecreaseInCashAndCashEquivalentsIFRS_label_1" xlink:role="http://disclosure.edinet-fsa.go.jp/jpcrp/alt2/role/label">Net increase (decrease) in cash and cash equivalents</link:label>
    <link:label xml:lang="en" xlink:type="resource" xlink:label="jpigp_cor_NetIncreaseDecreaseInShortTermBorrowingsFinCFIFRS_label" xlink:role="http://disclosure.edinet-fsa.go.jp/jpcrp/alt/role/label">Net increase (decrease) in short-term borrowings</link:label>
    <link:label xml:lang="en" xlink:type="resource" xlink:label="jpigp_cor_OperatingProfitLossIFRS_label" xlink:role="http://disclosure.edinet-fsa.go.jp/jpcrp/Segment/role/label">Operating profit (loss)</link:label>
    <link:label xml:lang="en" xlink:type="resource" xlink:label="jpigp_cor_OtherChangesInWorkingCapitalOpeCFIFRS_label" xlink:role="http://disclosure.edinet-fsa.go.jp/jpcrp/alt/role/label">Other</link:label>
    <link:label xml:lang="en" xlink:type="resource" xlink:label="jpigp_cor_OtherComprehensiveIncomeIFRS_label" xlink:role="http://disclosure.edinet-fsa.go.jp/jpcrp/alt/role/totalLabel">Total other comprehensive income</link:label>
    <link:label xml:lang="en" xlink:type="resource" xlink:label="jpigp_cor_OtherComprehensiveIncomeIFRSAbstract_label" xlink:role="http://disclosure.edinet-fsa.go.jp/jpcrp/alt/role/label">Other comprehensive income</link:label>
    <link:label xml:lang="en" xlink:type="resource" xlink:label="jpigp_cor_OtherFinCFIFRS_label" xlink:role="http://disclosure.edinet-fsa.go.jp/jpcrp/alt/role/label">Other</link:label>
    <link:label xml:lang="en" xlink:type="resource" xlink:label="jpigp_cor_OtherInvCFIFRS_label" xlink:role="http://disclosure.edinet-fsa.go.jp/jpcrp/alt/role/label">Other</link:label>
    <link:label xml:lang="en" xlink:type="resource" xlink:label="jpigp_cor_PaymentsForAcquisitionOfBusinessesInvCFIFRS_label" xlink:role="http://disclosure.edinet-fsa.go.jp/jpcrp/alt/role/label">Payments for acquisition of businesses</link:label>
    <link:label xml:lang="en" xlink:type="resource" xlink:label="jpigp_cor_RemeasurementsOfDefinedBenefitPlansNetOfTaxItemsThatWillNotBeReclassifiedToProfitOrLossOCIIFRS_label" xlink:role="http://disclosure.edinet-fsa.go.jp/jpcrp/alt/role/label">Remeasurements of defined benefit plans</link:label>
    <link:label xml:lang="en" xlink:type="resource" xlink:label="jpigp_cor_ShareOfLossProfitOfInvestmentsAccountedForUsingEquityMethodOpeCFIFRS_label" xlink:role="http://disclosure.edinet-fsa.go.jp/jpcrp/alt/role/label">Share of loss (profit) of investments accounted for using equity method</link:label>
    <link:label xml:lang="en" xlink:type="resource" xlink:label="jpigp_cor_ShareOfProfitLossOfInvestmentsAccountedForUsingEquityMethodIFRS_label" xlink:role="http://disclosure.edinet-fsa.go.jp/jpcrp/alt/role/label">Share of profit (loss) of investments accounted for using equity method</link:label>
    <link:label xml:lang="en" xlink:type="resource" xlink:label="jpigp_cor_TransactionsWithOwnersIFRSAbstract_label" xlink:role="http://disclosure.edinet-fsa.go.jp/jpcrp/alt/role/label">Transactions with owners</link:label>
    <link:label xml:lang="en" xlink:type="resource" xlink:label="tse-qcediffr-65940_ChangesInEquityByPurchaseOfSharesOfConsolidatedSubsidiariesIFRS_label" xlink:role="http://www.xbrl.org/2003/role/label">Changes in equity by purchase of shares of consolidated subsidiaries</link:label>
    <link:label xml:lang="en" xlink:type="resource" xlink:label="tse-qcediffr-65940_ChangesInEquityByPurchaseOfSharesOfConsolidatedSubsidiariesIFRS_label_1" xlink:role="http://www.xbrl.org/2003/role/verboseLabel">Changes in equity by purchase of shares of consolidated subsidiaries (IFRS)</link:label>
    <link:label xml:lang="en" xlink:type="resource" xlink:label="tse-qcediffr-65940_CondensedQuarterPeriodIFRSHeading_label" xlink:role="http://www.xbrl.org/2003/role/label">Condensed quarter period</link:label>
    <link:label xml:lang="en" xlink:type="resource" xlink:label="tse-qcediffr-65940_CondensedQuarterPeriodIFRSHeading_label_1" xlink:role="http://www.xbrl.org/2003/role/verboseLabel">Condensed quarter period (IFRS) [heading]</link:label>
    <link:label xml:lang="en" xlink:type="resource" xlink:label="tse-qcediffr-65940_CondensedYearToQuarterEndIFRSHeading_label" xlink:role="http://www.xbrl.org/2003/role/label">Condensed year to quarter end</link:label>
    <link:label xml:lang="en" xlink:type="resource" xlink:label="tse-qcediffr-65940_CondensedYearToQuarterEndIFRSHeading_label_1" xlink:role="http://www.xbrl.org/2003/role/verboseLabel">Condensed year to quarter end (IFRS) [heading]</link:label>
    <link:label xml:lang="en" xlink:type="resource" xlink:label="tse-qcediffr-65940_DeferredIncomeTaxesOpeCFIFRS_label" xlink:role="http://www.xbrl.org/2003/role/label">Deferred income taxes</link:label>
    <link:label xml:lang="en" xlink:type="resource" xlink:label="tse-qcediffr-65940_DeferredIncomeTaxesOpeCFIFRS_label_1" xlink:role="http://www.xbrl.org/2003/role/verboseLabel">Deferred income taxes - OpeCF (IFRS)</link:label>
    <link:label xml:lang="en" xlink:type="resource" xlink:label="tse-qcediffr-65940_DerivativeGainLossIFRS_label" xlink:role="http://www.xbrl.org/2003/role/label">Derivative gain (loss)</link:label>
    <link:label xml:lang="en" xlink:type="resource" xlink:label="tse-qcediffr-65940_DerivativeGainLossIFRS_label_1" xlink:role="http://www.xbrl.org/2003/role/verboseLabel">Derivative gain (loss) (IFRS)</link:label>
    <link:label xml:lang="en" xlink:type="resource" xlink:label="tse-qcediffr-65940_ForeignCurrencyAdjustmentsOpeCFIFRS_label" xlink:role="http://www.xbrl.org/2003/role/label">Foreign currency adjustments</link:label>
    <link:label xml:lang="en" xlink:type="resource" xlink:label="tse-qcediffr-65940_ForeignCurrencyAdjustmentsOpeCFIFRS_label_1" xlink:role="http://www.xbrl.org/2003/role/verboseLabel">Foreign currency adjustments - OpeCF (IFRS)</link:label>
    <link:label xml:lang="en" xlink:type="resource" xlink:label="tse-qcediffr-65940_GainLossFromSalesDisposalOrImpairmentOfPropertyPlantAndEquipmentOpeCFIFRS_label" xlink:role="http://www.xbrl.org/2003/role/label">(Gain) loss from sales, disposal or impairment of property, plant and equipment</link:label>
    <link:label xml:lang="en" xlink:type="resource" xlink:label="tse-qcediffr-65940_GainLossFromSalesDisposalOrImpairmentOfPropertyPlantAndEquipmentOpeCFIFRS_label_1" xlink:role="http://www.xbrl.org/2003/role/verboseLabel">(Gain) loss from sales, disposal or impairment of property, plant and equipment - OpeCF (IFRS)</link:label>
    <link:label xml:lang="en" xlink:type="resource" xlink:label="tse-qcediffr-65940_LongTermDebtDueWithinOneYearCLIFRS_label" xlink:role="http://www.xbrl.org/2003/role/label">Long term debt due within one year</link:label>
    <link:label xml:lang="en" xlink:type="resource" xlink:label="tse-qcediffr-65940_LongTermDebtDueWithinOneYearCLIFRS_label_1" xlink:role="http://www.xbrl.org/2003/role/verboseLabel">Long term debt due within one year - CL (IFRS)</link:label>
    <link:label xml:lang="en" xlink:type="resource" xlink:label="tse-qcediffr-65940_LossFromSalesOfDiscontinuedOperationsAdjustmentsForIFRS_label" xlink:role="http://www.xbrl.org/2003/role/label">Loss from sales of discontinued operations</link:label>
    <link:label xml:lang="en" xlink:type="resource" xlink:label="tse-qcediffr-65940_LossFromSalesOfDiscontinuedOperationsAdjustmentsForIFRS_label_1" xlink:role="http://www.xbrl.org/2003/role/verboseLabel">Loss from sales of discontinued operations, Adjustments for (IFRS)</link:label>
    <link:label xml:lang="en" xlink:type="resource" xlink:label="tse-qcediffr-65940_ProceedsFromIssuanceOfLongTermDebtFinCFIFRS_label" xlink:role="http://www.xbrl.org/2003/role/label">Proceeds from issuance of long term debt</link:label>
    <link:label xml:lang="en" xlink:type="resource" xlink:label="tse-qcediffr-65940_ProceedsFromIssuanceOfLongTermDebtFinCFIFRS_label_1" xlink:role="http://www.xbrl.org/2003/role/verboseLabel">Proceeds from issuance of long term debt - FinCF (IFRS)</link:label>
    <link:label xml:lang="en" xlink:type="resource" xlink:label="tse-qcediffr-65940_ProfitLossForThePeriodFromContinuingOperationsOpeCFIFRS_label_3" xlink:role="http://www.xbrl.org/2003/role/label">Profit (loss) for the period from continuing operations</link:label>
    <link:label xml:lang="en" xlink:type="resource" xlink:label="tse-qcediffr-65940_ProfitLossForThePeriodFromContinuingOperationsOpeCFIFRS_label_6" xlink:role="http://www.xbrl.org/2003/role/verboseLabel">Profit (loss) for the period from continuing operations-OpeCF (IFRS)</link:label>
    <link:label xml:lang="en" xlink:type="resource" xlink:label="tse-qcediffr-65940_ProfitLossForThePeriodFromContinuingOperationsOpeCFIFRS_label_5" xlink:role="http://www.xbrl.org/2003/role/positiveLabel">Profit for the period from continuing operations</link:label>
    <link:label xml:lang="en" xlink:type="resource" xlink:label="tse-qcediffr-65940_ProfitLossForThePeriodFromContinuingOperationsOpeCFIFRS_label_4" xlink:role="http://www.xbrl.org/2003/role/negativeLabel">Loss for the period from continuing operations</link:label>
    <link:label xml:lang="en" xlink:type="resource" xlink:label="tse-qcediffr-65940_ProfitLossForThePeriodFromContinuingOperationsOpeCFIFRS_label" xlink:role="http://disclosure.edinet-fsa.go.jp/jppfs/ConsolidatedQuarterly/role/label">Profit (loss) for the period from continuing operations</link:label>
    <link:label xml:lang="en" xlink:type="resource" xlink:label="tse-qcediffr-65940_ProfitLossForThePeriodFromContinuingOperationsOpeCFIFRS_label_1" xlink:role="http://disclosure.edinet-fsa.go.jp/jppfs/ConsolidatedQuarterly/role/negativeLabel">Loss for the period from continuing operations</link:label>
    <link:label xml:lang="en" xlink:type="resource" xlink:label="tse-qcediffr-65940_ProfitLossForThePeriodFromContinuingOperationsOpeCFIFRS_label_2" xlink:role="http://disclosure.edinet-fsa.go.jp/jppfs/ConsolidatedQuarterly/role/positiveLabel">Profit for the period from continuing operations</link:label>
    <link:label xml:lang="en" xlink:type="resource" xlink:label="tse-qcediffr-65940_ProfitLossForThePeriodFromDiscontinuedOperationsOpeCFIFRS_label_3" xlink:role="http://www.xbrl.org/2003/role/label">Profit (loss) for the period from discontinued operations</link:label>
    <link:label xml:lang="en" xlink:type="resource" xlink:label="tse-qcediffr-65940_ProfitLossForThePeriodFromDiscontinuedOperationsOpeCFIFRS_label_6" xlink:role="http://www.xbrl.org/2003/role/verboseLabel">Profit (loss) for the period from discontinued operations-OpeCF (IFRS)</link:label>
    <link:label xml:lang="en" xlink:type="resource" xlink:label="tse-qcediffr-65940_ProfitLossForThePeriodFromDiscontinuedOperationsOpeCFIFRS_label_5" xlink:role="http://www.xbrl.org/2003/role/positiveLabel">Profit for the period from discontinued operations</link:label>
    <link:label xml:lang="en" xlink:type="resource" xlink:label="tse-qcediffr-65940_ProfitLossForThePeriodFromDiscontinuedOperationsOpeCFIFRS_label_4" xlink:role="http://www.xbrl.org/2003/role/negativeLabel">Loss for the period from discontinued operations</link:label>
    <link:label xml:lang="en" xlink:type="resource" xlink:label="tse-qcediffr-65940_ProfitLossForThePeriodFromDiscontinuedOperationsOpeCFIFRS_label" xlink:role="http://disclosure.edinet-fsa.go.jp/jppfs/ConsolidatedQuarterly/role/label">Profit (loss) for the period from discontinued operations</link:label>
    <link:label xml:lang="en" xlink:type="resource" xlink:label="tse-qcediffr-65940_ProfitLossForThePeriodFromDiscontinuedOperationsOpeCFIFRS_label_1" xlink:role="http://disclosure.edinet-fsa.go.jp/jppfs/ConsolidatedQuarterly/role/negativeLabel">Loss for the period from discontinued operations</link:label>
    <link:label xml:lang="en" xlink:type="resource" xlink:label="tse-qcediffr-65940_ProfitLossForThePeriodFromDiscontinuedOperationsOpeCFIFRS_label_2" xlink:role="http://disclosure.edinet-fsa.go.jp/jppfs/ConsolidatedQuarterly/role/positiveLabel">Profit for the period from discontinued operations</link:label>
    <link:label xml:lang="en" xlink:type="resource" xlink:label="tse-qcediffr-65940_RepaymentsOfLongTermDebtFinCFIFRS_label" xlink:role="http://www.xbrl.org/2003/role/label">Repayments of long term debt</link:label>
    <link:label xml:lang="en" xlink:type="resource" xlink:label="tse-qcediffr-65940_RepaymentsOfLongTermDebtFinCFIFRS_label_1" xlink:role="http://www.xbrl.org/2003/role/verboseLabel">Repayments of long term debt - FinCF (IFRS)</link:label>
    <link:loc xlink:type="locator" xlink:href="http://disclosure.edinet-fsa.go.jp/taxonomy/jpigp/2021-11-01/jpigp_cor_2021-11-01.xsd#jpigp_cor_AdjustmentsForOpeCFIFRSAbstract" xlink:label="jpigp_cor_AdjustmentsForOpeCFIFRSAbstract" />
    <link:loc xlink:type="locator" xlink:href="http://disclosure.edinet-fsa.go.jp/taxonomy/jpigp/2021-11-01/jpigp_cor_2021-11-01.xsd#jpigp_cor_AssetsIFRSAbstract" xlink:label="jpigp_cor_AssetsIFRSAbstract" />
    <link:loc xlink:type="locator" xlink:href="http://disclosure.edinet-fsa.go.jp/taxonomy/jpigp/2021-11-01/jpigp_cor_2021-11-01.xsd#jpigp_cor_BorrowingsCLIFRS" xlink:label="jpigp_cor_BorrowingsCLIFRS" />
    <link:loc xlink:type="locator" xlink:href="http://disclosure.edinet-fsa.go.jp/taxonomy/jpigp/2021-11-01/jpigp_cor_2021-11-01.xsd#jpigp_cor_ComprehensiveIncomeAttributableToIFRSAbstract" xlink:label="jpigp_cor_ComprehensiveIncomeAttributableToIFRSAbstract" />
    <link:loc xlink:type="locator" xlink:href="http://disclosure.edinet-fsa.go.jp/taxonomy/jpigp/2021-11-01/jpigp_cor_2021-11-01.xsd#jpigp_cor_ComprehensiveIncomeIFRSAbstract" xlink:label="jpigp_cor_ComprehensiveIncomeIFRSAbstract" />
    <link:loc xlink:type="locator" xlink:href="http://disclosure.edinet-fsa.go.jp/taxonomy/jpigp/2021-11-01/jpigp_cor_2021-11-01.xsd#jpigp_cor_DecreaseIncreaseInInventoriesOpeCFIFRS" xlink:label="jpigp_cor_DecreaseIncreaseInInventoriesOpeCFIFRS" />
    <link:loc xlink:type="locator" xlink:href="http://disclosure.edinet-fsa.go.jp/taxonomy/jpigp/2021-11-01/jpigp_cor_2021-11-01.xsd#jpigp_cor_DecreaseIncreaseInTradeReceivablesOpeCFIFRS" xlink:label="jpigp_cor_DecreaseIncreaseInTradeReceivablesOpeCFIFRS" />
    <link:loc xlink:type="locator" xlink:href="http://disclosure.edinet-fsa.go.jp/taxonomy/jpigp/2021-11-01/jpigp_cor_2021-11-01.xsd#jpigp_cor_DepreciationAndAmortizationOpeCFIFRS" xlink:label="jpigp_cor_DepreciationAndAmortizationOpeCFIFRS" />
    <link:loc xlink:type="locator" xlink:href="http://disclosure.edinet-fsa.go.jp/taxonomy/jpigp/2021-11-01/jpigp_cor_2021-11-01.xsd#jpigp_cor_DividendsPaidToOwnersOfParentFinCFIFRS" xlink:label="jpigp_cor_DividendsPaidToOwnersOfParentFinCFIFRS" />
    <link:loc xlink:type="locator" xlink:href="http://disclosure.edinet-fsa.go.jp/taxonomy/jpigp/2021-11-01/jpigp_cor_2021-11-01.xsd#jpigp_cor_DividendsToNonControllingInterestsSSIFRS" xlink:label="jpigp_cor_DividendsToNonControllingInterestsSSIFRS" />
    <link:loc xlink:type="locator" xlink:href="http://disclosure.edinet-fsa.go.jp/taxonomy/jpigp/2021-11-01/jpigp_cor_2021-11-01.xsd#jpigp_cor_DividendsToOwnersOfParentSSIFRS" xlink:label="jpigp_cor_DividendsToOwnersOfParentSSIFRS" />
    <link:loc xlink:type="locator" xlink:href="http://disclosure.edinet-fsa.go.jp/taxonomy/jpigp/2021-11-01/jpigp_cor_2021-11-01.xsd#jpigp_cor_EffectivePortionOfCashFlowHedgesNetOfTaxItemsThatMayBeReclassifiedToProfitOrLossOCIIFRS" xlink:label="jpigp_cor_EffectivePortionOfCashFlowHedgesNetOfTaxItemsThatMayBeReclassifiedToProfitOrLossOCIIFRS" />
    <link:loc xlink:type="locator" xlink:href="http://disclosure.edinet-fsa.go.jp/taxonomy/jpigp/2021-11-01/jpigp_cor_2021-11-01.xsd#jpigp_cor_EffectOfExchangeRateChangesOnCashAndCashEquivalentsIFRS" xlink:label="jpigp_cor_EffectOfExchangeRateChangesOnCashAndCashEquivalentsIFRS" />
    <link:loc xlink:type="locator" xlink:href="http://disclosure.edinet-fsa.go.jp/taxonomy/jpigp/2021-11-01/jpigp_cor_2021-11-01.xsd#jpigp_cor_EquityIFRSAbstract" xlink:label="jpigp_cor_EquityIFRSAbstract" />
    <link:loc xlink:type="locator" xlink:href="http://disclosure.edinet-fsa.go.jp/taxonomy/jpigp/2021-11-01/jpigp_cor_2021-11-01.xsd#jpigp_cor_EquityIFRSMember" xlink:label="jpigp_cor_EquityIFRSMember" />
    <link:loc xlink:type="locator" xlink:href="http://disclosure.edinet-fsa.go.jp/taxonomy/jpigp/2021-11-01/jpigp_cor_2021-11-01.xsd#jpigp_cor_FinanceIncomeAndFinanceCostsOpeCFIFRS" xlink:label="jpigp_cor_FinanceIncomeAndFinanceCostsOpeCFIFRS" />
    <link:loc xlink:type="locator" xlink:href="http://disclosure.edinet-fsa.go.jp/taxonomy/jpigp/2021-11-01/jpigp_cor_2021-11-01.xsd#jpigp_cor_FinancialAssetsMeasuredAtFairValueThroughOtherComprehensiveIncomeNetOfTaxItemsThatMayBeReclassifiedToProfitOrLossOCIIFRS" xlink:label="jpigp_cor_FinancialAssetsMeasuredAtFairValueThroughOtherComprehensiveIncomeNetOfTaxItemsThatMayBeReclassifiedToProfitOrLossOCIIFRS" />
    <link:loc xlink:type="locator" xlink:href="http://disclosure.edinet-fsa.go.jp/taxonomy/jpigp/2021-11-01/jpigp_cor_2021-11-01.xsd#jpigp_cor_ForeignExchangeGainLossIFRS" xlink:label="jpigp_cor_ForeignExchangeGainLossIFRS" />
    <link:loc xlink:type="locator" xlink:href="http://disclosure.edinet-fsa.go.jp/taxonomy/jpigp/2021-11-01/jpigp_cor_2021-11-01.xsd#jpigp_cor_IncreaseDecreaseInRetirementBenefitLiabilityOpeCFIFRS" xlink:label="jpigp_cor_IncreaseDecreaseInRetirementBenefitLiabilityOpeCFIFRS" />
    <link:loc xlink:type="locator" xlink:href="http://disclosure.edinet-fsa.go.jp/taxonomy/jpigp/2021-11-01/jpigp_cor_2021-11-01.xsd#jpigp_cor_IncreaseDecreaseInTradePayablesOpeCFIFRS" xlink:label="jpigp_cor_IncreaseDecreaseInTradePayablesOpeCFIFRS" />
    <link:loc xlink:type="locator" xlink:href="http://disclosure.edinet-fsa.go.jp/taxonomy/jpigp/2021-11-01/jpigp_cor_2021-11-01.xsd#jpigp_cor_InvestmentsAccountedForUsingEquityMethodIFRS" xlink:label="jpigp_cor_InvestmentsAccountedForUsingEquityMethodIFRS" />
    <link:loc xlink:type="locator" xlink:href="http://disclosure.edinet-fsa.go.jp/taxonomy/jpigp/2021-11-01/jpigp_cor_2021-11-01.xsd#jpigp_cor_LiabilitiesIFRSAbstract" xlink:label="jpigp_cor_LiabilitiesIFRSAbstract" />
    <link:loc xlink:type="locator" xlink:href="http://disclosure.edinet-fsa.go.jp/taxonomy/jpigp/2021-11-01/jpigp_cor_2021-11-01.xsd#jpigp_cor_NetChangeInFairValueOfEquityInstrumentsDesignatedAsMeasuredAtFairValueThroughOtherComprehensiveIncomeNetOfTaxItemsThatWillNotBeReclassifiedToProfitOrLossOCIIFRS" xlink:label="jpigp_cor_NetChangeInFairValueOfEquityInstrumentsDesignatedAsMeasuredAtFairValueThroughOtherComprehensiveIncomeNetOfTaxItemsThatWillNotBeReclassifiedToProfitOrLossOCIIFRS" />
    <link:loc xlink:type="locator" xlink:href="http://disclosure.edinet-fsa.go.jp/taxonomy/jpigp/2021-11-01/jpigp_cor_2021-11-01.xsd#jpigp_cor_NetIncreaseDecreaseInCashAndCashEquivalentsIFRS" xlink:label="jpigp_cor_NetIncreaseDecreaseInCashAndCashEquivalentsIFRS" />
    <link:loc xlink:type="locator" xlink:href="http://disclosure.edinet-fsa.go.jp/taxonomy/jpigp/2021-11-01/jpigp_cor_2021-11-01.xsd#jpigp_cor_NetIncreaseDecreaseInShortTermBorrowingsFinCFIFRS" xlink:label="jpigp_cor_NetIncreaseDecreaseInShortTermBorrowingsFinCFIFRS" />
    <link:loc xlink:type="locator" xlink:href="http://disclosure.edinet-fsa.go.jp/taxonomy/jpigp/2021-11-01/jpigp_cor_2021-11-01.xsd#jpigp_cor_OperatingProfitLossIFRS" xlink:label="jpigp_cor_OperatingProfitLossIFRS" />
    <link:loc xlink:type="locator" xlink:href="http://disclosure.edinet-fsa.go.jp/taxonomy/jpigp/2021-11-01/jpigp_cor_2021-11-01.xsd#jpigp_cor_OtherChangesInWorkingCapitalOpeCFIFRS" xlink:label="jpigp_cor_OtherChangesInWorkingCapitalOpeCFIFRS" />
    <link:loc xlink:type="locator" xlink:href="http://disclosure.edinet-fsa.go.jp/taxonomy/jpigp/2021-11-01/jpigp_cor_2021-11-01.xsd#jpigp_cor_OtherComprehensiveIncomeIFRS" xlink:label="jpigp_cor_OtherComprehensiveIncomeIFRS" />
    <link:loc xlink:type="locator" xlink:href="http://disclosure.edinet-fsa.go.jp/taxonomy/jpigp/2021-11-01/jpigp_cor_2021-11-01.xsd#jpigp_cor_OtherComprehensiveIncomeIFRSAbstract" xlink:label="jpigp_cor_OtherComprehensiveIncomeIFRSAbstract" />
    <link:loc xlink:type="locator" xlink:href="http://disclosure.edinet-fsa.go.jp/taxonomy/jpigp/2021-11-01/jpigp_cor_2021-11-01.xsd#jpigp_cor_OtherFinCFIFRS" xlink:label="jpigp_cor_OtherFinCFIFRS" />
    <link:loc xlink:type="locator" xlink:href="http://disclosure.edinet-fsa.go.jp/taxonomy/jpigp/2021-11-01/jpigp_cor_2021-11-01.xsd#jpigp_cor_OtherInvCFIFRS" xlink:label="jpigp_cor_OtherInvCFIFRS" />
    <link:loc xlink:type="locator" xlink:href="http://disclosure.edinet-fsa.go.jp/taxonomy/jpigp/2021-11-01/jpigp_cor_2021-11-01.xsd#jpigp_cor_PaymentsForAcquisitionOfBusinessesInvCFIFRS" xlink:label="jpigp_cor_PaymentsForAcquisitionOfBusinessesInvCFIFRS" />
    <link:loc xlink:type="locator" xlink:href="http://disclosure.edinet-fsa.go.jp/taxonomy/jpigp/2021-11-01/jpigp_cor_2021-11-01.xsd#jpigp_cor_RemeasurementsOfDefinedBenefitPlansNetOfTaxItemsThatWillNotBeReclassifiedToProfitOrLossOCIIFRS" xlink:label="jpigp_cor_RemeasurementsOfDefinedBenefitPlansNetOfTaxItemsThatWillNotBeReclassifiedToProfitOrLossOCIIFRS" />
    <link:loc xlink:type="locator" xlink:href="http://disclosure.edinet-fsa.go.jp/taxonomy/jpigp/2021-11-01/jpigp_cor_2021-11-01.xsd#jpigp_cor_ShareOfLossProfitOfInvestmentsAccountedForUsingEquityMethodOpeCFIFRS" xlink:label="jpigp_cor_ShareOfLossProfitOfInvestmentsAccountedForUsingEquityMethodOpeCFIFRS" />
    <link:loc xlink:type="locator" xlink:href="http://disclosure.edinet-fsa.go.jp/taxonomy/jpigp/2021-11-01/jpigp_cor_2021-11-01.xsd#jpigp_cor_ShareOfProfitLossOfInvestmentsAccountedForUsingEquityMethodIFRS" xlink:label="jpigp_cor_ShareOfProfitLossOfInvestmentsAccountedForUsingEquityMethodIFRS" />
    <link:loc xlink:type="locator" xlink:href="http://disclosure.edinet-fsa.go.jp/taxonomy/jpigp/2021-11-01/jpigp_cor_2021-11-01.xsd#jpigp_cor_TransactionsWithOwnersIFRSAbstract" xlink:label="jpigp_cor_TransactionsWithOwnersIFRSAbstract" />
    <link:loc xlink:type="locator" xlink:href="http://disclosure.edinet-fsa.go.jp/taxonomy/jpigp/2021-11-01/label/jpigp_2021-11-01_lab-en.xml#label_EquityIFRSMember_4" xlink:label="label_EquityIFRSMember_4" />
    <link:loc xlink:type="locator" xlink:href="tse-qcediffr-65940-2022-09-30-01-2022-10-24.xsd#tse-qcediffr-65940_ChangesInEquityByPurchaseOfSharesOfConsolidatedSubsidiariesIFRS" xlink:label="tse-qcediffr-65940_ChangesInEquityByPurchaseOfSharesOfConsolidatedSubsidiariesIFRS" />
    <link:loc xlink:type="locator" xlink:href="tse-qcediffr-65940-2022-09-30-01-2022-10-24.xsd#tse-qcediffr-65940_CondensedQuarterPeriodIFRSHeading" xlink:label="tse-qcediffr-65940_CondensedQuarterPeriodIFRSHeading" />
    <link:loc xlink:type="locator" xlink:href="tse-qcediffr-65940-2022-09-30-01-2022-10-24.xsd#tse-qcediffr-65940_CondensedYearToQuarterEndIFRSHeading" xlink:label="tse-qcediffr-65940_CondensedYearToQuarterEndIFRSHeading" />
    <link:loc xlink:type="locator" xlink:href="tse-qcediffr-65940-2022-09-30-01-2022-10-24.xsd#tse-qcediffr-65940_DeferredIncomeTaxesOpeCFIFRS" xlink:label="tse-qcediffr-65940_DeferredIncomeTaxesOpeCFIFRS" />
    <link:loc xlink:type="locator" xlink:href="tse-qcediffr-65940-2022-09-30-01-2022-10-24.xsd#tse-qcediffr-65940_DerivativeGainLossIFRS" xlink:label="tse-qcediffr-65940_DerivativeGainLossIFRS" />
    <link:loc xlink:type="locator" xlink:href="tse-qcediffr-65940-2022-09-30-01-2022-10-24.xsd#tse-qcediffr-65940_ForeignCurrencyAdjustmentsOpeCFIFRS" xlink:label="tse-qcediffr-65940_ForeignCurrencyAdjustmentsOpeCFIFRS" />
    <link:loc xlink:type="locator" xlink:href="tse-qcediffr-65940-2022-09-30-01-2022-10-24.xsd#tse-qcediffr-65940_GainLossFromSalesDisposalOrImpairmentOfPropertyPlantAndEquipmentOpeCFIFRS" xlink:label="tse-qcediffr-65940_GainLossFromSalesDisposalOrImpairmentOfPropertyPlantAndEquipmentOpeCFIFRS" />
    <link:loc xlink:type="locator" xlink:href="tse-qcediffr-65940-2022-09-30-01-2022-10-24.xsd#tse-qcediffr-65940_LongTermDebtDueWithinOneYearCLIFRS" xlink:label="tse-qcediffr-65940_LongTermDebtDueWithinOneYearCLIFRS" />
    <link:loc xlink:type="locator" xlink:href="tse-qcediffr-65940-2022-09-30-01-2022-10-24.xsd#tse-qcediffr-65940_LossFromSalesOfDiscontinuedOperationsAdjustmentsForIFRS" xlink:label="tse-qcediffr-65940_LossFromSalesOfDiscontinuedOperationsAdjustmentsForIFRS" />
    <link:loc xlink:type="locator" xlink:href="tse-qcediffr-65940-2022-09-30-01-2022-10-24.xsd#tse-qcediffr-65940_ProceedsFromIssuanceOfLongTermDebtFinCFIFRS" xlink:label="tse-qcediffr-65940_ProceedsFromIssuanceOfLongTermDebtFinCFIFRS" />
    <link:loc xlink:type="locator" xlink:href="tse-qcediffr-65940-2022-09-30-01-2022-10-24.xsd#tse-qcediffr-65940_ProfitLossForThePeriodFromContinuingOperationsOpeCFIFRS" xlink:label="tse-qcediffr-65940_ProfitLossForThePeriodFromContinuingOperationsOpeCFIFRS" />
    <link:loc xlink:type="locator" xlink:href="tse-qcediffr-65940-2022-09-30-01-2022-10-24.xsd#tse-qcediffr-65940_ProfitLossForThePeriodFromDiscontinuedOperationsOpeCFIFRS" xlink:label="tse-qcediffr-65940_ProfitLossForThePeriodFromDiscontinuedOperationsOpeCFIFRS" />
    <link:loc xlink:type="locator" xlink:href="tse-qcediffr-65940-2022-09-30-01-2022-10-24.xsd#tse-qcediffr-65940_RepaymentsOfLongTermDebtFinCFIFRS" xlink:label="tse-qcediffr-65940_RepaymentsOfLongTermDebtFinCFIFRS" />
    <link:labelArc xlink:type="arc" xlink:from="jpigp_cor_AdjustmentsForOpeCFIFRSAbstract" xlink:to="jpigp_cor_AdjustmentsForOpeCFIFRSAbstract_label_1" xlink:arcrole="http://www.xbrl.org/2003/arcrole/concept-label" order="1" />
    <link:labelArc xlink:type="arc" xlink:from="jpigp_cor_AdjustmentsForOpeCFIFRSAbstract" xlink:to="jpigp_cor_AdjustmentsForOpeCFIFRSAbstract_label" xlink:arcrole="http://www.xbrl.org/2003/arcrole/concept-label" order="1" />
    <link:labelArc xlink:type="arc" xlink:from="jpigp_cor_AssetsIFRSAbstract" xlink:to="jpigp_cor_AssetsIFRSAbstract_label" xlink:arcrole="http://www.xbrl.org/2003/arcrole/concept-label" order="1" />
    <link:labelArc xlink:type="arc" xlink:from="jpigp_cor_BorrowingsCLIFRS" xlink:to="jpigp_cor_BorrowingsCLIFRS_label" xlink:arcrole="http://www.xbrl.org/2003/arcrole/concept-label" order="1" />
    <link:labelArc xlink:type="arc" xlink:from="jpigp_cor_ComprehensiveIncomeAttributableToIFRSAbstract" xlink:to="jpigp_cor_ComprehensiveIncomeAttributableToIFRSAbstract_label" xlink:arcrole="http://www.xbrl.org/2003/arcrole/concept-label" order="1" />
    <link:labelArc xlink:type="arc" xlink:from="jpigp_cor_ComprehensiveIncomeIFRSAbstract" xlink:to="jpigp_cor_ComprehensiveIncomeIFRSAbstract_label" xlink:arcrole="http://www.xbrl.org/2003/arcrole/concept-label" order="1" />
    <link:labelArc xlink:type="arc" xlink:from="jpigp_cor_DecreaseIncreaseInInventoriesOpeCFIFRS" xlink:to="jpigp_cor_DecreaseIncreaseInInventoriesOpeCFIFRS_label" xlink:arcrole="http://www.xbrl.org/2003/arcrole/concept-label" order="1" />
    <link:labelArc xlink:type="arc" xlink:from="jpigp_cor_DecreaseIncreaseInTradeReceivablesOpeCFIFRS" xlink:to="jpigp_cor_DecreaseIncreaseInTradeReceivablesOpeCFIFRS_label" xlink:arcrole="http://www.xbrl.org/2003/arcrole/concept-label" order="1" />
    <link:labelArc xlink:type="arc" xlink:from="jpigp_cor_DepreciationAndAmortizationOpeCFIFRS" xlink:to="jpigp_cor_DepreciationAndAmortizationOpeCFIFRS_label" xlink:arcrole="http://www.xbrl.org/2003/arcrole/concept-label" order="1" />
    <link:labelArc xlink:type="arc" xlink:from="jpigp_cor_DividendsPaidToOwnersOfParentFinCFIFRS" xlink:to="jpigp_cor_DividendsPaidToOwnersOfParentFinCFIFRS_label" xlink:arcrole="http://www.xbrl.org/2003/arcrole/concept-label" order="1" />
    <link:labelArc xlink:type="arc" xlink:from="jpigp_cor_DividendsToNonControllingInterestsSSIFRS" xlink:to="jpigp_cor_DividendsToNonControllingInterestsSSIFRS_label" xlink:arcrole="http://www.xbrl.org/2003/arcrole/concept-label" order="1" />
    <link:labelArc xlink:type="arc" xlink:from="jpigp_cor_DividendsToOwnersOfParentSSIFRS" xlink:to="jpigp_cor_DividendsToOwnersOfParentSSIFRS_label" xlink:arcrole="http://www.xbrl.org/2003/arcrole/concept-label" order="1" />
    <link:labelArc xlink:type="arc" xlink:from="jpigp_cor_EffectivePortionOfCashFlowHedgesNetOfTaxItemsThatMayBeReclassifiedToProfitOrLossOCIIFRS" xlink:to="jpigp_cor_EffectivePortionOfCashFlowHedgesNetOfTaxItemsThatMayBeReclassifiedToProfitOrLossOCIIFRS_label" xlink:arcrole="http://www.xbrl.org/2003/arcrole/concept-label" order="1" />
    <link:labelArc xlink:type="arc" xlink:from="jpigp_cor_EffectOfExchangeRateChangesOnCashAndCashEquivalentsIFRS" xlink:to="jpigp_cor_EffectOfExchangeRateChangesOnCashAndCashEquivalentsIFRS_label" xlink:arcrole="http://www.xbrl.org/2003/arcrole/concept-label" order="1" />
    <link:labelArc xlink:type="arc" xlink:from="jpigp_cor_EquityIFRSAbstract" xlink:to="jpigp_cor_EquityIFRSAbstract_label" xlink:arcrole="http://www.xbrl.org/2003/arcrole/concept-label" order="1" />
    <link:labelArc xlink:type="arc" xlink:from="jpigp_cor_EquityIFRSMember" xlink:to="label_EquityIFRSMember_4" xlink:arcrole="http://www.xbrl.org/2003/arcrole/concept-label" use="prohibited" priority="1" order="1" />
    <link:labelArc xlink:type="arc" xlink:from="jpigp_cor_EquityIFRSMember" xlink:to="jpigp_cor_EquityIFRSMember_label" xlink:arcrole="http://www.xbrl.org/2003/arcrole/concept-label" order="1" />
    <link:labelArc xlink:type="arc" xlink:from="jpigp_cor_FinanceIncomeAndFinanceCostsOpeCFIFRS" xlink:to="jpigp_cor_FinanceIncomeAndFinanceCostsOpeCFIFRS_label" xlink:arcrole="http://www.xbrl.org/2003/arcrole/concept-label" order="1" />
    <link:labelArc xlink:type="arc" xlink:from="jpigp_cor_FinancialAssetsMeasuredAtFairValueThroughOtherComprehensiveIncomeNetOfTaxItemsThatMayBeReclassifiedToProfitOrLossOCIIFRS" xlink:to="jpigp_cor_FinancialAssetsMeasuredAtFairValueThroughOtherComprehensiveIncomeNetOfTaxItemsThatMayBeReclassifiedToProfitOrLossOCIIFRS_label" xlink:arcrole="http://www.xbrl.org/2003/arcrole/concept-label" order="1" />
    <link:labelArc xlink:type="arc" xlink:from="jpigp_cor_ForeignExchangeGainLossIFRS" xlink:to="jpigp_cor_ForeignExchangeGainLossIFRS_label" xlink:arcrole="http://www.xbrl.org/2003/arcrole/concept-label" order="1" />
    <link:labelArc xlink:type="arc" xlink:from="jpigp_cor_IncreaseDecreaseInRetirementBenefitLiabilityOpeCFIFRS" xlink:to="jpigp_cor_IncreaseDecreaseInRetirementBenefitLiabilityOpeCFIFRS_label" xlink:arcrole="http://www.xbrl.org/2003/arcrole/concept-label" order="1" />
    <link:labelArc xlink:type="arc" xlink:from="jpigp_cor_IncreaseDecreaseInTradePayablesOpeCFIFRS" xlink:to="jpigp_cor_IncreaseDecreaseInTradePayablesOpeCFIFRS_label" xlink:arcrole="http://www.xbrl.org/2003/arcrole/concept-label" order="1" />
    <link:labelArc xlink:type="arc" xlink:from="jpigp_cor_InvestmentsAccountedForUsingEquityMethodIFRS" xlink:to="jpigp_cor_InvestmentsAccountedForUsingEquityMethodIFRS_label" xlink:arcrole="http://www.xbrl.org/2003/arcrole/concept-label" order="1" />
    <link:labelArc xlink:type="arc" xlink:from="jpigp_cor_LiabilitiesIFRSAbstract" xlink:to="jpigp_cor_LiabilitiesIFRSAbstract_label" xlink:arcrole="http://www.xbrl.org/2003/arcrole/concept-label" order="1" />
    <link:labelArc xlink:type="arc" xlink:from="jpigp_cor_NetChangeInFairValueOfEquityInstrumentsDesignatedAsMeasuredAtFairValueThroughOtherComprehensiveIncomeNetOfTaxItemsThatWillNotBeReclassifiedToProfitOrLossOCIIFRS" xlink:to="jpigp_cor_NetChangeInFairValueOfEquityInstrumentsDesignatedAsMeasuredAtFairValueThroughOtherComprehensiveIncomeNetOfTaxItemsThatWillNotBeReclassifiedToProfitOrLossOCIIFRS_label" xlink:arcrole="http://www.xbrl.org/2003/arcrole/concept-label" order="1" />
    <link:labelArc xlink:type="arc" xlink:from="jpigp_cor_NetIncreaseDecreaseInCashAndCashEquivalentsIFRS" xlink:to="jpigp_cor_NetIncreaseDecreaseInCashAndCashEquivalentsIFRS_label_1" xlink:arcrole="http://www.xbrl.org/2003/arcrole/concept-label" order="1" />
    <link:labelArc xlink:type="arc" xlink:from="jpigp_cor_NetIncreaseDecreaseInCashAndCashEquivalentsIFRS" xlink:to="jpigp_cor_NetIncreaseDecreaseInCashAndCashEquivalentsIFRS_label" xlink:arcrole="http://www.xbrl.org/2003/arcrole/concept-label" order="1" />
    <link:labelArc xlink:type="arc" xlink:from="jpigp_cor_NetIncreaseDecreaseInShortTermBorrowingsFinCFIFRS" xlink:to="jpigp_cor_NetIncreaseDecreaseInShortTermBorrowingsFinCFIFRS_label" xlink:arcrole="http://www.xbrl.org/2003/arcrole/concept-label" order="1" />
    <link:labelArc xlink:type="arc" xlink:from="jpigp_cor_OperatingProfitLossIFRS" xlink:to="jpigp_cor_OperatingProfitLossIFRS_label" xlink:arcrole="http://www.xbrl.org/2003/arcrole/concept-label" order="1" />
    <link:labelArc xlink:type="arc" xlink:from="jpigp_cor_OtherChangesInWorkingCapitalOpeCFIFRS" xlink:to="jpigp_cor_OtherChangesInWorkingCapitalOpeCFIFRS_label" xlink:arcrole="http://www.xbrl.org/2003/arcrole/concept-label" order="1" />
    <link:labelArc xlink:type="arc" xlink:from="jpigp_cor_OtherComprehensiveIncomeIFRS" xlink:to="jpigp_cor_OtherComprehensiveIncomeIFRS_label" xlink:arcrole="http://www.xbrl.org/2003/arcrole/concept-label" order="1" />
    <link:labelArc xlink:type="arc" xlink:from="jpigp_cor_OtherComprehensiveIncomeIFRSAbstract" xlink:to="jpigp_cor_OtherComprehensiveIncomeIFRSAbstract_label" xlink:arcrole="http://www.xbrl.org/2003/arcrole/concept-label" order="1" />
    <link:labelArc xlink:type="arc" xlink:from="jpigp_cor_OtherFinCFIFRS" xlink:to="jpigp_cor_OtherFinCFIFRS_label" xlink:arcrole="http://www.xbrl.org/2003/arcrole/concept-label" order="1" />
    <link:labelArc xlink:type="arc" xlink:from="jpigp_cor_OtherInvCFIFRS" xlink:to="jpigp_cor_OtherInvCFIFRS_label" xlink:arcrole="http://www.xbrl.org/2003/arcrole/concept-label" order="1" />
    <link:labelArc xlink:type="arc" xlink:from="jpigp_cor_PaymentsForAcquisitionOfBusinessesInvCFIFRS" xlink:to="jpigp_cor_PaymentsForAcquisitionOfBusinessesInvCFIFRS_label" xlink:arcrole="http://www.xbrl.org/2003/arcrole/concept-label" order="1" />
    <link:labelArc xlink:type="arc" xlink:from="jpigp_cor_RemeasurementsOfDefinedBenefitPlansNetOfTaxItemsThatWillNotBeReclassifiedToProfitOrLossOCIIFRS" xlink:to="jpigp_cor_RemeasurementsOfDefinedBenefitPlansNetOfTaxItemsThatWillNotBeReclassifiedToProfitOrLossOCIIFRS_label" xlink:arcrole="http://www.xbrl.org/2003/arcrole/concept-label" order="1" />
    <link:labelArc xlink:type="arc" xlink:from="jpigp_cor_ShareOfLossProfitOfInvestmentsAccountedForUsingEquityMethodOpeCFIFRS" xlink:to="jpigp_cor_ShareOfLossProfitOfInvestmentsAccountedForUsingEquityMethodOpeCFIFRS_label" xlink:arcrole="http://www.xbrl.org/2003/arcrole/concept-label" order="1" />
    <link:labelArc xlink:type="arc" xlink:from="jpigp_cor_ShareOfProfitLossOfInvestmentsAccountedForUsingEquityMethodIFRS" xlink:to="jpigp_cor_ShareOfProfitLossOfInvestmentsAccountedForUsingEquityMethodIFRS_label" xlink:arcrole="http://www.xbrl.org/2003/arcrole/concept-label" order="1" />
    <link:labelArc xlink:type="arc" xlink:from="jpigp_cor_TransactionsWithOwnersIFRSAbstract" xlink:to="jpigp_cor_TransactionsWithOwnersIFRSAbstract_label" xlink:arcrole="http://www.xbrl.org/2003/arcrole/concept-label" order="1" />
    <link:labelArc xlink:type="arc" xlink:from="tse-qcediffr-65940_ChangesInEquityByPurchaseOfSharesOfConsolidatedSubsidiariesIFRS" xlink:to="tse-qcediffr-65940_ChangesInEquityByPurchaseOfSharesOfConsolidatedSubsidiariesIFRS_label_1" xlink:arcrole="http://www.xbrl.org/2003/arcrole/concept-label" order="1" />
    <link:labelArc xlink:type="arc" xlink:from="tse-qcediffr-65940_ChangesInEquityByPurchaseOfSharesOfConsolidatedSubsidiariesIFRS" xlink:to="tse-qcediffr-65940_ChangesInEquityByPurchaseOfSharesOfConsolidatedSubsidiariesIFRS_label" xlink:arcrole="http://www.xbrl.org/2003/arcrole/concept-label" order="1" />
    <link:labelArc xlink:type="arc" xlink:from="tse-qcediffr-65940_CondensedQuarterPeriodIFRSHeading" xlink:to="tse-qcediffr-65940_CondensedQuarterPeriodIFRSHeading_label_1" xlink:arcrole="http://www.xbrl.org/2003/arcrole/concept-label" order="1" />
    <link:labelArc xlink:type="arc" xlink:from="tse-qcediffr-65940_CondensedQuarterPeriodIFRSHeading" xlink:to="tse-qcediffr-65940_CondensedQuarterPeriodIFRSHeading_label" xlink:arcrole="http://www.xbrl.org/2003/arcrole/concept-label" order="1" />
    <link:labelArc xlink:type="arc" xlink:from="tse-qcediffr-65940_CondensedYearToQuarterEndIFRSHeading" xlink:to="tse-qcediffr-65940_CondensedYearToQuarterEndIFRSHeading_label_1" xlink:arcrole="http://www.xbrl.org/2003/arcrole/concept-label" order="1" />
    <link:labelArc xlink:type="arc" xlink:from="tse-qcediffr-65940_CondensedYearToQuarterEndIFRSHeading" xlink:to="tse-qcediffr-65940_CondensedYearToQuarterEndIFRSHeading_label" xlink:arcrole="http://www.xbrl.org/2003/arcrole/concept-label" order="1" />
    <link:labelArc xlink:type="arc" xlink:from="tse-qcediffr-65940_DeferredIncomeTaxesOpeCFIFRS" xlink:to="tse-qcediffr-65940_DeferredIncomeTaxesOpeCFIFRS_label_1" xlink:arcrole="http://www.xbrl.org/2003/arcrole/concept-label" order="1" />
    <link:labelArc xlink:type="arc" xlink:from="tse-qcediffr-65940_DeferredIncomeTaxesOpeCFIFRS" xlink:to="tse-qcediffr-65940_DeferredIncomeTaxesOpeCFIFRS_label" xlink:arcrole="http://www.xbrl.org/2003/arcrole/concept-label" order="1" />
    <link:labelArc xlink:type="arc" xlink:from="tse-qcediffr-65940_DerivativeGainLossIFRS" xlink:to="tse-qcediffr-65940_DerivativeGainLossIFRS_label_1" xlink:arcrole="http://www.xbrl.org/2003/arcrole/concept-label" order="1" />
    <link:labelArc xlink:type="arc" xlink:from="tse-qcediffr-65940_DerivativeGainLossIFRS" xlink:to="tse-qcediffr-65940_DerivativeGainLossIFRS_label" xlink:arcrole="http://www.xbrl.org/2003/arcrole/concept-label" order="1" />
    <link:labelArc xlink:type="arc" xlink:from="tse-qcediffr-65940_ForeignCurrencyAdjustmentsOpeCFIFRS" xlink:to="tse-qcediffr-65940_ForeignCurrencyAdjustmentsOpeCFIFRS_label_1" xlink:arcrole="http://www.xbrl.org/2003/arcrole/concept-label" order="1" />
    <link:labelArc xlink:type="arc" xlink:from="tse-qcediffr-65940_ForeignCurrencyAdjustmentsOpeCFIFRS" xlink:to="tse-qcediffr-65940_ForeignCurrencyAdjustmentsOpeCFIFRS_label" xlink:arcrole="http://www.xbrl.org/2003/arcrole/concept-label" order="1" />
    <link:labelArc xlink:type="arc" xlink:from="tse-qcediffr-65940_GainLossFromSalesDisposalOrImpairmentOfPropertyPlantAndEquipmentOpeCFIFRS" xlink:to="tse-qcediffr-65940_GainLossFromSalesDisposalOrImpairmentOfPropertyPlantAndEquipmentOpeCFIFRS_label_1" xlink:arcrole="http://www.xbrl.org/2003/arcrole/concept-label" order="1" />
    <link:labelArc xlink:type="arc" xlink:from="tse-qcediffr-65940_GainLossFromSalesDisposalOrImpairmentOfPropertyPlantAndEquipmentOpeCFIFRS" xlink:to="tse-qcediffr-65940_GainLossFromSalesDisposalOrImpairmentOfPropertyPlantAndEquipmentOpeCFIFRS_label" xlink:arcrole="http://www.xbrl.org/2003/arcrole/concept-label" order="1" />
    <link:labelArc xlink:type="arc" xlink:from="tse-qcediffr-65940_LongTermDebtDueWithinOneYearCLIFRS" xlink:to="tse-qcediffr-65940_LongTermDebtDueWithinOneYearCLIFRS_label_1" xlink:arcrole="http://www.xbrl.org/2003/arcrole/concept-label" order="1" />
    <link:labelArc xlink:type="arc" xlink:from="tse-qcediffr-65940_LongTermDebtDueWithinOneYearCLIFRS" xlink:to="tse-qcediffr-65940_LongTermDebtDueWithinOneYearCLIFRS_label" xlink:arcrole="http://www.xbrl.org/2003/arcrole/concept-label" order="1" />
    <link:labelArc xlink:type="arc" xlink:from="tse-qcediffr-65940_LossFromSalesOfDiscontinuedOperationsAdjustmentsForIFRS" xlink:to="tse-qcediffr-65940_LossFromSalesOfDiscontinuedOperationsAdjustmentsForIFRS_label_1" xlink:arcrole="http://www.xbrl.org/2003/arcrole/concept-label" order="1" />
    <link:labelArc xlink:type="arc" xlink:from="tse-qcediffr-65940_LossFromSalesOfDiscontinuedOperationsAdjustmentsForIFRS" xlink:to="tse-qcediffr-65940_LossFromSalesOfDiscontinuedOperationsAdjustmentsForIFRS_label" xlink:arcrole="http://www.xbrl.org/2003/arcrole/concept-label" order="1" />
    <link:labelArc xlink:type="arc" xlink:from="tse-qcediffr-65940_ProceedsFromIssuanceOfLongTermDebtFinCFIFRS" xlink:to="tse-qcediffr-65940_ProceedsFromIssuanceOfLongTermDebtFinCFIFRS_label_1" xlink:arcrole="http://www.xbrl.org/2003/arcrole/concept-label" order="1" />
    <link:labelArc xlink:type="arc" xlink:from="tse-qcediffr-65940_ProceedsFromIssuanceOfLongTermDebtFinCFIFRS" xlink:to="tse-qcediffr-65940_ProceedsFromIssuanceOfLongTermDebtFinCFIFRS_label" xlink:arcrole="http://www.xbrl.org/2003/arcrole/concept-label" order="1" />
    <link:labelArc xlink:type="arc" xlink:from="tse-qcediffr-65940_ProfitLossForThePeriodFromContinuingOperationsOpeCFIFRS" xlink:to="tse-qcediffr-65940_ProfitLossForThePeriodFromContinuingOperationsOpeCFIFRS_label_4" xlink:arcrole="http://www.xbrl.org/2003/arcrole/concept-label" order="1" />
    <link:labelArc xlink:type="arc" xlink:from="tse-qcediffr-65940_ProfitLossForThePeriodFromContinuingOperationsOpeCFIFRS" xlink:to="tse-qcediffr-65940_ProfitLossForThePeriodFromContinuingOperationsOpeCFIFRS_label_5" xlink:arcrole="http://www.xbrl.org/2003/arcrole/concept-label" order="1" />
    <link:labelArc xlink:type="arc" xlink:from="tse-qcediffr-65940_ProfitLossForThePeriodFromContinuingOperationsOpeCFIFRS" xlink:to="tse-qcediffr-65940_ProfitLossForThePeriodFromContinuingOperationsOpeCFIFRS_label_6" xlink:arcrole="http://www.xbrl.org/2003/arcrole/concept-label" order="1" />
    <link:labelArc xlink:type="arc" xlink:from="tse-qcediffr-65940_ProfitLossForThePeriodFromContinuingOperationsOpeCFIFRS" xlink:to="tse-qcediffr-65940_ProfitLossForThePeriodFromContinuingOperationsOpeCFIFRS_label_3" xlink:arcrole="http://www.xbrl.org/2003/arcrole/concept-label" order="1" />
    <link:labelArc xlink:type="arc" xlink:from="tse-qcediffr-65940_ProfitLossForThePeriodFromContinuingOperationsOpeCFIFRS" xlink:to="tse-qcediffr-65940_ProfitLossForThePeriodFromContinuingOperationsOpeCFIFRS_label" xlink:arcrole="http://www.xbrl.org/2003/arcrole/concept-label" order="1" />
    <link:labelArc xlink:type="arc" xlink:from="tse-qcediffr-65940_ProfitLossForThePeriodFromContinuingOperationsOpeCFIFRS" xlink:to="tse-qcediffr-65940_ProfitLossForThePeriodFromContinuingOperationsOpeCFIFRS_label_1" xlink:arcrole="http://www.xbrl.org/2003/arcrole/concept-label" order="1" />
    <link:labelArc xlink:type="arc" xlink:from="tse-qcediffr-65940_ProfitLossForThePeriodFromContinuingOperationsOpeCFIFRS" xlink:to="tse-qcediffr-65940_ProfitLossForThePeriodFromContinuingOperationsOpeCFIFRS_label_2" xlink:arcrole="http://www.xbrl.org/2003/arcrole/concept-label" order="1" />
    <link:labelArc xlink:type="arc" xlink:from="tse-qcediffr-65940_ProfitLossForThePeriodFromDiscontinuedOperationsOpeCFIFRS" xlink:to="tse-qcediffr-65940_ProfitLossForThePeriodFromDiscontinuedOperationsOpeCFIFRS_label_4" xlink:arcrole="http://www.xbrl.org/2003/arcrole/concept-label" order="1" />
    <link:labelArc xlink:type="arc" xlink:from="tse-qcediffr-65940_ProfitLossForThePeriodFromDiscontinuedOperationsOpeCFIFRS" xlink:to="tse-qcediffr-65940_ProfitLossForThePeriodFromDiscontinuedOperationsOpeCFIFRS_label_5" xlink:arcrole="http://www.xbrl.org/2003/arcrole/concept-label" order="1" />
    <link:labelArc xlink:type="arc" xlink:from="tse-qcediffr-65940_ProfitLossForThePeriodFromDiscontinuedOperationsOpeCFIFRS" xlink:to="tse-qcediffr-65940_ProfitLossForThePeriodFromDiscontinuedOperationsOpeCFIFRS_label_6" xlink:arcrole="http://www.xbrl.org/2003/arcrole/concept-label" order="1" />
    <link:labelArc xlink:type="arc" xlink:from="tse-qcediffr-65940_ProfitLossForThePeriodFromDiscontinuedOperationsOpeCFIFRS" xlink:to="tse-qcediffr-65940_ProfitLossForThePeriodFromDiscontinuedOperationsOpeCFIFRS_label_3" xlink:arcrole="http://www.xbrl.org/2003/arcrole/concept-label" order="1" />
    <link:labelArc xlink:type="arc" xlink:from="tse-qcediffr-65940_ProfitLossForThePeriodFromDiscontinuedOperationsOpeCFIFRS" xlink:to="tse-qcediffr-65940_ProfitLossForThePeriodFromDiscontinuedOperationsOpeCFIFRS_label" xlink:arcrole="http://www.xbrl.org/2003/arcrole/concept-label" order="1" />
    <link:labelArc xlink:type="arc" xlink:from="tse-qcediffr-65940_ProfitLossForThePeriodFromDiscontinuedOperationsOpeCFIFRS" xlink:to="tse-qcediffr-65940_ProfitLossForThePeriodFromDiscontinuedOperationsOpeCFIFRS_label_1" xlink:arcrole="http://www.xbrl.org/2003/arcrole/concept-label" order="1" />
    <link:labelArc xlink:type="arc" xlink:from="tse-qcediffr-65940_ProfitLossForThePeriodFromDiscontinuedOperationsOpeCFIFRS" xlink:to="tse-qcediffr-65940_ProfitLossForThePeriodFromDiscontinuedOperationsOpeCFIFRS_label_2" xlink:arcrole="http://www.xbrl.org/2003/arcrole/concept-label" order="1" />
    <link:labelArc xlink:type="arc" xlink:from="tse-qcediffr-65940_RepaymentsOfLongTermDebtFinCFIFRS" xlink:to="tse-qcediffr-65940_RepaymentsOfLongTermDebtFinCFIFRS_label_1" xlink:arcrole="http://www.xbrl.org/2003/arcrole/concept-label" order="1" />
    <link:labelArc xlink:type="arc" xlink:from="tse-qcediffr-65940_RepaymentsOfLongTermDebtFinCFIFRS" xlink:to="tse-qcediffr-65940_RepaymentsOfLongTermDebtFinCFIFRS_label" xlink:arcrole="http://www.xbrl.org/2003/arcrole/concept-label" order="1" />
  </link:labelLink>
</link:linkbase>