﻿<?xml version="1.0" encoding="utf-8"?>
<!-- Edited with FutureStage XBRL Solution Library .NET 01-11 -->
<link:linkbase xmlns:xlink="http://www.w3.org/1999/xlink" xmlns:xsi="http://www.w3.org/2001/XMLSchema-instance" xmlns:link="http://www.xbrl.org/2003/linkbase">
  <link:labelLink xlink:type="extended" xlink:role="http://www.xbrl.org/2003/role/link">
    <link:label xml:lang="en" xlink:type="resource" xlink:label="tse-qcedjpfr-13010_AStateGovernmentSubsidyIncomeEI_label" xlink:role="http://www.xbrl.org/2003/role/label">A state government subsidy income</link:label>
    <link:label xml:lang="en" xlink:type="resource" xlink:label="tse-qcedjpfr-13010_AStateGovernmentSubsidyIncomeEI_label_1" xlink:role="http://www.xbrl.org/2003/role/verboseLabel">A state government subsidy income-EI</link:label>
    <link:label xml:lang="en" xlink:type="resource" xlink:label="tse-qcedjpfr-13010_DecreaseIncreaseInOtherReceivablesOpeCF_label_1" xlink:role="http://www.xbrl.org/2003/role/label">Decrease (increase) in other receivables</link:label>
    <link:label xml:lang="en" xlink:type="resource" xlink:label="tse-qcedjpfr-13010_DecreaseIncreaseInOtherReceivablesOpeCF_label_2" xlink:role="http://www.xbrl.org/2003/role/verboseLabel">Decrease (increase) in other receivables-OpeCF</link:label>
    <link:label xml:lang="en" xlink:type="resource" xlink:label="tse-qcedjpfr-13010_DecreaseIncreaseInOtherReceivablesOpeCF_label" xlink:role="http://www.xbrl.org/2003/role/documentation">Decrease (increase) in other receivables-OpeCF</link:label>
    <link:label xml:lang="en" xlink:type="resource" xlink:label="tse-qcedjpfr-13010_IncomeOfGovernmentSubsidyOpeCF_label" xlink:role="http://www.xbrl.org/2003/role/label">Income of government subsidy</link:label>
    <link:label xml:lang="en" xlink:type="resource" xlink:label="tse-qcedjpfr-13010_IncomeOfGovernmentSubsidyOpeCF_label_1" xlink:role="http://www.xbrl.org/2003/role/verboseLabel">Income of government subsidy-OpeCF</link:label>
    <link:label xml:lang="en" xlink:type="resource" xlink:label="tse-qcedjpfr-13010_IncreaseInOtherLiabilitiesOpeCF_label" xlink:role="http://www.xbrl.org/2003/role/label">Increase in other liabilities</link:label>
    <link:label xml:lang="en" xlink:type="resource" xlink:label="tse-qcedjpfr-13010_IncreaseInOtherLiabilitiesOpeCF_label_1" xlink:role="http://www.xbrl.org/2003/role/verboseLabel">Increase in other liabilities-OpeCF</link:label>
    <link:label xml:lang="en" xlink:type="resource" xlink:label="tse-qcedjpfr-13010_ProvisionForLossOnLitigationNOE_label" xlink:role="http://www.xbrl.org/2003/role/label">Provision for loss on litigation</link:label>
    <link:label xml:lang="en" xlink:type="resource" xlink:label="tse-qcedjpfr-13010_ProvisionForLossOnLitigationNOE_label_1" xlink:role="http://www.xbrl.org/2003/role/verboseLabel">Provision for loss on litigation-NOE</link:label>
    <link:loc xlink:type="locator" xlink:href="tse-qcedjpfr-13010-2022-09-30-01-2022-11-04.xsd#tse-qcedjpfr-13010_AStateGovernmentSubsidyIncomeEI" xlink:label="tse-qcedjpfr-13010_AStateGovernmentSubsidyIncomeEI" />
    <link:loc xlink:type="locator" xlink:href="tse-qcedjpfr-13010-2022-09-30-01-2022-11-04.xsd#tse-qcedjpfr-13010_DecreaseIncreaseInOtherReceivablesOpeCF" xlink:label="tse-qcedjpfr-13010_DecreaseIncreaseInOtherReceivablesOpeCF" />
    <link:loc xlink:type="locator" xlink:href="tse-qcedjpfr-13010-2022-09-30-01-2022-11-04.xsd#tse-qcedjpfr-13010_IncomeOfGovernmentSubsidyOpeCF" xlink:label="tse-qcedjpfr-13010_IncomeOfGovernmentSubsidyOpeCF" />
    <link:loc xlink:type="locator" xlink:href="tse-qcedjpfr-13010-2022-09-30-01-2022-11-04.xsd#tse-qcedjpfr-13010_IncreaseInOtherLiabilitiesOpeCF" xlink:label="tse-qcedjpfr-13010_IncreaseInOtherLiabilitiesOpeCF" />
    <link:loc xlink:type="locator" xlink:href="tse-qcedjpfr-13010-2022-09-30-01-2022-11-04.xsd#tse-qcedjpfr-13010_ProvisionForLossOnLitigationNOE" xlink:label="tse-qcedjpfr-13010_ProvisionForLossOnLitigationNOE" />
    <link:labelArc xlink:type="arc" xlink:from="tse-qcedjpfr-13010_AStateGovernmentSubsidyIncomeEI" xlink:to="tse-qcedjpfr-13010_AStateGovernmentSubsidyIncomeEI_label" xlink:arcrole="http://www.xbrl.org/2003/arcrole/concept-label" order="1" />
    <link:labelArc xlink:type="arc" xlink:from="tse-qcedjpfr-13010_AStateGovernmentSubsidyIncomeEI" xlink:to="tse-qcedjpfr-13010_AStateGovernmentSubsidyIncomeEI_label_1" xlink:arcrole="http://www.xbrl.org/2003/arcrole/concept-label" order="1" />
    <link:labelArc xlink:type="arc" xlink:from="tse-qcedjpfr-13010_DecreaseIncreaseInOtherReceivablesOpeCF" xlink:to="tse-qcedjpfr-13010_DecreaseIncreaseInOtherReceivablesOpeCF_label" xlink:arcrole="http://www.xbrl.org/2003/arcrole/concept-label" order="1" />
    <link:labelArc xlink:type="arc" xlink:from="tse-qcedjpfr-13010_DecreaseIncreaseInOtherReceivablesOpeCF" xlink:to="tse-qcedjpfr-13010_DecreaseIncreaseInOtherReceivablesOpeCF_label_1" xlink:arcrole="http://www.xbrl.org/2003/arcrole/concept-label" order="1" />
    <link:labelArc xlink:type="arc" xlink:from="tse-qcedjpfr-13010_DecreaseIncreaseInOtherReceivablesOpeCF" xlink:to="tse-qcedjpfr-13010_DecreaseIncreaseInOtherReceivablesOpeCF_label_2" xlink:arcrole="http://www.xbrl.org/2003/arcrole/concept-label" order="1" />
    <link:labelArc xlink:type="arc" xlink:from="tse-qcedjpfr-13010_IncomeOfGovernmentSubsidyOpeCF" xlink:to="tse-qcedjpfr-13010_IncomeOfGovernmentSubsidyOpeCF_label" xlink:arcrole="http://www.xbrl.org/2003/arcrole/concept-label" order="1" />
    <link:labelArc xlink:type="arc" xlink:from="tse-qcedjpfr-13010_IncomeOfGovernmentSubsidyOpeCF" xlink:to="tse-qcedjpfr-13010_IncomeOfGovernmentSubsidyOpeCF_label_1" xlink:arcrole="http://www.xbrl.org/2003/arcrole/concept-label" order="1" />
    <link:labelArc xlink:type="arc" xlink:from="tse-qcedjpfr-13010_IncreaseInOtherLiabilitiesOpeCF" xlink:to="tse-qcedjpfr-13010_IncreaseInOtherLiabilitiesOpeCF_label" xlink:arcrole="http://www.xbrl.org/2003/arcrole/concept-label" order="1" />
    <link:labelArc xlink:type="arc" xlink:from="tse-qcedjpfr-13010_IncreaseInOtherLiabilitiesOpeCF" xlink:to="tse-qcedjpfr-13010_IncreaseInOtherLiabilitiesOpeCF_label_1" xlink:arcrole="http://www.xbrl.org/2003/arcrole/concept-label" order="1" />
    <link:labelArc xlink:type="arc" xlink:from="tse-qcedjpfr-13010_ProvisionForLossOnLitigationNOE" xlink:to="tse-qcedjpfr-13010_ProvisionForLossOnLitigationNOE_label" xlink:arcrole="http://www.xbrl.org/2003/arcrole/concept-label" order="1" />
    <link:labelArc xlink:type="arc" xlink:from="tse-qcedjpfr-13010_ProvisionForLossOnLitigationNOE" xlink:to="tse-qcedjpfr-13010_ProvisionForLossOnLitigationNOE_label_1" xlink:arcrole="http://www.xbrl.org/2003/arcrole/concept-label" order="1" />
  </link:labelLink>
</link:linkbase>