﻿<?xml version="1.0" encoding="utf-8"?>
<!-- Edited with FutureStage XBRL Solution Library .NET 01-11 -->
<link:linkbase xmlns:xlink="http://www.w3.org/1999/xlink" xmlns:xsi="http://www.w3.org/2001/XMLSchema-instance" xmlns:link="http://www.xbrl.org/2003/linkbase">
  <link:labelLink xlink:type="extended" xlink:role="http://www.xbrl.org/2003/role/link">
    <link:label xml:lang="en" xlink:type="resource" xlink:label="tse-qcedjpfr-81410_IncreaseDecreaseInProvisionForShareBasedCompensationExpensesForDirectorsOpeCF_label" xlink:role="http://www.xbrl.org/2003/role/label">Increase (decrease) in provision for share-based compensation expenses for directors</link:label>
    <link:label xml:lang="en" xlink:type="resource" xlink:label="tse-qcedjpfr-81410_IncreaseDecreaseInProvisionForShareBasedCompensationExpensesForDirectorsOpeCF_label_1" xlink:role="http://www.xbrl.org/2003/role/verboseLabel">Increase (decrease) in provision for share-based compensation expenses for directors-OpeCF</link:label>
    <link:label xml:lang="en" xlink:type="resource" xlink:label="tse-qcedjpfr-81410_IncreaseDecreaseInProvisionForShareBasedCompensationExpensesForEmployeesOpeCF_label" xlink:role="http://www.xbrl.org/2003/role/label">Increase (decrease) in provision for share-based compensation expenses for employees</link:label>
    <link:label xml:lang="en" xlink:type="resource" xlink:label="tse-qcedjpfr-81410_IncreaseDecreaseInProvisionForShareBasedCompensationExpensesForEmployeesOpeCF_label_1" xlink:role="http://www.xbrl.org/2003/role/verboseLabel">Increase (decrease) in provision for share-based compensation expenses for employees-OpeCF</link:label>
    <link:label xml:lang="en" xlink:type="resource" xlink:label="tse-qcedjpfr-81410_NonCashFlowTransactionOpeCF_label" xlink:role="http://www.xbrl.org/2003/role/label">Non cash flow transaction</link:label>
    <link:label xml:lang="en" xlink:type="resource" xlink:label="tse-qcedjpfr-81410_NonCashFlowTransactionOpeCF_label_1" xlink:role="http://www.xbrl.org/2003/role/verboseLabel">Non cash flow transaction-OpeCF</link:label>
    <link:label xml:lang="en" xlink:type="resource" xlink:label="tse-qcedjpfr-81410_ProceedsFromSalesAndCancelationOfOtherInvestmentsInvCF_label" xlink:role="http://www.xbrl.org/2003/role/label">Proceeds from sales and cancelation of other investments</link:label>
    <link:label xml:lang="en" xlink:type="resource" xlink:label="tse-qcedjpfr-81410_ProceedsFromSalesAndCancelationOfOtherInvestmentsInvCF_label_1" xlink:role="http://www.xbrl.org/2003/role/verboseLabel">Proceeds from sales and cancelation of other investments-InvCF</link:label>
    <link:label xml:lang="en" xlink:type="resource" xlink:label="tse-qcedjpfr-81410_ProvisionForShareBasedCompensationExpensesForDirectorsNCL_label" xlink:role="http://www.xbrl.org/2003/role/label">Provision for share based compensation expenses for directors</link:label>
    <link:label xml:lang="en" xlink:type="resource" xlink:label="tse-qcedjpfr-81410_ProvisionForShareBasedCompensationExpensesForDirectorsNCL_label_1" xlink:role="http://www.xbrl.org/2003/role/verboseLabel">Provision for share based compensation expenses for directors-NCL</link:label>
    <link:label xml:lang="en" xlink:type="resource" xlink:label="tse-qcedjpfr-81410_ProvisionForShareBasedCompensationExpensesForEmployeesNCL_label" xlink:role="http://www.xbrl.org/2003/role/label">Provision for share based compensation expenses for employees</link:label>
    <link:label xml:lang="en" xlink:type="resource" xlink:label="tse-qcedjpfr-81410_ProvisionForShareBasedCompensationExpensesForEmployeesNCL_label_1" xlink:role="http://www.xbrl.org/2003/role/verboseLabel">Provision for share based compensation expenses for employees-NCL</link:label>
    <link:label xml:lang="en" xlink:type="resource" xlink:label="tse-qcedjpfr-81410_PurchaseOfOtherInvestmentsInvCF_label" xlink:role="http://www.xbrl.org/2003/role/label">Purchase of other investments</link:label>
    <link:label xml:lang="en" xlink:type="resource" xlink:label="tse-qcedjpfr-81410_PurchaseOfOtherInvestmentsInvCF_label_1" xlink:role="http://www.xbrl.org/2003/role/verboseLabel">Purchase of other investments-InvCF</link:label>
    <link:loc xlink:type="locator" xlink:href="tse-qcedjpfr-81410-2022-09-30-01-2022-10-31.xsd#tse-qcedjpfr-81410_IncreaseDecreaseInProvisionForShareBasedCompensationExpensesForDirectorsOpeCF" xlink:label="tse-qcedjpfr-81410_IncreaseDecreaseInProvisionForShareBasedCompensationExpensesForDirectorsOpeCF" />
    <link:loc xlink:type="locator" xlink:href="tse-qcedjpfr-81410-2022-09-30-01-2022-10-31.xsd#tse-qcedjpfr-81410_IncreaseDecreaseInProvisionForShareBasedCompensationExpensesForEmployeesOpeCF" xlink:label="tse-qcedjpfr-81410_IncreaseDecreaseInProvisionForShareBasedCompensationExpensesForEmployeesOpeCF" />
    <link:loc xlink:type="locator" xlink:href="tse-qcedjpfr-81410-2022-09-30-01-2022-10-31.xsd#tse-qcedjpfr-81410_NonCashFlowTransactionOpeCF" xlink:label="tse-qcedjpfr-81410_NonCashFlowTransactionOpeCF" />
    <link:loc xlink:type="locator" xlink:href="tse-qcedjpfr-81410-2022-09-30-01-2022-10-31.xsd#tse-qcedjpfr-81410_ProceedsFromSalesAndCancelationOfOtherInvestmentsInvCF" xlink:label="tse-qcedjpfr-81410_ProceedsFromSalesAndCancelationOfOtherInvestmentsInvCF" />
    <link:loc xlink:type="locator" xlink:href="tse-qcedjpfr-81410-2022-09-30-01-2022-10-31.xsd#tse-qcedjpfr-81410_ProvisionForShareBasedCompensationExpensesForDirectorsNCL" xlink:label="tse-qcedjpfr-81410_ProvisionForShareBasedCompensationExpensesForDirectorsNCL" />
    <link:loc xlink:type="locator" xlink:href="tse-qcedjpfr-81410-2022-09-30-01-2022-10-31.xsd#tse-qcedjpfr-81410_ProvisionForShareBasedCompensationExpensesForEmployeesNCL" xlink:label="tse-qcedjpfr-81410_ProvisionForShareBasedCompensationExpensesForEmployeesNCL" />
    <link:loc xlink:type="locator" xlink:href="tse-qcedjpfr-81410-2022-09-30-01-2022-10-31.xsd#tse-qcedjpfr-81410_PurchaseOfOtherInvestmentsInvCF" xlink:label="tse-qcedjpfr-81410_PurchaseOfOtherInvestmentsInvCF" />
    <link:labelArc xlink:type="arc" xlink:from="tse-qcedjpfr-81410_IncreaseDecreaseInProvisionForShareBasedCompensationExpensesForDirectorsOpeCF" xlink:to="tse-qcedjpfr-81410_IncreaseDecreaseInProvisionForShareBasedCompensationExpensesForDirectorsOpeCF_label_1" xlink:arcrole="http://www.xbrl.org/2003/arcrole/concept-label" order="1" />
    <link:labelArc xlink:type="arc" xlink:from="tse-qcedjpfr-81410_IncreaseDecreaseInProvisionForShareBasedCompensationExpensesForDirectorsOpeCF" xlink:to="tse-qcedjpfr-81410_IncreaseDecreaseInProvisionForShareBasedCompensationExpensesForDirectorsOpeCF_label" xlink:arcrole="http://www.xbrl.org/2003/arcrole/concept-label" order="1" />
    <link:labelArc xlink:type="arc" xlink:from="tse-qcedjpfr-81410_IncreaseDecreaseInProvisionForShareBasedCompensationExpensesForEmployeesOpeCF" xlink:to="tse-qcedjpfr-81410_IncreaseDecreaseInProvisionForShareBasedCompensationExpensesForEmployeesOpeCF_label_1" xlink:arcrole="http://www.xbrl.org/2003/arcrole/concept-label" order="1" />
    <link:labelArc xlink:type="arc" xlink:from="tse-qcedjpfr-81410_IncreaseDecreaseInProvisionForShareBasedCompensationExpensesForEmployeesOpeCF" xlink:to="tse-qcedjpfr-81410_IncreaseDecreaseInProvisionForShareBasedCompensationExpensesForEmployeesOpeCF_label" xlink:arcrole="http://www.xbrl.org/2003/arcrole/concept-label" order="1" />
    <link:labelArc xlink:type="arc" xlink:from="tse-qcedjpfr-81410_NonCashFlowTransactionOpeCF" xlink:to="tse-qcedjpfr-81410_NonCashFlowTransactionOpeCF_label_1" xlink:arcrole="http://www.xbrl.org/2003/arcrole/concept-label" order="1" />
    <link:labelArc xlink:type="arc" xlink:from="tse-qcedjpfr-81410_NonCashFlowTransactionOpeCF" xlink:to="tse-qcedjpfr-81410_NonCashFlowTransactionOpeCF_label" xlink:arcrole="http://www.xbrl.org/2003/arcrole/concept-label" order="1" />
    <link:labelArc xlink:type="arc" xlink:from="tse-qcedjpfr-81410_ProceedsFromSalesAndCancelationOfOtherInvestmentsInvCF" xlink:to="tse-qcedjpfr-81410_ProceedsFromSalesAndCancelationOfOtherInvestmentsInvCF_label_1" xlink:arcrole="http://www.xbrl.org/2003/arcrole/concept-label" order="1" />
    <link:labelArc xlink:type="arc" xlink:from="tse-qcedjpfr-81410_ProceedsFromSalesAndCancelationOfOtherInvestmentsInvCF" xlink:to="tse-qcedjpfr-81410_ProceedsFromSalesAndCancelationOfOtherInvestmentsInvCF_label" xlink:arcrole="http://www.xbrl.org/2003/arcrole/concept-label" order="1" />
    <link:labelArc xlink:type="arc" xlink:from="tse-qcedjpfr-81410_ProvisionForShareBasedCompensationExpensesForDirectorsNCL" xlink:to="tse-qcedjpfr-81410_ProvisionForShareBasedCompensationExpensesForDirectorsNCL_label_1" xlink:arcrole="http://www.xbrl.org/2003/arcrole/concept-label" order="1" />
    <link:labelArc xlink:type="arc" xlink:from="tse-qcedjpfr-81410_ProvisionForShareBasedCompensationExpensesForDirectorsNCL" xlink:to="tse-qcedjpfr-81410_ProvisionForShareBasedCompensationExpensesForDirectorsNCL_label" xlink:arcrole="http://www.xbrl.org/2003/arcrole/concept-label" order="1" />
    <link:labelArc xlink:type="arc" xlink:from="tse-qcedjpfr-81410_ProvisionForShareBasedCompensationExpensesForEmployeesNCL" xlink:to="tse-qcedjpfr-81410_ProvisionForShareBasedCompensationExpensesForEmployeesNCL_label_1" xlink:arcrole="http://www.xbrl.org/2003/arcrole/concept-label" order="1" />
    <link:labelArc xlink:type="arc" xlink:from="tse-qcedjpfr-81410_ProvisionForShareBasedCompensationExpensesForEmployeesNCL" xlink:to="tse-qcedjpfr-81410_ProvisionForShareBasedCompensationExpensesForEmployeesNCL_label" xlink:arcrole="http://www.xbrl.org/2003/arcrole/concept-label" order="1" />
    <link:labelArc xlink:type="arc" xlink:from="tse-qcedjpfr-81410_PurchaseOfOtherInvestmentsInvCF" xlink:to="tse-qcedjpfr-81410_PurchaseOfOtherInvestmentsInvCF_label_1" xlink:arcrole="http://www.xbrl.org/2003/arcrole/concept-label" order="1" />
    <link:labelArc xlink:type="arc" xlink:from="tse-qcedjpfr-81410_PurchaseOfOtherInvestmentsInvCF" xlink:to="tse-qcedjpfr-81410_PurchaseOfOtherInvestmentsInvCF_label" xlink:arcrole="http://www.xbrl.org/2003/arcrole/concept-label" order="1" />
  </link:labelLink>
</link:linkbase>