<?xml version="1.0" encoding="utf-8"?>
<!-- Generated by PRONEXUS WORKS --><link:linkbase xmlns:link="http://www.xbrl.org/2003/linkbase" xmlns:xsi="http://www.w3.org/2001/XMLSchema-instance" xmlns:xbrli="http://www.xbrl.org/2003/instance" xmlns:xlink="http://www.w3.org/1999/xlink">  <link:labelLink xlink:type="extended" xlink:role="http://www.xbrl.org/2003/role/link">    <link:loc xlink:type="locator" xlink:href="tse-anedjpfr-50360-2022-09-30-01-2022-11-11.xsd#tse-anedjpfr-50360_BuildingsAndBuildingsAndAccompanyingFacilitiesNetNetPPE" xlink:label="BuildingsAndBuildingsAndAccompanyingFacilitiesNetNetPPE" />    <link:loc xlink:type="locator" xlink:href="tse-anedjpfr-50360-2022-09-30-01-2022-11-11.xsd#tse-anedjpfr-50360_SurrenderValueOfInsurancePoliciesOpeCF" xlink:label="SurrenderValueOfInsurancePoliciesOpeCF" />    <link:loc xlink:type="locator" xlink:href="tse-anedjpfr-50360-2022-09-30-01-2022-11-11.xsd#tse-anedjpfr-50360_ManufacturingCostCOSExpOA" xlink:label="ManufacturingCostCOSExpOA" />    <link:loc xlink:type="locator" xlink:href="tse-anedjpfr-50360-2022-09-30-01-2022-11-11.xsd#tse-anedjpfr-50360_ProvisionForLossOnOrderReceivedCOSExpOA" xlink:label="ProvisionForLossOnOrderReceivedCOSExpOA" />    <link:loc xlink:type="locator" xlink:href="tse-anedjpfr-50360-2022-09-30-01-2022-11-11.xsd#tse-anedjpfr-50360_DecreaseIncreaseInTradeReceivablesAndContractAssetsOpeCF" xlink:label="DecreaseIncreaseInTradeReceivablesAndContractAssetsOpeCF" />    <link:loc xlink:type="locator" xlink:href="http://disclosure.edinet-fsa.go.jp/taxonomy/jppfs/2021-11-01/jppfs_cor_2021-11-01.xsd#jppfs_cor_CumulativeEffectsOfChangesInAccountingPolicies" xlink:label="CumulativeEffectsOfChangesInAccountingPolicies" />    <link:label xlink:type="resource" xlink:label="label_CumulativeEffectsOfChangesInAccountingPolicies" xml:lang="ja" xlink:role="http://www.xbrl.org/2003/role/periodStartLabel" id="label_CumulativeEffectsOfChangesInAccountingPolicies">会計方針の変更による累積的影響額</link:label>    <link:labelArc xlink:type="arc" xlink:arcrole="http://www.xbrl.org/2003/arcrole/concept-label" xlink:from="CumulativeEffectsOfChangesInAccountingPolicies" xlink:to="label_CumulativeEffectsOfChangesInAccountingPolicies" />    <link:loc xlink:type="locator" xlink:href="http://disclosure.edinet-fsa.go.jp/taxonomy/jppfs/2021-11-01/jppfs_cor_2021-11-01.xsd#jppfs_cor_RestatedBalance" xlink:label="RestatedBalance" />    <link:label xlink:type="resource" xlink:label="label_RestatedBalance" xml:lang="ja" xlink:role="http://www.xbrl.org/2003/role/periodStartLabel" id="label_RestatedBalance">会計方針の変更を反映した当期首残高</link:label>    <link:labelArc xlink:type="arc" xlink:arcrole="http://www.xbrl.org/2003/arcrole/concept-label" xlink:from="RestatedBalance" xlink:to="label_RestatedBalance" />    <link:label xlink:type="resource" xlink:label="label_BuildingsAndBuildingsAndAccompanyingFacilitiesNetNetPPE" xml:lang="ja" xlink:role="http://www.xbrl.org/2003/role/label" id="label_BuildingsAndBuildingsAndAccompanyingFacilitiesNetNetPPE">建物及び建物附属設備（純額）</link:label>    <link:labelArc xlink:type="arc" xlink:arcrole="http://www.xbrl.org/2003/arcrole/concept-label" xlink:from="BuildingsAndBuildingsAndAccompanyingFacilitiesNetNetPPE" xlink:to="label_BuildingsAndBuildingsAndAccompanyingFacilitiesNetNetPPE" />    <link:label xlink:type="resource" xlink:label="label_BuildingsAndBuildingsAndAccompanyingFacilitiesNetNetPPE_2" xml:lang="ja" xlink:role="http://www.xbrl.org/2003/role/verboseLabel" id="label_BuildingsAndBuildingsAndAccompanyingFacilitiesNetNetPPE_2">建物及び建物附属設備（純額）、有形固定資産</link:label>    <link:labelArc xlink:type="arc" xlink:arcrole="http://www.xbrl.org/2003/arcrole/concept-label" xlink:from="BuildingsAndBuildingsAndAccompanyingFacilitiesNetNetPPE" xlink:to="label_BuildingsAndBuildingsAndAccompanyingFacilitiesNetNetPPE_2" />    <link:loc xlink:type="locator" xlink:href="tse-anedjpfr-50360-2022-09-30-01-2022-11-11.xsd#tse-anedjpfr-50360_IncreaseDecreaseInContractLiabilitiesOpeCF" xlink:label="IncreaseDecreaseInContractLiabilitiesOpeCF" />    <link:label xlink:type="resource" xlink:label="label_DecreaseIncreaseInTradeReceivablesAndContractAssetsOpeCF" xml:lang="ja" xlink:role="http://www.xbrl.org/2003/role/label" id="label_DecreaseIncreaseInTradeReceivablesAndContractAssetsOpeCF">売上債権及び契約資産の増減額（△は増加）</link:label>    <link:labelArc xlink:type="arc" xlink:arcrole="http://www.xbrl.org/2003/arcrole/concept-label" xlink:from="DecreaseIncreaseInTradeReceivablesAndContractAssetsOpeCF" xlink:to="label_DecreaseIncreaseInTradeReceivablesAndContractAssetsOpeCF" />    <link:label xlink:type="resource" xlink:label="label_DecreaseIncreaseInTradeReceivablesAndContractAssetsOpeCF_2" xml:lang="ja" xlink:role="http://www.xbrl.org/2003/role/verboseLabel" id="label_DecreaseIncreaseInTradeReceivablesAndContractAssetsOpeCF_2">売上債権及び契約資産の増減額（△は増加）-OpeCF</link:label>    <link:labelArc xlink:type="arc" xlink:arcrole="http://www.xbrl.org/2003/arcrole/concept-label" xlink:from="DecreaseIncreaseInTradeReceivablesAndContractAssetsOpeCF" xlink:to="label_DecreaseIncreaseInTradeReceivablesAndContractAssetsOpeCF_2" />    <link:label xlink:type="resource" xlink:label="label_IncreaseDecreaseInContractLiabilitiesOpeCF" xml:lang="ja" xlink:role="http://www.xbrl.org/2003/role/label" id="label_IncreaseDecreaseInContractLiabilitiesOpeCF">契約負債の増減額（△は減少）</link:label>    <link:labelArc xlink:type="arc" xlink:arcrole="http://www.xbrl.org/2003/arcrole/concept-label" xlink:from="IncreaseDecreaseInContractLiabilitiesOpeCF" xlink:to="label_IncreaseDecreaseInContractLiabilitiesOpeCF" />    <link:label xlink:type="resource" xlink:label="label_IncreaseDecreaseInContractLiabilitiesOpeCF_2" xml:lang="ja" xlink:role="http://www.xbrl.org/2003/role/verboseLabel" id="label_IncreaseDecreaseInContractLiabilitiesOpeCF_2">契約負債の増減額（△は減少）-OpeCF</link:label>    <link:labelArc xlink:type="arc" xlink:arcrole="http://www.xbrl.org/2003/arcrole/concept-label" xlink:from="IncreaseDecreaseInContractLiabilitiesOpeCF" xlink:to="label_IncreaseDecreaseInContractLiabilitiesOpeCF_2" />    <link:label xlink:type="resource" xlink:label="label_SurrenderValueOfInsurancePoliciesOpeCF" xml:lang="ja" xlink:role="http://www.xbrl.org/2003/role/label" id="label_SurrenderValueOfInsurancePoliciesOpeCF">保険解約返戻金の受取額</link:label>    <link:labelArc xlink:type="arc" xlink:arcrole="http://www.xbrl.org/2003/arcrole/concept-label" xlink:from="SurrenderValueOfInsurancePoliciesOpeCF" xlink:to="label_SurrenderValueOfInsurancePoliciesOpeCF" />    <link:label xlink:type="resource" xlink:label="label_SurrenderValueOfInsurancePoliciesOpeCF_2" xml:lang="ja" xlink:role="http://www.xbrl.org/2003/role/verboseLabel" id="label_SurrenderValueOfInsurancePoliciesOpeCF_2">保険解約返戻金の受取額、営業活動によるキャッシュ・フロー</link:label>    <link:labelArc xlink:type="arc" xlink:arcrole="http://www.xbrl.org/2003/arcrole/concept-label" xlink:from="SurrenderValueOfInsurancePoliciesOpeCF" xlink:to="label_SurrenderValueOfInsurancePoliciesOpeCF_2" />    <link:label xlink:type="resource" xlink:label="label_ManufacturingCostCOSExpOA" xml:lang="ja" xlink:role="http://www.xbrl.org/2003/role/label" id="label_ManufacturingCostCOSExpOA">当期製造原価</link:label>    <link:labelArc xlink:type="arc" xlink:arcrole="http://www.xbrl.org/2003/arcrole/concept-label" xlink:from="ManufacturingCostCOSExpOA" xlink:to="label_ManufacturingCostCOSExpOA" />    <link:label xlink:type="resource" xlink:label="label_ManufacturingCostCOSExpOA_2" xml:lang="ja" xlink:role="http://www.xbrl.org/2003/role/verboseLabel" id="label_ManufacturingCostCOSExpOA_2">当期製造原価、営業活動による費用・売上原価</link:label>    <link:labelArc xlink:type="arc" xlink:arcrole="http://www.xbrl.org/2003/arcrole/concept-label" xlink:from="ManufacturingCostCOSExpOA" xlink:to="label_ManufacturingCostCOSExpOA_2" />    <link:label xlink:type="resource" xlink:label="label_ProvisionForLossOnOrderReceivedCOSExpOA" xml:lang="ja" xlink:role="http://www.xbrl.org/2003/role/label" id="label_ProvisionForLossOnOrderReceivedCOSExpOA">受注損失引当金繰入額（△は戻入額）</link:label>    <link:labelArc xlink:type="arc" xlink:arcrole="http://www.xbrl.org/2003/arcrole/concept-label" xlink:from="ProvisionForLossOnOrderReceivedCOSExpOA" xlink:to="label_ProvisionForLossOnOrderReceivedCOSExpOA" />    <link:label xlink:type="resource" xlink:label="label_ProvisionForLossOnOrderReceivedCOSExpOA_2" xml:lang="ja" xlink:role="http://www.xbrl.org/2003/role/verboseLabel" id="label_ProvisionForLossOnOrderReceivedCOSExpOA_2">受注損失引当金繰入額（△は戻入額）、営業活動による費用・売上原価</link:label>    <link:labelArc xlink:type="arc" xlink:arcrole="http://www.xbrl.org/2003/arcrole/concept-label" xlink:from="ProvisionForLossOnOrderReceivedCOSExpOA" xlink:to="label_ProvisionForLossOnOrderReceivedCOSExpOA_2" />  </link:labelLink></link:linkbase>