<?xml version="1.0" encoding="utf-8"?>
<!-- Generated by PRONEXUS WORKS --><link:linkbase xmlns:link="http://www.xbrl.org/2003/linkbase" xmlns:xsi="http://www.w3.org/2001/XMLSchema-instance" xmlns:xbrli="http://www.xbrl.org/2003/instance" xmlns:xlink="http://www.w3.org/1999/xlink">  <link:roleRef xlink:type="simple" roleURI="http://disclosure.edinet-fsa.go.jp/jppfs/ConsolidatedQuarterly/role/periodEndLabel" xlink:href="http://disclosure.edinet-fsa.go.jp/taxonomy/jppfs/2020-11-01/jppfs_rt_2020-11-01.xsd#rol_ConsolidatedQuarterlyPeriodEndLabel" />  <link:roleRef xlink:type="simple" roleURI="http://disclosure.edinet-fsa.go.jp/role/jppfs/rol_QuarterlyConsolidatedStatementOfCashFlows-indirect" xlink:href="http://disclosure.edinet-fsa.go.jp/taxonomy/jppfs/2020-11-01/jppfs_rt_2020-11-01.xsd#rol_QuarterlyConsolidatedStatementOfCashFlows-indirect" />  <link:roleRef xlink:type="simple" roleURI="http://disclosure.edinet-fsa.go.jp/role/jppfs/rol_YearToQuarterEndConsolidatedStatementOfComprehensiveIncome" xlink:href="http://disclosure.edinet-fsa.go.jp/taxonomy/jppfs/2020-11-01/jppfs_rt_2020-11-01.xsd#rol_YearToQuarterEndConsolidatedStatementOfComprehensiveIncome" />  <link:roleRef xlink:type="simple" roleURI="http://disclosure.edinet-fsa.go.jp/jppfs/ConsolidatedQuarterly/role/positiveLabel" xlink:href="http://disclosure.edinet-fsa.go.jp/taxonomy/jppfs/2020-11-01/jppfs_rt_2020-11-01.xsd#rol_ConsolidatedQuarterlyPositiveLabel" />  <link:roleRef xlink:type="simple" roleURI="http://disclosure.edinet-fsa.go.jp/role/jppfs/rol_YearToQuarterEndConsolidatedStatementOfIncome" xlink:href="http://disclosure.edinet-fsa.go.jp/taxonomy/jppfs/2020-11-01/jppfs_rt_2020-11-01.xsd#rol_YearToQuarterEndConsolidatedStatementOfIncome" />  <link:roleRef xlink:type="simple" roleURI="http://disclosure.edinet-fsa.go.jp/role/jppfs/rol_QuarterlyConsolidatedBalanceSheet" xlink:href="http://disclosure.edinet-fsa.go.jp/taxonomy/jppfs/2020-11-01/jppfs_rt_2020-11-01.xsd#rol_QuarterlyConsolidatedBalanceSheet" />  <link:roleRef xlink:type="simple" roleURI="http://www.xbrl.tdnet.info/jp/tse/tdnet/role/RoleAttachedDocument" xlink:href="http://www.xbrl.tdnet.info/taxonomy/jp/tse/tdnet/at/o/rt/2014-01-12/tse-at-rt-2014-01-12.xsd#RoleAttachedDocument" />  <link:roleRef xlink:type="simple" roleURI="http://disclosure.edinet-fsa.go.jp/jppfs/ConsolidatedQuarterly/role/label" xlink:href="http://disclosure.edinet-fsa.go.jp/taxonomy/jppfs/2020-11-01/jppfs_rt_2020-11-01.xsd#rol_ConsolidatedQuarterlyLabel" />  <link:presentationLink xlink:type="extended" xlink:role="http://www.xbrl.tdnet.info/jp/tse/tdnet/role/RoleAttachedDocument">    <link:loc xlink:type="locator" xlink:href="http://www.xbrl.tdnet.info/taxonomy/jp/tse/tdnet/at/t/2014-01-12/tse-at-t-2014-01-12.xsd#tse-at-t_AttachedDocumentHeading" xlink:label="AttachedDocumentHeading" />    <link:loc xlink:type="locator" xlink:href="http://disclosure.edinet-fsa.go.jp/taxonomy/jpcrp/2020-11-01/jpcrp_cor_2020-11-01.xsd#jpcrp_cor_QuarterlyConsolidatedFinancialStatementsHeading" xlink:label="QuarterlyConsolidatedFinancialStatementsHeading_2" />    <link:presentationArc xlink:type="arc" xlink:arcrole="http://www.xbrl.org/2003/arcrole/parent-child" xlink:from="AttachedDocumentHeading" xlink:to="QuarterlyConsolidatedFinancialStatementsHeading_2" order="1.0" />    <link:loc xlink:type="locator" xlink:href="http://disclosure.edinet-fsa.go.jp/taxonomy/jpcrp/2020-11-01/jpcrp_cor_2020-11-01.xsd#jpcrp_cor_QuarterlyConsolidatedFinancialStatementsHeading" xlink:label="QuarterlyConsolidatedFinancialStatementsHeading" />    <link:loc xlink:type="locator" xlink:href="http://disclosure.edinet-fsa.go.jp/taxonomy/jppfs/2020-11-01/jppfs_cor_2020-11-01.xsd#jppfs_cor_QuarterlyConsolidatedBalanceSheetHeading" xlink:label="QuarterlyConsolidatedBalanceSheetHeading_2" />    <link:presentationArc xlink:type="arc" xlink:arcrole="http://www.xbrl.org/2003/arcrole/parent-child" xlink:from="QuarterlyConsolidatedFinancialStatementsHeading" xlink:to="QuarterlyConsolidatedBalanceSheetHeading_2" order="1.0" />    <link:loc xlink:type="locator" xlink:href="http://disclosure.edinet-fsa.go.jp/taxonomy/jppfs/2020-11-01/jppfs_cor_2020-11-01.xsd#jppfs_cor_QuarterlyConsolidatedBalanceSheetHeading" xlink:label="QuarterlyConsolidatedBalanceSheetHeading" />    <link:loc xlink:type="locator" xlink:href="http://disclosure.edinet-fsa.go.jp/taxonomy/jpcrp/2020-11-01/jpcrp_cor_2020-11-01.xsd#jpcrp_cor_QuarterlyConsolidatedBalanceSheetTextBlock" xlink:label="QuarterlyConsolidatedBalanceSheetTextBlock" />    <link:presentationArc xlink:type="arc" xlink:arcrole="http://www.xbrl.org/2003/arcrole/parent-child" xlink:from="QuarterlyConsolidatedBalanceSheetHeading" xlink:to="QuarterlyConsolidatedBalanceSheetTextBlock" order="1.0" />    <link:loc xlink:type="locator" xlink:href="http://disclosure.edinet-fsa.go.jp/taxonomy/jppfs/2020-11-01/jppfs_cor_2020-11-01.xsd#jppfs_cor_QuarterlyConsolidatedStatementOfIncomeAndConsolidatedStatementOfComprehensiveIncomeHeading" xlink:label="QuarterlyConsolidatedStatementOfIncomeAndConsolidatedStatementOfComprehensiveIncomeHeading_2" />    <link:presentationArc xlink:type="arc" xlink:arcrole="http://www.xbrl.org/2003/arcrole/parent-child" xlink:from="QuarterlyConsolidatedFinancialStatementsHeading" xlink:to="QuarterlyConsolidatedStatementOfIncomeAndConsolidatedStatementOfComprehensiveIncomeHeading_2" order="2.0" />    <link:loc xlink:type="locator" xlink:href="http://disclosure.edinet-fsa.go.jp/taxonomy/jppfs/2020-11-01/jppfs_cor_2020-11-01.xsd#jppfs_cor_QuarterlyConsolidatedStatementOfIncomeAndConsolidatedStatementOfComprehensiveIncomeHeading" xlink:label="QuarterlyConsolidatedStatementOfIncomeAndConsolidatedStatementOfComprehensiveIncomeHeading" />    <link:loc xlink:type="locator" xlink:href="http://disclosure.edinet-fsa.go.jp/taxonomy/jppfs/2020-11-01/jppfs_cor_2020-11-01.xsd#jppfs_cor_QuarterlyConsolidatedStatementOfIncomeHeading" xlink:label="QuarterlyConsolidatedStatementOfIncomeHeading_2" />    <link:presentationArc xlink:type="arc" xlink:arcrole="http://www.xbrl.org/2003/arcrole/parent-child" xlink:from="QuarterlyConsolidatedStatementOfIncomeAndConsolidatedStatementOfComprehensiveIncomeHeading" xlink:to="QuarterlyConsolidatedStatementOfIncomeHeading_2" order="1.0" />    <link:loc xlink:type="locator" xlink:href="http://disclosure.edinet-fsa.go.jp/taxonomy/jppfs/2020-11-01/jppfs_cor_2020-11-01.xsd#jppfs_cor_QuarterlyConsolidatedStatementOfIncomeHeading" xlink:label="QuarterlyConsolidatedStatementOfIncomeHeading" />    <link:loc xlink:type="locator" xlink:href="http://disclosure.edinet-fsa.go.jp/taxonomy/jppfs/2020-11-01/jppfs_cor_2020-11-01.xsd#jppfs_cor_YearToQuarterEndConsolidatedStatementOfIncomeHeading" xlink:label="YearToQuarterEndConsolidatedStatementOfIncomeHeading_2" />    <link:presentationArc xlink:type="arc" xlink:arcrole="http://www.xbrl.org/2003/arcrole/parent-child" xlink:from="QuarterlyConsolidatedStatementOfIncomeHeading" xlink:to="YearToQuarterEndConsolidatedStatementOfIncomeHeading_2" order="1.0" />    <link:loc xlink:type="locator" xlink:href="http://disclosure.edinet-fsa.go.jp/taxonomy/jppfs/2020-11-01/jppfs_cor_2020-11-01.xsd#jppfs_cor_YearToQuarterEndConsolidatedStatementOfIncomeHeading" xlink:label="YearToQuarterEndConsolidatedStatementOfIncomeHeading" />    <link:loc xlink:type="locator" xlink:href="http://disclosure.edinet-fsa.go.jp/taxonomy/jpcrp/2020-11-01/jpcrp_cor_2020-11-01.xsd#jpcrp_cor_YearToQuarterEndConsolidatedStatementOfIncomeTextBlock" xlink:label="YearToQuarterEndConsolidatedStatementOfIncomeTextBlock" />    <link:presentationArc xlink:type="arc" xlink:arcrole="http://www.xbrl.org/2003/arcrole/parent-child" xlink:from="YearToQuarterEndConsolidatedStatementOfIncomeHeading" xlink:to="YearToQuarterEndConsolidatedStatementOfIncomeTextBlock" order="1.0" />    <link:loc xlink:type="locator" xlink:href="http://disclosure.edinet-fsa.go.jp/taxonomy/jppfs/2020-11-01/jppfs_cor_2020-11-01.xsd#jppfs_cor_QuarterlyConsolidatedStatementOfComprehensiveIncomeHeading" xlink:label="QuarterlyConsolidatedStatementOfComprehensiveIncomeHeading_2" />    <link:presentationArc xlink:type="arc" xlink:arcrole="http://www.xbrl.org/2003/arcrole/parent-child" xlink:from="QuarterlyConsolidatedStatementOfIncomeAndConsolidatedStatementOfComprehensiveIncomeHeading" xlink:to="QuarterlyConsolidatedStatementOfComprehensiveIncomeHeading_2" order="2.0" />    <link:loc xlink:type="locator" xlink:href="http://disclosure.edinet-fsa.go.jp/taxonomy/jppfs/2020-11-01/jppfs_cor_2020-11-01.xsd#jppfs_cor_QuarterlyConsolidatedStatementOfComprehensiveIncomeHeading" xlink:label="QuarterlyConsolidatedStatementOfComprehensiveIncomeHeading" />    <link:loc xlink:type="locator" xlink:href="http://disclosure.edinet-fsa.go.jp/taxonomy/jppfs/2020-11-01/jppfs_cor_2020-11-01.xsd#jppfs_cor_YearToQuarterEndConsolidatedStatementOfComprehensiveIncomeHeading" xlink:label="YearToQuarterEndConsolidatedStatementOfComprehensiveIncomeHeading_2" />    <link:presentationArc xlink:type="arc" xlink:arcrole="http://www.xbrl.org/2003/arcrole/parent-child" xlink:from="QuarterlyConsolidatedStatementOfComprehensiveIncomeHeading" xlink:to="YearToQuarterEndConsolidatedStatementOfComprehensiveIncomeHeading_2" order="1.0" />    <link:loc xlink:type="locator" xlink:href="http://disclosure.edinet-fsa.go.jp/taxonomy/jppfs/2020-11-01/jppfs_cor_2020-11-01.xsd#jppfs_cor_YearToQuarterEndConsolidatedStatementOfComprehensiveIncomeHeading" xlink:label="YearToQuarterEndConsolidatedStatementOfComprehensiveIncomeHeading" />    <link:loc xlink:type="locator" xlink:href="http://disclosure.edinet-fsa.go.jp/taxonomy/jpcrp/2020-11-01/jpcrp_cor_2020-11-01.xsd#jpcrp_cor_YearToQuarterEndConsolidatedStatementOfComprehensiveIncomeTextBlock" xlink:label="YearToQuarterEndConsolidatedStatementOfComprehensiveIncomeTextBlock" />    <link:presentationArc xlink:type="arc" xlink:arcrole="http://www.xbrl.org/2003/arcrole/parent-child" xlink:from="YearToQuarterEndConsolidatedStatementOfComprehensiveIncomeHeading" xlink:to="YearToQuarterEndConsolidatedStatementOfComprehensiveIncomeTextBlock" order="1.0" />    <link:loc xlink:type="locator" xlink:href="http://disclosure.edinet-fsa.go.jp/taxonomy/jppfs/2020-11-01/jppfs_cor_2020-11-01.xsd#jppfs_cor_QuarterlyConsolidatedStatementOfCashFlowsHeading" xlink:label="QuarterlyConsolidatedStatementOfCashFlowsHeading_2" />    <link:presentationArc xlink:type="arc" xlink:arcrole="http://www.xbrl.org/2003/arcrole/parent-child" xlink:from="QuarterlyConsolidatedFinancialStatementsHeading" xlink:to="QuarterlyConsolidatedStatementOfCashFlowsHeading_2" order="3.0" />    <link:loc xlink:type="locator" xlink:href="http://disclosure.edinet-fsa.go.jp/taxonomy/jppfs/2020-11-01/jppfs_cor_2020-11-01.xsd#jppfs_cor_QuarterlyConsolidatedStatementOfCashFlowsHeading" xlink:label="QuarterlyConsolidatedStatementOfCashFlowsHeading" />    <link:loc xlink:type="locator" xlink:href="http://disclosure.edinet-fsa.go.jp/taxonomy/jpcrp/2020-11-01/jpcrp_cor_2020-11-01.xsd#jpcrp_cor_QuarterlyConsolidatedStatementOfCashFlowsTextBlock" xlink:label="QuarterlyConsolidatedStatementOfCashFlowsTextBlock" />    <link:presentationArc xlink:type="arc" xlink:arcrole="http://www.xbrl.org/2003/arcrole/parent-child" xlink:from="QuarterlyConsolidatedStatementOfCashFlowsHeading" xlink:to="QuarterlyConsolidatedStatementOfCashFlowsTextBlock" order="1.0" />  </link:presentationLink>  <link:presentationLink xlink:type="extended" xlink:role="http://disclosure.edinet-fsa.go.jp/role/jppfs/rol_QuarterlyConsolidatedBalanceSheet">    <link:loc xlink:type="locator" xlink:href="http://disclosure.edinet-fsa.go.jp/taxonomy/jppfs/2020-11-01/jppfs_cor_2020-11-01.xsd#jppfs_cor_QuarterlyConsolidatedBalanceSheetHeading" xlink:label="QuarterlyConsolidatedBalanceSheetHeading" />    <link:loc xlink:type="locator" xlink:href="http://disclosure.edinet-fsa.go.jp/taxonomy/jppfs/2020-11-01/jppfs_cor_2020-11-01.xsd#jppfs_cor_BalanceSheetTable" xlink:label="BalanceSheetTable_2" />    <link:presentationArc xlink:type="arc" preferredLabel="http://disclosure.edinet-fsa.go.jp/jppfs/ConsolidatedQuarterly/role/label" xlink:arcrole="http://www.xbrl.org/2003/arcrole/parent-child" xlink:from="QuarterlyConsolidatedBalanceSheetHeading" xlink:to="BalanceSheetTable_2" order="1.0" />    <link:loc xlink:type="locator" xlink:href="http://disclosure.edinet-fsa.go.jp/taxonomy/jppfs/2020-11-01/jppfs_cor_2020-11-01.xsd#jppfs_cor_BalanceSheetTable" xlink:label="BalanceSheetTable" />    <link:loc xlink:type="locator" xlink:href="http://disclosure.edinet-fsa.go.jp/taxonomy/jppfs/2020-11-01/jppfs_cor_2020-11-01.xsd#jppfs_cor_ConsolidatedOrNonConsolidatedAxis" xlink:label="ConsolidatedOrNonConsolidatedAxis_2" />    <link:presentationArc xlink:type="arc" xlink:arcrole="http://www.xbrl.org/2003/arcrole/parent-child" xlink:from="BalanceSheetTable" xlink:to="ConsolidatedOrNonConsolidatedAxis_2" order="1.0" />    <link:loc xlink:type="locator" xlink:href="http://disclosure.edinet-fsa.go.jp/taxonomy/jppfs/2020-11-01/jppfs_cor_2020-11-01.xsd#jppfs_cor_ConsolidatedOrNonConsolidatedAxis" xlink:label="ConsolidatedOrNonConsolidatedAxis" />    <link:loc xlink:type="locator" xlink:href="http://disclosure.edinet-fsa.go.jp/taxonomy/jppfs/2020-11-01/jppfs_cor_2020-11-01.xsd#jppfs_cor_ConsolidatedMember" xlink:label="ConsolidatedMember" />    <link:presentationArc xlink:type="arc" xlink:arcrole="http://www.xbrl.org/2003/arcrole/parent-child" xlink:from="ConsolidatedOrNonConsolidatedAxis" xlink:to="ConsolidatedMember" order="1.0" />    <link:loc xlink:type="locator" xlink:href="http://disclosure.edinet-fsa.go.jp/taxonomy/jppfs/2020-11-01/jppfs_cor_2020-11-01.xsd#jppfs_cor_BalanceSheetLineItems" xlink:label="BalanceSheetLineItems_2" />    <link:presentationArc xlink:type="arc" preferredLabel="http://disclosure.edinet-fsa.go.jp/jppfs/ConsolidatedQuarterly/role/label" xlink:arcrole="http://www.xbrl.org/2003/arcrole/parent-child" xlink:from="QuarterlyConsolidatedBalanceSheetHeading" xlink:to="BalanceSheetLineItems_2" order="2.0" />    <link:loc xlink:type="locator" xlink:href="http://disclosure.edinet-fsa.go.jp/taxonomy/jppfs/2020-11-01/jppfs_cor_2020-11-01.xsd#jppfs_cor_BalanceSheetLineItems" xlink:label="BalanceSheetLineItems" />    <link:loc xlink:type="locator" xlink:href="http://disclosure.edinet-fsa.go.jp/taxonomy/jppfs/2020-11-01/jppfs_cor_2020-11-01.xsd#jppfs_cor_AssetsAbstract" xlink:label="AssetsAbstract_2" />    <link:presentationArc xlink:type="arc" xlink:arcrole="http://www.xbrl.org/2003/arcrole/parent-child" xlink:from="BalanceSheetLineItems" xlink:to="AssetsAbstract_2" order="1.0" />    <link:loc xlink:type="locator" xlink:href="http://disclosure.edinet-fsa.go.jp/taxonomy/jppfs/2020-11-01/jppfs_cor_2020-11-01.xsd#jppfs_cor_AssetsAbstract" xlink:label="AssetsAbstract" />    <link:loc xlink:type="locator" xlink:href="http://disclosure.edinet-fsa.go.jp/taxonomy/jppfs/2020-11-01/jppfs_cor_2020-11-01.xsd#jppfs_cor_CurrentAssetsAbstract" xlink:label="CurrentAssetsAbstract_2" />    <link:presentationArc xlink:type="arc" xlink:arcrole="http://www.xbrl.org/2003/arcrole/parent-child" xlink:from="AssetsAbstract" xlink:to="CurrentAssetsAbstract_2" order="1.0" />    <link:loc xlink:type="locator" xlink:href="http://disclosure.edinet-fsa.go.jp/taxonomy/jppfs/2020-11-01/jppfs_cor_2020-11-01.xsd#jppfs_cor_CurrentAssetsAbstract" xlink:label="CurrentAssetsAbstract" />    <link:loc xlink:type="locator" xlink:href="http://disclosure.edinet-fsa.go.jp/taxonomy/jppfs/2020-11-01/jppfs_cor_2020-11-01.xsd#jppfs_cor_CashAndDeposits" xlink:label="CashAndDeposits" />    <link:presentationArc xlink:type="arc" xlink:arcrole="http://www.xbrl.org/2003/arcrole/parent-child" xlink:from="CurrentAssetsAbstract" xlink:to="CashAndDeposits" order="1.0" />    <link:loc xlink:type="locator" xlink:href="http://disclosure.edinet-fsa.go.jp/taxonomy/jppfs/2020-11-01/jppfs_cor_2020-11-01.xsd#jppfs_cor_NotesAndAccountsReceivableTrade" xlink:label="NotesAndAccountsReceivableTrade" />    <link:presentationArc xlink:type="arc" xlink:arcrole="http://www.xbrl.org/2003/arcrole/parent-child" xlink:from="CurrentAssetsAbstract" xlink:to="NotesAndAccountsReceivableTrade" order="2.0" />    <link:loc xlink:type="locator" xlink:href="http://disclosure.edinet-fsa.go.jp/taxonomy/jppfs/2020-11-01/jppfs_cor_2020-11-01.xsd#jppfs_cor_Inventories" xlink:label="Inventories" />    <link:presentationArc xlink:type="arc" xlink:arcrole="http://www.xbrl.org/2003/arcrole/parent-child" xlink:from="CurrentAssetsAbstract" xlink:to="Inventories" order="3.0" />    <link:loc xlink:type="locator" xlink:href="http://disclosure.edinet-fsa.go.jp/taxonomy/jppfs/2020-11-01/jppfs_cor_2020-11-01.xsd#jppfs_cor_OtherCA" xlink:label="OtherCA" />    <link:presentationArc xlink:type="arc" xlink:arcrole="http://www.xbrl.org/2003/arcrole/parent-child" xlink:from="CurrentAssetsAbstract" xlink:to="OtherCA" order="4.0" />    <link:loc xlink:type="locator" xlink:href="http://disclosure.edinet-fsa.go.jp/taxonomy/jppfs/2020-11-01/jppfs_cor_2020-11-01.xsd#jppfs_cor_AllowanceForDoubtfulAccountsCA" xlink:label="AllowanceForDoubtfulAccountsCA" />    <link:presentationArc xlink:type="arc" xlink:arcrole="http://www.xbrl.org/2003/arcrole/parent-child" xlink:from="CurrentAssetsAbstract" xlink:to="AllowanceForDoubtfulAccountsCA" order="5.0" />    <link:loc xlink:type="locator" xlink:href="http://disclosure.edinet-fsa.go.jp/taxonomy/jppfs/2020-11-01/jppfs_cor_2020-11-01.xsd#jppfs_cor_CurrentAssets" xlink:label="CurrentAssets" />    <link:presentationArc xlink:type="arc" preferredLabel="http://www.xbrl.org/2003/role/totalLabel" xlink:arcrole="http://www.xbrl.org/2003/arcrole/parent-child" xlink:from="CurrentAssetsAbstract" xlink:to="CurrentAssets" order="6.0" />    <link:loc xlink:type="locator" xlink:href="http://disclosure.edinet-fsa.go.jp/taxonomy/jppfs/2020-11-01/jppfs_cor_2020-11-01.xsd#jppfs_cor_NoncurrentAssetsAbstract" xlink:label="NoncurrentAssetsAbstract_2" />    <link:presentationArc xlink:type="arc" xlink:arcrole="http://www.xbrl.org/2003/arcrole/parent-child" xlink:from="AssetsAbstract" xlink:to="NoncurrentAssetsAbstract_2" order="2.0" />    <link:loc xlink:type="locator" xlink:href="http://disclosure.edinet-fsa.go.jp/taxonomy/jppfs/2020-11-01/jppfs_cor_2020-11-01.xsd#jppfs_cor_NoncurrentAssetsAbstract" xlink:label="NoncurrentAssetsAbstract" />    <link:loc xlink:type="locator" xlink:href="http://disclosure.edinet-fsa.go.jp/taxonomy/jppfs/2020-11-01/jppfs_cor_2020-11-01.xsd#jppfs_cor_PropertyPlantAndEquipment" xlink:label="PropertyPlantAndEquipment" />    <link:presentationArc xlink:type="arc" xlink:arcrole="http://www.xbrl.org/2003/arcrole/parent-child" xlink:from="NoncurrentAssetsAbstract" xlink:to="PropertyPlantAndEquipment" order="1.0" />    <link:loc xlink:type="locator" xlink:href="http://disclosure.edinet-fsa.go.jp/taxonomy/jppfs/2020-11-01/jppfs_cor_2020-11-01.xsd#jppfs_cor_IntangibleAssetsAbstract" xlink:label="IntangibleAssetsAbstract_2" />    <link:presentationArc xlink:type="arc" xlink:arcrole="http://www.xbrl.org/2003/arcrole/parent-child" xlink:from="NoncurrentAssetsAbstract" xlink:to="IntangibleAssetsAbstract_2" order="2.0" />    <link:loc xlink:type="locator" xlink:href="http://disclosure.edinet-fsa.go.jp/taxonomy/jppfs/2020-11-01/jppfs_cor_2020-11-01.xsd#jppfs_cor_IntangibleAssetsAbstract" xlink:label="IntangibleAssetsAbstract" />    <link:loc xlink:type="locator" xlink:href="http://disclosure.edinet-fsa.go.jp/taxonomy/jppfs/2020-11-01/jppfs_cor_2020-11-01.xsd#jppfs_cor_Goodwill" xlink:label="Goodwill" />    <link:presentationArc xlink:type="arc" xlink:arcrole="http://www.xbrl.org/2003/arcrole/parent-child" xlink:from="IntangibleAssetsAbstract" xlink:to="Goodwill" order="1.0" />    <link:loc xlink:type="locator" xlink:href="http://disclosure.edinet-fsa.go.jp/taxonomy/jppfs/2020-11-01/jppfs_cor_2020-11-01.xsd#jppfs_cor_Software" xlink:label="Software" />    <link:presentationArc xlink:type="arc" xlink:arcrole="http://www.xbrl.org/2003/arcrole/parent-child" xlink:from="IntangibleAssetsAbstract" xlink:to="Software" order="2.0" />    <link:loc xlink:type="locator" xlink:href="http://disclosure.edinet-fsa.go.jp/taxonomy/jppfs/2020-11-01/jppfs_cor_2020-11-01.xsd#jppfs_cor_SoftwareInProgress" xlink:label="SoftwareInProgress" />    <link:presentationArc xlink:type="arc" xlink:arcrole="http://www.xbrl.org/2003/arcrole/parent-child" xlink:from="IntangibleAssetsAbstract" xlink:to="SoftwareInProgress" order="3.0" />    <link:loc xlink:type="locator" xlink:href="http://disclosure.edinet-fsa.go.jp/taxonomy/jppfs/2020-11-01/jppfs_cor_2020-11-01.xsd#jppfs_cor_OtherIA" xlink:label="OtherIA" />    <link:presentationArc xlink:type="arc" xlink:arcrole="http://www.xbrl.org/2003/arcrole/parent-child" xlink:from="IntangibleAssetsAbstract" xlink:to="OtherIA" order="4.0" />    <link:loc xlink:type="locator" xlink:href="http://disclosure.edinet-fsa.go.jp/taxonomy/jppfs/2020-11-01/jppfs_cor_2020-11-01.xsd#jppfs_cor_IntangibleAssets" xlink:label="IntangibleAssets" />    <link:presentationArc xlink:type="arc" preferredLabel="http://www.xbrl.org/2003/role/totalLabel" xlink:arcrole="http://www.xbrl.org/2003/arcrole/parent-child" xlink:from="IntangibleAssetsAbstract" xlink:to="IntangibleAssets" order="5.0" />    <link:loc xlink:type="locator" xlink:href="http://disclosure.edinet-fsa.go.jp/taxonomy/jppfs/2020-11-01/jppfs_cor_2020-11-01.xsd#jppfs_cor_InvestmentsAndOtherAssetsAbstract" xlink:label="InvestmentsAndOtherAssetsAbstract" />    <link:presentationArc xlink:type="arc" xlink:arcrole="http://www.xbrl.org/2003/arcrole/parent-child" xlink:from="NoncurrentAssetsAbstract" xlink:to="InvestmentsAndOtherAssetsAbstract" order="3.0" />    <link:loc xlink:type="locator" xlink:href="http://disclosure.edinet-fsa.go.jp/taxonomy/jppfs/2020-11-01/jppfs_cor_2020-11-01.xsd#jppfs_cor_InvestmentSecurities" xlink:label="InvestmentSecurities" />    <link:presentationArc xlink:type="arc" xlink:arcrole="http://www.xbrl.org/2003/arcrole/parent-child" xlink:from="NoncurrentAssetsAbstract" xlink:to="InvestmentSecurities" order="4.0" />    <link:loc xlink:type="locator" xlink:href="http://disclosure.edinet-fsa.go.jp/taxonomy/jppfs/2020-11-01/jppfs_cor_2020-11-01.xsd#jppfs_cor_OtherIOA" xlink:label="OtherIOA" />    <link:presentationArc xlink:type="arc" xlink:arcrole="http://www.xbrl.org/2003/arcrole/parent-child" xlink:from="NoncurrentAssetsAbstract" xlink:to="OtherIOA" order="5.0" />    <link:loc xlink:type="locator" xlink:href="http://disclosure.edinet-fsa.go.jp/taxonomy/jppfs/2020-11-01/jppfs_cor_2020-11-01.xsd#jppfs_cor_InvestmentsAndOtherAssets" xlink:label="InvestmentsAndOtherAssets" />    <link:presentationArc xlink:type="arc" preferredLabel="http://www.xbrl.org/2003/role/totalLabel" xlink:arcrole="http://www.xbrl.org/2003/arcrole/parent-child" xlink:from="NoncurrentAssetsAbstract" xlink:to="InvestmentsAndOtherAssets" order="6.0" />    <link:loc xlink:type="locator" xlink:href="http://disclosure.edinet-fsa.go.jp/taxonomy/jppfs/2020-11-01/jppfs_cor_2020-11-01.xsd#jppfs_cor_NoncurrentAssets" xlink:label="NoncurrentAssets" />    <link:presentationArc xlink:type="arc" preferredLabel="http://www.xbrl.org/2003/role/totalLabel" xlink:arcrole="http://www.xbrl.org/2003/arcrole/parent-child" xlink:from="NoncurrentAssetsAbstract" xlink:to="NoncurrentAssets" order="7.0" />    <link:loc xlink:type="locator" xlink:href="http://disclosure.edinet-fsa.go.jp/taxonomy/jppfs/2020-11-01/jppfs_cor_2020-11-01.xsd#jppfs_cor_Assets" xlink:label="Assets" />    <link:presentationArc xlink:type="arc" preferredLabel="http://www.xbrl.org/2003/role/totalLabel" xlink:arcrole="http://www.xbrl.org/2003/arcrole/parent-child" xlink:from="AssetsAbstract" xlink:to="Assets" order="3.0" />    <link:loc xlink:type="locator" xlink:href="http://disclosure.edinet-fsa.go.jp/taxonomy/jppfs/2020-11-01/jppfs_cor_2020-11-01.xsd#jppfs_cor_LiabilitiesAbstract" xlink:label="LiabilitiesAbstract_2" />    <link:presentationArc xlink:type="arc" xlink:arcrole="http://www.xbrl.org/2003/arcrole/parent-child" xlink:from="BalanceSheetLineItems" xlink:to="LiabilitiesAbstract_2" order="2.0" />    <link:loc xlink:type="locator" xlink:href="http://disclosure.edinet-fsa.go.jp/taxonomy/jppfs/2020-11-01/jppfs_cor_2020-11-01.xsd#jppfs_cor_LiabilitiesAbstract" xlink:label="LiabilitiesAbstract" />    <link:loc xlink:type="locator" xlink:href="http://disclosure.edinet-fsa.go.jp/taxonomy/jppfs/2020-11-01/jppfs_cor_2020-11-01.xsd#jppfs_cor_CurrentLiabilitiesAbstract" xlink:label="CurrentLiabilitiesAbstract_2" />    <link:presentationArc xlink:type="arc" xlink:arcrole="http://www.xbrl.org/2003/arcrole/parent-child" xlink:from="LiabilitiesAbstract" xlink:to="CurrentLiabilitiesAbstract_2" order="1.0" />    <link:loc xlink:type="locator" xlink:href="http://disclosure.edinet-fsa.go.jp/taxonomy/jppfs/2020-11-01/jppfs_cor_2020-11-01.xsd#jppfs_cor_CurrentLiabilitiesAbstract" xlink:label="CurrentLiabilitiesAbstract" />    <link:loc xlink:type="locator" xlink:href="http://disclosure.edinet-fsa.go.jp/taxonomy/jppfs/2020-11-01/jppfs_cor_2020-11-01.xsd#jppfs_cor_NotesAndAccountsPayableTrade" xlink:label="NotesAndAccountsPayableTrade" />    <link:presentationArc xlink:type="arc" xlink:arcrole="http://www.xbrl.org/2003/arcrole/parent-child" xlink:from="CurrentLiabilitiesAbstract" xlink:to="NotesAndAccountsPayableTrade" order="1.0" />    <link:loc xlink:type="locator" xlink:href="http://disclosure.edinet-fsa.go.jp/taxonomy/jppfs/2020-11-01/jppfs_cor_2020-11-01.xsd#jppfs_cor_ShortTermLoansPayable" xlink:label="ShortTermLoansPayable" />    <link:presentationArc xlink:type="arc" xlink:arcrole="http://www.xbrl.org/2003/arcrole/parent-child" xlink:from="CurrentLiabilitiesAbstract" xlink:to="ShortTermLoansPayable" order="2.0" />    <link:loc xlink:type="locator" xlink:href="http://disclosure.edinet-fsa.go.jp/taxonomy/jppfs/2020-11-01/jppfs_cor_2020-11-01.xsd#jppfs_cor_CurrentPortionOfLongTermLoansPayable" xlink:label="CurrentPortionOfLongTermLoansPayable" />    <link:presentationArc xlink:type="arc" xlink:arcrole="http://www.xbrl.org/2003/arcrole/parent-child" xlink:from="CurrentLiabilitiesAbstract" xlink:to="CurrentPortionOfLongTermLoansPayable" order="3.0" />    <link:loc xlink:type="locator" xlink:href="http://disclosure.edinet-fsa.go.jp/taxonomy/jppfs/2020-11-01/jppfs_cor_2020-11-01.xsd#jppfs_cor_CurrentPortionOfBonds" xlink:label="CurrentPortionOfBonds" />    <link:presentationArc xlink:type="arc" xlink:arcrole="http://www.xbrl.org/2003/arcrole/parent-child" xlink:from="CurrentLiabilitiesAbstract" xlink:to="CurrentPortionOfBonds" order="4.0" />    <link:loc xlink:type="locator" xlink:href="http://disclosure.edinet-fsa.go.jp/taxonomy/jppfs/2020-11-01/jppfs_cor_2020-11-01.xsd#jppfs_cor_IncomeTaxesPayable" xlink:label="IncomeTaxesPayable" />    <link:presentationArc xlink:type="arc" xlink:arcrole="http://www.xbrl.org/2003/arcrole/parent-child" xlink:from="CurrentLiabilitiesAbstract" xlink:to="IncomeTaxesPayable" order="5.0" />    <link:loc xlink:type="locator" xlink:href="http://disclosure.edinet-fsa.go.jp/taxonomy/jppfs/2020-11-01/jppfs_cor_2020-11-01.xsd#jppfs_cor_ProvisionForBonuses" xlink:label="ProvisionForBonuses" />    <link:presentationArc xlink:type="arc" xlink:arcrole="http://www.xbrl.org/2003/arcrole/parent-child" xlink:from="CurrentLiabilitiesAbstract" xlink:to="ProvisionForBonuses" order="6.0" />    <link:loc xlink:type="locator" xlink:href="http://disclosure.edinet-fsa.go.jp/taxonomy/jppfs/2020-11-01/jppfs_cor_2020-11-01.xsd#jppfs_cor_AdvancesReceived" xlink:label="AdvancesReceived" />    <link:presentationArc xlink:type="arc" xlink:arcrole="http://www.xbrl.org/2003/arcrole/parent-child" xlink:from="CurrentLiabilitiesAbstract" xlink:to="AdvancesReceived" order="7.0" />    <link:loc xlink:type="locator" xlink:href="tse-qcedjpfr-61820-2022-08-31-01-2022-10-14.xsd#tse-qcedjpfr-61820_ReserveForSurcharge" xlink:label="ReserveForSurcharge" />    <link:presentationArc xlink:type="arc" xlink:arcrole="http://www.xbrl.org/2003/arcrole/parent-child" xlink:from="CurrentLiabilitiesAbstract" xlink:to="ReserveForSurcharge" order="8.0" />    <link:loc xlink:type="locator" xlink:href="http://disclosure.edinet-fsa.go.jp/taxonomy/jppfs/2020-11-01/jppfs_cor_2020-11-01.xsd#jppfs_cor_OtherCL" xlink:label="OtherCL" />    <link:presentationArc xlink:type="arc" xlink:arcrole="http://www.xbrl.org/2003/arcrole/parent-child" xlink:from="CurrentLiabilitiesAbstract" xlink:to="OtherCL" order="9.0" />    <link:loc xlink:type="locator" xlink:href="http://disclosure.edinet-fsa.go.jp/taxonomy/jppfs/2020-11-01/jppfs_cor_2020-11-01.xsd#jppfs_cor_CurrentLiabilities" xlink:label="CurrentLiabilities" />    <link:presentationArc xlink:type="arc" preferredLabel="http://www.xbrl.org/2003/role/totalLabel" xlink:arcrole="http://www.xbrl.org/2003/arcrole/parent-child" xlink:from="CurrentLiabilitiesAbstract" xlink:to="CurrentLiabilities" order="10.0" />    <link:loc xlink:type="locator" xlink:href="http://disclosure.edinet-fsa.go.jp/taxonomy/jppfs/2020-11-01/jppfs_cor_2020-11-01.xsd#jppfs_cor_NoncurrentLiabilitiesAbstract" xlink:label="NoncurrentLiabilitiesAbstract_2" />    <link:presentationArc xlink:type="arc" xlink:arcrole="http://www.xbrl.org/2003/arcrole/parent-child" xlink:from="LiabilitiesAbstract" xlink:to="NoncurrentLiabilitiesAbstract_2" order="2.0" />    <link:loc xlink:type="locator" xlink:href="http://disclosure.edinet-fsa.go.jp/taxonomy/jppfs/2020-11-01/jppfs_cor_2020-11-01.xsd#jppfs_cor_NoncurrentLiabilitiesAbstract" xlink:label="NoncurrentLiabilitiesAbstract" />    <link:loc xlink:type="locator" xlink:href="http://disclosure.edinet-fsa.go.jp/taxonomy/jppfs/2020-11-01/jppfs_cor_2020-11-01.xsd#jppfs_cor_BondsPayable" xlink:label="BondsPayable" />    <link:presentationArc xlink:type="arc" xlink:arcrole="http://www.xbrl.org/2003/arcrole/parent-child" xlink:from="NoncurrentLiabilitiesAbstract" xlink:to="BondsPayable" order="1.0" />    <link:loc xlink:type="locator" xlink:href="http://disclosure.edinet-fsa.go.jp/taxonomy/jppfs/2020-11-01/jppfs_cor_2020-11-01.xsd#jppfs_cor_LongTermLoansPayable" xlink:label="LongTermLoansPayable" />    <link:presentationArc xlink:type="arc" xlink:arcrole="http://www.xbrl.org/2003/arcrole/parent-child" xlink:from="NoncurrentLiabilitiesAbstract" xlink:to="LongTermLoansPayable" order="2.0" />    <link:loc xlink:type="locator" xlink:href="http://disclosure.edinet-fsa.go.jp/taxonomy/jppfs/2020-11-01/jppfs_cor_2020-11-01.xsd#jppfs_cor_OtherNCL" xlink:label="OtherNCL" />    <link:presentationArc xlink:type="arc" xlink:arcrole="http://www.xbrl.org/2003/arcrole/parent-child" xlink:from="NoncurrentLiabilitiesAbstract" xlink:to="OtherNCL" order="3.0" />    <link:loc xlink:type="locator" xlink:href="http://disclosure.edinet-fsa.go.jp/taxonomy/jppfs/2020-11-01/jppfs_cor_2020-11-01.xsd#jppfs_cor_NoncurrentLiabilities" xlink:label="NoncurrentLiabilities" />    <link:presentationArc xlink:type="arc" preferredLabel="http://www.xbrl.org/2003/role/totalLabel" xlink:arcrole="http://www.xbrl.org/2003/arcrole/parent-child" xlink:from="NoncurrentLiabilitiesAbstract" xlink:to="NoncurrentLiabilities" order="4.0" />    <link:loc xlink:type="locator" xlink:href="http://disclosure.edinet-fsa.go.jp/taxonomy/jppfs/2020-11-01/jppfs_cor_2020-11-01.xsd#jppfs_cor_Liabilities" xlink:label="Liabilities" />    <link:presentationArc xlink:type="arc" preferredLabel="http://www.xbrl.org/2003/role/totalLabel" xlink:arcrole="http://www.xbrl.org/2003/arcrole/parent-child" xlink:from="LiabilitiesAbstract" xlink:to="Liabilities" order="3.0" />    <link:loc xlink:type="locator" xlink:href="http://disclosure.edinet-fsa.go.jp/taxonomy/jppfs/2020-11-01/jppfs_cor_2020-11-01.xsd#jppfs_cor_NetAssetsAbstract" xlink:label="NetAssetsAbstract_2" />    <link:presentationArc xlink:type="arc" xlink:arcrole="http://www.xbrl.org/2003/arcrole/parent-child" xlink:from="BalanceSheetLineItems" xlink:to="NetAssetsAbstract_2" order="3.0" />    <link:loc xlink:type="locator" xlink:href="http://disclosure.edinet-fsa.go.jp/taxonomy/jppfs/2020-11-01/jppfs_cor_2020-11-01.xsd#jppfs_cor_NetAssetsAbstract" xlink:label="NetAssetsAbstract" />    <link:loc xlink:type="locator" xlink:href="http://disclosure.edinet-fsa.go.jp/taxonomy/jppfs/2020-11-01/jppfs_cor_2020-11-01.xsd#jppfs_cor_ShareholdersEquityAbstract" xlink:label="ShareholdersEquityAbstract_2" />    <link:presentationArc xlink:type="arc" xlink:arcrole="http://www.xbrl.org/2003/arcrole/parent-child" xlink:from="NetAssetsAbstract" xlink:to="ShareholdersEquityAbstract_2" order="1.0" />    <link:loc xlink:type="locator" xlink:href="http://disclosure.edinet-fsa.go.jp/taxonomy/jppfs/2020-11-01/jppfs_cor_2020-11-01.xsd#jppfs_cor_ShareholdersEquityAbstract" xlink:label="ShareholdersEquityAbstract" />    <link:loc xlink:type="locator" xlink:href="http://disclosure.edinet-fsa.go.jp/taxonomy/jppfs/2020-11-01/jppfs_cor_2020-11-01.xsd#jppfs_cor_CapitalStock" xlink:label="CapitalStock" />    <link:presentationArc xlink:type="arc" xlink:arcrole="http://www.xbrl.org/2003/arcrole/parent-child" xlink:from="ShareholdersEquityAbstract" xlink:to="CapitalStock" order="1.0" />    <link:loc xlink:type="locator" xlink:href="http://disclosure.edinet-fsa.go.jp/taxonomy/jppfs/2020-11-01/jppfs_cor_2020-11-01.xsd#jppfs_cor_CapitalSurplus" xlink:label="CapitalSurplus" />    <link:presentationArc xlink:type="arc" xlink:arcrole="http://www.xbrl.org/2003/arcrole/parent-child" xlink:from="ShareholdersEquityAbstract" xlink:to="CapitalSurplus" order="2.0" />    <link:loc xlink:type="locator" xlink:href="http://disclosure.edinet-fsa.go.jp/taxonomy/jppfs/2020-11-01/jppfs_cor_2020-11-01.xsd#jppfs_cor_RetainedEarnings" xlink:label="RetainedEarnings" />    <link:presentationArc xlink:type="arc" xlink:arcrole="http://www.xbrl.org/2003/arcrole/parent-child" xlink:from="ShareholdersEquityAbstract" xlink:to="RetainedEarnings" order="3.0" />    <link:loc xlink:type="locator" xlink:href="http://disclosure.edinet-fsa.go.jp/taxonomy/jppfs/2020-11-01/jppfs_cor_2020-11-01.xsd#jppfs_cor_TreasuryStock" xlink:label="TreasuryStock" />    <link:presentationArc xlink:type="arc" xlink:arcrole="http://www.xbrl.org/2003/arcrole/parent-child" xlink:from="ShareholdersEquityAbstract" xlink:to="TreasuryStock" order="4.0" />    <link:loc xlink:type="locator" xlink:href="http://disclosure.edinet-fsa.go.jp/taxonomy/jppfs/2020-11-01/jppfs_cor_2020-11-01.xsd#jppfs_cor_ShareholdersEquity" xlink:label="ShareholdersEquity" />    <link:presentationArc xlink:type="arc" preferredLabel="http://www.xbrl.org/2003/role/totalLabel" xlink:arcrole="http://www.xbrl.org/2003/arcrole/parent-child" xlink:from="ShareholdersEquityAbstract" xlink:to="ShareholdersEquity" order="5.0" />    <link:loc xlink:type="locator" xlink:href="http://disclosure.edinet-fsa.go.jp/taxonomy/jppfs/2020-11-01/jppfs_cor_2020-11-01.xsd#jppfs_cor_SubscriptionRightsToShares" xlink:label="SubscriptionRightsToShares" />    <link:presentationArc xlink:type="arc" xlink:arcrole="http://www.xbrl.org/2003/arcrole/parent-child" xlink:from="NetAssetsAbstract" xlink:to="SubscriptionRightsToShares" order="2.0" />    <link:loc xlink:type="locator" xlink:href="http://disclosure.edinet-fsa.go.jp/taxonomy/jppfs/2020-11-01/jppfs_cor_2020-11-01.xsd#jppfs_cor_NetAssets" xlink:label="NetAssets" />    <link:presentationArc xlink:type="arc" preferredLabel="http://www.xbrl.org/2003/role/totalLabel" xlink:arcrole="http://www.xbrl.org/2003/arcrole/parent-child" xlink:from="NetAssetsAbstract" xlink:to="NetAssets" order="3.0" />    <link:loc xlink:type="locator" xlink:href="http://disclosure.edinet-fsa.go.jp/taxonomy/jppfs/2020-11-01/jppfs_cor_2020-11-01.xsd#jppfs_cor_LiabilitiesAndNetAssets" xlink:label="LiabilitiesAndNetAssets" />    <link:presentationArc xlink:type="arc" preferredLabel="http://www.xbrl.org/2003/role/totalLabel" xlink:arcrole="http://www.xbrl.org/2003/arcrole/parent-child" xlink:from="BalanceSheetLineItems" xlink:to="LiabilitiesAndNetAssets" order="4.0" />  </link:presentationLink>  <link:presentationLink xlink:type="extended" xlink:role="http://disclosure.edinet-fsa.go.jp/role/jppfs/rol_YearToQuarterEndConsolidatedStatementOfIncome">    <link:loc xlink:type="locator" xlink:href="http://disclosure.edinet-fsa.go.jp/taxonomy/jppfs/2020-11-01/jppfs_cor_2020-11-01.xsd#jppfs_cor_YearToQuarterEndConsolidatedStatementOfIncomeHeading" xlink:label="YearToQuarterEndConsolidatedStatementOfIncomeHeading" />    <link:loc xlink:type="locator" xlink:href="http://disclosure.edinet-fsa.go.jp/taxonomy/jppfs/2020-11-01/jppfs_cor_2020-11-01.xsd#jppfs_cor_StatementOfIncomeTable" xlink:label="StatementOfIncomeTable_2" />    <link:presentationArc xlink:type="arc" preferredLabel="http://disclosure.edinet-fsa.go.jp/jppfs/ConsolidatedQuarterly/role/label" xlink:arcrole="http://www.xbrl.org/2003/arcrole/parent-child" xlink:from="YearToQuarterEndConsolidatedStatementOfIncomeHeading" xlink:to="StatementOfIncomeTable_2" order="1.0" />    <link:loc xlink:type="locator" xlink:href="http://disclosure.edinet-fsa.go.jp/taxonomy/jppfs/2020-11-01/jppfs_cor_2020-11-01.xsd#jppfs_cor_StatementOfIncomeTable" xlink:label="StatementOfIncomeTable" />    <link:loc xlink:type="locator" xlink:href="http://disclosure.edinet-fsa.go.jp/taxonomy/jppfs/2020-11-01/jppfs_cor_2020-11-01.xsd#jppfs_cor_ConsolidatedOrNonConsolidatedAxis" xlink:label="ConsolidatedOrNonConsolidatedAxis_2" />    <link:presentationArc xlink:type="arc" xlink:arcrole="http://www.xbrl.org/2003/arcrole/parent-child" xlink:from="StatementOfIncomeTable" xlink:to="ConsolidatedOrNonConsolidatedAxis_2" order="1.0" />    <link:loc xlink:type="locator" xlink:href="http://disclosure.edinet-fsa.go.jp/taxonomy/jppfs/2020-11-01/jppfs_cor_2020-11-01.xsd#jppfs_cor_ConsolidatedOrNonConsolidatedAxis" xlink:label="ConsolidatedOrNonConsolidatedAxis" />    <link:loc xlink:type="locator" xlink:href="http://disclosure.edinet-fsa.go.jp/taxonomy/jppfs/2020-11-01/jppfs_cor_2020-11-01.xsd#jppfs_cor_ConsolidatedMember" xlink:label="ConsolidatedMember" />    <link:presentationArc xlink:type="arc" xlink:arcrole="http://www.xbrl.org/2003/arcrole/parent-child" xlink:from="ConsolidatedOrNonConsolidatedAxis" xlink:to="ConsolidatedMember" order="1.0" />    <link:loc xlink:type="locator" xlink:href="http://disclosure.edinet-fsa.go.jp/taxonomy/jppfs/2020-11-01/jppfs_cor_2020-11-01.xsd#jppfs_cor_StatementOfIncomeLineItems" xlink:label="StatementOfIncomeLineItems_2" />    <link:presentationArc xlink:type="arc" preferredLabel="http://disclosure.edinet-fsa.go.jp/jppfs/ConsolidatedQuarterly/role/label" xlink:arcrole="http://www.xbrl.org/2003/arcrole/parent-child" xlink:from="YearToQuarterEndConsolidatedStatementOfIncomeHeading" xlink:to="StatementOfIncomeLineItems_2" order="2.0" />    <link:loc xlink:type="locator" xlink:href="http://disclosure.edinet-fsa.go.jp/taxonomy/jppfs/2020-11-01/jppfs_cor_2020-11-01.xsd#jppfs_cor_StatementOfIncomeLineItems" xlink:label="StatementOfIncomeLineItems" />    <link:loc xlink:type="locator" xlink:href="http://disclosure.edinet-fsa.go.jp/taxonomy/jppfs/2020-11-01/jppfs_cor_2020-11-01.xsd#jppfs_cor_NetSales" xlink:label="NetSales" />    <link:presentationArc xlink:type="arc" xlink:arcrole="http://www.xbrl.org/2003/arcrole/parent-child" xlink:from="StatementOfIncomeLineItems" xlink:to="NetSales" order="1.0" />    <link:loc xlink:type="locator" xlink:href="http://disclosure.edinet-fsa.go.jp/taxonomy/jppfs/2020-11-01/jppfs_cor_2020-11-01.xsd#jppfs_cor_CostOfSales" xlink:label="CostOfSales" />    <link:presentationArc xlink:type="arc" xlink:arcrole="http://www.xbrl.org/2003/arcrole/parent-child" xlink:from="StatementOfIncomeLineItems" xlink:to="CostOfSales" order="2.0" />    <link:loc xlink:type="locator" xlink:href="http://disclosure.edinet-fsa.go.jp/taxonomy/jppfs/2020-11-01/jppfs_cor_2020-11-01.xsd#jppfs_cor_GrossProfit" xlink:label="GrossProfit" />    <link:presentationArc xlink:type="arc" preferredLabel="http://www.xbrl.org/2003/role/positiveLabel" xlink:arcrole="http://www.xbrl.org/2003/arcrole/parent-child" xlink:from="StatementOfIncomeLineItems" xlink:to="GrossProfit" order="3.0" />    <link:loc xlink:type="locator" xlink:href="http://disclosure.edinet-fsa.go.jp/taxonomy/jppfs/2020-11-01/jppfs_cor_2020-11-01.xsd#jppfs_cor_SellingGeneralAndAdministrativeExpensesAbstract" xlink:label="SellingGeneralAndAdministrativeExpensesAbstract_2" />    <link:presentationArc xlink:type="arc" xlink:arcrole="http://www.xbrl.org/2003/arcrole/parent-child" xlink:from="StatementOfIncomeLineItems" xlink:to="SellingGeneralAndAdministrativeExpensesAbstract_2" order="4.0" />    <link:loc xlink:type="locator" xlink:href="http://disclosure.edinet-fsa.go.jp/taxonomy/jppfs/2020-11-01/jppfs_cor_2020-11-01.xsd#jppfs_cor_SellingGeneralAndAdministrativeExpensesAbstract" xlink:label="SellingGeneralAndAdministrativeExpensesAbstract" />    <link:loc xlink:type="locator" xlink:href="http://disclosure.edinet-fsa.go.jp/taxonomy/jppfs/2020-11-01/jppfs_cor_2020-11-01.xsd#jppfs_cor_SalariesAllowancesAndBonusesSGA" xlink:label="SalariesAllowancesAndBonusesSGA" />    <link:presentationArc xlink:type="arc" xlink:arcrole="http://www.xbrl.org/2003/arcrole/parent-child" xlink:from="SellingGeneralAndAdministrativeExpensesAbstract" xlink:to="SalariesAllowancesAndBonusesSGA" order="1.0" />    <link:loc xlink:type="locator" xlink:href="http://disclosure.edinet-fsa.go.jp/taxonomy/jppfs/2020-11-01/jppfs_cor_2020-11-01.xsd#jppfs_cor_ResearchAndDevelopmentExpensesSGA" xlink:label="ResearchAndDevelopmentExpensesSGA" />    <link:presentationArc xlink:type="arc" xlink:arcrole="http://www.xbrl.org/2003/arcrole/parent-child" xlink:from="SellingGeneralAndAdministrativeExpensesAbstract" xlink:to="ResearchAndDevelopmentExpensesSGA" order="2.0" />    <link:loc xlink:type="locator" xlink:href="http://disclosure.edinet-fsa.go.jp/taxonomy/jppfs/2020-11-01/jppfs_cor_2020-11-01.xsd#jppfs_cor_ProvisionForBonusesSGA" xlink:label="ProvisionForBonusesSGA" />    <link:presentationArc xlink:type="arc" xlink:arcrole="http://www.xbrl.org/2003/arcrole/parent-child" xlink:from="SellingGeneralAndAdministrativeExpensesAbstract" xlink:to="ProvisionForBonusesSGA" order="3.0" />    <link:loc xlink:type="locator" xlink:href="http://disclosure.edinet-fsa.go.jp/taxonomy/jppfs/2020-11-01/jppfs_cor_2020-11-01.xsd#jppfs_cor_RetirementBenefitExpensesSGA" xlink:label="RetirementBenefitExpensesSGA" />    <link:presentationArc xlink:type="arc" xlink:arcrole="http://www.xbrl.org/2003/arcrole/parent-child" xlink:from="SellingGeneralAndAdministrativeExpensesAbstract" xlink:to="RetirementBenefitExpensesSGA" order="4.0" />    <link:loc xlink:type="locator" xlink:href="http://disclosure.edinet-fsa.go.jp/taxonomy/jppfs/2020-11-01/jppfs_cor_2020-11-01.xsd#jppfs_cor_OtherSGA" xlink:label="OtherSGA" />    <link:presentationArc xlink:type="arc" xlink:arcrole="http://www.xbrl.org/2003/arcrole/parent-child" xlink:from="SellingGeneralAndAdministrativeExpensesAbstract" xlink:to="OtherSGA" order="5.0" />    <link:loc xlink:type="locator" xlink:href="http://disclosure.edinet-fsa.go.jp/taxonomy/jppfs/2020-11-01/jppfs_cor_2020-11-01.xsd#jppfs_cor_SellingGeneralAndAdministrativeExpenses" xlink:label="SellingGeneralAndAdministrativeExpenses" />    <link:presentationArc xlink:type="arc" preferredLabel="http://www.xbrl.org/2003/role/totalLabel" xlink:arcrole="http://www.xbrl.org/2003/arcrole/parent-child" xlink:from="SellingGeneralAndAdministrativeExpensesAbstract" xlink:to="SellingGeneralAndAdministrativeExpenses" order="6.0" />    <link:loc xlink:type="locator" xlink:href="http://disclosure.edinet-fsa.go.jp/taxonomy/jppfs/2020-11-01/jppfs_cor_2020-11-01.xsd#jppfs_cor_OperatingIncome" xlink:label="OperatingIncome" />    <link:presentationArc xlink:type="arc" preferredLabel="http://www.xbrl.org/2003/role/positiveLabel" xlink:arcrole="http://www.xbrl.org/2003/arcrole/parent-child" xlink:from="StatementOfIncomeLineItems" xlink:to="OperatingIncome" order="5.0" />    <link:loc xlink:type="locator" xlink:href="http://disclosure.edinet-fsa.go.jp/taxonomy/jppfs/2020-11-01/jppfs_cor_2020-11-01.xsd#jppfs_cor_NonOperatingIncomeAbstract" xlink:label="NonOperatingIncomeAbstract_2" />    <link:presentationArc xlink:type="arc" xlink:arcrole="http://www.xbrl.org/2003/arcrole/parent-child" xlink:from="StatementOfIncomeLineItems" xlink:to="NonOperatingIncomeAbstract_2" order="6.0" />    <link:loc xlink:type="locator" xlink:href="http://disclosure.edinet-fsa.go.jp/taxonomy/jppfs/2020-11-01/jppfs_cor_2020-11-01.xsd#jppfs_cor_NonOperatingIncomeAbstract" xlink:label="NonOperatingIncomeAbstract" />    <link:loc xlink:type="locator" xlink:href="http://disclosure.edinet-fsa.go.jp/taxonomy/jppfs/2020-11-01/jppfs_cor_2020-11-01.xsd#jppfs_cor_InterestIncomeNOI" xlink:label="InterestIncomeNOI" />    <link:presentationArc xlink:type="arc" xlink:arcrole="http://www.xbrl.org/2003/arcrole/parent-child" xlink:from="NonOperatingIncomeAbstract" xlink:to="InterestIncomeNOI" order="1.0" />    <link:loc xlink:type="locator" xlink:href="http://disclosure.edinet-fsa.go.jp/taxonomy/jppfs/2020-11-01/jppfs_cor_2020-11-01.xsd#jppfs_cor_DividendsIncomeNOI" xlink:label="DividendsIncomeNOI" />    <link:presentationArc xlink:type="arc" xlink:arcrole="http://www.xbrl.org/2003/arcrole/parent-child" xlink:from="NonOperatingIncomeAbstract" xlink:to="DividendsIncomeNOI" order="2.0" />    <link:loc xlink:type="locator" xlink:href="http://disclosure.edinet-fsa.go.jp/taxonomy/jppfs/2020-11-01/jppfs_cor_2020-11-01.xsd#jppfs_cor_ForeignExchangeGainsNOI" xlink:label="ForeignExchangeGainsNOI" />    <link:presentationArc xlink:type="arc" xlink:arcrole="http://www.xbrl.org/2003/arcrole/parent-child" xlink:from="NonOperatingIncomeAbstract" xlink:to="ForeignExchangeGainsNOI" order="3.0" />    <link:loc xlink:type="locator" xlink:href="http://disclosure.edinet-fsa.go.jp/taxonomy/jppfs/2020-11-01/jppfs_cor_2020-11-01.xsd#jppfs_cor_SubsidyIncomeNOIBounty" xlink:label="SubsidyIncomeNOIBounty" />    <link:presentationArc xlink:type="arc" xlink:arcrole="http://www.xbrl.org/2003/arcrole/parent-child" xlink:from="NonOperatingIncomeAbstract" xlink:to="SubsidyIncomeNOIBounty" order="4.0" />    <link:loc xlink:type="locator" xlink:href="http://disclosure.edinet-fsa.go.jp/taxonomy/jppfs/2020-11-01/jppfs_cor_2020-11-01.xsd#jppfs_cor_ReversalOfAllowanceForDoubtfulAccountsNOI" xlink:label="ReversalOfAllowanceForDoubtfulAccountsNOI" />    <link:presentationArc xlink:type="arc" xlink:arcrole="http://www.xbrl.org/2003/arcrole/parent-child" xlink:from="NonOperatingIncomeAbstract" xlink:to="ReversalOfAllowanceForDoubtfulAccountsNOI" order="5.0" />    <link:loc xlink:type="locator" xlink:href="http://disclosure.edinet-fsa.go.jp/taxonomy/jppfs/2020-11-01/jppfs_cor_2020-11-01.xsd#jppfs_cor_OtherNOI" xlink:label="OtherNOI" />    <link:presentationArc xlink:type="arc" xlink:arcrole="http://www.xbrl.org/2003/arcrole/parent-child" xlink:from="NonOperatingIncomeAbstract" xlink:to="OtherNOI" order="6.0" />    <link:loc xlink:type="locator" xlink:href="http://disclosure.edinet-fsa.go.jp/taxonomy/jppfs/2020-11-01/jppfs_cor_2020-11-01.xsd#jppfs_cor_NonOperatingIncome" xlink:label="NonOperatingIncome" />    <link:presentationArc xlink:type="arc" preferredLabel="http://www.xbrl.org/2003/role/totalLabel" xlink:arcrole="http://www.xbrl.org/2003/arcrole/parent-child" xlink:from="NonOperatingIncomeAbstract" xlink:to="NonOperatingIncome" order="7.0" />    <link:loc xlink:type="locator" xlink:href="http://disclosure.edinet-fsa.go.jp/taxonomy/jppfs/2020-11-01/jppfs_cor_2020-11-01.xsd#jppfs_cor_NonOperatingExpensesAbstract" xlink:label="NonOperatingExpensesAbstract_2" />    <link:presentationArc xlink:type="arc" xlink:arcrole="http://www.xbrl.org/2003/arcrole/parent-child" xlink:from="StatementOfIncomeLineItems" xlink:to="NonOperatingExpensesAbstract_2" order="7.0" />    <link:loc xlink:type="locator" xlink:href="http://disclosure.edinet-fsa.go.jp/taxonomy/jppfs/2020-11-01/jppfs_cor_2020-11-01.xsd#jppfs_cor_NonOperatingExpensesAbstract" xlink:label="NonOperatingExpensesAbstract" />    <link:loc xlink:type="locator" xlink:href="http://disclosure.edinet-fsa.go.jp/taxonomy/jppfs/2020-11-01/jppfs_cor_2020-11-01.xsd#jppfs_cor_InterestExpensesNOE" xlink:label="InterestExpensesNOE" />    <link:presentationArc xlink:type="arc" xlink:arcrole="http://www.xbrl.org/2003/arcrole/parent-child" xlink:from="NonOperatingExpensesAbstract" xlink:to="InterestExpensesNOE" order="1.0" />    <link:loc xlink:type="locator" xlink:href="http://disclosure.edinet-fsa.go.jp/taxonomy/jppfs/2020-11-01/jppfs_cor_2020-11-01.xsd#jppfs_cor_EquityInLossesOfAffiliatesNOE" xlink:label="EquityInLossesOfAffiliatesNOE" />    <link:presentationArc xlink:type="arc" xlink:arcrole="http://www.xbrl.org/2003/arcrole/parent-child" xlink:from="NonOperatingExpensesAbstract" xlink:to="EquityInLossesOfAffiliatesNOE" order="2.0" />    <link:loc xlink:type="locator" xlink:href="http://disclosure.edinet-fsa.go.jp/taxonomy/jppfs/2020-11-01/jppfs_cor_2020-11-01.xsd#jppfs_cor_BondIssuanceCostNOE" xlink:label="BondIssuanceCostNOE" />    <link:presentationArc xlink:type="arc" xlink:arcrole="http://www.xbrl.org/2003/arcrole/parent-child" xlink:from="NonOperatingExpensesAbstract" xlink:to="BondIssuanceCostNOE" order="3.0" />    <link:loc xlink:type="locator" xlink:href="http://disclosure.edinet-fsa.go.jp/taxonomy/jppfs/2020-11-01/jppfs_cor_2020-11-01.xsd#jppfs_cor_OtherNOE" xlink:label="OtherNOE" />    <link:presentationArc xlink:type="arc" xlink:arcrole="http://www.xbrl.org/2003/arcrole/parent-child" xlink:from="NonOperatingExpensesAbstract" xlink:to="OtherNOE" order="4.0" />    <link:loc xlink:type="locator" xlink:href="http://disclosure.edinet-fsa.go.jp/taxonomy/jppfs/2020-11-01/jppfs_cor_2020-11-01.xsd#jppfs_cor_NonOperatingExpenses" xlink:label="NonOperatingExpenses" />    <link:presentationArc xlink:type="arc" preferredLabel="http://www.xbrl.org/2003/role/totalLabel" xlink:arcrole="http://www.xbrl.org/2003/arcrole/parent-child" xlink:from="NonOperatingExpensesAbstract" xlink:to="NonOperatingExpenses" order="5.0" />    <link:loc xlink:type="locator" xlink:href="http://disclosure.edinet-fsa.go.jp/taxonomy/jppfs/2020-11-01/jppfs_cor_2020-11-01.xsd#jppfs_cor_OrdinaryIncome" xlink:label="OrdinaryIncome" />    <link:presentationArc xlink:type="arc" preferredLabel="http://www.xbrl.org/2003/role/positiveLabel" xlink:arcrole="http://www.xbrl.org/2003/arcrole/parent-child" xlink:from="StatementOfIncomeLineItems" xlink:to="OrdinaryIncome" order="8.0" />    <link:loc xlink:type="locator" xlink:href="http://disclosure.edinet-fsa.go.jp/taxonomy/jppfs/2020-11-01/jppfs_cor_2020-11-01.xsd#jppfs_cor_ExtraordinaryLossAbstract" xlink:label="ExtraordinaryLossAbstract_2" />    <link:presentationArc xlink:type="arc" xlink:arcrole="http://www.xbrl.org/2003/arcrole/parent-child" xlink:from="StatementOfIncomeLineItems" xlink:to="ExtraordinaryLossAbstract_2" order="9.0" />    <link:loc xlink:type="locator" xlink:href="http://disclosure.edinet-fsa.go.jp/taxonomy/jppfs/2020-11-01/jppfs_cor_2020-11-01.xsd#jppfs_cor_ExtraordinaryLossAbstract" xlink:label="ExtraordinaryLossAbstract" />    <link:loc xlink:type="locator" xlink:href="http://disclosure.edinet-fsa.go.jp/taxonomy/jppfs/2020-11-01/jppfs_cor_2020-11-01.xsd#jppfs_cor_LossOnSalesAndRetirementOfNoncurrentAssetsEL" xlink:label="LossOnSalesAndRetirementOfNoncurrentAssetsEL" />    <link:presentationArc xlink:type="arc" xlink:arcrole="http://www.xbrl.org/2003/arcrole/parent-child" xlink:from="ExtraordinaryLossAbstract" xlink:to="LossOnSalesAndRetirementOfNoncurrentAssetsEL" order="1.0" />    <link:loc xlink:type="locator" xlink:href="http://disclosure.edinet-fsa.go.jp/taxonomy/jppfs/2020-11-01/jppfs_cor_2020-11-01.xsd#jppfs_cor_ImpairmentLossEL" xlink:label="ImpairmentLossEL" />    <link:presentationArc xlink:type="arc" xlink:arcrole="http://www.xbrl.org/2003/arcrole/parent-child" xlink:from="ExtraordinaryLossAbstract" xlink:to="ImpairmentLossEL" order="2.0" />    <link:loc xlink:type="locator" xlink:href="http://disclosure.edinet-fsa.go.jp/taxonomy/jppfs/2020-11-01/jppfs_cor_2020-11-01.xsd#jppfs_cor_LossOnValuationOfInvestmentSecuritiesEL" xlink:label="LossOnValuationOfInvestmentSecuritiesEL" />    <link:presentationArc xlink:type="arc" xlink:arcrole="http://www.xbrl.org/2003/arcrole/parent-child" xlink:from="ExtraordinaryLossAbstract" xlink:to="LossOnValuationOfInvestmentSecuritiesEL" order="3.0" />    <link:loc xlink:type="locator" xlink:href="http://disclosure.edinet-fsa.go.jp/taxonomy/jppfs/2020-11-01/jppfs_cor_2020-11-01.xsd#jppfs_cor_ExtraordinaryLoss" xlink:label="ExtraordinaryLoss" />    <link:presentationArc xlink:type="arc" preferredLabel="http://www.xbrl.org/2003/role/totalLabel" xlink:arcrole="http://www.xbrl.org/2003/arcrole/parent-child" xlink:from="ExtraordinaryLossAbstract" xlink:to="ExtraordinaryLoss" order="4.0" />    <link:loc xlink:type="locator" xlink:href="http://disclosure.edinet-fsa.go.jp/taxonomy/jppfs/2020-11-01/jppfs_cor_2020-11-01.xsd#jppfs_cor_IncomeBeforeIncomeTaxes" xlink:label="IncomeBeforeIncomeTaxes" />    <link:presentationArc xlink:type="arc" preferredLabel="http://disclosure.edinet-fsa.go.jp/jppfs/ConsolidatedQuarterly/role/positiveLabel" xlink:arcrole="http://www.xbrl.org/2003/arcrole/parent-child" xlink:from="StatementOfIncomeLineItems" xlink:to="IncomeBeforeIncomeTaxes" order="10.0" />    <link:loc xlink:type="locator" xlink:href="http://disclosure.edinet-fsa.go.jp/taxonomy/jppfs/2020-11-01/jppfs_cor_2020-11-01.xsd#jppfs_cor_IncomeTaxes" xlink:label="IncomeTaxes" />    <link:presentationArc xlink:type="arc" xlink:arcrole="http://www.xbrl.org/2003/arcrole/parent-child" xlink:from="StatementOfIncomeLineItems" xlink:to="IncomeTaxes" order="11.0" />    <link:loc xlink:type="locator" xlink:href="http://disclosure.edinet-fsa.go.jp/taxonomy/jppfs/2020-11-01/jppfs_cor_2020-11-01.xsd#jppfs_cor_ProfitLoss" xlink:label="ProfitLoss" />    <link:presentationArc xlink:type="arc" preferredLabel="http://disclosure.edinet-fsa.go.jp/jppfs/ConsolidatedQuarterly/role/positiveLabel" xlink:arcrole="http://www.xbrl.org/2003/arcrole/parent-child" xlink:from="StatementOfIncomeLineItems" xlink:to="ProfitLoss" order="12.0" />    <link:loc xlink:type="locator" xlink:href="http://disclosure.edinet-fsa.go.jp/taxonomy/jppfs/2020-11-01/jppfs_cor_2020-11-01.xsd#jppfs_cor_ProfitLossAttributableToOwnersOfParent" xlink:label="ProfitLossAttributableToOwnersOfParent" />    <link:presentationArc xlink:type="arc" preferredLabel="http://disclosure.edinet-fsa.go.jp/jppfs/ConsolidatedQuarterly/role/positiveLabel" xlink:arcrole="http://www.xbrl.org/2003/arcrole/parent-child" xlink:from="StatementOfIncomeLineItems" xlink:to="ProfitLossAttributableToOwnersOfParent" order="13.0" />  </link:presentationLink>  <link:presentationLink xlink:type="extended" xlink:role="http://disclosure.edinet-fsa.go.jp/role/jppfs/rol_YearToQuarterEndConsolidatedStatementOfComprehensiveIncome">    <link:loc xlink:type="locator" xlink:href="http://disclosure.edinet-fsa.go.jp/taxonomy/jppfs/2020-11-01/jppfs_cor_2020-11-01.xsd#jppfs_cor_YearToQuarterEndConsolidatedStatementOfComprehensiveIncomeHeading" xlink:label="YearToQuarterEndConsolidatedStatementOfComprehensiveIncomeHeading" />    <link:loc xlink:type="locator" xlink:href="http://disclosure.edinet-fsa.go.jp/taxonomy/jppfs/2020-11-01/jppfs_cor_2020-11-01.xsd#jppfs_cor_StatementOfComprehensiveIncomeTable" xlink:label="StatementOfComprehensiveIncomeTable_2" />    <link:presentationArc xlink:type="arc" preferredLabel="http://disclosure.edinet-fsa.go.jp/jppfs/ConsolidatedQuarterly/role/label" xlink:arcrole="http://www.xbrl.org/2003/arcrole/parent-child" xlink:from="YearToQuarterEndConsolidatedStatementOfComprehensiveIncomeHeading" xlink:to="StatementOfComprehensiveIncomeTable_2" order="1.0" />    <link:loc xlink:type="locator" xlink:href="http://disclosure.edinet-fsa.go.jp/taxonomy/jppfs/2020-11-01/jppfs_cor_2020-11-01.xsd#jppfs_cor_StatementOfComprehensiveIncomeTable" xlink:label="StatementOfComprehensiveIncomeTable" />    <link:loc xlink:type="locator" xlink:href="http://disclosure.edinet-fsa.go.jp/taxonomy/jppfs/2020-11-01/jppfs_cor_2020-11-01.xsd#jppfs_cor_ConsolidatedOrNonConsolidatedAxis" xlink:label="ConsolidatedOrNonConsolidatedAxis_2" />    <link:presentationArc xlink:type="arc" xlink:arcrole="http://www.xbrl.org/2003/arcrole/parent-child" xlink:from="StatementOfComprehensiveIncomeTable" xlink:to="ConsolidatedOrNonConsolidatedAxis_2" order="1.0" />    <link:loc xlink:type="locator" xlink:href="http://disclosure.edinet-fsa.go.jp/taxonomy/jppfs/2020-11-01/jppfs_cor_2020-11-01.xsd#jppfs_cor_ConsolidatedOrNonConsolidatedAxis" xlink:label="ConsolidatedOrNonConsolidatedAxis" />    <link:loc xlink:type="locator" xlink:href="http://disclosure.edinet-fsa.go.jp/taxonomy/jppfs/2020-11-01/jppfs_cor_2020-11-01.xsd#jppfs_cor_ConsolidatedMember" xlink:label="ConsolidatedMember" />    <link:presentationArc xlink:type="arc" xlink:arcrole="http://www.xbrl.org/2003/arcrole/parent-child" xlink:from="ConsolidatedOrNonConsolidatedAxis" xlink:to="ConsolidatedMember" order="1.0" />    <link:loc xlink:type="locator" xlink:href="http://disclosure.edinet-fsa.go.jp/taxonomy/jppfs/2020-11-01/jppfs_cor_2020-11-01.xsd#jppfs_cor_StatementOfComprehensiveIncomeLineItems" xlink:label="StatementOfComprehensiveIncomeLineItems_2" />    <link:presentationArc xlink:type="arc" preferredLabel="http://disclosure.edinet-fsa.go.jp/jppfs/ConsolidatedQuarterly/role/label" xlink:arcrole="http://www.xbrl.org/2003/arcrole/parent-child" xlink:from="YearToQuarterEndConsolidatedStatementOfComprehensiveIncomeHeading" xlink:to="StatementOfComprehensiveIncomeLineItems_2" order="2.0" />    <link:loc xlink:type="locator" xlink:href="http://disclosure.edinet-fsa.go.jp/taxonomy/jppfs/2020-11-01/jppfs_cor_2020-11-01.xsd#jppfs_cor_StatementOfComprehensiveIncomeLineItems" xlink:label="StatementOfComprehensiveIncomeLineItems" />    <link:loc xlink:type="locator" xlink:href="http://disclosure.edinet-fsa.go.jp/taxonomy/jppfs/2020-11-01/jppfs_cor_2020-11-01.xsd#jppfs_cor_ProfitLoss" xlink:label="ProfitLoss" />    <link:presentationArc xlink:type="arc" preferredLabel="http://disclosure.edinet-fsa.go.jp/jppfs/ConsolidatedQuarterly/role/positiveLabel" xlink:arcrole="http://www.xbrl.org/2003/arcrole/parent-child" xlink:from="StatementOfComprehensiveIncomeLineItems" xlink:to="ProfitLoss" order="1.0" />    <link:loc xlink:type="locator" xlink:href="http://disclosure.edinet-fsa.go.jp/taxonomy/jppfs/2020-11-01/jppfs_cor_2020-11-01.xsd#jppfs_cor_ComprehensiveIncome" xlink:label="ComprehensiveIncome" />    <link:presentationArc xlink:type="arc" preferredLabel="http://disclosure.edinet-fsa.go.jp/jppfs/ConsolidatedQuarterly/role/label" xlink:arcrole="http://www.xbrl.org/2003/arcrole/parent-child" xlink:from="StatementOfComprehensiveIncomeLineItems" xlink:to="ComprehensiveIncome" order="2.0" />    <link:loc xlink:type="locator" xlink:href="http://disclosure.edinet-fsa.go.jp/taxonomy/jppfs/2020-11-01/jppfs_cor_2020-11-01.xsd#jppfs_cor_ComprehensiveIncomeAttributableToAbstract" xlink:label="ComprehensiveIncomeAttributableToAbstract_2" />    <link:presentationArc xlink:type="arc" xlink:arcrole="http://www.xbrl.org/2003/arcrole/parent-child" xlink:from="StatementOfComprehensiveIncomeLineItems" xlink:to="ComprehensiveIncomeAttributableToAbstract_2" order="3.0" />    <link:loc xlink:type="locator" xlink:href="http://disclosure.edinet-fsa.go.jp/taxonomy/jppfs/2020-11-01/jppfs_cor_2020-11-01.xsd#jppfs_cor_ComprehensiveIncomeAttributableToAbstract" xlink:label="ComprehensiveIncomeAttributableToAbstract" />    <link:loc xlink:type="locator" xlink:href="http://disclosure.edinet-fsa.go.jp/taxonomy/jppfs/2020-11-01/jppfs_cor_2020-11-01.xsd#jppfs_cor_ComprehensiveIncomeAttributableToOwnersOfTheParent" xlink:label="ComprehensiveIncomeAttributableToOwnersOfTheParent" />    <link:presentationArc xlink:type="arc" preferredLabel="http://disclosure.edinet-fsa.go.jp/jppfs/ConsolidatedQuarterly/role/label" xlink:arcrole="http://www.xbrl.org/2003/arcrole/parent-child" xlink:from="ComprehensiveIncomeAttributableToAbstract" xlink:to="ComprehensiveIncomeAttributableToOwnersOfTheParent" order="1.0" />    <link:loc xlink:type="locator" xlink:href="http://disclosure.edinet-fsa.go.jp/taxonomy/jppfs/2020-11-01/jppfs_cor_2020-11-01.xsd#jppfs_cor_ComprehensiveIncomeAttributableToNonControllingInterests" xlink:label="ComprehensiveIncomeAttributableToNonControllingInterests" />    <link:presentationArc xlink:type="arc" preferredLabel="http://disclosure.edinet-fsa.go.jp/jppfs/ConsolidatedQuarterly/role/label" xlink:arcrole="http://www.xbrl.org/2003/arcrole/parent-child" xlink:from="ComprehensiveIncomeAttributableToAbstract" xlink:to="ComprehensiveIncomeAttributableToNonControllingInterests" order="2.0" />  </link:presentationLink>  <link:presentationLink xlink:type="extended" xlink:role="http://disclosure.edinet-fsa.go.jp/role/jppfs/rol_QuarterlyConsolidatedStatementOfCashFlows-indirect">    <link:loc xlink:type="locator" xlink:href="http://disclosure.edinet-fsa.go.jp/taxonomy/jppfs/2020-11-01/jppfs_cor_2020-11-01.xsd#jppfs_cor_QuarterlyConsolidatedStatementOfCashFlowsHeading" xlink:label="QuarterlyConsolidatedStatementOfCashFlowsHeading" />    <link:loc xlink:type="locator" xlink:href="http://disclosure.edinet-fsa.go.jp/taxonomy/jppfs/2020-11-01/jppfs_cor_2020-11-01.xsd#jppfs_cor_StatementOfCashFlowsTable" xlink:label="StatementOfCashFlowsTable_2" />    <link:presentationArc xlink:type="arc" preferredLabel="http://disclosure.edinet-fsa.go.jp/jppfs/ConsolidatedQuarterly/role/label" xlink:arcrole="http://www.xbrl.org/2003/arcrole/parent-child" xlink:from="QuarterlyConsolidatedStatementOfCashFlowsHeading" xlink:to="StatementOfCashFlowsTable_2" order="1.0" />    <link:loc xlink:type="locator" xlink:href="http://disclosure.edinet-fsa.go.jp/taxonomy/jppfs/2020-11-01/jppfs_cor_2020-11-01.xsd#jppfs_cor_StatementOfCashFlowsTable" xlink:label="StatementOfCashFlowsTable" />    <link:loc xlink:type="locator" xlink:href="http://disclosure.edinet-fsa.go.jp/taxonomy/jppfs/2020-11-01/jppfs_cor_2020-11-01.xsd#jppfs_cor_ConsolidatedOrNonConsolidatedAxis" xlink:label="ConsolidatedOrNonConsolidatedAxis_2" />    <link:presentationArc xlink:type="arc" xlink:arcrole="http://www.xbrl.org/2003/arcrole/parent-child" xlink:from="StatementOfCashFlowsTable" xlink:to="ConsolidatedOrNonConsolidatedAxis_2" order="1.0" />    <link:loc xlink:type="locator" xlink:href="http://disclosure.edinet-fsa.go.jp/taxonomy/jppfs/2020-11-01/jppfs_cor_2020-11-01.xsd#jppfs_cor_ConsolidatedOrNonConsolidatedAxis" xlink:label="ConsolidatedOrNonConsolidatedAxis" />    <link:loc xlink:type="locator" xlink:href="http://disclosure.edinet-fsa.go.jp/taxonomy/jppfs/2020-11-01/jppfs_cor_2020-11-01.xsd#jppfs_cor_ConsolidatedMember" xlink:label="ConsolidatedMember" />    <link:presentationArc xlink:type="arc" xlink:arcrole="http://www.xbrl.org/2003/arcrole/parent-child" xlink:from="ConsolidatedOrNonConsolidatedAxis" xlink:to="ConsolidatedMember" order="1.0" />    <link:loc xlink:type="locator" xlink:href="http://disclosure.edinet-fsa.go.jp/taxonomy/jppfs/2020-11-01/jppfs_cor_2020-11-01.xsd#jppfs_cor_StatementOfCashFlowsLineItems" xlink:label="StatementOfCashFlowsLineItems_2" />    <link:presentationArc xlink:type="arc" preferredLabel="http://disclosure.edinet-fsa.go.jp/jppfs/ConsolidatedQuarterly/role/label" xlink:arcrole="http://www.xbrl.org/2003/arcrole/parent-child" xlink:from="QuarterlyConsolidatedStatementOfCashFlowsHeading" xlink:to="StatementOfCashFlowsLineItems_2" order="2.0" />    <link:loc xlink:type="locator" xlink:href="http://disclosure.edinet-fsa.go.jp/taxonomy/jppfs/2020-11-01/jppfs_cor_2020-11-01.xsd#jppfs_cor_StatementOfCashFlowsLineItems" xlink:label="StatementOfCashFlowsLineItems" />    <link:loc xlink:type="locator" xlink:href="http://disclosure.edinet-fsa.go.jp/taxonomy/jppfs/2020-11-01/jppfs_cor_2020-11-01.xsd#jppfs_cor_NetCashProvidedByUsedInOperatingActivitiesAbstract" xlink:label="NetCashProvidedByUsedInOperatingActivitiesAbstract_2" />    <link:presentationArc xlink:type="arc" xlink:arcrole="http://www.xbrl.org/2003/arcrole/parent-child" xlink:from="StatementOfCashFlowsLineItems" xlink:to="NetCashProvidedByUsedInOperatingActivitiesAbstract_2" order="1.0" />    <link:loc xlink:type="locator" xlink:href="http://disclosure.edinet-fsa.go.jp/taxonomy/jppfs/2020-11-01/jppfs_cor_2020-11-01.xsd#jppfs_cor_NetCashProvidedByUsedInOperatingActivitiesAbstract" xlink:label="NetCashProvidedByUsedInOperatingActivitiesAbstract" />    <link:loc xlink:type="locator" xlink:href="http://disclosure.edinet-fsa.go.jp/taxonomy/jppfs/2020-11-01/jppfs_cor_2020-11-01.xsd#jppfs_cor_IncomeBeforeIncomeTaxes" xlink:label="IncomeBeforeIncomeTaxes" />    <link:presentationArc xlink:type="arc" preferredLabel="http://disclosure.edinet-fsa.go.jp/jppfs/ConsolidatedQuarterly/role/positiveLabel" xlink:arcrole="http://www.xbrl.org/2003/arcrole/parent-child" xlink:from="NetCashProvidedByUsedInOperatingActivitiesAbstract" xlink:to="IncomeBeforeIncomeTaxes" order="1.0" />    <link:loc xlink:type="locator" xlink:href="http://disclosure.edinet-fsa.go.jp/taxonomy/jppfs/2020-11-01/jppfs_cor_2020-11-01.xsd#jppfs_cor_DepreciationAndAmortizationOpeCF" xlink:label="DepreciationAndAmortizationOpeCF" />    <link:presentationArc xlink:type="arc" xlink:arcrole="http://www.xbrl.org/2003/arcrole/parent-child" xlink:from="NetCashProvidedByUsedInOperatingActivitiesAbstract" xlink:to="DepreciationAndAmortizationOpeCF" order="2.0" />    <link:loc xlink:type="locator" xlink:href="http://disclosure.edinet-fsa.go.jp/taxonomy/jppfs/2020-11-01/jppfs_cor_2020-11-01.xsd#jppfs_cor_AmortizationOfGoodwillOpeCF" xlink:label="AmortizationOfGoodwillOpeCF" />    <link:presentationArc xlink:type="arc" xlink:arcrole="http://www.xbrl.org/2003/arcrole/parent-child" xlink:from="NetCashProvidedByUsedInOperatingActivitiesAbstract" xlink:to="AmortizationOfGoodwillOpeCF" order="3.0" />    <link:loc xlink:type="locator" xlink:href="http://disclosure.edinet-fsa.go.jp/taxonomy/jppfs/2020-11-01/jppfs_cor_2020-11-01.xsd#jppfs_cor_ImpairmentLossOpeCF" xlink:label="ImpairmentLossOpeCF" />    <link:presentationArc xlink:type="arc" xlink:arcrole="http://www.xbrl.org/2003/arcrole/parent-child" xlink:from="NetCashProvidedByUsedInOperatingActivitiesAbstract" xlink:to="ImpairmentLossOpeCF" order="4.0" />    <link:loc xlink:type="locator" xlink:href="http://disclosure.edinet-fsa.go.jp/taxonomy/jppfs/2020-11-01/jppfs_cor_2020-11-01.xsd#jppfs_cor_IncreaseDecreaseInAllowanceForDoubtfulAccountsOpeCF" xlink:label="IncreaseDecreaseInAllowanceForDoubtfulAccountsOpeCF" />    <link:presentationArc xlink:type="arc" xlink:arcrole="http://www.xbrl.org/2003/arcrole/parent-child" xlink:from="NetCashProvidedByUsedInOperatingActivitiesAbstract" xlink:to="IncreaseDecreaseInAllowanceForDoubtfulAccountsOpeCF" order="5.0" />    <link:loc xlink:type="locator" xlink:href="http://disclosure.edinet-fsa.go.jp/taxonomy/jppfs/2020-11-01/jppfs_cor_2020-11-01.xsd#jppfs_cor_IncreaseDecreaseInProvisionForBonusesOpeCF" xlink:label="IncreaseDecreaseInProvisionForBonusesOpeCF" />    <link:presentationArc xlink:type="arc" xlink:arcrole="http://www.xbrl.org/2003/arcrole/parent-child" xlink:from="NetCashProvidedByUsedInOperatingActivitiesAbstract" xlink:to="IncreaseDecreaseInProvisionForBonusesOpeCF" order="6.0" />    <link:loc xlink:type="locator" xlink:href="tse-qcedjpfr-61820-2022-08-31-01-2022-10-14.xsd#tse-qcedjpfr-61820_IncreaseDecreaseInSurchargeReserveOpeCF" xlink:label="IncreaseDecreaseInSurchargeReserveOpeCF" />    <link:presentationArc xlink:type="arc" xlink:arcrole="http://www.xbrl.org/2003/arcrole/parent-child" xlink:from="NetCashProvidedByUsedInOperatingActivitiesAbstract" xlink:to="IncreaseDecreaseInSurchargeReserveOpeCF" order="7.0" />    <link:loc xlink:type="locator" xlink:href="http://disclosure.edinet-fsa.go.jp/taxonomy/jppfs/2020-11-01/jppfs_cor_2020-11-01.xsd#jppfs_cor_InterestAndDividendsIncomeOpeCF" xlink:label="InterestAndDividendsIncomeOpeCF" />    <link:presentationArc xlink:type="arc" xlink:arcrole="http://www.xbrl.org/2003/arcrole/parent-child" xlink:from="NetCashProvidedByUsedInOperatingActivitiesAbstract" xlink:to="InterestAndDividendsIncomeOpeCF" order="8.0" />    <link:loc xlink:type="locator" xlink:href="http://disclosure.edinet-fsa.go.jp/taxonomy/jppfs/2020-11-01/jppfs_cor_2020-11-01.xsd#jppfs_cor_EquityInEarningsLossesOfAffiliatesOpeCF" xlink:label="EquityInEarningsLossesOfAffiliatesOpeCF" />    <link:presentationArc xlink:type="arc" xlink:arcrole="http://www.xbrl.org/2003/arcrole/parent-child" xlink:from="NetCashProvidedByUsedInOperatingActivitiesAbstract" xlink:to="EquityInEarningsLossesOfAffiliatesOpeCF" order="9.0" />    <link:loc xlink:type="locator" xlink:href="http://disclosure.edinet-fsa.go.jp/taxonomy/jppfs/2020-11-01/jppfs_cor_2020-11-01.xsd#jppfs_cor_LossGainOnValuationOfInvestmentSecuritiesOpeCF" xlink:label="LossGainOnValuationOfInvestmentSecuritiesOpeCF" />    <link:presentationArc xlink:type="arc" xlink:arcrole="http://www.xbrl.org/2003/arcrole/parent-child" xlink:from="NetCashProvidedByUsedInOperatingActivitiesAbstract" xlink:to="LossGainOnValuationOfInvestmentSecuritiesOpeCF" order="10.0" />    <link:loc xlink:type="locator" xlink:href="http://disclosure.edinet-fsa.go.jp/taxonomy/jppfs/2020-11-01/jppfs_cor_2020-11-01.xsd#jppfs_cor_LossGainOnSalesAndRetirementOfNoncurrentAssetsOpeCF" xlink:label="LossGainOnSalesAndRetirementOfNoncurrentAssetsOpeCF" />    <link:presentationArc xlink:type="arc" xlink:arcrole="http://www.xbrl.org/2003/arcrole/parent-child" xlink:from="NetCashProvidedByUsedInOperatingActivitiesAbstract" xlink:to="LossGainOnSalesAndRetirementOfNoncurrentAssetsOpeCF" order="11.0" />    <link:loc xlink:type="locator" xlink:href="http://disclosure.edinet-fsa.go.jp/taxonomy/jppfs/2020-11-01/jppfs_cor_2020-11-01.xsd#jppfs_cor_SubsidyIncome2OpeCF" xlink:label="SubsidyIncome2OpeCF" />    <link:presentationArc xlink:type="arc" xlink:arcrole="http://www.xbrl.org/2003/arcrole/parent-child" xlink:from="NetCashProvidedByUsedInOperatingActivitiesAbstract" xlink:to="SubsidyIncome2OpeCF" order="12.0" />    <link:loc xlink:type="locator" xlink:href="http://disclosure.edinet-fsa.go.jp/taxonomy/jppfs/2020-11-01/jppfs_cor_2020-11-01.xsd#jppfs_cor_InterestExpensesOpeCF" xlink:label="InterestExpensesOpeCF" />    <link:presentationArc xlink:type="arc" xlink:arcrole="http://www.xbrl.org/2003/arcrole/parent-child" xlink:from="NetCashProvidedByUsedInOperatingActivitiesAbstract" xlink:to="InterestExpensesOpeCF" order="13.0" />    <link:loc xlink:type="locator" xlink:href="http://disclosure.edinet-fsa.go.jp/taxonomy/jppfs/2020-11-01/jppfs_cor_2020-11-01.xsd#jppfs_cor_BondIssuanceCostOpeCF" xlink:label="BondIssuanceCostOpeCF" />    <link:presentationArc xlink:type="arc" xlink:arcrole="http://www.xbrl.org/2003/arcrole/parent-child" xlink:from="NetCashProvidedByUsedInOperatingActivitiesAbstract" xlink:to="BondIssuanceCostOpeCF" order="14.0" />    <link:loc xlink:type="locator" xlink:href="http://disclosure.edinet-fsa.go.jp/taxonomy/jppfs/2020-11-01/jppfs_cor_2020-11-01.xsd#jppfs_cor_IncreaseDecreaseInAdvancesReceivedOpeCF" xlink:label="IncreaseDecreaseInAdvancesReceivedOpeCF" />    <link:presentationArc xlink:type="arc" xlink:arcrole="http://www.xbrl.org/2003/arcrole/parent-child" xlink:from="NetCashProvidedByUsedInOperatingActivitiesAbstract" xlink:to="IncreaseDecreaseInAdvancesReceivedOpeCF" order="15.0" />    <link:loc xlink:type="locator" xlink:href="http://disclosure.edinet-fsa.go.jp/taxonomy/jppfs/2020-11-01/jppfs_cor_2020-11-01.xsd#jppfs_cor_DecreaseIncreaseInNotesAndAccountsReceivableTradeOpeCF" xlink:label="DecreaseIncreaseInNotesAndAccountsReceivableTradeOpeCF" />    <link:presentationArc xlink:type="arc" xlink:arcrole="http://www.xbrl.org/2003/arcrole/parent-child" xlink:from="NetCashProvidedByUsedInOperatingActivitiesAbstract" xlink:to="DecreaseIncreaseInNotesAndAccountsReceivableTradeOpeCF" order="16.0" />    <link:loc xlink:type="locator" xlink:href="http://disclosure.edinet-fsa.go.jp/taxonomy/jppfs/2020-11-01/jppfs_cor_2020-11-01.xsd#jppfs_cor_DecreaseIncreaseInInventoriesOpeCF" xlink:label="DecreaseIncreaseInInventoriesOpeCF" />    <link:presentationArc xlink:type="arc" xlink:arcrole="http://www.xbrl.org/2003/arcrole/parent-child" xlink:from="NetCashProvidedByUsedInOperatingActivitiesAbstract" xlink:to="DecreaseIncreaseInInventoriesOpeCF" order="17.0" />    <link:loc xlink:type="locator" xlink:href="http://disclosure.edinet-fsa.go.jp/taxonomy/jppfs/2020-11-01/jppfs_cor_2020-11-01.xsd#jppfs_cor_IncreaseDecreaseInNotesAndAccountsPayableTradeOpeCF" xlink:label="IncreaseDecreaseInNotesAndAccountsPayableTradeOpeCF" />    <link:presentationArc xlink:type="arc" xlink:arcrole="http://www.xbrl.org/2003/arcrole/parent-child" xlink:from="NetCashProvidedByUsedInOperatingActivitiesAbstract" xlink:to="IncreaseDecreaseInNotesAndAccountsPayableTradeOpeCF" order="18.0" />    <link:loc xlink:type="locator" xlink:href="http://disclosure.edinet-fsa.go.jp/taxonomy/jppfs/2020-11-01/jppfs_cor_2020-11-01.xsd#jppfs_cor_IncreaseDecreaseInAccruedExpensesOpeCF" xlink:label="IncreaseDecreaseInAccruedExpensesOpeCF" />    <link:presentationArc xlink:type="arc" xlink:arcrole="http://www.xbrl.org/2003/arcrole/parent-child" xlink:from="NetCashProvidedByUsedInOperatingActivitiesAbstract" xlink:to="IncreaseDecreaseInAccruedExpensesOpeCF" order="19.0" />    <link:loc xlink:type="locator" xlink:href="http://disclosure.edinet-fsa.go.jp/taxonomy/jppfs/2020-11-01/jppfs_cor_2020-11-01.xsd#jppfs_cor_DecreaseIncreaseInConsumptionTaxesReceivablePayableOpeCF" xlink:label="DecreaseIncreaseInConsumptionTaxesReceivablePayableOpeCF" />    <link:presentationArc xlink:type="arc" xlink:arcrole="http://www.xbrl.org/2003/arcrole/parent-child" xlink:from="NetCashProvidedByUsedInOperatingActivitiesAbstract" xlink:to="DecreaseIncreaseInConsumptionTaxesReceivablePayableOpeCF" order="20.0" />    <link:loc xlink:type="locator" xlink:href="http://disclosure.edinet-fsa.go.jp/taxonomy/jppfs/2020-11-01/jppfs_cor_2020-11-01.xsd#jppfs_cor_OtherNetOpeCF" xlink:label="OtherNetOpeCF" />    <link:presentationArc xlink:type="arc" xlink:arcrole="http://www.xbrl.org/2003/arcrole/parent-child" xlink:from="NetCashProvidedByUsedInOperatingActivitiesAbstract" xlink:to="OtherNetOpeCF" order="21.0" />    <link:loc xlink:type="locator" xlink:href="http://disclosure.edinet-fsa.go.jp/taxonomy/jppfs/2020-11-01/jppfs_cor_2020-11-01.xsd#jppfs_cor_SubtotalOpeCF" xlink:label="SubtotalOpeCF" />    <link:presentationArc xlink:type="arc" xlink:arcrole="http://www.xbrl.org/2003/arcrole/parent-child" xlink:from="NetCashProvidedByUsedInOperatingActivitiesAbstract" xlink:to="SubtotalOpeCF" order="22.0" />    <link:loc xlink:type="locator" xlink:href="http://disclosure.edinet-fsa.go.jp/taxonomy/jppfs/2020-11-01/jppfs_cor_2020-11-01.xsd#jppfs_cor_InterestAndDividendsIncomeReceivedOpeCFInvCF" xlink:label="InterestAndDividendsIncomeReceivedOpeCFInvCF" />    <link:presentationArc xlink:type="arc" xlink:arcrole="http://www.xbrl.org/2003/arcrole/parent-child" xlink:from="NetCashProvidedByUsedInOperatingActivitiesAbstract" xlink:to="InterestAndDividendsIncomeReceivedOpeCFInvCF" order="23.0" />    <link:loc xlink:type="locator" xlink:href="http://disclosure.edinet-fsa.go.jp/taxonomy/jppfs/2020-11-01/jppfs_cor_2020-11-01.xsd#jppfs_cor_ProceedsFromSubsidyIncome2OpeCF" xlink:label="ProceedsFromSubsidyIncome2OpeCF" />    <link:presentationArc xlink:type="arc" xlink:arcrole="http://www.xbrl.org/2003/arcrole/parent-child" xlink:from="NetCashProvidedByUsedInOperatingActivitiesAbstract" xlink:to="ProceedsFromSubsidyIncome2OpeCF" order="24.0" />    <link:loc xlink:type="locator" xlink:href="http://disclosure.edinet-fsa.go.jp/taxonomy/jppfs/2020-11-01/jppfs_cor_2020-11-01.xsd#jppfs_cor_InterestExpensesPaidOpeCFFinCF" xlink:label="InterestExpensesPaidOpeCFFinCF" />    <link:presentationArc xlink:type="arc" xlink:arcrole="http://www.xbrl.org/2003/arcrole/parent-child" xlink:from="NetCashProvidedByUsedInOperatingActivitiesAbstract" xlink:to="InterestExpensesPaidOpeCFFinCF" order="25.0" />    <link:loc xlink:type="locator" xlink:href="http://disclosure.edinet-fsa.go.jp/taxonomy/jppfs/2020-11-01/jppfs_cor_2020-11-01.xsd#jppfs_cor_IncomeTaxesPaidOpeCF" xlink:label="IncomeTaxesPaidOpeCF" />    <link:presentationArc xlink:type="arc" xlink:arcrole="http://www.xbrl.org/2003/arcrole/parent-child" xlink:from="NetCashProvidedByUsedInOperatingActivitiesAbstract" xlink:to="IncomeTaxesPaidOpeCF" order="26.0" />    <link:loc xlink:type="locator" xlink:href="http://disclosure.edinet-fsa.go.jp/taxonomy/jppfs/2020-11-01/jppfs_cor_2020-11-01.xsd#jppfs_cor_IncomeTaxesRefundOpeCF" xlink:label="IncomeTaxesRefundOpeCF" />    <link:presentationArc xlink:type="arc" xlink:arcrole="http://www.xbrl.org/2003/arcrole/parent-child" xlink:from="NetCashProvidedByUsedInOperatingActivitiesAbstract" xlink:to="IncomeTaxesRefundOpeCF" order="27.0" />    <link:loc xlink:type="locator" xlink:href="http://disclosure.edinet-fsa.go.jp/taxonomy/jppfs/2020-11-01/jppfs_cor_2020-11-01.xsd#jppfs_cor_NetCashProvidedByUsedInOperatingActivities" xlink:label="NetCashProvidedByUsedInOperatingActivities" />    <link:presentationArc xlink:type="arc" xlink:arcrole="http://www.xbrl.org/2003/arcrole/parent-child" xlink:from="NetCashProvidedByUsedInOperatingActivitiesAbstract" xlink:to="NetCashProvidedByUsedInOperatingActivities" order="28.0" />    <link:loc xlink:type="locator" xlink:href="http://disclosure.edinet-fsa.go.jp/taxonomy/jppfs/2020-11-01/jppfs_cor_2020-11-01.xsd#jppfs_cor_NetCashProvidedByUsedInInvestmentActivitiesAbstract" xlink:label="NetCashProvidedByUsedInInvestmentActivitiesAbstract_2" />    <link:presentationArc xlink:type="arc" xlink:arcrole="http://www.xbrl.org/2003/arcrole/parent-child" xlink:from="StatementOfCashFlowsLineItems" xlink:to="NetCashProvidedByUsedInInvestmentActivitiesAbstract_2" order="2.0" />    <link:loc xlink:type="locator" xlink:href="http://disclosure.edinet-fsa.go.jp/taxonomy/jppfs/2020-11-01/jppfs_cor_2020-11-01.xsd#jppfs_cor_NetCashProvidedByUsedInInvestmentActivitiesAbstract" xlink:label="NetCashProvidedByUsedInInvestmentActivitiesAbstract" />    <link:loc xlink:type="locator" xlink:href="http://disclosure.edinet-fsa.go.jp/taxonomy/jppfs/2020-11-01/jppfs_cor_2020-11-01.xsd#jppfs_cor_PurchaseOfPropertyPlantAndEquipmentInvCF" xlink:label="PurchaseOfPropertyPlantAndEquipmentInvCF" />    <link:presentationArc xlink:type="arc" xlink:arcrole="http://www.xbrl.org/2003/arcrole/parent-child" xlink:from="NetCashProvidedByUsedInInvestmentActivitiesAbstract" xlink:to="PurchaseOfPropertyPlantAndEquipmentInvCF" order="1.0" />    <link:loc xlink:type="locator" xlink:href="http://disclosure.edinet-fsa.go.jp/taxonomy/jppfs/2020-11-01/jppfs_cor_2020-11-01.xsd#jppfs_cor_ProceedsFromSalesOfPropertyPlantAndEquipmentInvCF" xlink:label="ProceedsFromSalesOfPropertyPlantAndEquipmentInvCF" />    <link:presentationArc xlink:type="arc" xlink:arcrole="http://www.xbrl.org/2003/arcrole/parent-child" xlink:from="NetCashProvidedByUsedInInvestmentActivitiesAbstract" xlink:to="ProceedsFromSalesOfPropertyPlantAndEquipmentInvCF" order="2.0" />    <link:loc xlink:type="locator" xlink:href="http://disclosure.edinet-fsa.go.jp/taxonomy/jppfs/2020-11-01/jppfs_cor_2020-11-01.xsd#jppfs_cor_PurchaseOfIntangibleAssetsInvCF" xlink:label="PurchaseOfIntangibleAssetsInvCF" />    <link:presentationArc xlink:type="arc" xlink:arcrole="http://www.xbrl.org/2003/arcrole/parent-child" xlink:from="NetCashProvidedByUsedInInvestmentActivitiesAbstract" xlink:to="PurchaseOfIntangibleAssetsInvCF" order="3.0" />    <link:loc xlink:type="locator" xlink:href="http://disclosure.edinet-fsa.go.jp/taxonomy/jppfs/2020-11-01/jppfs_cor_2020-11-01.xsd#jppfs_cor_PurchaseOfInvestmentSecuritiesInvCF" xlink:label="PurchaseOfInvestmentSecuritiesInvCF" />    <link:presentationArc xlink:type="arc" xlink:arcrole="http://www.xbrl.org/2003/arcrole/parent-child" xlink:from="NetCashProvidedByUsedInInvestmentActivitiesAbstract" xlink:to="PurchaseOfInvestmentSecuritiesInvCF" order="4.0" />    <link:loc xlink:type="locator" xlink:href="http://disclosure.edinet-fsa.go.jp/taxonomy/jppfs/2020-11-01/jppfs_cor_2020-11-01.xsd#jppfs_cor_PurchaseOfStocksOfSubsidiariesAndAffiliatesInvCF" xlink:label="PurchaseOfStocksOfSubsidiariesAndAffiliatesInvCF" />    <link:presentationArc xlink:type="arc" xlink:arcrole="http://www.xbrl.org/2003/arcrole/parent-child" xlink:from="NetCashProvidedByUsedInInvestmentActivitiesAbstract" xlink:to="PurchaseOfStocksOfSubsidiariesAndAffiliatesInvCF" order="5.0" />    <link:loc xlink:type="locator" xlink:href="http://disclosure.edinet-fsa.go.jp/taxonomy/jppfs/2020-11-01/jppfs_cor_2020-11-01.xsd#jppfs_cor_PaymentsOfLoansReceivableInvCF" xlink:label="PaymentsOfLoansReceivableInvCF" />    <link:presentationArc xlink:type="arc" xlink:arcrole="http://www.xbrl.org/2003/arcrole/parent-child" xlink:from="NetCashProvidedByUsedInInvestmentActivitiesAbstract" xlink:to="PaymentsOfLoansReceivableInvCF" order="6.0" />    <link:loc xlink:type="locator" xlink:href="http://disclosure.edinet-fsa.go.jp/taxonomy/jppfs/2020-11-01/jppfs_cor_2020-11-01.xsd#jppfs_cor_CollectionOfLoansReceivableInvCF" xlink:label="CollectionOfLoansReceivableInvCF" />    <link:presentationArc xlink:type="arc" xlink:arcrole="http://www.xbrl.org/2003/arcrole/parent-child" xlink:from="NetCashProvidedByUsedInInvestmentActivitiesAbstract" xlink:to="CollectionOfLoansReceivableInvCF" order="7.0" />    <link:loc xlink:type="locator" xlink:href="http://disclosure.edinet-fsa.go.jp/taxonomy/jppfs/2020-11-01/jppfs_cor_2020-11-01.xsd#jppfs_cor_ProceedsFromCollectionOfLeaseAndGuaranteeDepositsInvCF" xlink:label="ProceedsFromCollectionOfLeaseAndGuaranteeDepositsInvCF" />    <link:presentationArc xlink:type="arc" xlink:arcrole="http://www.xbrl.org/2003/arcrole/parent-child" xlink:from="NetCashProvidedByUsedInInvestmentActivitiesAbstract" xlink:to="ProceedsFromCollectionOfLeaseAndGuaranteeDepositsInvCF" order="8.0" />    <link:loc xlink:type="locator" xlink:href="http://disclosure.edinet-fsa.go.jp/taxonomy/jppfs/2020-11-01/jppfs_cor_2020-11-01.xsd#jppfs_cor_NetCashProvidedByUsedInInvestmentActivities" xlink:label="NetCashProvidedByUsedInInvestmentActivities" />    <link:presentationArc xlink:type="arc" xlink:arcrole="http://www.xbrl.org/2003/arcrole/parent-child" xlink:from="NetCashProvidedByUsedInInvestmentActivitiesAbstract" xlink:to="NetCashProvidedByUsedInInvestmentActivities" order="9.0" />    <link:loc xlink:type="locator" xlink:href="http://disclosure.edinet-fsa.go.jp/taxonomy/jppfs/2020-11-01/jppfs_cor_2020-11-01.xsd#jppfs_cor_NetCashProvidedByUsedInFinancingActivitiesAbstract" xlink:label="NetCashProvidedByUsedInFinancingActivitiesAbstract_2" />    <link:presentationArc xlink:type="arc" xlink:arcrole="http://www.xbrl.org/2003/arcrole/parent-child" xlink:from="StatementOfCashFlowsLineItems" xlink:to="NetCashProvidedByUsedInFinancingActivitiesAbstract_2" order="3.0" />    <link:loc xlink:type="locator" xlink:href="http://disclosure.edinet-fsa.go.jp/taxonomy/jppfs/2020-11-01/jppfs_cor_2020-11-01.xsd#jppfs_cor_NetCashProvidedByUsedInFinancingActivitiesAbstract" xlink:label="NetCashProvidedByUsedInFinancingActivitiesAbstract" />    <link:loc xlink:type="locator" xlink:href="http://disclosure.edinet-fsa.go.jp/taxonomy/jppfs/2020-11-01/jppfs_cor_2020-11-01.xsd#jppfs_cor_IncreaseDecreaseInShortTermLoansPayableFinCF" xlink:label="IncreaseDecreaseInShortTermLoansPayableFinCF" />    <link:presentationArc xlink:type="arc" xlink:arcrole="http://www.xbrl.org/2003/arcrole/parent-child" xlink:from="NetCashProvidedByUsedInFinancingActivitiesAbstract" xlink:to="IncreaseDecreaseInShortTermLoansPayableFinCF" order="1.0" />    <link:loc xlink:type="locator" xlink:href="http://disclosure.edinet-fsa.go.jp/taxonomy/jppfs/2020-11-01/jppfs_cor_2020-11-01.xsd#jppfs_cor_ProceedsFromIssuanceOfBondsFinCF" xlink:label="ProceedsFromIssuanceOfBondsFinCF" />    <link:presentationArc xlink:type="arc" xlink:arcrole="http://www.xbrl.org/2003/arcrole/parent-child" xlink:from="NetCashProvidedByUsedInFinancingActivitiesAbstract" xlink:to="ProceedsFromIssuanceOfBondsFinCF" order="2.0" />    <link:loc xlink:type="locator" xlink:href="http://disclosure.edinet-fsa.go.jp/taxonomy/jppfs/2020-11-01/jppfs_cor_2020-11-01.xsd#jppfs_cor_RedemptionOfBondsFinCF" xlink:label="RedemptionOfBondsFinCF" />    <link:presentationArc xlink:type="arc" xlink:arcrole="http://www.xbrl.org/2003/arcrole/parent-child" xlink:from="NetCashProvidedByUsedInFinancingActivitiesAbstract" xlink:to="RedemptionOfBondsFinCF" order="3.0" />    <link:loc xlink:type="locator" xlink:href="http://disclosure.edinet-fsa.go.jp/taxonomy/jppfs/2020-11-01/jppfs_cor_2020-11-01.xsd#jppfs_cor_ProceedsFromLongTermLoansPayableFinCF" xlink:label="ProceedsFromLongTermLoansPayableFinCF" />    <link:presentationArc xlink:type="arc" xlink:arcrole="http://www.xbrl.org/2003/arcrole/parent-child" xlink:from="NetCashProvidedByUsedInFinancingActivitiesAbstract" xlink:to="ProceedsFromLongTermLoansPayableFinCF" order="4.0" />    <link:loc xlink:type="locator" xlink:href="http://disclosure.edinet-fsa.go.jp/taxonomy/jppfs/2020-11-01/jppfs_cor_2020-11-01.xsd#jppfs_cor_RepaymentOfLongTermLoansPayableFinCF" xlink:label="RepaymentOfLongTermLoansPayableFinCF" />    <link:presentationArc xlink:type="arc" xlink:arcrole="http://www.xbrl.org/2003/arcrole/parent-child" xlink:from="NetCashProvidedByUsedInFinancingActivitiesAbstract" xlink:to="RepaymentOfLongTermLoansPayableFinCF" order="5.0" />    <link:loc xlink:type="locator" xlink:href="http://disclosure.edinet-fsa.go.jp/taxonomy/jppfs/2020-11-01/jppfs_cor_2020-11-01.xsd#jppfs_cor_RepaymentsOfLeaseObligationsFinCF" xlink:label="RepaymentsOfLeaseObligationsFinCF" />    <link:presentationArc xlink:type="arc" xlink:arcrole="http://www.xbrl.org/2003/arcrole/parent-child" xlink:from="NetCashProvidedByUsedInFinancingActivitiesAbstract" xlink:to="RepaymentsOfLeaseObligationsFinCF" order="6.0" />    <link:loc xlink:type="locator" xlink:href="http://disclosure.edinet-fsa.go.jp/taxonomy/jppfs/2020-11-01/jppfs_cor_2020-11-01.xsd#jppfs_cor_ProceedsFromIssuanceOfStockResultingFromExerciseOfSubscriptionRightsToSharesFinCF" xlink:label="ProceedsFromIssuanceOfStockResultingFromExerciseOfSubscriptionRightsToSharesFinCF" />    <link:presentationArc xlink:type="arc" xlink:arcrole="http://www.xbrl.org/2003/arcrole/parent-child" xlink:from="NetCashProvidedByUsedInFinancingActivitiesAbstract" xlink:to="ProceedsFromIssuanceOfStockResultingFromExerciseOfSubscriptionRightsToSharesFinCF" order="7.0" />    <link:loc xlink:type="locator" xlink:href="http://disclosure.edinet-fsa.go.jp/taxonomy/jppfs/2020-11-01/jppfs_cor_2020-11-01.xsd#jppfs_cor_CashDividendsPaidFinCF" xlink:label="CashDividendsPaidFinCF" />    <link:presentationArc xlink:type="arc" xlink:arcrole="http://www.xbrl.org/2003/arcrole/parent-child" xlink:from="NetCashProvidedByUsedInFinancingActivitiesAbstract" xlink:to="CashDividendsPaidFinCF" order="8.0" />    <link:loc xlink:type="locator" xlink:href="http://disclosure.edinet-fsa.go.jp/taxonomy/jppfs/2020-11-01/jppfs_cor_2020-11-01.xsd#jppfs_cor_PaymentsFromChangesInOwnershipInterestsInSubsidiariesThatDoNotResultInChangeInScopeOfConsolidationFinCF" xlink:label="PaymentsFromChangesInOwnershipInterestsInSubsidiariesThatDoNotResultInChangeInScopeOfConsolidationFinCF" />    <link:presentationArc xlink:type="arc" xlink:arcrole="http://www.xbrl.org/2003/arcrole/parent-child" xlink:from="NetCashProvidedByUsedInFinancingActivitiesAbstract" xlink:to="PaymentsFromChangesInOwnershipInterestsInSubsidiariesThatDoNotResultInChangeInScopeOfConsolidationFinCF" order="9.0" />    <link:loc xlink:type="locator" xlink:href="http://disclosure.edinet-fsa.go.jp/taxonomy/jppfs/2020-11-01/jppfs_cor_2020-11-01.xsd#jppfs_cor_PurchaseOfTreasuryStockFinCF" xlink:label="PurchaseOfTreasuryStockFinCF" />    <link:presentationArc xlink:type="arc" xlink:arcrole="http://www.xbrl.org/2003/arcrole/parent-child" xlink:from="NetCashProvidedByUsedInFinancingActivitiesAbstract" xlink:to="PurchaseOfTreasuryStockFinCF" order="10.0" />    <link:loc xlink:type="locator" xlink:href="http://disclosure.edinet-fsa.go.jp/taxonomy/jppfs/2020-11-01/jppfs_cor_2020-11-01.xsd#jppfs_cor_NetCashProvidedByUsedInFinancingActivities" xlink:label="NetCashProvidedByUsedInFinancingActivities" />    <link:presentationArc xlink:type="arc" xlink:arcrole="http://www.xbrl.org/2003/arcrole/parent-child" xlink:from="NetCashProvidedByUsedInFinancingActivitiesAbstract" xlink:to="NetCashProvidedByUsedInFinancingActivities" order="11.0" />    <link:loc xlink:type="locator" xlink:href="http://disclosure.edinet-fsa.go.jp/taxonomy/jppfs/2020-11-01/jppfs_cor_2020-11-01.xsd#jppfs_cor_EffectOfExchangeRateChangeOnCashAndCashEquivalents" xlink:label="EffectOfExchangeRateChangeOnCashAndCashEquivalents" />    <link:presentationArc xlink:type="arc" xlink:arcrole="http://www.xbrl.org/2003/arcrole/parent-child" xlink:from="StatementOfCashFlowsLineItems" xlink:to="EffectOfExchangeRateChangeOnCashAndCashEquivalents" order="4.0" />    <link:loc xlink:type="locator" xlink:href="http://disclosure.edinet-fsa.go.jp/taxonomy/jppfs/2020-11-01/jppfs_cor_2020-11-01.xsd#jppfs_cor_NetIncreaseDecreaseInCashAndCashEquivalents" xlink:label="NetIncreaseDecreaseInCashAndCashEquivalents" />    <link:presentationArc xlink:type="arc" xlink:arcrole="http://www.xbrl.org/2003/arcrole/parent-child" xlink:from="StatementOfCashFlowsLineItems" xlink:to="NetIncreaseDecreaseInCashAndCashEquivalents" order="5.0" />    <link:loc xlink:type="locator" xlink:href="http://disclosure.edinet-fsa.go.jp/taxonomy/jppfs/2020-11-01/jppfs_cor_2020-11-01.xsd#jppfs_cor_CashAndCashEquivalents" xlink:label="CashAndCashEquivalents_2" />    <link:presentationArc xlink:type="arc" preferredLabel="http://www.xbrl.org/2003/role/periodStartLabel" xlink:arcrole="http://www.xbrl.org/2003/arcrole/parent-child" xlink:from="StatementOfCashFlowsLineItems" xlink:to="CashAndCashEquivalents_2" order="6.0" />    <link:loc xlink:type="locator" xlink:href="http://disclosure.edinet-fsa.go.jp/taxonomy/jppfs/2020-11-01/jppfs_cor_2020-11-01.xsd#jppfs_cor_CashAndCashEquivalents" xlink:label="CashAndCashEquivalents" />    <link:presentationArc xlink:type="arc" preferredLabel="http://disclosure.edinet-fsa.go.jp/jppfs/ConsolidatedQuarterly/role/periodEndLabel" xlink:arcrole="http://www.xbrl.org/2003/arcrole/parent-child" xlink:from="StatementOfCashFlowsLineItems" xlink:to="CashAndCashEquivalents" order="7.0" />  </link:presentationLink></link:linkbase>