<?xml version="1.0" encoding="utf-8"?>
<!-- Generated by PRONEXUS WORKS --><link:linkbase xmlns:link="http://www.xbrl.org/2003/linkbase" xmlns:xsi="http://www.w3.org/2001/XMLSchema-instance" xmlns:xbrli="http://www.xbrl.org/2003/instance" xmlns:xlink="http://www.w3.org/1999/xlink">  <link:labelLink xlink:type="extended" xlink:role="http://www.xbrl.org/2003/role/link">    <link:loc xlink:type="locator" xlink:href="tse-qcedjpfr-33020-2022-09-30-01-2022-11-10.xsd#tse-qcedjpfr-33020_BusinessPlaceTransferExpensesEL" xlink:label="BusinessPlaceTransferExpensesEL" />    <link:label xlink:type="resource" xlink:label="label_BusinessPlaceTransferExpensesEL" xml:lang="ja" xlink:role="http://www.xbrl.org/2003/role/label" id="label_BusinessPlaceTransferExpensesEL">事業所移転費用</link:label>    <link:labelArc xlink:type="arc" xlink:arcrole="http://www.xbrl.org/2003/arcrole/concept-label" xlink:from="BusinessPlaceTransferExpensesEL" xlink:to="label_BusinessPlaceTransferExpensesEL" />    <link:label xlink:type="resource" xlink:label="label_BusinessPlaceTransferExpensesEL_2" xml:lang="ja" xlink:role="http://www.xbrl.org/2003/role/verboseLabel" id="label_BusinessPlaceTransferExpensesEL_2">事業所移転費用、特別損失</link:label>    <link:labelArc xlink:type="arc" xlink:arcrole="http://www.xbrl.org/2003/arcrole/concept-label" xlink:from="BusinessPlaceTransferExpensesEL" xlink:to="label_BusinessPlaceTransferExpensesEL_2" />  </link:labelLink></link:linkbase>