<?xml version="1.0" encoding="utf-8"?>
<!-- Generated by PRONEXUS WORKS --><link:linkbase xmlns:link="http://www.xbrl.org/2003/linkbase" xmlns:xsi="http://www.w3.org/2001/XMLSchema-instance" xmlns:xbrli="http://www.xbrl.org/2003/instance" xmlns:xlink="http://www.w3.org/1999/xlink">  <link:labelLink xlink:type="extended" xlink:role="http://www.xbrl.org/2003/role/link">    <link:loc xlink:type="locator" xlink:href="tse-qcedjpfr-97040-2022-09-30-01-2022-11-11.xsd#tse-qcedjpfr-97040_GainOnExpirationOfPrepaidcardNOI" xlink:label="GainOnExpirationOfPrepaidcardNOI" />    <link:loc xlink:type="locator" xlink:href="tse-qcedjpfr-97040-2022-09-30-01-2022-11-11.xsd#tse-qcedjpfr-97040_LossOnCOVID19EL" xlink:label="LossOnCOVID19EL" />    <link:loc xlink:type="locator" xlink:href="tse-qcedjpfr-97040-2022-09-30-01-2022-11-11.xsd#tse-qcedjpfr-97040_SubsidyForCooperationReceivedNOI" xlink:label="SubsidyForCooperationReceivedNOI" />    <link:label xlink:type="resource" xlink:label="label_GainOnExpirationOfPrepaidcardNOI" xml:lang="en" xlink:role="http://www.xbrl.org/2003/role/label" id="label_GainOnExpirationOfPrepaidcardNOI">Gain on expiration of prepaidcard</link:label>    <link:labelArc xlink:type="arc" xlink:arcrole="http://www.xbrl.org/2003/arcrole/concept-label" xlink:from="GainOnExpirationOfPrepaidcardNOI" xlink:to="label_GainOnExpirationOfPrepaidcardNOI" />    <link:label xlink:type="resource" xlink:label="label_GainOnExpirationOfPrepaidcardNOI_2" xml:lang="en" xlink:role="http://www.xbrl.org/2003/role/verboseLabel" id="label_GainOnExpirationOfPrepaidcardNOI_2">Gain on expiration of prepaidcard-NOI</link:label>    <link:labelArc xlink:type="arc" xlink:arcrole="http://www.xbrl.org/2003/arcrole/concept-label" xlink:from="GainOnExpirationOfPrepaidcardNOI" xlink:to="label_GainOnExpirationOfPrepaidcardNOI_2" />    <link:label xlink:type="resource" xlink:label="label_SubsidyForCooperationReceivedNOI" xml:lang="en" xlink:role="http://www.xbrl.org/2003/role/label" id="label_SubsidyForCooperationReceivedNOI">Subsidy for cooperation received</link:label>    <link:labelArc xlink:type="arc" xlink:arcrole="http://www.xbrl.org/2003/arcrole/concept-label" xlink:from="SubsidyForCooperationReceivedNOI" xlink:to="label_SubsidyForCooperationReceivedNOI" />    <link:label xlink:type="resource" xlink:label="label_SubsidyForCooperationReceivedNOI_2" xml:lang="en" xlink:role="http://www.xbrl.org/2003/role/verboseLabel" id="label_SubsidyForCooperationReceivedNOI_2">Subsidy for cooperation received-NOI</link:label>    <link:labelArc xlink:type="arc" xlink:arcrole="http://www.xbrl.org/2003/arcrole/concept-label" xlink:from="SubsidyForCooperationReceivedNOI" xlink:to="label_SubsidyForCooperationReceivedNOI_2" />    <link:label xlink:type="resource" xlink:label="label_LossOnCOVID19EL" xml:lang="en" xlink:role="http://www.xbrl.org/2003/role/label" id="label_LossOnCOVID19EL">Loss on COVID-19</link:label>    <link:labelArc xlink:type="arc" xlink:arcrole="http://www.xbrl.org/2003/arcrole/concept-label" xlink:from="LossOnCOVID19EL" xlink:to="label_LossOnCOVID19EL" />    <link:label xlink:type="resource" xlink:label="label_LossOnCOVID19EL_2" xml:lang="en" xlink:role="http://www.xbrl.org/2003/role/verboseLabel" id="label_LossOnCOVID19EL_2">Loss on COVID-19-EL</link:label>    <link:labelArc xlink:type="arc" xlink:arcrole="http://www.xbrl.org/2003/arcrole/concept-label" xlink:from="LossOnCOVID19EL" xlink:to="label_LossOnCOVID19EL_2" />  </link:labelLink></link:linkbase>