<?xml version="1.0" encoding="utf-8"?>
<!-- Generated by PRONEXUS WORKS --><link:linkbase xmlns:link="http://www.xbrl.org/2003/linkbase" xmlns:xsi="http://www.w3.org/2001/XMLSchema-instance" xmlns:xbrli="http://www.xbrl.org/2003/instance" xmlns:xlink="http://www.w3.org/1999/xlink">  <link:labelLink xlink:type="extended" xlink:role="http://www.xbrl.org/2003/role/link">    <link:loc xlink:type="locator" xlink:href="tse-qcedjpfr-97160-2022-08-31-01-2022-10-06.xsd#tse-qcedjpfr-97160_LossOnTemporaryClosureOfStoresEL" xlink:label="LossOnTemporaryClosureOfStoresEL" />    <link:loc xlink:type="locator" xlink:href="tse-qcedjpfr-97160-2022-08-31-01-2022-10-06.xsd#tse-qcedjpfr-97160_DecreaseIncreaseInTradeReceivablesAndContractAssetsOpeCF" xlink:label="DecreaseIncreaseInTradeReceivablesAndContractAssetsOpeCF" />    <link:loc xlink:type="locator" xlink:href="tse-qcedjpfr-97160-2022-08-31-01-2022-10-06.xsd#tse-qcedjpfr-97160_IncreaseDecreaseInContractLiabilitiesOpeCF" xlink:label="IncreaseDecreaseInContractLiabilitiesOpeCF" />    <link:label xlink:type="resource" xlink:label="label_LossOnTemporaryClosureOfStoresEL" xml:lang="en" xlink:role="http://www.xbrl.org/2003/role/label" id="label_LossOnTemporaryClosureOfStoresEL">loss on temporary closure of stores</link:label>    <link:labelArc xlink:type="arc" xlink:arcrole="http://www.xbrl.org/2003/arcrole/concept-label" xlink:from="LossOnTemporaryClosureOfStoresEL" xlink:to="label_LossOnTemporaryClosureOfStoresEL" />    <link:label xlink:type="resource" xlink:label="label_LossOnTemporaryClosureOfStoresEL_2" xml:lang="en" xlink:role="http://www.xbrl.org/2003/role/verboseLabel" id="label_LossOnTemporaryClosureOfStoresEL_2">loss on temporary closure of stores-EL</link:label>    <link:labelArc xlink:type="arc" xlink:arcrole="http://www.xbrl.org/2003/arcrole/concept-label" xlink:from="LossOnTemporaryClosureOfStoresEL" xlink:to="label_LossOnTemporaryClosureOfStoresEL_2" />    <link:label xlink:type="resource" xlink:label="label_DecreaseIncreaseInTradeReceivablesAndContractAssetsOpeCF" xml:lang="en" xlink:role="http://www.xbrl.org/2003/role/label" id="label_DecreaseIncreaseInTradeReceivablesAndContractAssetsOpeCF">Decrease(increase)in trade receivables and contract assets</link:label>    <link:labelArc xlink:type="arc" xlink:arcrole="http://www.xbrl.org/2003/arcrole/concept-label" xlink:from="DecreaseIncreaseInTradeReceivablesAndContractAssetsOpeCF" xlink:to="label_DecreaseIncreaseInTradeReceivablesAndContractAssetsOpeCF" />    <link:label xlink:type="resource" xlink:label="label_DecreaseIncreaseInTradeReceivablesAndContractAssetsOpeCF_2" xml:lang="en" xlink:role="http://www.xbrl.org/2003/role/verboseLabel" id="label_DecreaseIncreaseInTradeReceivablesAndContractAssetsOpeCF_2">Decrease(increase)in trade receivables and contract assets-OpeCF</link:label>    <link:labelArc xlink:type="arc" xlink:arcrole="http://www.xbrl.org/2003/arcrole/concept-label" xlink:from="DecreaseIncreaseInTradeReceivablesAndContractAssetsOpeCF" xlink:to="label_DecreaseIncreaseInTradeReceivablesAndContractAssetsOpeCF_2" />    <link:label xlink:type="resource" xlink:label="label_IncreaseDecreaseInContractLiabilitiesOpeCF" xml:lang="en" xlink:role="http://www.xbrl.org/2003/role/label" id="label_IncreaseDecreaseInContractLiabilitiesOpeCF">Increase (decrease) in ContractLiabilities</link:label>    <link:labelArc xlink:type="arc" xlink:arcrole="http://www.xbrl.org/2003/arcrole/concept-label" xlink:from="IncreaseDecreaseInContractLiabilitiesOpeCF" xlink:to="label_IncreaseDecreaseInContractLiabilitiesOpeCF" />    <link:label xlink:type="resource" xlink:label="label_IncreaseDecreaseInContractLiabilitiesOpeCF_2" xml:lang="en" xlink:role="http://www.xbrl.org/2003/role/verboseLabel" id="label_IncreaseDecreaseInContractLiabilitiesOpeCF_2">Increase (decrease) in ContractLiabilities -OpeCF</link:label>    <link:labelArc xlink:type="arc" xlink:arcrole="http://www.xbrl.org/2003/arcrole/concept-label" xlink:from="IncreaseDecreaseInContractLiabilitiesOpeCF" xlink:to="label_IncreaseDecreaseInContractLiabilitiesOpeCF_2" />  </link:labelLink></link:linkbase>