<?xml version="1.0" encoding="utf-8"?>
<!-- Generated by PRONEXUS WORKS --><link:linkbase xmlns:link="http://www.xbrl.org/2003/linkbase" xmlns:xsi="http://www.w3.org/2001/XMLSchema-instance" xmlns:xbrli="http://www.xbrl.org/2003/instance" xmlns:xlink="http://www.w3.org/1999/xlink">  <link:labelLink xlink:type="extended" xlink:role="http://www.xbrl.org/2003/role/link">    <link:loc xlink:type="locator" xlink:href="tse-qcedjpfr-75610-2022-09-30-01-2022-11-14.xsd#tse-qcedjpfr-75610_AmountOfSecurityMoneyOfPureIncreaseAndDecreaseInvCF" xlink:label="AmountOfSecurityMoneyOfPureIncreaseAndDecreaseInvCF" />    <link:loc xlink:type="locator" xlink:href="tse-qcedjpfr-75610-2022-09-30-01-2022-11-14.xsd#tse-qcedjpfr-75610_BusinessConsignmentContractCancelationProfit" xlink:label="BusinessConsignmentContractCancelationProfit" />    <link:loc xlink:type="locator" xlink:href="tse-qcedjpfr-75610-2022-09-30-01-2022-11-14.xsd#tse-qcedjpfr-75610_TheBusinessConsignmentContractCancelationIsDisadvantageous" xlink:label="TheBusinessConsignmentContractCancelationIsDisadvantageous" />    <link:label xlink:type="resource" xlink:label="label_BusinessConsignmentContractCancelationProfit" xml:lang="en" xlink:role="http://www.xbrl.org/2003/role/label" id="label_BusinessConsignmentContractCancelationProfit">Business consignment contract cancelation profit</link:label>    <link:labelArc xlink:type="arc" xlink:arcrole="http://www.xbrl.org/2003/arcrole/concept-label" xlink:from="BusinessConsignmentContractCancelationProfit" xlink:to="label_BusinessConsignmentContractCancelationProfit" />    <link:label xlink:type="resource" xlink:label="label_BusinessConsignmentContractCancelationProfit_2" xml:lang="en" xlink:role="http://www.xbrl.org/2003/role/verboseLabel" id="label_BusinessConsignmentContractCancelationProfit_2">Business consignment contract cancelation profit</link:label>    <link:labelArc xlink:type="arc" xlink:arcrole="http://www.xbrl.org/2003/arcrole/concept-label" xlink:from="BusinessConsignmentContractCancelationProfit" xlink:to="label_BusinessConsignmentContractCancelationProfit_2" />    <link:label xlink:type="resource" xlink:label="label_TheBusinessConsignmentContractCancelationIsDisadvantageous" xml:lang="en" xlink:role="http://www.xbrl.org/2003/role/label" id="label_TheBusinessConsignmentContractCancelationIsDisadvantageous">The business consignment contract cancelation is disadvantageous.</link:label>    <link:labelArc xlink:type="arc" xlink:arcrole="http://www.xbrl.org/2003/arcrole/concept-label" xlink:from="TheBusinessConsignmentContractCancelationIsDisadvantageous" xlink:to="label_TheBusinessConsignmentContractCancelationIsDisadvantageous" />    <link:label xlink:type="resource" xlink:label="label_TheBusinessConsignmentContractCancelationIsDisadvantageous_2" xml:lang="en" xlink:role="http://www.xbrl.org/2003/role/verboseLabel" id="label_TheBusinessConsignmentContractCancelationIsDisadvantageous_2">The business consignment contract cancelation is disadvantageous.</link:label>    <link:labelArc xlink:type="arc" xlink:arcrole="http://www.xbrl.org/2003/arcrole/concept-label" xlink:from="TheBusinessConsignmentContractCancelationIsDisadvantageous" xlink:to="label_TheBusinessConsignmentContractCancelationIsDisadvantageous_2" />    <link:label xlink:type="resource" xlink:label="label_AmountOfSecurityMoneyOfPureIncreaseAndDecreaseInvCF" xml:lang="en" xlink:role="http://www.xbrl.org/2003/role/label" id="label_AmountOfSecurityMoneyOfPureIncreaseAndDecreaseInvCF">Amount of security money of pure increase and decrease</link:label>    <link:labelArc xlink:type="arc" xlink:arcrole="http://www.xbrl.org/2003/arcrole/concept-label" xlink:from="AmountOfSecurityMoneyOfPureIncreaseAndDecreaseInvCF" xlink:to="label_AmountOfSecurityMoneyOfPureIncreaseAndDecreaseInvCF" />    <link:label xlink:type="resource" xlink:label="label_AmountOfSecurityMoneyOfPureIncreaseAndDecreaseInvCF_2" xml:lang="en" xlink:role="http://www.xbrl.org/2003/role/verboseLabel" id="label_AmountOfSecurityMoneyOfPureIncreaseAndDecreaseInvCF_2">Amount of security money of pure increase and decrease,InvCF</link:label>    <link:labelArc xlink:type="arc" xlink:arcrole="http://www.xbrl.org/2003/arcrole/concept-label" xlink:from="AmountOfSecurityMoneyOfPureIncreaseAndDecreaseInvCF" xlink:to="label_AmountOfSecurityMoneyOfPureIncreaseAndDecreaseInvCF_2" />  </link:labelLink></link:linkbase>