<?xml version="1.0" encoding="utf-8"?>
<!-- Generated by PRONEXUS WORKS --><link:linkbase xmlns:link="http://www.xbrl.org/2003/linkbase" xmlns:xsi="http://www.w3.org/2001/XMLSchema-instance" xmlns:xbrli="http://www.xbrl.org/2003/instance" xmlns:xlink="http://www.w3.org/1999/xlink">  <link:labelLink xlink:type="extended" xlink:role="http://www.xbrl.org/2003/role/link">    <link:loc xlink:type="locator" xlink:href="tse-qcedjpfr-38300-2022-09-30-01-2022-11-10.xsd#tse-qcedjpfr-38300_CancellationFeeNOE" xlink:label="CancellationFeeNOE" />    <link:loc xlink:type="locator" xlink:href="tse-qcedjpfr-38300-2022-09-30-01-2022-11-10.xsd#tse-qcedjpfr-38300_ProceedsFromCollectionOfDepositsInvCF" xlink:label="ProceedsFromCollectionOfDepositsInvCF" />    <link:loc xlink:type="locator" xlink:href="tse-qcedjpfr-38300-2022-09-30-01-2022-11-10.xsd#tse-qcedjpfr-38300_PaymentsForDepositsInvCF" xlink:label="PaymentsForDepositsInvCF" />    <link:label xlink:type="resource" xlink:label="label_CancellationFeeNOE" xml:lang="ja" xlink:role="http://www.xbrl.org/2003/role/label" id="label_CancellationFeeNOE">解約手数料</link:label>    <link:labelArc xlink:type="arc" xlink:arcrole="http://www.xbrl.org/2003/arcrole/concept-label" xlink:from="CancellationFeeNOE" xlink:to="label_CancellationFeeNOE" />    <link:label xlink:type="resource" xlink:label="label_CancellationFeeNOE_2" xml:lang="ja" xlink:role="http://www.xbrl.org/2003/role/verboseLabel" id="label_CancellationFeeNOE_2">解約手数料、営業外費用</link:label>    <link:labelArc xlink:type="arc" xlink:arcrole="http://www.xbrl.org/2003/arcrole/concept-label" xlink:from="CancellationFeeNOE" xlink:to="label_CancellationFeeNOE_2" />    <link:label xlink:type="resource" xlink:label="label_ProceedsFromCollectionOfDepositsInvCF" xml:lang="ja" xlink:role="http://www.xbrl.org/2003/role/label" id="label_ProceedsFromCollectionOfDepositsInvCF">保証金の回収による収入</link:label>    <link:labelArc xlink:type="arc" xlink:arcrole="http://www.xbrl.org/2003/arcrole/concept-label" xlink:from="ProceedsFromCollectionOfDepositsInvCF" xlink:to="label_ProceedsFromCollectionOfDepositsInvCF" />    <link:label xlink:type="resource" xlink:label="label_ProceedsFromCollectionOfDepositsInvCF_2" xml:lang="ja" xlink:role="http://www.xbrl.org/2003/role/verboseLabel" id="label_ProceedsFromCollectionOfDepositsInvCF_2">保証金の回収による収入、投資活動によるキャッシュ・フロー</link:label>    <link:labelArc xlink:type="arc" xlink:arcrole="http://www.xbrl.org/2003/arcrole/concept-label" xlink:from="ProceedsFromCollectionOfDepositsInvCF" xlink:to="label_ProceedsFromCollectionOfDepositsInvCF_2" />    <link:label xlink:type="resource" xlink:label="label_PaymentsForDepositsInvCF" xml:lang="ja" xlink:role="http://www.xbrl.org/2003/role/label" id="label_PaymentsForDepositsInvCF">保証金の差入による支出</link:label>    <link:labelArc xlink:type="arc" xlink:arcrole="http://www.xbrl.org/2003/arcrole/concept-label" xlink:from="PaymentsForDepositsInvCF" xlink:to="label_PaymentsForDepositsInvCF" />    <link:label xlink:type="resource" xlink:label="label_PaymentsForDepositsInvCF_2" xml:lang="ja" xlink:role="http://www.xbrl.org/2003/role/verboseLabel" id="label_PaymentsForDepositsInvCF_2">保証金の差入による支出、投資活動によるキャッシュ・フロー</link:label>    <link:labelArc xlink:type="arc" xlink:arcrole="http://www.xbrl.org/2003/arcrole/concept-label" xlink:from="PaymentsForDepositsInvCF" xlink:to="label_PaymentsForDepositsInvCF_2" />  </link:labelLink></link:linkbase>