<?xml version="1.0" encoding="utf-8"?>
<!-- Generated by PRONEXUS WORKS --><link:linkbase xmlns:link="http://www.xbrl.org/2003/linkbase" xmlns:xsi="http://www.w3.org/2001/XMLSchema-instance" xmlns:xbrli="http://www.xbrl.org/2003/instance" xmlns:xlink="http://www.w3.org/1999/xlink">  <link:labelLink xlink:type="extended" xlink:role="http://www.xbrl.org/2003/role/link">    <link:loc xlink:type="locator" xlink:href="tse-anedjpfr-31740-2022-08-31-01-2022-10-14.xsd#tse-anedjpfr-31740_SubsidiesForEmploymentAdjustmentEI" xlink:label="SubsidiesForEmploymentAdjustmentEI" />    <link:loc xlink:type="locator" xlink:href="tse-anedjpfr-31740-2022-08-31-01-2022-10-14.xsd#tse-anedjpfr-31740_LossOnTemporaryClosingOfStoresEL" xlink:label="LossOnTemporaryClosingOfStoresEL" />    <link:loc xlink:type="locator" xlink:href="tse-anedjpfr-31740-2022-08-31-01-2022-10-14.xsd#tse-anedjpfr-31740_SubsidiesForEmploymentAdjustmentOpeCF" xlink:label="SubsidiesForEmploymentAdjustmentOpeCF" />    <link:loc xlink:type="locator" xlink:href="tse-anedjpfr-31740-2022-08-31-01-2022-10-14.xsd#tse-anedjpfr-31740_ProceedsFromSubsidiesForEmploymentAdjustmentOpeCF" xlink:label="ProceedsFromSubsidiesForEmploymentAdjustmentOpeCF" />    <link:loc xlink:type="locator" xlink:href="tse-anedjpfr-31740-2022-08-31-01-2022-10-14.xsd#tse-anedjpfr-31740_IncreaseDecreaseInContractLiabilities" xlink:label="IncreaseDecreaseInContractLiabilities" />    <link:label xlink:type="resource" xlink:label="label_SubsidiesForEmploymentAdjustmentEI" xml:lang="ja" xlink:role="http://www.xbrl.org/2003/role/label" id="label_SubsidiesForEmploymentAdjustmentEI">雇用調整助成金</link:label>    <link:labelArc xlink:type="arc" xlink:arcrole="http://www.xbrl.org/2003/arcrole/concept-label" xlink:from="SubsidiesForEmploymentAdjustmentEI" xlink:to="label_SubsidiesForEmploymentAdjustmentEI" />    <link:label xlink:type="resource" xlink:label="label_SubsidiesForEmploymentAdjustmentEI_2" xml:lang="ja" xlink:role="http://www.xbrl.org/2003/role/verboseLabel" id="label_SubsidiesForEmploymentAdjustmentEI_2">雇用調整助成金、特別利益</link:label>    <link:labelArc xlink:type="arc" xlink:arcrole="http://www.xbrl.org/2003/arcrole/concept-label" xlink:from="SubsidiesForEmploymentAdjustmentEI" xlink:to="label_SubsidiesForEmploymentAdjustmentEI_2" />    <link:label xlink:type="resource" xlink:label="label_LossOnTemporaryClosingOfStoresEL" xml:lang="ja" xlink:role="http://www.xbrl.org/2003/role/label" id="label_LossOnTemporaryClosingOfStoresEL">店舗休業損失</link:label>    <link:labelArc xlink:type="arc" xlink:arcrole="http://www.xbrl.org/2003/arcrole/concept-label" xlink:from="LossOnTemporaryClosingOfStoresEL" xlink:to="label_LossOnTemporaryClosingOfStoresEL" />    <link:label xlink:type="resource" xlink:label="label_LossOnTemporaryClosingOfStoresEL_2" xml:lang="ja" xlink:role="http://www.xbrl.org/2003/role/verboseLabel" id="label_LossOnTemporaryClosingOfStoresEL_2">店舗休業損失、特別損失</link:label>    <link:labelArc xlink:type="arc" xlink:arcrole="http://www.xbrl.org/2003/arcrole/concept-label" xlink:from="LossOnTemporaryClosingOfStoresEL" xlink:to="label_LossOnTemporaryClosingOfStoresEL_2" />    <link:loc xlink:type="locator" xlink:href="http://disclosure.edinet-fsa.go.jp/taxonomy/jppfs/2021-11-01/jppfs_cor_2021-11-01.xsd#jppfs_cor_CumulativeEffectsOfChangesInAccountingPolicies" xlink:label="CumulativeEffectsOfChangesInAccountingPolicies" />    <link:label xlink:type="resource" xlink:label="label_CumulativeEffectsOfChangesInAccountingPolicies" xml:lang="ja" xlink:role="http://www.xbrl.org/2003/role/periodStartLabel" id="label_CumulativeEffectsOfChangesInAccountingPolicies">会計方針の変更による累積的影響額</link:label>    <link:labelArc xlink:type="arc" xlink:arcrole="http://www.xbrl.org/2003/arcrole/concept-label" xlink:from="CumulativeEffectsOfChangesInAccountingPolicies" xlink:to="label_CumulativeEffectsOfChangesInAccountingPolicies" />    <link:loc xlink:type="locator" xlink:href="http://disclosure.edinet-fsa.go.jp/taxonomy/jppfs/2021-11-01/jppfs_cor_2021-11-01.xsd#jppfs_cor_RestatedBalance" xlink:label="RestatedBalance" />    <link:label xlink:type="resource" xlink:label="label_RestatedBalance" xml:lang="ja" xlink:role="http://www.xbrl.org/2003/role/periodStartLabel" id="label_RestatedBalance">会計方針の変更を反映した当期首残高</link:label>    <link:labelArc xlink:type="arc" xlink:arcrole="http://www.xbrl.org/2003/arcrole/concept-label" xlink:from="RestatedBalance" xlink:to="label_RestatedBalance" />    <link:label xlink:type="resource" xlink:label="label_SubsidiesForEmploymentAdjustmentOpeCF" xml:lang="ja" xlink:role="http://www.xbrl.org/2003/role/label" id="label_SubsidiesForEmploymentAdjustmentOpeCF">雇用調整助成金</link:label>    <link:labelArc xlink:type="arc" xlink:arcrole="http://www.xbrl.org/2003/arcrole/concept-label" xlink:from="SubsidiesForEmploymentAdjustmentOpeCF" xlink:to="label_SubsidiesForEmploymentAdjustmentOpeCF" />    <link:label xlink:type="resource" xlink:label="label_SubsidiesForEmploymentAdjustmentOpeCF_2" xml:lang="ja" xlink:role="http://www.xbrl.org/2003/role/verboseLabel" id="label_SubsidiesForEmploymentAdjustmentOpeCF_2">雇用調整助成金、営業活動によるキャッシュ・フロー</link:label>    <link:labelArc xlink:type="arc" xlink:arcrole="http://www.xbrl.org/2003/arcrole/concept-label" xlink:from="SubsidiesForEmploymentAdjustmentOpeCF" xlink:to="label_SubsidiesForEmploymentAdjustmentOpeCF_2" />    <link:label xlink:type="resource" xlink:label="label_IncreaseDecreaseInContractLiabilities" xml:lang="ja" xlink:role="http://www.xbrl.org/2003/role/label" id="label_IncreaseDecreaseInContractLiabilities">契約負債の増減額(△は減少)</link:label>    <link:labelArc xlink:type="arc" xlink:arcrole="http://www.xbrl.org/2003/arcrole/concept-label" xlink:from="IncreaseDecreaseInContractLiabilities" xlink:to="label_IncreaseDecreaseInContractLiabilities" />    <link:label xlink:type="resource" xlink:label="label_IncreaseDecreaseInContractLiabilities_2" xml:lang="ja" xlink:role="http://www.xbrl.org/2003/role/verboseLabel" id="label_IncreaseDecreaseInContractLiabilities_2">契約負債の増減額(△は減少)</link:label>    <link:labelArc xlink:type="arc" xlink:arcrole="http://www.xbrl.org/2003/arcrole/concept-label" xlink:from="IncreaseDecreaseInContractLiabilities" xlink:to="label_IncreaseDecreaseInContractLiabilities_2" />    <link:label xlink:type="resource" xlink:label="label_ProceedsFromSubsidiesForEmploymentAdjustmentOpeCF" xml:lang="ja" xlink:role="http://www.xbrl.org/2003/role/label" id="label_ProceedsFromSubsidiesForEmploymentAdjustmentOpeCF">雇用調整助成金の受取額</link:label>    <link:labelArc xlink:type="arc" xlink:arcrole="http://www.xbrl.org/2003/arcrole/concept-label" xlink:from="ProceedsFromSubsidiesForEmploymentAdjustmentOpeCF" xlink:to="label_ProceedsFromSubsidiesForEmploymentAdjustmentOpeCF" />    <link:label xlink:type="resource" xlink:label="label_ProceedsFromSubsidiesForEmploymentAdjustmentOpeCF_2" xml:lang="ja" xlink:role="http://www.xbrl.org/2003/role/verboseLabel" id="label_ProceedsFromSubsidiesForEmploymentAdjustmentOpeCF_2">雇用調整助成金の受取額、営業活動によるキャッシュ・フロー</link:label>    <link:labelArc xlink:type="arc" xlink:arcrole="http://www.xbrl.org/2003/arcrole/concept-label" xlink:from="ProceedsFromSubsidiesForEmploymentAdjustmentOpeCF" xlink:to="label_ProceedsFromSubsidiesForEmploymentAdjustmentOpeCF_2" />  </link:labelLink></link:linkbase>