﻿<?xml version="1.0" encoding="utf-8"?>
<!-- Edited with FutureStage XBRL Solution Library .NET 01-11 -->
<link:linkbase xmlns:xlink="http://www.w3.org/1999/xlink" xmlns:xsi="http://www.w3.org/2001/XMLSchema-instance" xmlns:link="http://www.xbrl.org/2003/linkbase">
  <link:labelLink xlink:type="extended" xlink:role="http://www.xbrl.org/2003/role/link">
    <link:label xml:lang="en" xlink:type="resource" xlink:label="tse-qcedjpfr-68190_AccountsReceivableTradeAndContractAssets_label" xlink:role="http://www.xbrl.org/2003/role/label">Accounts receivable trade and contract assets</link:label>
    <link:label xml:lang="en" xlink:type="resource" xlink:label="tse-qcedjpfr-68190_AccountsReceivableTradeAndContractAssets_label_1" xlink:role="http://www.xbrl.org/2003/role/verboseLabel">Accounts receivable trade and contract assets</link:label>
    <link:label xml:lang="en" xlink:type="resource" xlink:label="tse-qcedjpfr-68190_DecreaseIncreaseOfMerchandiseEtcOpeCF_label_1" xlink:role="http://www.xbrl.org/2003/role/label">Decrease increase of merchandise etc</link:label>
    <link:label xml:lang="en" xlink:type="resource" xlink:label="tse-qcedjpfr-68190_DecreaseIncreaseOfMerchandiseEtcOpeCF_label_2" xlink:role="http://www.xbrl.org/2003/role/verboseLabel">Decrease increase of merchandise etc-OpeCF</link:label>
    <link:label xml:lang="en" xlink:type="resource" xlink:label="tse-qcedjpfr-68190_DecreaseIncreaseOfMerchandiseEtcOpeCF_label" xlink:role="http://www.xbrl.org/2003/role/documentation">Decrease increase of merchandise etc-OpeCF</link:label>
    <link:label xml:lang="en" xlink:type="resource" xlink:label="tse-qcedjpfr-68190_LongTermOperatingReceivablesIOA_label_1" xlink:role="http://www.xbrl.org/2003/role/label">Long-term operating receivables</link:label>
    <link:label xml:lang="en" xlink:type="resource" xlink:label="tse-qcedjpfr-68190_LongTermOperatingReceivablesIOA_label_2" xlink:role="http://www.xbrl.org/2003/role/verboseLabel">Long-term operating receivables-IOA</link:label>
    <link:label xml:lang="en" xlink:type="resource" xlink:label="tse-qcedjpfr-68190_LongTermOperatingReceivablesIOA_label" xlink:role="http://www.xbrl.org/2003/role/documentation">Long-term operating receivables-IOA</link:label>
    <link:label xml:lang="en" xlink:type="resource" xlink:label="tse-qcedjpfr-68190_MerchandiseEtcCA_label_1" xlink:role="http://www.xbrl.org/2003/role/label">Merchandise etc.</link:label>
    <link:label xml:lang="en" xlink:type="resource" xlink:label="tse-qcedjpfr-68190_MerchandiseEtcCA_label_2" xlink:role="http://www.xbrl.org/2003/role/verboseLabel">Merchandise etc.-CA</link:label>
    <link:label xml:lang="en" xlink:type="resource" xlink:label="tse-qcedjpfr-68190_MerchandiseEtcCA_label" xlink:role="http://www.xbrl.org/2003/role/documentation">Merchandise etc.-CA</link:label>
    <link:loc xlink:type="locator" xlink:href="tse-qcedjpfr-68190-2022-09-30-01-2022-11-11.xsd#tse-qcedjpfr-68190_AccountsReceivableTradeAndContractAssets" xlink:label="tse-qcedjpfr-68190_AccountsReceivableTradeAndContractAssets" />
    <link:loc xlink:type="locator" xlink:href="tse-qcedjpfr-68190-2022-09-30-01-2022-11-11.xsd#tse-qcedjpfr-68190_DecreaseIncreaseOfMerchandiseEtcOpeCF" xlink:label="tse-qcedjpfr-68190_DecreaseIncreaseOfMerchandiseEtcOpeCF" />
    <link:loc xlink:type="locator" xlink:href="tse-qcedjpfr-68190-2022-09-30-01-2022-11-11.xsd#tse-qcedjpfr-68190_LongTermOperatingReceivablesIOA" xlink:label="tse-qcedjpfr-68190_LongTermOperatingReceivablesIOA" />
    <link:loc xlink:type="locator" xlink:href="tse-qcedjpfr-68190-2022-09-30-01-2022-11-11.xsd#tse-qcedjpfr-68190_MerchandiseEtcCA" xlink:label="tse-qcedjpfr-68190_MerchandiseEtcCA" />
    <link:labelArc xlink:type="arc" xlink:from="tse-qcedjpfr-68190_AccountsReceivableTradeAndContractAssets" xlink:to="tse-qcedjpfr-68190_AccountsReceivableTradeAndContractAssets_label" xlink:arcrole="http://www.xbrl.org/2003/arcrole/concept-label" order="1" />
    <link:labelArc xlink:type="arc" xlink:from="tse-qcedjpfr-68190_AccountsReceivableTradeAndContractAssets" xlink:to="tse-qcedjpfr-68190_AccountsReceivableTradeAndContractAssets_label_1" xlink:arcrole="http://www.xbrl.org/2003/arcrole/concept-label" order="1" />
    <link:labelArc xlink:type="arc" xlink:from="tse-qcedjpfr-68190_DecreaseIncreaseOfMerchandiseEtcOpeCF" xlink:to="tse-qcedjpfr-68190_DecreaseIncreaseOfMerchandiseEtcOpeCF_label" xlink:arcrole="http://www.xbrl.org/2003/arcrole/concept-label" order="1" />
    <link:labelArc xlink:type="arc" xlink:from="tse-qcedjpfr-68190_DecreaseIncreaseOfMerchandiseEtcOpeCF" xlink:to="tse-qcedjpfr-68190_DecreaseIncreaseOfMerchandiseEtcOpeCF_label_1" xlink:arcrole="http://www.xbrl.org/2003/arcrole/concept-label" order="1" />
    <link:labelArc xlink:type="arc" xlink:from="tse-qcedjpfr-68190_DecreaseIncreaseOfMerchandiseEtcOpeCF" xlink:to="tse-qcedjpfr-68190_DecreaseIncreaseOfMerchandiseEtcOpeCF_label_2" xlink:arcrole="http://www.xbrl.org/2003/arcrole/concept-label" order="1" />
    <link:labelArc xlink:type="arc" xlink:from="tse-qcedjpfr-68190_LongTermOperatingReceivablesIOA" xlink:to="tse-qcedjpfr-68190_LongTermOperatingReceivablesIOA_label" xlink:arcrole="http://www.xbrl.org/2003/arcrole/concept-label" order="1" />
    <link:labelArc xlink:type="arc" xlink:from="tse-qcedjpfr-68190_LongTermOperatingReceivablesIOA" xlink:to="tse-qcedjpfr-68190_LongTermOperatingReceivablesIOA_label_1" xlink:arcrole="http://www.xbrl.org/2003/arcrole/concept-label" order="1" />
    <link:labelArc xlink:type="arc" xlink:from="tse-qcedjpfr-68190_LongTermOperatingReceivablesIOA" xlink:to="tse-qcedjpfr-68190_LongTermOperatingReceivablesIOA_label_2" xlink:arcrole="http://www.xbrl.org/2003/arcrole/concept-label" order="1" />
    <link:labelArc xlink:type="arc" xlink:from="tse-qcedjpfr-68190_MerchandiseEtcCA" xlink:to="tse-qcedjpfr-68190_MerchandiseEtcCA_label" xlink:arcrole="http://www.xbrl.org/2003/arcrole/concept-label" order="1" />
    <link:labelArc xlink:type="arc" xlink:from="tse-qcedjpfr-68190_MerchandiseEtcCA" xlink:to="tse-qcedjpfr-68190_MerchandiseEtcCA_label_1" xlink:arcrole="http://www.xbrl.org/2003/arcrole/concept-label" order="1" />
    <link:labelArc xlink:type="arc" xlink:from="tse-qcedjpfr-68190_MerchandiseEtcCA" xlink:to="tse-qcedjpfr-68190_MerchandiseEtcCA_label_2" xlink:arcrole="http://www.xbrl.org/2003/arcrole/concept-label" order="1" />
  </link:labelLink>
</link:linkbase>