﻿<?xml version="1.0" encoding="utf-8"?>
<!-- Edited with FutureStage XBRL Solution Library .NET 01-11 -->
<link:linkbase xmlns:xlink="http://www.w3.org/1999/xlink" xmlns:xsi="http://www.w3.org/2001/XMLSchema-instance" xmlns:link="http://www.xbrl.org/2003/linkbase">
  <link:labelLink xlink:type="extended" xlink:role="http://www.xbrl.org/2003/role/link">
    <link:label xml:lang="en" xlink:type="resource" xlink:label="tse-qcedjpfr-90730_GainOnSalesOfCommercialVehiclesNOI_label_1" xlink:role="http://www.xbrl.org/2003/role/label">Gain on sales of commercial vehicles</link:label>
    <link:label xml:lang="en" xlink:type="resource" xlink:label="tse-qcedjpfr-90730_GainOnSalesOfCommercialVehiclesNOI_label_2" xlink:role="http://www.xbrl.org/2003/role/verboseLabel">Gain on sales of commercial vehicles-NOI</link:label>
    <link:label xml:lang="en" xlink:type="resource" xlink:label="tse-qcedjpfr-90730_GainOnSalesOfCommercialVehiclesNOI_label" xlink:role="http://www.xbrl.org/2003/role/documentation">Gain on sales of commercial vehicles-NOI</link:label>
    <link:label xml:lang="en" xlink:type="resource" xlink:label="tse-qcedjpfr-90730_LightOilDeliveryTaxGrantNOI_label_1" xlink:role="http://www.xbrl.org/2003/role/label">Light oil delivery tax grant</link:label>
    <link:label xml:lang="en" xlink:type="resource" xlink:label="tse-qcedjpfr-90730_LightOilDeliveryTaxGrantNOI_label_2" xlink:role="http://www.xbrl.org/2003/role/verboseLabel">Light oil delivery tax grant-NOI</link:label>
    <link:label xml:lang="en" xlink:type="resource" xlink:label="tse-qcedjpfr-90730_LightOilDeliveryTaxGrantNOI_label" xlink:role="http://www.xbrl.org/2003/role/documentation">Light oil delivery tax grant-NOI</link:label>
    <link:loc xlink:type="locator" xlink:href="tse-qcedjpfr-90730-2022-09-30-01-2022-11-11.xsd#tse-qcedjpfr-90730_GainOnSalesOfCommercialVehiclesNOI" xlink:label="tse-qcedjpfr-90730_GainOnSalesOfCommercialVehiclesNOI" />
    <link:loc xlink:type="locator" xlink:href="tse-qcedjpfr-90730-2022-09-30-01-2022-11-11.xsd#tse-qcedjpfr-90730_LightOilDeliveryTaxGrantNOI" xlink:label="tse-qcedjpfr-90730_LightOilDeliveryTaxGrantNOI" />
    <link:labelArc xlink:type="arc" xlink:from="tse-qcedjpfr-90730_GainOnSalesOfCommercialVehiclesNOI" xlink:to="tse-qcedjpfr-90730_GainOnSalesOfCommercialVehiclesNOI_label" xlink:arcrole="http://www.xbrl.org/2003/arcrole/concept-label" order="1" />
    <link:labelArc xlink:type="arc" xlink:from="tse-qcedjpfr-90730_GainOnSalesOfCommercialVehiclesNOI" xlink:to="tse-qcedjpfr-90730_GainOnSalesOfCommercialVehiclesNOI_label_1" xlink:arcrole="http://www.xbrl.org/2003/arcrole/concept-label" order="1" />
    <link:labelArc xlink:type="arc" xlink:from="tse-qcedjpfr-90730_GainOnSalesOfCommercialVehiclesNOI" xlink:to="tse-qcedjpfr-90730_GainOnSalesOfCommercialVehiclesNOI_label_2" xlink:arcrole="http://www.xbrl.org/2003/arcrole/concept-label" order="1" />
    <link:labelArc xlink:type="arc" xlink:from="tse-qcedjpfr-90730_LightOilDeliveryTaxGrantNOI" xlink:to="tse-qcedjpfr-90730_LightOilDeliveryTaxGrantNOI_label" xlink:arcrole="http://www.xbrl.org/2003/arcrole/concept-label" order="1" />
    <link:labelArc xlink:type="arc" xlink:from="tse-qcedjpfr-90730_LightOilDeliveryTaxGrantNOI" xlink:to="tse-qcedjpfr-90730_LightOilDeliveryTaxGrantNOI_label_1" xlink:arcrole="http://www.xbrl.org/2003/arcrole/concept-label" order="1" />
    <link:labelArc xlink:type="arc" xlink:from="tse-qcedjpfr-90730_LightOilDeliveryTaxGrantNOI" xlink:to="tse-qcedjpfr-90730_LightOilDeliveryTaxGrantNOI_label_2" xlink:arcrole="http://www.xbrl.org/2003/arcrole/concept-label" order="1" />
  </link:labelLink>
</link:linkbase>