﻿<?xml version="1.0" encoding="utf-8"?>
<!-- Edited with FutureStage XBRL Solution Library .NET 01-11 -->
<link:linkbase xmlns:xlink="http://www.w3.org/1999/xlink" xmlns:xsi="http://www.w3.org/2001/XMLSchema-instance" xmlns:link="http://www.xbrl.org/2003/linkbase">
  <link:roleRef xlink:type="simple" xlink:href="http://disclosure.edinet-fsa.go.jp/taxonomy/jpcrp/2021-11-01/jpcrp_rt_2021-11-01.xsd#rol_altLabel" roleURI="http://disclosure.edinet-fsa.go.jp/jpcrp/alt/role/label" />
  <link:roleRef xlink:type="simple" xlink:href="http://disclosure.edinet-fsa.go.jp/taxonomy/jppfs/2021-11-01/jppfs_rt_2021-11-01.xsd#rol_ConsolidatedQuarterlyLabel" roleURI="http://disclosure.edinet-fsa.go.jp/jppfs/ConsolidatedQuarterly/role/label" />
  <link:labelLink xlink:type="extended" xlink:role="http://www.xbrl.org/2003/role/link">
    <link:label xml:lang="ja" xlink:type="resource" xlink:label="jpigp_cor_ComprehensiveIncomeAttributableToIFRSAbstract_label" xlink:role="http://disclosure.edinet-fsa.go.jp/jppfs/ConsolidatedQuarterly/role/label">四半期包括利益の帰属</link:label>
    <link:label xml:lang="ja" xlink:type="resource" xlink:label="jpigp_cor_IncomeTaxesPaidOpeCFIFRS_label" xlink:role="http://disclosure.edinet-fsa.go.jp/jpcrp/alt/role/label">法人所得税等の支払額</link:label>
    <link:label xml:lang="ja" xlink:type="resource" xlink:label="jpigp_cor_IncomeTaxesPayableCLIFRS_label" xlink:role="http://disclosure.edinet-fsa.go.jp/jpcrp/alt/role/label">未払法人所得税等</link:label>
    <link:label xml:lang="ja" xlink:type="resource" xlink:label="tse-qcediffr-70470_CapitalFinancialAssetsValuedAtFairValueThroughOtherComprehensiveIncomeIFRSMember_label" xlink:role="http://www.xbrl.org/2003/role/label">その他の包括利益を通じて公正価値で評価する資本性金融資産</link:label>
    <link:label xml:lang="ja" xlink:type="resource" xlink:label="tse-qcediffr-70470_CapitalFinancialAssetsValuedAtFairValueThroughOtherComprehensiveIncomeIFRSMember_label_1" xlink:role="http://www.xbrl.org/2003/role/verboseLabel">その他の包括利益を通じて公正価値で評価する資本性金融資産（IFRS） [メンバー]</link:label>
    <link:label xml:lang="ja" xlink:type="resource" xlink:label="tse-qcediffr-70470_EquityFinancialAssetsMeasuredAtFairValueThroughOtherComprehensiveIncomeItemsThatWillNotBeReclassifiedToProfitOrLossIFRS_label" xlink:role="http://www.xbrl.org/2003/role/label">その他の包括利益を通じて公正価値で測定する資本性金融資産</link:label>
    <link:label xml:lang="ja" xlink:type="resource" xlink:label="tse-qcediffr-70470_EquityFinancialAssetsMeasuredAtFairValueThroughOtherComprehensiveIncomeItemsThatWillNotBeReclassifiedToProfitOrLossIFRS_label_1" xlink:role="http://www.xbrl.org/2003/role/verboseLabel">その他の包括利益を通じて公正価値で測定する資本性金融資産、純損益に振り替えられることのない項目（IFRS）</link:label>
    <link:label xml:lang="ja" xlink:type="resource" xlink:label="tse-qcediffr-70470_PaymentsForGuaranteeDepositsAndLeaseInvCFIFRS_label" xlink:role="http://www.xbrl.org/2003/role/label">敷金の預入による支出</link:label>
    <link:label xml:lang="ja" xlink:type="resource" xlink:label="tse-qcediffr-70470_PaymentsForGuaranteeDepositsAndLeaseInvCFIFRS_label_1" xlink:role="http://www.xbrl.org/2003/role/verboseLabel">敷金の預入による支出、投資活動によるキャッシュ・フロー（IFRS）</link:label>
    <link:label xml:lang="ja" xlink:type="resource" xlink:label="tse-qcediffr-70470_PaymentsOfInstallmentPayableFinCFIFRS_label" xlink:role="http://www.xbrl.org/2003/role/label">割賦未払金の返済による支出</link:label>
    <link:label xml:lang="ja" xlink:type="resource" xlink:label="tse-qcediffr-70470_PaymentsOfInstallmentPayableFinCFIFRS_label_1" xlink:role="http://www.xbrl.org/2003/role/verboseLabel">割賦未払金の返済による支出、財務活動によるキャッシュ・フロー（IFRS）</link:label>
    <link:label xml:lang="ja" xlink:type="resource" xlink:label="tse-qcediffr-70470_ProceedsFromIssuanceOfSharesByExercisingStockAcquisitionRightsFinCFIFRS_label" xlink:role="http://www.xbrl.org/2003/role/label">新株予約権の行使による株式の発行による収入</link:label>
    <link:label xml:lang="ja" xlink:type="resource" xlink:label="tse-qcediffr-70470_ProceedsFromIssuanceOfSharesByExercisingStockAcquisitionRightsFinCFIFRS_label_1" xlink:role="http://www.xbrl.org/2003/role/verboseLabel">新株予約権の行使による株式の発行による収入、財務活動によるキャッシュ・フロー（IFRS）</link:label>
    <link:label xml:lang="ja" xlink:type="resource" xlink:label="tse-qcediffr-70470_RefundLiabilitiesCLIFRS_label" xlink:role="http://www.xbrl.org/2003/role/label">返金負債</link:label>
    <link:label xml:lang="ja" xlink:type="resource" xlink:label="tse-qcediffr-70470_RefundLiabilitiesCLIFRS_label_1" xlink:role="http://www.xbrl.org/2003/role/verboseLabel">返金負債、流動負債（IFRS）</link:label>
    <link:loc xlink:type="locator" xlink:href="http://disclosure.edinet-fsa.go.jp/taxonomy/jpigp/2021-11-01/jpigp_cor_2021-11-01.xsd#jpigp_cor_ComprehensiveIncomeAttributableToIFRSAbstract" xlink:label="jpigp_cor_ComprehensiveIncomeAttributableToIFRSAbstract" />
    <link:loc xlink:type="locator" xlink:href="http://disclosure.edinet-fsa.go.jp/taxonomy/jpigp/2021-11-01/jpigp_cor_2021-11-01.xsd#jpigp_cor_IncomeTaxesPaidOpeCFIFRS" xlink:label="jpigp_cor_IncomeTaxesPaidOpeCFIFRS" />
    <link:loc xlink:type="locator" xlink:href="http://disclosure.edinet-fsa.go.jp/taxonomy/jpigp/2021-11-01/jpigp_cor_2021-11-01.xsd#jpigp_cor_IncomeTaxesPayableCLIFRS" xlink:label="jpigp_cor_IncomeTaxesPayableCLIFRS" />
    <link:loc xlink:type="locator" xlink:href="tse-qcediffr-70470-2022-09-30-01-2022-11-14.xsd#tse-qcediffr-70470_CapitalFinancialAssetsValuedAtFairValueThroughOtherComprehensiveIncomeIFRSMember" xlink:label="tse-qcediffr-70470_CapitalFinancialAssetsValuedAtFairValueThroughOtherComprehensiveIncomeIFRSMember" />
    <link:loc xlink:type="locator" xlink:href="tse-qcediffr-70470-2022-09-30-01-2022-11-14.xsd#tse-qcediffr-70470_EquityFinancialAssetsMeasuredAtFairValueThroughOtherComprehensiveIncomeItemsThatWillNotBeReclassifiedToProfitOrLossIFRS" xlink:label="tse-qcediffr-70470_EquityFinancialAssetsMeasuredAtFairValueThroughOtherComprehensiveIncomeItemsThatWillNotBeReclassifiedToProfitOrLossIFRS" />
    <link:loc xlink:type="locator" xlink:href="tse-qcediffr-70470-2022-09-30-01-2022-11-14.xsd#tse-qcediffr-70470_PaymentsForGuaranteeDepositsAndLeaseInvCFIFRS" xlink:label="tse-qcediffr-70470_PaymentsForGuaranteeDepositsAndLeaseInvCFIFRS" />
    <link:loc xlink:type="locator" xlink:href="tse-qcediffr-70470-2022-09-30-01-2022-11-14.xsd#tse-qcediffr-70470_PaymentsOfInstallmentPayableFinCFIFRS" xlink:label="tse-qcediffr-70470_PaymentsOfInstallmentPayableFinCFIFRS" />
    <link:loc xlink:type="locator" xlink:href="tse-qcediffr-70470-2022-09-30-01-2022-11-14.xsd#tse-qcediffr-70470_ProceedsFromIssuanceOfSharesByExercisingStockAcquisitionRightsFinCFIFRS" xlink:label="tse-qcediffr-70470_ProceedsFromIssuanceOfSharesByExercisingStockAcquisitionRightsFinCFIFRS" />
    <link:loc xlink:type="locator" xlink:href="tse-qcediffr-70470-2022-09-30-01-2022-11-14.xsd#tse-qcediffr-70470_RefundLiabilitiesCLIFRS" xlink:label="tse-qcediffr-70470_RefundLiabilitiesCLIFRS" />
    <link:labelArc xlink:type="arc" xlink:from="jpigp_cor_ComprehensiveIncomeAttributableToIFRSAbstract" xlink:to="jpigp_cor_ComprehensiveIncomeAttributableToIFRSAbstract_label" xlink:arcrole="http://www.xbrl.org/2003/arcrole/concept-label" order="1" />
    <link:labelArc xlink:type="arc" xlink:from="jpigp_cor_IncomeTaxesPaidOpeCFIFRS" xlink:to="jpigp_cor_IncomeTaxesPaidOpeCFIFRS_label" xlink:arcrole="http://www.xbrl.org/2003/arcrole/concept-label" order="1" />
    <link:labelArc xlink:type="arc" xlink:from="jpigp_cor_IncomeTaxesPayableCLIFRS" xlink:to="jpigp_cor_IncomeTaxesPayableCLIFRS_label" xlink:arcrole="http://www.xbrl.org/2003/arcrole/concept-label" order="1" />
    <link:labelArc xlink:type="arc" xlink:from="tse-qcediffr-70470_CapitalFinancialAssetsValuedAtFairValueThroughOtherComprehensiveIncomeIFRSMember" xlink:to="tse-qcediffr-70470_CapitalFinancialAssetsValuedAtFairValueThroughOtherComprehensiveIncomeIFRSMember_label" xlink:arcrole="http://www.xbrl.org/2003/arcrole/concept-label" order="1" />
    <link:labelArc xlink:type="arc" xlink:from="tse-qcediffr-70470_CapitalFinancialAssetsValuedAtFairValueThroughOtherComprehensiveIncomeIFRSMember" xlink:to="tse-qcediffr-70470_CapitalFinancialAssetsValuedAtFairValueThroughOtherComprehensiveIncomeIFRSMember_label_1" xlink:arcrole="http://www.xbrl.org/2003/arcrole/concept-label" order="1" />
    <link:labelArc xlink:type="arc" xlink:from="tse-qcediffr-70470_EquityFinancialAssetsMeasuredAtFairValueThroughOtherComprehensiveIncomeItemsThatWillNotBeReclassifiedToProfitOrLossIFRS" xlink:to="tse-qcediffr-70470_EquityFinancialAssetsMeasuredAtFairValueThroughOtherComprehensiveIncomeItemsThatWillNotBeReclassifiedToProfitOrLossIFRS_label" xlink:arcrole="http://www.xbrl.org/2003/arcrole/concept-label" order="1" />
    <link:labelArc xlink:type="arc" xlink:from="tse-qcediffr-70470_EquityFinancialAssetsMeasuredAtFairValueThroughOtherComprehensiveIncomeItemsThatWillNotBeReclassifiedToProfitOrLossIFRS" xlink:to="tse-qcediffr-70470_EquityFinancialAssetsMeasuredAtFairValueThroughOtherComprehensiveIncomeItemsThatWillNotBeReclassifiedToProfitOrLossIFRS_label_1" xlink:arcrole="http://www.xbrl.org/2003/arcrole/concept-label" order="1" />
    <link:labelArc xlink:type="arc" xlink:from="tse-qcediffr-70470_PaymentsForGuaranteeDepositsAndLeaseInvCFIFRS" xlink:to="tse-qcediffr-70470_PaymentsForGuaranteeDepositsAndLeaseInvCFIFRS_label" xlink:arcrole="http://www.xbrl.org/2003/arcrole/concept-label" order="1" />
    <link:labelArc xlink:type="arc" xlink:from="tse-qcediffr-70470_PaymentsForGuaranteeDepositsAndLeaseInvCFIFRS" xlink:to="tse-qcediffr-70470_PaymentsForGuaranteeDepositsAndLeaseInvCFIFRS_label_1" xlink:arcrole="http://www.xbrl.org/2003/arcrole/concept-label" order="1" />
    <link:labelArc xlink:type="arc" xlink:from="tse-qcediffr-70470_PaymentsOfInstallmentPayableFinCFIFRS" xlink:to="tse-qcediffr-70470_PaymentsOfInstallmentPayableFinCFIFRS_label" xlink:arcrole="http://www.xbrl.org/2003/arcrole/concept-label" order="1" />
    <link:labelArc xlink:type="arc" xlink:from="tse-qcediffr-70470_PaymentsOfInstallmentPayableFinCFIFRS" xlink:to="tse-qcediffr-70470_PaymentsOfInstallmentPayableFinCFIFRS_label_1" xlink:arcrole="http://www.xbrl.org/2003/arcrole/concept-label" order="1" />
    <link:labelArc xlink:type="arc" xlink:from="tse-qcediffr-70470_ProceedsFromIssuanceOfSharesByExercisingStockAcquisitionRightsFinCFIFRS" xlink:to="tse-qcediffr-70470_ProceedsFromIssuanceOfSharesByExercisingStockAcquisitionRightsFinCFIFRS_label" xlink:arcrole="http://www.xbrl.org/2003/arcrole/concept-label" order="1" />
    <link:labelArc xlink:type="arc" xlink:from="tse-qcediffr-70470_ProceedsFromIssuanceOfSharesByExercisingStockAcquisitionRightsFinCFIFRS" xlink:to="tse-qcediffr-70470_ProceedsFromIssuanceOfSharesByExercisingStockAcquisitionRightsFinCFIFRS_label_1" xlink:arcrole="http://www.xbrl.org/2003/arcrole/concept-label" order="1" />
    <link:labelArc xlink:type="arc" xlink:from="tse-qcediffr-70470_RefundLiabilitiesCLIFRS" xlink:to="tse-qcediffr-70470_RefundLiabilitiesCLIFRS_label" xlink:arcrole="http://www.xbrl.org/2003/arcrole/concept-label" order="1" />
    <link:labelArc xlink:type="arc" xlink:from="tse-qcediffr-70470_RefundLiabilitiesCLIFRS" xlink:to="tse-qcediffr-70470_RefundLiabilitiesCLIFRS_label_1" xlink:arcrole="http://www.xbrl.org/2003/arcrole/concept-label" order="1" />
  </link:labelLink>
</link:linkbase>