﻿<?xml version="1.0" encoding="utf-8"?>
<!-- Edited with FutureStage XBRL Solution Library .NET 01-11 -->
<link:linkbase xmlns:xlink="http://www.w3.org/1999/xlink" xmlns:xsi="http://www.w3.org/2001/XMLSchema-instance" xmlns:link="http://www.xbrl.org/2003/linkbase">
  <link:labelLink xlink:type="extended" xlink:role="http://www.xbrl.org/2003/role/link">
    <link:label xml:lang="ja" xlink:type="resource" xlink:label="tse-qcedjpfr-71870_AccountsPayableOfCollectionCL_label" xlink:role="http://www.xbrl.org/2003/role/label">収納代行未払金</link:label>
    <link:label xml:lang="ja" xlink:type="resource" xlink:label="tse-qcedjpfr-71870_AccountsPayableOfCollectionCL_label_1" xlink:role="http://www.xbrl.org/2003/role/verboseLabel">収納代行未払金、流動負債</link:label>
    <link:label xml:lang="ja" xlink:type="resource" xlink:label="tse-qcedjpfr-71870_AccountsReceivableCommissionCA_label" xlink:role="http://www.xbrl.org/2003/role/label">未収手数料</link:label>
    <link:label xml:lang="ja" xlink:type="resource" xlink:label="tse-qcedjpfr-71870_AccountsReceivableCommissionCA_label_1" xlink:role="http://www.xbrl.org/2003/role/verboseLabel">未収手数料、流動資産</link:label>
    <link:label xml:lang="ja" xlink:type="resource" xlink:label="tse-qcedjpfr-71870_AdvancesPaidOfCollectionCA_label" xlink:role="http://www.xbrl.org/2003/role/label">収納代行立替金</link:label>
    <link:label xml:lang="ja" xlink:type="resource" xlink:label="tse-qcedjpfr-71870_AdvancesPaidOfCollectionCA_label_1" xlink:role="http://www.xbrl.org/2003/role/verboseLabel">収納代行立替金、流動資産</link:label>
    <link:label xml:lang="ja" xlink:type="resource" xlink:label="tse-qcedjpfr-71870_AdvancesPaidOfSubrogationCA_label" xlink:role="http://www.xbrl.org/2003/role/label">代位弁済立替金</link:label>
    <link:label xml:lang="ja" xlink:type="resource" xlink:label="tse-qcedjpfr-71870_AdvancesPaidOfSubrogationCA_label_1" xlink:role="http://www.xbrl.org/2003/role/verboseLabel">代位弁済立替金、流動資産</link:label>
    <link:label xml:lang="ja" xlink:type="resource" xlink:label="tse-qcedjpfr-71870_IncreaseDecreaseInAccountsPayableOfCollectOpeCF_label" xlink:role="http://www.xbrl.org/2003/role/label">収納代行未払金の増減額（△は減少）</link:label>
    <link:label xml:lang="ja" xlink:type="resource" xlink:label="tse-qcedjpfr-71870_IncreaseDecreaseInAccountsPayableOfCollectOpeCF_label_1" xlink:role="http://www.xbrl.org/2003/role/verboseLabel">収納代行未払金の増減額（△は減少）、営業活動によるキャッシュ・フロー</link:label>
    <link:label xml:lang="ja" xlink:type="resource" xlink:label="tse-qcedjpfr-71870_IncreaseDecreaseInAdvancesPaidOfCollectionOpeCF_label" xlink:role="http://www.xbrl.org/2003/role/label">収納代行立替金の増減額（△は増加）</link:label>
    <link:label xml:lang="ja" xlink:type="resource" xlink:label="tse-qcedjpfr-71870_IncreaseDecreaseInAdvancesPaidOfCollectionOpeCF_label_1" xlink:role="http://www.xbrl.org/2003/role/verboseLabel">収納代行立替金の増減額（△は増加）、営業活動によるキャッシュ・フロー</link:label>
    <link:label xml:lang="ja" xlink:type="resource" xlink:label="tse-qcedjpfr-71870_IncreaseDecreaseInAdvancesPaidOfSubrogationOpeCF_label" xlink:role="http://www.xbrl.org/2003/role/label">代位弁済立替金の増減額（△は増加）</link:label>
    <link:label xml:lang="ja" xlink:type="resource" xlink:label="tse-qcedjpfr-71870_IncreaseDecreaseInAdvancesPaidOfSubrogationOpeCF_label_1" xlink:role="http://www.xbrl.org/2003/role/verboseLabel">代位弁済立替金の増減額（△は増加）、営業活動によるキャッシュ・フロー</link:label>
    <link:loc xlink:type="locator" xlink:href="tse-qcedjpfr-71870-2022-09-30-01-2022-11-08.xsd#tse-qcedjpfr-71870_AccountsPayableOfCollectionCL" xlink:label="tse-qcedjpfr-71870_AccountsPayableOfCollectionCL" />
    <link:loc xlink:type="locator" xlink:href="tse-qcedjpfr-71870-2022-09-30-01-2022-11-08.xsd#tse-qcedjpfr-71870_AccountsReceivableCommissionCA" xlink:label="tse-qcedjpfr-71870_AccountsReceivableCommissionCA" />
    <link:loc xlink:type="locator" xlink:href="tse-qcedjpfr-71870-2022-09-30-01-2022-11-08.xsd#tse-qcedjpfr-71870_AdvancesPaidOfCollectionCA" xlink:label="tse-qcedjpfr-71870_AdvancesPaidOfCollectionCA" />
    <link:loc xlink:type="locator" xlink:href="tse-qcedjpfr-71870-2022-09-30-01-2022-11-08.xsd#tse-qcedjpfr-71870_AdvancesPaidOfSubrogationCA" xlink:label="tse-qcedjpfr-71870_AdvancesPaidOfSubrogationCA" />
    <link:loc xlink:type="locator" xlink:href="tse-qcedjpfr-71870-2022-09-30-01-2022-11-08.xsd#tse-qcedjpfr-71870_IncreaseDecreaseInAccountsPayableOfCollectOpeCF" xlink:label="tse-qcedjpfr-71870_IncreaseDecreaseInAccountsPayableOfCollectOpeCF" />
    <link:loc xlink:type="locator" xlink:href="tse-qcedjpfr-71870-2022-09-30-01-2022-11-08.xsd#tse-qcedjpfr-71870_IncreaseDecreaseInAdvancesPaidOfCollectionOpeCF" xlink:label="tse-qcedjpfr-71870_IncreaseDecreaseInAdvancesPaidOfCollectionOpeCF" />
    <link:loc xlink:type="locator" xlink:href="tse-qcedjpfr-71870-2022-09-30-01-2022-11-08.xsd#tse-qcedjpfr-71870_IncreaseDecreaseInAdvancesPaidOfSubrogationOpeCF" xlink:label="tse-qcedjpfr-71870_IncreaseDecreaseInAdvancesPaidOfSubrogationOpeCF" />
    <link:labelArc xlink:type="arc" xlink:from="tse-qcedjpfr-71870_AccountsPayableOfCollectionCL" xlink:to="tse-qcedjpfr-71870_AccountsPayableOfCollectionCL_label" xlink:arcrole="http://www.xbrl.org/2003/arcrole/concept-label" order="1" />
    <link:labelArc xlink:type="arc" xlink:from="tse-qcedjpfr-71870_AccountsPayableOfCollectionCL" xlink:to="tse-qcedjpfr-71870_AccountsPayableOfCollectionCL_label_1" xlink:arcrole="http://www.xbrl.org/2003/arcrole/concept-label" order="1" />
    <link:labelArc xlink:type="arc" xlink:from="tse-qcedjpfr-71870_AccountsReceivableCommissionCA" xlink:to="tse-qcedjpfr-71870_AccountsReceivableCommissionCA_label" xlink:arcrole="http://www.xbrl.org/2003/arcrole/concept-label" order="1" />
    <link:labelArc xlink:type="arc" xlink:from="tse-qcedjpfr-71870_AccountsReceivableCommissionCA" xlink:to="tse-qcedjpfr-71870_AccountsReceivableCommissionCA_label_1" xlink:arcrole="http://www.xbrl.org/2003/arcrole/concept-label" order="1" />
    <link:labelArc xlink:type="arc" xlink:from="tse-qcedjpfr-71870_AdvancesPaidOfCollectionCA" xlink:to="tse-qcedjpfr-71870_AdvancesPaidOfCollectionCA_label" xlink:arcrole="http://www.xbrl.org/2003/arcrole/concept-label" order="1" />
    <link:labelArc xlink:type="arc" xlink:from="tse-qcedjpfr-71870_AdvancesPaidOfCollectionCA" xlink:to="tse-qcedjpfr-71870_AdvancesPaidOfCollectionCA_label_1" xlink:arcrole="http://www.xbrl.org/2003/arcrole/concept-label" order="1" />
    <link:labelArc xlink:type="arc" xlink:from="tse-qcedjpfr-71870_AdvancesPaidOfSubrogationCA" xlink:to="tse-qcedjpfr-71870_AdvancesPaidOfSubrogationCA_label" xlink:arcrole="http://www.xbrl.org/2003/arcrole/concept-label" order="1" />
    <link:labelArc xlink:type="arc" xlink:from="tse-qcedjpfr-71870_AdvancesPaidOfSubrogationCA" xlink:to="tse-qcedjpfr-71870_AdvancesPaidOfSubrogationCA_label_1" xlink:arcrole="http://www.xbrl.org/2003/arcrole/concept-label" order="1" />
    <link:labelArc xlink:type="arc" xlink:from="tse-qcedjpfr-71870_IncreaseDecreaseInAccountsPayableOfCollectOpeCF" xlink:to="tse-qcedjpfr-71870_IncreaseDecreaseInAccountsPayableOfCollectOpeCF_label" xlink:arcrole="http://www.xbrl.org/2003/arcrole/concept-label" order="1" />
    <link:labelArc xlink:type="arc" xlink:from="tse-qcedjpfr-71870_IncreaseDecreaseInAccountsPayableOfCollectOpeCF" xlink:to="tse-qcedjpfr-71870_IncreaseDecreaseInAccountsPayableOfCollectOpeCF_label_1" xlink:arcrole="http://www.xbrl.org/2003/arcrole/concept-label" order="1" />
    <link:labelArc xlink:type="arc" xlink:from="tse-qcedjpfr-71870_IncreaseDecreaseInAdvancesPaidOfCollectionOpeCF" xlink:to="tse-qcedjpfr-71870_IncreaseDecreaseInAdvancesPaidOfCollectionOpeCF_label" xlink:arcrole="http://www.xbrl.org/2003/arcrole/concept-label" order="1" />
    <link:labelArc xlink:type="arc" xlink:from="tse-qcedjpfr-71870_IncreaseDecreaseInAdvancesPaidOfCollectionOpeCF" xlink:to="tse-qcedjpfr-71870_IncreaseDecreaseInAdvancesPaidOfCollectionOpeCF_label_1" xlink:arcrole="http://www.xbrl.org/2003/arcrole/concept-label" order="1" />
    <link:labelArc xlink:type="arc" xlink:from="tse-qcedjpfr-71870_IncreaseDecreaseInAdvancesPaidOfSubrogationOpeCF" xlink:to="tse-qcedjpfr-71870_IncreaseDecreaseInAdvancesPaidOfSubrogationOpeCF_label" xlink:arcrole="http://www.xbrl.org/2003/arcrole/concept-label" order="1" />
    <link:labelArc xlink:type="arc" xlink:from="tse-qcedjpfr-71870_IncreaseDecreaseInAdvancesPaidOfSubrogationOpeCF" xlink:to="tse-qcedjpfr-71870_IncreaseDecreaseInAdvancesPaidOfSubrogationOpeCF_label_1" xlink:arcrole="http://www.xbrl.org/2003/arcrole/concept-label" order="1" />
  </link:labelLink>
</link:linkbase>