<?xml version="1.0" encoding="utf-8"?>
<!-- Generated by PRONEXUS WORKS --><link:linkbase xmlns:link="http://www.xbrl.org/2003/linkbase" xmlns:xsi="http://www.w3.org/2001/XMLSchema-instance" xmlns:xbrli="http://www.xbrl.org/2003/instance" xmlns:xlink="http://www.w3.org/1999/xlink">  <link:labelLink xlink:type="extended" xlink:role="http://www.xbrl.org/2003/role/link">    <link:loc xlink:type="locator" xlink:href="tse-qcedjpfr-63230-2022-08-31-01-2022-10-11.xsd#tse-qcedjpfr-63230_DerivativeExpenseNOE" xlink:label="DerivativeExpenseNOE" />    <link:label xlink:type="resource" xlink:label="label_DerivativeExpenseNOE" xml:lang="ja" xlink:role="http://www.xbrl.org/2003/role/label" id="label_DerivativeExpenseNOE">デリバティブ損失</link:label>    <link:labelArc xlink:type="arc" xlink:arcrole="http://www.xbrl.org/2003/arcrole/concept-label" xlink:from="DerivativeExpenseNOE" xlink:to="label_DerivativeExpenseNOE" />    <link:label xlink:type="resource" xlink:label="label_DerivativeExpenseNOE_2" xml:lang="ja" xlink:role="http://www.xbrl.org/2003/role/verboseLabel" id="label_DerivativeExpenseNOE_2">デリバティブ損失、営業外費用</link:label>    <link:labelArc xlink:type="arc" xlink:arcrole="http://www.xbrl.org/2003/arcrole/concept-label" xlink:from="DerivativeExpenseNOE" xlink:to="label_DerivativeExpenseNOE_2" />  </link:labelLink></link:linkbase>