﻿<?xml version="1.0" encoding="utf-8"?>
<!-- Edited with FutureStage XBRL Solution Library .NET 01-11 -->
<link:linkbase xmlns:xlink="http://www.w3.org/1999/xlink" xmlns:xsi="http://www.w3.org/2001/XMLSchema-instance" xmlns:link="http://www.xbrl.org/2003/linkbase">
  <link:labelLink xlink:type="extended" xlink:role="http://www.xbrl.org/2003/role/link">
    <link:label xml:lang="ja" xlink:type="resource" xlink:label="tse-scedjpfr-83410_ProvisionForStocksPaymentLiabilities_label" xlink:role="http://www.xbrl.org/2003/role/label">株式給付引当金</link:label>
    <link:label xml:lang="ja" xlink:type="resource" xlink:label="tse-scedjpfr-83410_ProvisionForStocksPaymentLiabilities_label_1" xlink:role="http://www.xbrl.org/2003/role/verboseLabel">株式給付引当金、負債の部</link:label>
    <link:loc xlink:type="locator" xlink:href="tse-scedjpfr-83410-2022-09-30-01-2022-11-11.xsd#tse-scedjpfr-83410_ProvisionForStocksPaymentLiabilities" xlink:label="tse-scedjpfr-83410_ProvisionForStocksPaymentLiabilities" />
    <link:labelArc xlink:type="arc" xlink:from="tse-scedjpfr-83410_ProvisionForStocksPaymentLiabilities" xlink:to="tse-scedjpfr-83410_ProvisionForStocksPaymentLiabilities_label_1" xlink:arcrole="http://www.xbrl.org/2003/arcrole/concept-label" order="1" />
    <link:labelArc xlink:type="arc" xlink:from="tse-scedjpfr-83410_ProvisionForStocksPaymentLiabilities" xlink:to="tse-scedjpfr-83410_ProvisionForStocksPaymentLiabilities_label" xlink:arcrole="http://www.xbrl.org/2003/arcrole/concept-label" order="1" />
  </link:labelLink>
</link:linkbase>