<?xml version="1.0" encoding="utf-8"?>
<!-- Generated by PRONEXUS WORKS --><link:linkbase xmlns:link="http://www.xbrl.org/2003/linkbase" xmlns:xsi="http://www.w3.org/2001/XMLSchema-instance" xmlns:xbrli="http://www.xbrl.org/2003/instance" xmlns:xlink="http://www.w3.org/1999/xlink">  <link:labelLink xlink:type="extended" xlink:role="http://www.xbrl.org/2003/role/link">    <link:loc xlink:type="locator" xlink:href="tse-qcedjpfr-28710-2022-09-30-01-2022-11-01.xsd#tse-qcedjpfr-28710_DirectorsCompensationsEmployeesSalariesBonusesAndAllowancesSGA" xlink:label="DirectorsCompensationsEmployeesSalariesBonusesAndAllowancesSGA" />    <link:label xlink:type="resource" xlink:label="label_DirectorsCompensationsEmployeesSalariesBonusesAndAllowancesSGA" xml:lang="ja" xlink:role="http://www.xbrl.org/2003/role/label" id="label_DirectorsCompensationsEmployeesSalariesBonusesAndAllowancesSGA">役員報酬及び従業員給料・賞与・手当</link:label>    <link:labelArc xlink:type="arc" xlink:arcrole="http://www.xbrl.org/2003/arcrole/concept-label" xlink:from="DirectorsCompensationsEmployeesSalariesBonusesAndAllowancesSGA" xlink:to="label_DirectorsCompensationsEmployeesSalariesBonusesAndAllowancesSGA" />    <link:label xlink:type="resource" xlink:label="label_DirectorsCompensationsEmployeesSalariesBonusesAndAllowancesSGA_2" xml:lang="ja" xlink:role="http://www.xbrl.org/2003/role/verboseLabel" id="label_DirectorsCompensationsEmployeesSalariesBonusesAndAllowancesSGA_2">役員報酬及び従業員給料・賞与・手当、販売費及び一般管理費</link:label>    <link:labelArc xlink:type="arc" xlink:arcrole="http://www.xbrl.org/2003/arcrole/concept-label" xlink:from="DirectorsCompensationsEmployeesSalariesBonusesAndAllowancesSGA" xlink:to="label_DirectorsCompensationsEmployeesSalariesBonusesAndAllowancesSGA_2" />  </link:labelLink></link:linkbase>