<?xml version="1.0" encoding="utf-8"?>
<!-- Generated by PRONEXUS WORKS --><link:linkbase xmlns:link="http://www.xbrl.org/2003/linkbase" xmlns:xsi="http://www.w3.org/2001/XMLSchema-instance" xmlns:xbrli="http://www.xbrl.org/2003/instance" xmlns:xlink="http://www.w3.org/1999/xlink">  <link:roleRef xlink:type="simple" roleURI="http://disclosure.edinet-fsa.go.jp/jppfs/cte/role/label" xlink:href="http://disclosure.edinet-fsa.go.jp/taxonomy/jppfs/2021-11-01/jppfs_rt_2021-11-01.xsd#rol_CTELabel" />  <link:labelLink xlink:type="extended" xlink:role="http://www.xbrl.org/2003/role/link">    <link:loc xlink:type="locator" xlink:href="http://disclosure.edinet-fsa.go.jp/taxonomy/jppfs/2021-11-01/jppfs_cor_2021-11-01.xsd#jppfs_cor_IncomeTaxesPaidOpeCF" xlink:label="IncomeTaxesPaidOpeCF" />    <link:label xlink:type="resource" xlink:label="label_IncomeTaxesPaidOpeCF" xml:lang="ja" xlink:role="http://disclosure.edinet-fsa.go.jp/jppfs/cte/role/label" id="label_IncomeTaxesPaidOpeCF">法人税等の支払額又は還付額（△は支払）</link:label>    <link:labelArc xlink:type="arc" xlink:arcrole="http://www.xbrl.org/2003/arcrole/concept-label" xlink:from="IncomeTaxesPaidOpeCF" xlink:to="label_IncomeTaxesPaidOpeCF" />    <link:loc xlink:type="locator" xlink:href="http://disclosure.edinet-fsa.go.jp/taxonomy/jppfs/2021-11-01/jppfs_cor_2021-11-01.xsd#jppfs_cor_PurchaseOfShortTermInvestmentSecuritiesInvCF" xlink:label="PurchaseOfShortTermInvestmentSecuritiesInvCF" />    <link:label xlink:type="resource" xlink:label="label_PurchaseOfShortTermInvestmentSecuritiesInvCF" xml:lang="ja" xlink:role="http://www.xbrl.org/2003/role/totalLabel" id="label_PurchaseOfShortTermInvestmentSecuritiesInvCF">投資有価証券の取得による支出</link:label>    <link:labelArc xlink:type="arc" xlink:arcrole="http://www.xbrl.org/2003/arcrole/concept-label" xlink:from="PurchaseOfShortTermInvestmentSecuritiesInvCF" xlink:to="label_PurchaseOfShortTermInvestmentSecuritiesInvCF" />  </link:labelLink></link:linkbase>