<?xml version="1.0" encoding="utf-8"?>
<!-- Generated by PRONEXUS WORKS --><link:linkbase xmlns:link="http://www.xbrl.org/2003/linkbase" xmlns:xsi="http://www.w3.org/2001/XMLSchema-instance" xmlns:xbrli="http://www.xbrl.org/2003/instance" xmlns:xlink="http://www.w3.org/1999/xlink">  <link:labelLink xlink:type="extended" xlink:role="http://www.xbrl.org/2003/role/link">    <link:loc xlink:type="locator" xlink:href="tse-qnedjpfr-64590-2022-09-30-01-2022-11-11.xsd#tse-qnedjpfr-64590_ServicePartsCA" xlink:label="ServicePartsCA" />    <link:loc xlink:type="locator" xlink:href="tse-qnedjpfr-64590-2022-09-30-01-2022-11-11.xsd#tse-qnedjpfr-64590_LossOnScrapSalesNOE" xlink:label="LossOnScrapSalesNOE" />    <link:label xlink:type="resource" xlink:label="label_ServicePartsCA" xml:lang="ja" xlink:role="http://www.xbrl.org/2003/role/label" id="label_ServicePartsCA">点検修理用部品</link:label>    <link:labelArc xlink:type="arc" xlink:arcrole="http://www.xbrl.org/2003/arcrole/concept-label" xlink:from="ServicePartsCA" xlink:to="label_ServicePartsCA" />    <link:label xlink:type="resource" xlink:label="label_ServicePartsCA_2" xml:lang="ja" xlink:role="http://www.xbrl.org/2003/role/verboseLabel" id="label_ServicePartsCA_2">点検修理用部品、流動資産</link:label>    <link:labelArc xlink:type="arc" xlink:arcrole="http://www.xbrl.org/2003/arcrole/concept-label" xlink:from="ServicePartsCA" xlink:to="label_ServicePartsCA_2" />    <link:label xlink:type="resource" xlink:label="label_LossOnScrapSalesNOE" xml:lang="ja" xlink:role="http://www.xbrl.org/2003/role/label" id="label_LossOnScrapSalesNOE">スクラップ処分費</link:label>    <link:labelArc xlink:type="arc" xlink:arcrole="http://www.xbrl.org/2003/arcrole/concept-label" xlink:from="LossOnScrapSalesNOE" xlink:to="label_LossOnScrapSalesNOE" />    <link:label xlink:type="resource" xlink:label="label_LossOnScrapSalesNOE_2" xml:lang="ja" xlink:role="http://www.xbrl.org/2003/role/verboseLabel" id="label_LossOnScrapSalesNOE_2">スクラップ処分費、営業外費用</link:label>    <link:labelArc xlink:type="arc" xlink:arcrole="http://www.xbrl.org/2003/arcrole/concept-label" xlink:from="LossOnScrapSalesNOE" xlink:to="label_LossOnScrapSalesNOE_2" />  </link:labelLink></link:linkbase>