<?xml version="1.0" encoding="utf-8"?>
<!-- Generated by PRONEXUS WORKS --><link:linkbase xmlns:link="http://www.xbrl.org/2003/linkbase" xmlns:xsi="http://www.w3.org/2001/XMLSchema-instance" xmlns:xbrli="http://www.xbrl.org/2003/instance" xmlns:xlink="http://www.w3.org/1999/xlink">  <link:labelLink xlink:type="extended" xlink:role="http://www.xbrl.org/2003/role/link">    <link:loc xlink:type="locator" xlink:href="tse-qcedjpfr-65040-2022-09-30-01-2022-10-27.xsd#tse-qcedjpfr-65040_FactoryIntegrationExpensesEL" xlink:label="FactoryIntegrationExpensesEL" />    <link:loc xlink:type="locator" xlink:href="tse-qcedjpfr-65040-2022-09-30-01-2022-10-27.xsd#tse-qcedjpfr-65040_FactoryIntegrationExpensesOpeCF" xlink:label="FactoryIntegrationExpensesOpeCF" />    <link:loc xlink:type="locator" xlink:href="tse-qcedjpfr-65040-2022-09-30-01-2022-10-27.xsd#tse-qcedjpfr-65040_DecreaseIncreaseInTradeReceivablesContractAssetsOpeCF" xlink:label="DecreaseIncreaseInTradeReceivablesContractAssetsOpeCF" />    <link:loc xlink:type="locator" xlink:href="tse-qcedjpfr-65040-2022-09-30-01-2022-10-27.xsd#tse-qcedjpfr-65040_DecreaseIncreaseInContractLiabilitiesOpeCF" xlink:label="DecreaseIncreaseInContractLiabilitiesOpeCF" />    <link:loc xlink:type="locator" xlink:href="tse-qcedjpfr-65040-2022-09-30-01-2022-10-27.xsd#tse-qcedjpfr-65040_BusinessConversionExpensesNOE" xlink:label="BusinessConversionExpensesNOE" />    <link:loc xlink:type="locator" xlink:href="tse-qcedjpfr-65040-2022-09-30-01-2022-10-27.xsd#tse-qcedjpfr-65040_ProvisionOfAllowanceForInvestmentLossForSubsidiariesAndAssociatesEL" xlink:label="ProvisionOfAllowanceForInvestmentLossForSubsidiariesAndAssociatesEL" />    <link:loc xlink:type="locator" xlink:href="tse-qcedjpfr-65040-2022-09-30-01-2022-10-27.xsd#tse-qcedjpfr-65040_ProvisionOfAllowanceForInvestmentLossForSubsidiariesAndAssociatesOpeCF" xlink:label="ProvisionOfAllowanceForInvestmentLossForSubsidiariesAndAssociatesOpeCF" />    <link:label xlink:type="resource" xlink:label="label_FactoryIntegrationExpensesEL" xml:lang="ja" xlink:role="http://www.xbrl.org/2003/role/label" id="label_FactoryIntegrationExpensesEL">生産拠点統合費用</link:label>    <link:labelArc xlink:type="arc" xlink:arcrole="http://www.xbrl.org/2003/arcrole/concept-label" xlink:from="FactoryIntegrationExpensesEL" xlink:to="label_FactoryIntegrationExpensesEL" />    <link:label xlink:type="resource" xlink:label="label_FactoryIntegrationExpensesEL_2" xml:lang="ja" xlink:role="http://www.xbrl.org/2003/role/verboseLabel" id="label_FactoryIntegrationExpensesEL_2">生産拠点統合費用、特別損失</link:label>    <link:labelArc xlink:type="arc" xlink:arcrole="http://www.xbrl.org/2003/arcrole/concept-label" xlink:from="FactoryIntegrationExpensesEL" xlink:to="label_FactoryIntegrationExpensesEL_2" />    <link:label xlink:type="resource" xlink:label="label_BusinessConversionExpensesNOE" xml:lang="ja" xlink:role="http://www.xbrl.org/2003/role/label" id="label_BusinessConversionExpensesNOE">事業転換費用</link:label>    <link:labelArc xlink:type="arc" xlink:arcrole="http://www.xbrl.org/2003/arcrole/concept-label" xlink:from="BusinessConversionExpensesNOE" xlink:to="label_BusinessConversionExpensesNOE" />    <link:label xlink:type="resource" xlink:label="label_BusinessConversionExpensesNOE_2" xml:lang="ja" xlink:role="http://www.xbrl.org/2003/role/verboseLabel" id="label_BusinessConversionExpensesNOE_2">事業転換費用、営業外費用</link:label>    <link:labelArc xlink:type="arc" xlink:arcrole="http://www.xbrl.org/2003/arcrole/concept-label" xlink:from="BusinessConversionExpensesNOE" xlink:to="label_BusinessConversionExpensesNOE_2" />    <link:label xlink:type="resource" xlink:label="label_ProvisionOfAllowanceForInvestmentLossForSubsidiariesAndAssociatesEL" xml:lang="ja" xlink:role="http://www.xbrl.org/2003/role/label" id="label_ProvisionOfAllowanceForInvestmentLossForSubsidiariesAndAssociatesEL">関係会社投資損失引当金繰入額</link:label>    <link:labelArc xlink:type="arc" xlink:arcrole="http://www.xbrl.org/2003/arcrole/concept-label" xlink:from="ProvisionOfAllowanceForInvestmentLossForSubsidiariesAndAssociatesEL" xlink:to="label_ProvisionOfAllowanceForInvestmentLossForSubsidiariesAndAssociatesEL" />    <link:label xlink:type="resource" xlink:label="label_ProvisionOfAllowanceForInvestmentLossForSubsidiariesAndAssociatesEL_2" xml:lang="ja" xlink:role="http://www.xbrl.org/2003/role/verboseLabel" id="label_ProvisionOfAllowanceForInvestmentLossForSubsidiariesAndAssociatesEL_2">関係会社投資損失引当金繰入額、特別損失</link:label>    <link:labelArc xlink:type="arc" xlink:arcrole="http://www.xbrl.org/2003/arcrole/concept-label" xlink:from="ProvisionOfAllowanceForInvestmentLossForSubsidiariesAndAssociatesEL" xlink:to="label_ProvisionOfAllowanceForInvestmentLossForSubsidiariesAndAssociatesEL_2" />    <link:label xlink:type="resource" xlink:label="label_ProvisionOfAllowanceForInvestmentLossForSubsidiariesAndAssociatesOpeCF" xml:lang="ja" xlink:role="http://www.xbrl.org/2003/role/label" id="label_ProvisionOfAllowanceForInvestmentLossForSubsidiariesAndAssociatesOpeCF">関係会社投資損失引当金繰入額</link:label>    <link:labelArc xlink:type="arc" xlink:arcrole="http://www.xbrl.org/2003/arcrole/concept-label" xlink:from="ProvisionOfAllowanceForInvestmentLossForSubsidiariesAndAssociatesOpeCF" xlink:to="label_ProvisionOfAllowanceForInvestmentLossForSubsidiariesAndAssociatesOpeCF" />    <link:label xlink:type="resource" xlink:label="label_ProvisionOfAllowanceForInvestmentLossForSubsidiariesAndAssociatesOpeCF_2" xml:lang="ja" xlink:role="http://www.xbrl.org/2003/role/verboseLabel" id="label_ProvisionOfAllowanceForInvestmentLossForSubsidiariesAndAssociatesOpeCF_2">関係会社投資損失引当金繰入額、営業活動によるキャッシュ・フロー</link:label>    <link:labelArc xlink:type="arc" xlink:arcrole="http://www.xbrl.org/2003/arcrole/concept-label" xlink:from="ProvisionOfAllowanceForInvestmentLossForSubsidiariesAndAssociatesOpeCF" xlink:to="label_ProvisionOfAllowanceForInvestmentLossForSubsidiariesAndAssociatesOpeCF_2" />    <link:label xlink:type="resource" xlink:label="label_FactoryIntegrationExpensesOpeCF" xml:lang="ja" xlink:role="http://www.xbrl.org/2003/role/label" id="label_FactoryIntegrationExpensesOpeCF">生産拠点統合費用</link:label>    <link:labelArc xlink:type="arc" xlink:arcrole="http://www.xbrl.org/2003/arcrole/concept-label" xlink:from="FactoryIntegrationExpensesOpeCF" xlink:to="label_FactoryIntegrationExpensesOpeCF" />    <link:label xlink:type="resource" xlink:label="label_FactoryIntegrationExpensesOpeCF_2" xml:lang="ja" xlink:role="http://www.xbrl.org/2003/role/verboseLabel" id="label_FactoryIntegrationExpensesOpeCF_2">生産拠点統合費用、営業活動によるキャッシュ・フロー</link:label>    <link:labelArc xlink:type="arc" xlink:arcrole="http://www.xbrl.org/2003/arcrole/concept-label" xlink:from="FactoryIntegrationExpensesOpeCF" xlink:to="label_FactoryIntegrationExpensesOpeCF_2" />    <link:label xlink:type="resource" xlink:label="label_DecreaseIncreaseInTradeReceivablesContractAssetsOpeCF" xml:lang="ja" xlink:role="http://www.xbrl.org/2003/role/label" id="label_DecreaseIncreaseInTradeReceivablesContractAssetsOpeCF">売上債権及び契約資産の増減額（△は増加）</link:label>    <link:labelArc xlink:type="arc" xlink:arcrole="http://www.xbrl.org/2003/arcrole/concept-label" xlink:from="DecreaseIncreaseInTradeReceivablesContractAssetsOpeCF" xlink:to="label_DecreaseIncreaseInTradeReceivablesContractAssetsOpeCF" />    <link:label xlink:type="resource" xlink:label="label_DecreaseIncreaseInTradeReceivablesContractAssetsOpeCF_2" xml:lang="ja" xlink:role="http://www.xbrl.org/2003/role/verboseLabel" id="label_DecreaseIncreaseInTradeReceivablesContractAssetsOpeCF_2">売上債権及び契約資産の増減額（△は増加）、営業活動によるキャッシュ・フロー</link:label>    <link:labelArc xlink:type="arc" xlink:arcrole="http://www.xbrl.org/2003/arcrole/concept-label" xlink:from="DecreaseIncreaseInTradeReceivablesContractAssetsOpeCF" xlink:to="label_DecreaseIncreaseInTradeReceivablesContractAssetsOpeCF_2" />    <link:label xlink:type="resource" xlink:label="label_DecreaseIncreaseInContractLiabilitiesOpeCF" xml:lang="ja" xlink:role="http://www.xbrl.org/2003/role/label" id="label_DecreaseIncreaseInContractLiabilitiesOpeCF">契約負債の増減額（△は減少）</link:label>    <link:labelArc xlink:type="arc" xlink:arcrole="http://www.xbrl.org/2003/arcrole/concept-label" xlink:from="DecreaseIncreaseInContractLiabilitiesOpeCF" xlink:to="label_DecreaseIncreaseInContractLiabilitiesOpeCF" />    <link:label xlink:type="resource" xlink:label="label_DecreaseIncreaseInContractLiabilitiesOpeCF_2" xml:lang="ja" xlink:role="http://www.xbrl.org/2003/role/verboseLabel" id="label_DecreaseIncreaseInContractLiabilitiesOpeCF_2">契約負債の増減額（△は減少）、営業活動によるキャッシュ・フロー</link:label>    <link:labelArc xlink:type="arc" xlink:arcrole="http://www.xbrl.org/2003/arcrole/concept-label" xlink:from="DecreaseIncreaseInContractLiabilitiesOpeCF" xlink:to="label_DecreaseIncreaseInContractLiabilitiesOpeCF_2" />  </link:labelLink></link:linkbase>