<?xml version="1.0" encoding="utf-8"?>
<!-- Generated by PRONEXUS WORKS --><link:linkbase xmlns:link="http://www.xbrl.org/2003/linkbase" xmlns:xsi="http://www.w3.org/2001/XMLSchema-instance" xmlns:xbrli="http://www.xbrl.org/2003/instance" xmlns:xlink="http://www.w3.org/1999/xlink">  <link:labelLink xlink:type="extended" xlink:role="http://www.xbrl.org/2003/role/link">    <link:loc xlink:type="locator" xlink:href="tse-qcedjpfr-93620-2022-09-30-01-2022-11-11.xsd#tse-qcedjpfr-93620_BuildingsAndBuildingsAndAccompanyingFacilitiesPPE" xlink:label="BuildingsAndBuildingsAndAccompanyingFacilitiesPPE" />    <link:loc xlink:type="locator" xlink:href="tse-qcedjpfr-93620-2022-09-30-01-2022-11-11.xsd#tse-qcedjpfr-93620_AccumulatedDepreciationBuildingsAndBuildingsAndAccompanyingFacilitiesPPE" xlink:label="AccumulatedDepreciationBuildingsAndBuildingsAndAccompanyingFacilitiesPPE" />    <link:loc xlink:type="locator" xlink:href="tse-qcedjpfr-93620-2022-09-30-01-2022-11-11.xsd#tse-qcedjpfr-93620_BuildingsAndBuildingsAndAccompanyingFacilitiesNetPPE" xlink:label="BuildingsAndBuildingsAndAccompanyingFacilitiesNetPPE" />    <link:loc xlink:type="locator" xlink:href="tse-qcedjpfr-93620-2022-09-30-01-2022-11-11.xsd#tse-qcedjpfr-93620_ProvisionForVesselsRepairsNCL" xlink:label="ProvisionForVesselsRepairsNCL" />    <link:loc xlink:type="locator" xlink:href="tse-qcedjpfr-93620-2022-09-30-01-2022-11-11.xsd#tse-qcedjpfr-93620_IncreaseDecreaseInProvisionForVesselsRepairsOpeCF" xlink:label="IncreaseDecreaseInProvisionForVesselsRepairsOpeCF" />    <link:label xlink:type="resource" xlink:label="label_IncreaseDecreaseInProvisionForVesselsRepairsOpeCF" xml:lang="en" xlink:role="http://www.xbrl.org/2003/role/label" id="label_IncreaseDecreaseInProvisionForVesselsRepairsOpeCF">Increase (decrease) in provision for vessels repairs</link:label>    <link:labelArc xlink:type="arc" xlink:arcrole="http://www.xbrl.org/2003/arcrole/concept-label" xlink:from="IncreaseDecreaseInProvisionForVesselsRepairsOpeCF" xlink:to="label_IncreaseDecreaseInProvisionForVesselsRepairsOpeCF" />    <link:label xlink:type="resource" xlink:label="label_IncreaseDecreaseInProvisionForVesselsRepairsOpeCF_2" xml:lang="en" xlink:role="http://www.xbrl.org/2003/role/verboseLabel" id="label_IncreaseDecreaseInProvisionForVesselsRepairsOpeCF_2">Increase (decrease) in provision for vessels repairs-OpeCF</link:label>    <link:labelArc xlink:type="arc" xlink:arcrole="http://www.xbrl.org/2003/arcrole/concept-label" xlink:from="IncreaseDecreaseInProvisionForVesselsRepairsOpeCF" xlink:to="label_IncreaseDecreaseInProvisionForVesselsRepairsOpeCF_2" />    <link:label xlink:type="resource" xlink:label="label_BuildingsAndBuildingsAndAccompanyingFacilitiesPPE" xml:lang="en" xlink:role="http://www.xbrl.org/2003/role/label" id="label_BuildingsAndBuildingsAndAccompanyingFacilitiesPPE">buildings and buildings and accompanying facilities</link:label>    <link:labelArc xlink:type="arc" xlink:arcrole="http://www.xbrl.org/2003/arcrole/concept-label" xlink:from="BuildingsAndBuildingsAndAccompanyingFacilitiesPPE" xlink:to="label_BuildingsAndBuildingsAndAccompanyingFacilitiesPPE" />    <link:label xlink:type="resource" xlink:label="label_BuildingsAndBuildingsAndAccompanyingFacilitiesPPE_2" xml:lang="en" xlink:role="http://www.xbrl.org/2003/role/verboseLabel" id="label_BuildingsAndBuildingsAndAccompanyingFacilitiesPPE_2">buildings and buildings and accompanying facilities-PPE</link:label>    <link:labelArc xlink:type="arc" xlink:arcrole="http://www.xbrl.org/2003/arcrole/concept-label" xlink:from="BuildingsAndBuildingsAndAccompanyingFacilitiesPPE" xlink:to="label_BuildingsAndBuildingsAndAccompanyingFacilitiesPPE_2" />    <link:label xlink:type="resource" xlink:label="label_AccumulatedDepreciationBuildingsAndBuildingsAndAccompanyingFacilitiesPPE" xml:lang="en" xlink:role="http://www.xbrl.org/2003/role/label" id="label_AccumulatedDepreciationBuildingsAndBuildingsAndAccompanyingFacilitiesPPE">accumulated depreciation-buildings and buildings and accompanying facilities</link:label>    <link:labelArc xlink:type="arc" xlink:arcrole="http://www.xbrl.org/2003/arcrole/concept-label" xlink:from="AccumulatedDepreciationBuildingsAndBuildingsAndAccompanyingFacilitiesPPE" xlink:to="label_AccumulatedDepreciationBuildingsAndBuildingsAndAccompanyingFacilitiesPPE" />    <link:label xlink:type="resource" xlink:label="label_AccumulatedDepreciationBuildingsAndBuildingsAndAccompanyingFacilitiesPPE_2" xml:lang="en" xlink:role="http://www.xbrl.org/2003/role/verboseLabel" id="label_AccumulatedDepreciationBuildingsAndBuildingsAndAccompanyingFacilitiesPPE_2">accumulated depreciation-buildings and buildings and accompanying facilities-PPE</link:label>    <link:labelArc xlink:type="arc" xlink:arcrole="http://www.xbrl.org/2003/arcrole/concept-label" xlink:from="AccumulatedDepreciationBuildingsAndBuildingsAndAccompanyingFacilitiesPPE" xlink:to="label_AccumulatedDepreciationBuildingsAndBuildingsAndAccompanyingFacilitiesPPE_2" />    <link:label xlink:type="resource" xlink:label="label_BuildingsAndBuildingsAndAccompanyingFacilitiesNetPPE" xml:lang="en" xlink:role="http://www.xbrl.org/2003/role/label" id="label_BuildingsAndBuildingsAndAccompanyingFacilitiesNetPPE">buildings and buildings and accompanying facilities,net</link:label>    <link:labelArc xlink:type="arc" xlink:arcrole="http://www.xbrl.org/2003/arcrole/concept-label" xlink:from="BuildingsAndBuildingsAndAccompanyingFacilitiesNetPPE" xlink:to="label_BuildingsAndBuildingsAndAccompanyingFacilitiesNetPPE" />    <link:label xlink:type="resource" xlink:label="label_BuildingsAndBuildingsAndAccompanyingFacilitiesNetPPE_2" xml:lang="en" xlink:role="http://www.xbrl.org/2003/role/verboseLabel" id="label_BuildingsAndBuildingsAndAccompanyingFacilitiesNetPPE_2">buildings and buildings and accompanying facilities,net-PPE</link:label>    <link:labelArc xlink:type="arc" xlink:arcrole="http://www.xbrl.org/2003/arcrole/concept-label" xlink:from="BuildingsAndBuildingsAndAccompanyingFacilitiesNetPPE" xlink:to="label_BuildingsAndBuildingsAndAccompanyingFacilitiesNetPPE_2" />    <link:label xlink:type="resource" xlink:label="label_ProvisionForVesselsRepairsNCL" xml:lang="en" xlink:role="http://www.xbrl.org/2003/role/label" id="label_ProvisionForVesselsRepairsNCL">Provision for vessels repairs</link:label>    <link:labelArc xlink:type="arc" xlink:arcrole="http://www.xbrl.org/2003/arcrole/concept-label" xlink:from="ProvisionForVesselsRepairsNCL" xlink:to="label_ProvisionForVesselsRepairsNCL" />    <link:label xlink:type="resource" xlink:label="label_ProvisionForVesselsRepairsNCL_2" xml:lang="en" xlink:role="http://www.xbrl.org/2003/role/verboseLabel" id="label_ProvisionForVesselsRepairsNCL_2">Provision for vessels repairs-NCL</link:label>    <link:labelArc xlink:type="arc" xlink:arcrole="http://www.xbrl.org/2003/arcrole/concept-label" xlink:from="ProvisionForVesselsRepairsNCL" xlink:to="label_ProvisionForVesselsRepairsNCL_2" />  </link:labelLink></link:linkbase>