<?xml version="1.0" encoding="utf-8"?>
<!-- Generated by PRONEXUS WORKS --><link:linkbase xmlns:link="http://www.xbrl.org/2003/linkbase" xmlns:xsi="http://www.w3.org/2001/XMLSchema-instance" xmlns:xbrli="http://www.xbrl.org/2003/instance" xmlns:xlink="http://www.w3.org/1999/xlink">  <link:roleRef xlink:type="simple" roleURI="http://disclosure.edinet-fsa.go.jp/jppfs/ConsolidatedQuarterly/role/label" xlink:href="http://disclosure.edinet-fsa.go.jp/taxonomy/jppfs/2021-11-01/jppfs_rt_2021-11-01.xsd#rol_ConsolidatedQuarterlyLabel" />  <link:roleRef xlink:type="simple" roleURI="http://disclosure.edinet-fsa.go.jp/jpcrp/alt/role/negativeLabel" xlink:href="http://disclosure.edinet-fsa.go.jp/taxonomy/jpcrp/2021-11-01/jpcrp_rt_2021-11-01.xsd#rol_altNegativeLabel" />  <link:roleRef xlink:type="simple" roleURI="http://disclosure.edinet-fsa.go.jp/jpcrp/alt/role/label" xlink:href="http://disclosure.edinet-fsa.go.jp/taxonomy/jpcrp/2021-11-01/jpcrp_rt_2021-11-01.xsd#rol_altLabel" />  <link:labelLink xlink:type="extended" xlink:role="http://www.xbrl.org/2003/role/link">    <link:loc xlink:type="locator" xlink:href="tse-qcediffr-43730-2022-09-30-01-2022-10-27.xsd#tse-qcediffr-43730_AmortizationOfIdentifiableAssetsOpeCFIFRS" xlink:label="AmortizationOfIdentifiableAssetsOpeCFIFRS" />    <link:loc xlink:type="locator" xlink:href="tse-qcediffr-43730-2022-09-30-01-2022-10-27.xsd#tse-qcediffr-43730_AmortizationOfRightOfUseAssetsOpeCFIFRS" xlink:label="AmortizationOfRightOfUseAssetsOpeCFIFRS" />    <link:loc xlink:type="locator" xlink:href="tse-qcediffr-43730-2022-09-30-01-2022-10-27.xsd#tse-qcediffr-43730_IncreaseDecreaseInOtherCurrentLiabilitiesOpeCFIFRS" xlink:label="IncreaseDecreaseInOtherCurrentLiabilitiesOpeCFIFRS" />    <link:loc xlink:type="locator" xlink:href="tse-qcediffr-43730-2022-09-30-01-2022-10-27.xsd#tse-qcediffr-43730_AmortizationOfIdentifiableAssetsGAIFRS" xlink:label="AmortizationOfIdentifiableAssetsGAIFRS" />    <link:loc xlink:type="locator" xlink:href="tse-qcediffr-43730-2022-09-30-01-2022-10-27.xsd#tse-qcediffr-43730_IncreaseDecreaseInOtherCurrentAssetsOpeCFIFRS" xlink:label="IncreaseDecreaseInOtherCurrentAssetsOpeCFIFRS" />    <link:loc xlink:type="locator" xlink:href="http://disclosure.edinet-fsa.go.jp/taxonomy/jpigp/2021-11-01/jpigp_cor_2021-11-01.xsd#jpigp_cor_PaymentsForAcquisitionOfInterestsInSubsidiariesFromNonControllingInterestsFinCFIFRS" xlink:label="PaymentsForAcquisitionOfInterestsInSubsidiariesFromNonControllingInterestsFinCFIFRS" />    <link:label xlink:type="resource" xlink:label="label_PaymentsForAcquisitionOfInterestsInSubsidiariesFromNonControllingInterestsFinCFIFRS" xml:lang="ja" xlink:role="http://disclosure.edinet-fsa.go.jp/jpcrp/alt/role/label" id="label_PaymentsForAcquisitionOfInterestsInSubsidiariesFromNonControllingInterestsFinCFIFRS">子会社持分の追加取得による支出</link:label>    <link:labelArc xlink:type="arc" xlink:arcrole="http://www.xbrl.org/2003/arcrole/concept-label" xlink:from="PaymentsForAcquisitionOfInterestsInSubsidiariesFromNonControllingInterestsFinCFIFRS" xlink:to="label_PaymentsForAcquisitionOfInterestsInSubsidiariesFromNonControllingInterestsFinCFIFRS" />    <link:loc xlink:type="locator" xlink:href="http://disclosure.edinet-fsa.go.jp/taxonomy/jpigp/2021-11-01/jpigp_cor_2021-11-01.xsd#jpigp_cor_IncomeTaxesPayableCLIFRS" xlink:label="IncomeTaxesPayableCLIFRS" />    <link:label xlink:type="resource" xlink:label="label_IncomeTaxesPayableCLIFRS" xml:lang="ja" xlink:role="http://disclosure.edinet-fsa.go.jp/jpcrp/alt/role/label" id="label_IncomeTaxesPayableCLIFRS">未払法人所得税等</link:label>    <link:labelArc xlink:type="arc" xlink:arcrole="http://www.xbrl.org/2003/arcrole/concept-label" xlink:from="IncomeTaxesPayableCLIFRS" xlink:to="label_IncomeTaxesPayableCLIFRS" />    <link:loc xlink:type="locator" xlink:href="http://disclosure.edinet-fsa.go.jp/taxonomy/jpigp/2021-11-01/jpigp_cor_2021-11-01.xsd#jpigp_cor_NetChangeInFairValueOfEquityInstrumentsDesignatedAsMeasuredAtFairValueThroughOtherComprehensiveIncomeNetOfTaxItemsThatWillNotBeReclassifiedToProfitOrLossOCIIFRS" xlink:label="NetChangeInFairValueOfEquityInstrumentsDesignatedAsMeasuredAtFairValueThroughOtherComprehensiveIncomeNetOfTaxItemsThatWillNotBeReclassifiedToProfitOrLossOCIIFRS" />    <link:label xlink:type="resource" xlink:label="label_NetChangeInFairValueOfEquityInstrumentsDesignatedAsMeasuredAtFairValueThroughOtherComprehensiveIncomeNetOfTaxItemsThatWillNotBeReclassifiedToProfitOrLossOCIIFRS" xml:lang="ja" xlink:role="http://disclosure.edinet-fsa.go.jp/jpcrp/alt/role/label" id="label_NetChangeInFairValueOfEquityInstrumentsDesignatedAsMeasuredAtFairValueThroughOtherComprehensiveIncomeNetOfTaxItemsThatWillNotBeReclassifiedToProfitOrLossOCIIFRS">その他の包括利益を通じて公正価値で測定する金融資産</link:label>    <link:labelArc xlink:type="arc" xlink:arcrole="http://www.xbrl.org/2003/arcrole/concept-label" xlink:from="NetChangeInFairValueOfEquityInstrumentsDesignatedAsMeasuredAtFairValueThroughOtherComprehensiveIncomeNetOfTaxItemsThatWillNotBeReclassifiedToProfitOrLossOCIIFRS" xlink:to="label_NetChangeInFairValueOfEquityInstrumentsDesignatedAsMeasuredAtFairValueThroughOtherComprehensiveIncomeNetOfTaxItemsThatWillNotBeReclassifiedToProfitOrLossOCIIFRS" />    <link:loc xlink:type="locator" xlink:href="http://disclosure.edinet-fsa.go.jp/taxonomy/jpigp/2021-11-01/jpigp_cor_2021-11-01.xsd#jpigp_cor_ComprehensiveIncomeAttributableToIFRSAbstract" xlink:label="ComprehensiveIncomeAttributableToIFRSAbstract" />    <link:label xlink:type="resource" xlink:label="label_ComprehensiveIncomeAttributableToIFRSAbstract" xml:lang="ja" xlink:role="http://disclosure.edinet-fsa.go.jp/jppfs/ConsolidatedQuarterly/role/label" id="label_ComprehensiveIncomeAttributableToIFRSAbstract">四半期包括利益の帰属</link:label>    <link:labelArc xlink:type="arc" xlink:arcrole="http://www.xbrl.org/2003/arcrole/concept-label" xlink:from="ComprehensiveIncomeAttributableToIFRSAbstract" xlink:to="label_ComprehensiveIncomeAttributableToIFRSAbstract" />    <link:label xlink:type="resource" xlink:label="label_AmortizationOfIdentifiableAssetsGAIFRS" xml:lang="ja" xlink:role="http://www.xbrl.org/2003/role/label" id="label_AmortizationOfIdentifiableAssetsGAIFRS">識別可能資産償却費</link:label>    <link:labelArc xlink:type="arc" xlink:arcrole="http://www.xbrl.org/2003/arcrole/concept-label" xlink:from="AmortizationOfIdentifiableAssetsGAIFRS" xlink:to="label_AmortizationOfIdentifiableAssetsGAIFRS" />    <link:label xlink:type="resource" xlink:label="label_AmortizationOfIdentifiableAssetsGAIFRS_2" xml:lang="ja" xlink:role="http://www.xbrl.org/2003/role/verboseLabel" id="label_AmortizationOfIdentifiableAssetsGAIFRS_2">識別可能資産償却費（IFRS）</link:label>    <link:labelArc xlink:type="arc" xlink:arcrole="http://www.xbrl.org/2003/arcrole/concept-label" xlink:from="AmortizationOfIdentifiableAssetsGAIFRS" xlink:to="label_AmortizationOfIdentifiableAssetsGAIFRS_2" />    <link:loc xlink:type="locator" xlink:href="http://disclosure.edinet-fsa.go.jp/taxonomy/jpigp/2021-11-01/jpigp_cor_2021-11-01.xsd#jpigp_cor_ExerciseOfShareAcquisitionRightsSSIFRS" xlink:label="ExerciseOfShareAcquisitionRightsSSIFRS" />    <link:label xlink:type="resource" xlink:label="label_ExerciseOfShareAcquisitionRightsSSIFRS" xml:lang="ja" xlink:role="http://disclosure.edinet-fsa.go.jp/jpcrp/alt/role/label" id="label_ExerciseOfShareAcquisitionRightsSSIFRS">新株予約権の行使及び失効</link:label>    <link:labelArc xlink:type="arc" xlink:arcrole="http://www.xbrl.org/2003/arcrole/concept-label" xlink:from="ExerciseOfShareAcquisitionRightsSSIFRS" xlink:to="label_ExerciseOfShareAcquisitionRightsSSIFRS" />    <link:loc xlink:type="locator" xlink:href="http://disclosure.edinet-fsa.go.jp/taxonomy/jpigp/2021-11-01/jpigp_cor_2021-11-01.xsd#jpigp_cor_ChangesInOwnershipInterestInSubsidiariesSSIFRS" xlink:label="ChangesInOwnershipInterestInSubsidiariesSSIFRS" />    <link:label xlink:type="resource" xlink:label="label_ChangesInOwnershipInterestInSubsidiariesSSIFRS" xml:lang="ja" xlink:role="http://disclosure.edinet-fsa.go.jp/jpcrp/alt/role/label" id="label_ChangesInOwnershipInterestInSubsidiariesSSIFRS">子会社持分の追加取得による増減</link:label>    <link:labelArc xlink:type="arc" xlink:arcrole="http://www.xbrl.org/2003/arcrole/concept-label" xlink:from="ChangesInOwnershipInterestInSubsidiariesSSIFRS" xlink:to="label_ChangesInOwnershipInterestInSubsidiariesSSIFRS" />    <link:loc xlink:type="locator" xlink:href="http://disclosure.edinet-fsa.go.jp/taxonomy/jpigp/2021-11-01/jpigp_cor_2021-11-01.xsd#jpigp_cor_IncomeTaxesRefundPaidOpeCFIFRS" xlink:label="IncomeTaxesRefundPaidOpeCFIFRS" />    <link:label xlink:type="resource" xlink:label="label_IncomeTaxesRefundPaidOpeCFIFRS" xml:lang="ja" xlink:role="http://disclosure.edinet-fsa.go.jp/jpcrp/alt/role/negativeLabel" id="label_IncomeTaxesRefundPaidOpeCFIFRS">法人所得税等の支払額</link:label>    <link:labelArc xlink:type="arc" xlink:arcrole="http://www.xbrl.org/2003/arcrole/concept-label" xlink:from="IncomeTaxesRefundPaidOpeCFIFRS" xlink:to="label_IncomeTaxesRefundPaidOpeCFIFRS" />    <link:label xlink:type="resource" xlink:label="label_AmortizationOfIdentifiableAssetsOpeCFIFRS" xml:lang="ja" xlink:role="http://www.xbrl.org/2003/role/label" id="label_AmortizationOfIdentifiableAssetsOpeCFIFRS">識別可能資産償却費</link:label>    <link:labelArc xlink:type="arc" xlink:arcrole="http://www.xbrl.org/2003/arcrole/concept-label" xlink:from="AmortizationOfIdentifiableAssetsOpeCFIFRS" xlink:to="label_AmortizationOfIdentifiableAssetsOpeCFIFRS" />    <link:label xlink:type="resource" xlink:label="label_AmortizationOfIdentifiableAssetsOpeCFIFRS_2" xml:lang="ja" xlink:role="http://www.xbrl.org/2003/role/verboseLabel" id="label_AmortizationOfIdentifiableAssetsOpeCFIFRS_2">識別可能資産償却費、営業活動によるキャッシュ・フロー（IFRS）</link:label>    <link:labelArc xlink:type="arc" xlink:arcrole="http://www.xbrl.org/2003/arcrole/concept-label" xlink:from="AmortizationOfIdentifiableAssetsOpeCFIFRS" xlink:to="label_AmortizationOfIdentifiableAssetsOpeCFIFRS_2" />    <link:label xlink:type="resource" xlink:label="label_AmortizationOfRightOfUseAssetsOpeCFIFRS" xml:lang="ja" xlink:role="http://www.xbrl.org/2003/role/label" id="label_AmortizationOfRightOfUseAssetsOpeCFIFRS">使用権資産償却費</link:label>    <link:labelArc xlink:type="arc" xlink:arcrole="http://www.xbrl.org/2003/arcrole/concept-label" xlink:from="AmortizationOfRightOfUseAssetsOpeCFIFRS" xlink:to="label_AmortizationOfRightOfUseAssetsOpeCFIFRS" />    <link:label xlink:type="resource" xlink:label="label_AmortizationOfRightOfUseAssetsOpeCFIFRS_2" xml:lang="ja" xlink:role="http://www.xbrl.org/2003/role/verboseLabel" id="label_AmortizationOfRightOfUseAssetsOpeCFIFRS_2">使用権資産償却費、営業活動によるキャッシュ・フロー（IFRS）</link:label>    <link:labelArc xlink:type="arc" xlink:arcrole="http://www.xbrl.org/2003/arcrole/concept-label" xlink:from="AmortizationOfRightOfUseAssetsOpeCFIFRS" xlink:to="label_AmortizationOfRightOfUseAssetsOpeCFIFRS_2" />    <link:label xlink:type="resource" xlink:label="label_IncreaseDecreaseInOtherCurrentAssetsOpeCFIFRS" xml:lang="ja" xlink:role="http://www.xbrl.org/2003/role/label" id="label_IncreaseDecreaseInOtherCurrentAssetsOpeCFIFRS">その他の流動資産の増減額（△は増加）</link:label>    <link:labelArc xlink:type="arc" xlink:arcrole="http://www.xbrl.org/2003/arcrole/concept-label" xlink:from="IncreaseDecreaseInOtherCurrentAssetsOpeCFIFRS" xlink:to="label_IncreaseDecreaseInOtherCurrentAssetsOpeCFIFRS" />    <link:label xlink:type="resource" xlink:label="label_IncreaseDecreaseInOtherCurrentAssetsOpeCFIFRS_2" xml:lang="ja" xlink:role="http://www.xbrl.org/2003/role/verboseLabel" id="label_IncreaseDecreaseInOtherCurrentAssetsOpeCFIFRS_2">その他の流動資産の増減額（△は増加）、営業活動によるキャッシュ・フロー（IFRS）</link:label>    <link:labelArc xlink:type="arc" xlink:arcrole="http://www.xbrl.org/2003/arcrole/concept-label" xlink:from="IncreaseDecreaseInOtherCurrentAssetsOpeCFIFRS" xlink:to="label_IncreaseDecreaseInOtherCurrentAssetsOpeCFIFRS_2" />    <link:label xlink:type="resource" xlink:label="label_IncreaseDecreaseInOtherCurrentLiabilitiesOpeCFIFRS" xml:lang="ja" xlink:role="http://www.xbrl.org/2003/role/label" id="label_IncreaseDecreaseInOtherCurrentLiabilitiesOpeCFIFRS">その他の流動負債の増減額（△は減少）</link:label>    <link:labelArc xlink:type="arc" xlink:arcrole="http://www.xbrl.org/2003/arcrole/concept-label" xlink:from="IncreaseDecreaseInOtherCurrentLiabilitiesOpeCFIFRS" xlink:to="label_IncreaseDecreaseInOtherCurrentLiabilitiesOpeCFIFRS" />    <link:label xlink:type="resource" xlink:label="label_IncreaseDecreaseInOtherCurrentLiabilitiesOpeCFIFRS_2" xml:lang="ja" xlink:role="http://www.xbrl.org/2003/role/verboseLabel" id="label_IncreaseDecreaseInOtherCurrentLiabilitiesOpeCFIFRS_2">その他の流動負債の増減額（△は減少）、営業活動によるキャッシュ・フロー（IFRS）</link:label>    <link:labelArc xlink:type="arc" xlink:arcrole="http://www.xbrl.org/2003/arcrole/concept-label" xlink:from="IncreaseDecreaseInOtherCurrentLiabilitiesOpeCFIFRS" xlink:to="label_IncreaseDecreaseInOtherCurrentLiabilitiesOpeCFIFRS_2" />    <link:loc xlink:type="locator" xlink:href="http://disclosure.edinet-fsa.go.jp/taxonomy/jpigp/2021-11-01/jpigp_cor_2021-11-01.xsd#jpigp_cor_IncomeTaxesRefundOpeCFIFRS" xlink:label="IncomeTaxesRefundOpeCFIFRS" />    <link:label xlink:type="resource" xlink:label="label_IncomeTaxesRefundOpeCFIFRS" xml:lang="ja" xlink:role="http://disclosure.edinet-fsa.go.jp/jpcrp/alt/role/label" id="label_IncomeTaxesRefundOpeCFIFRS">法人所得税等の還付額</link:label>    <link:labelArc xlink:type="arc" xlink:arcrole="http://www.xbrl.org/2003/arcrole/concept-label" xlink:from="IncomeTaxesRefundOpeCFIFRS" xlink:to="label_IncomeTaxesRefundOpeCFIFRS" />    <link:loc xlink:type="locator" xlink:href="http://disclosure.edinet-fsa.go.jp/taxonomy/jpigp/2021-11-01/jpigp_cor_2021-11-01.xsd#jpigp_cor_RepaymentsOfLeaseObligationsFinCFIFRS" xlink:label="RepaymentsOfLeaseObligationsFinCFIFRS" />    <link:label xlink:type="resource" xlink:label="label_RepaymentsOfLeaseObligationsFinCFIFRS" xml:lang="ja" xlink:role="http://disclosure.edinet-fsa.go.jp/jpcrp/alt/role/label" id="label_RepaymentsOfLeaseObligationsFinCFIFRS">リース負債の支払による支出</link:label>    <link:labelArc xlink:type="arc" xlink:arcrole="http://www.xbrl.org/2003/arcrole/concept-label" xlink:from="RepaymentsOfLeaseObligationsFinCFIFRS" xlink:to="label_RepaymentsOfLeaseObligationsFinCFIFRS" />    <link:loc xlink:type="locator" xlink:href="http://disclosure.edinet-fsa.go.jp/taxonomy/jpigp/2021-11-01/jpigp_cor_2021-11-01.xsd#jpigp_cor_IncomeTaxesPaidOpeCFIFRS" xlink:label="IncomeTaxesPaidOpeCFIFRS" />    <link:label xlink:type="resource" xlink:label="label_IncomeTaxesPaidOpeCFIFRS" xml:lang="ja" xlink:role="http://disclosure.edinet-fsa.go.jp/jpcrp/alt/role/label" id="label_IncomeTaxesPaidOpeCFIFRS">法人所得税等の支払額</link:label>    <link:labelArc xlink:type="arc" xlink:arcrole="http://www.xbrl.org/2003/arcrole/concept-label" xlink:from="IncomeTaxesPaidOpeCFIFRS" xlink:to="label_IncomeTaxesPaidOpeCFIFRS" />  </link:labelLink></link:linkbase>