<?xml version="1.0" encoding="utf-8"?>
<!-- Generated by PRONEXUS WORKS --><link:linkbase xmlns:link="http://www.xbrl.org/2003/linkbase" xmlns:xsi="http://www.w3.org/2001/XMLSchema-instance" xmlns:xbrli="http://www.xbrl.org/2003/instance" xmlns:xlink="http://www.w3.org/1999/xlink" xmlns:xbrldt="http://xbrl.org/2005/xbrldt">  <link:roleRef xlink:type="simple" roleURI="http://disclosure.edinet-fsa.go.jp/role/jpigp/rol_CondensedQuarterlyConsolidatedStatementOfCashFlowsIFRS" xlink:href="http://disclosure.edinet-fsa.go.jp/taxonomy/jpigp/2020-11-01/jpigp_rt_2020-11-01.xsd#rol_CondensedQuarterlyConsolidatedStatementOfCashFlowsIFRS" />  <link:roleRef xlink:type="simple" roleURI="http://disclosure.edinet-fsa.go.jp/role/jpigp/rol_CondensedQuarterlyConsolidatedStatementOfChangesInEquityIFRS" xlink:href="http://disclosure.edinet-fsa.go.jp/taxonomy/jpigp/2020-11-01/jpigp_rt_2020-11-01.xsd#rol_CondensedQuarterlyConsolidatedStatementOfChangesInEquityIFRS" />  <link:roleRef xlink:type="simple" roleURI="http://disclosure.edinet-fsa.go.jp/role/jpigp/rol_CondensedYearToQuarterEndConsolidatedStatementOfComprehensiveIncomeIFRS" xlink:href="http://disclosure.edinet-fsa.go.jp/taxonomy/jpigp/2020-11-01/jpigp_rt_2020-11-01.xsd#rol_CondensedYearToQuarterEndConsolidatedStatementOfComprehensiveIncomeIFRS" />  <link:roleRef xlink:type="simple" roleURI="http://disclosure.edinet-fsa.go.jp/role/jpigp/rol_CondensedYearToQuarterEndConsolidatedStatementOfProfitOrLossIFRS" xlink:href="http://disclosure.edinet-fsa.go.jp/taxonomy/jpigp/2020-11-01/jpigp_rt_2020-11-01.xsd#rol_CondensedYearToQuarterEndConsolidatedStatementOfProfitOrLossIFRS" />  <link:roleRef xlink:type="simple" roleURI="http://disclosure.edinet-fsa.go.jp/role/jpigp/rol_CondensedQuarterlyConsolidatedStatementOfFinancialPositionIFRS" xlink:href="http://disclosure.edinet-fsa.go.jp/taxonomy/jpigp/2020-11-01/jpigp_rt_2020-11-01.xsd#rol_CondensedQuarterlyConsolidatedStatementOfFinancialPositionIFRS" />  <link:arcroleRef xlink:type="simple" arcroleURI="http://xbrl.org/int/dim/arcrole/hypercube-dimension" xlink:href="http://www.xbrl.org/2005/xbrldt-2005.xsd#hypercube-dimension" />  <link:arcroleRef xlink:type="simple" arcroleURI="http://xbrl.org/int/dim/arcrole/domain-member" xlink:href="http://www.xbrl.org/2005/xbrldt-2005.xsd#domain-member" />  <link:arcroleRef xlink:type="simple" arcroleURI="http://xbrl.org/int/dim/arcrole/dimension-domain" xlink:href="http://www.xbrl.org/2005/xbrldt-2005.xsd#dimension-domain" />  <link:arcroleRef xlink:type="simple" arcroleURI="http://xbrl.org/int/dim/arcrole/dimension-default" xlink:href="http://www.xbrl.org/2005/xbrldt-2005.xsd#dimension-default" />  <link:arcroleRef xlink:type="simple" arcroleURI="http://xbrl.org/int/dim/arcrole/all" xlink:href="http://www.xbrl.org/2005/xbrldt-2005.xsd#all" />  <link:definitionLink xlink:type="extended" xlink:role="http://disclosure.edinet-fsa.go.jp/role/jpigp/rol_CondensedQuarterlyConsolidatedStatementOfFinancialPositionIFRS">    <link:loc xlink:type="locator" xlink:href="http://disclosure.edinet-fsa.go.jp/taxonomy/jpigp/2020-11-01/jpigp_cor_2020-11-01.xsd#jpigp_cor_CondensedQuarterlyConsolidatedStatementOfFinancialPositionIFRSHeading" xlink:label="CondensedQuarterlyConsolidatedStatementOfFinancialPositionIFRSHeading" />    <link:loc xlink:type="locator" xlink:href="http://disclosure.edinet-fsa.go.jp/taxonomy/jpigp/2020-11-01/jpigp_cor_2020-11-01.xsd#jpigp_cor_StatementOfFinancialPositionIFRSTable" xlink:label="StatementOfFinancialPositionIFRSTable_2" />    <link:definitionArc xlink:type="arc" xbrldt:contextElement="scenario" xbrldt:closed="true" xlink:arcrole="http://xbrl.org/int/dim/arcrole/all" xlink:from="CondensedQuarterlyConsolidatedStatementOfFinancialPositionIFRSHeading" xlink:to="StatementOfFinancialPositionIFRSTable_2" order="1.0" />    <link:loc xlink:type="locator" xlink:href="http://disclosure.edinet-fsa.go.jp/taxonomy/jpigp/2020-11-01/jpigp_cor_2020-11-01.xsd#jpigp_cor_StatementOfFinancialPositionIFRSTable" xlink:label="StatementOfFinancialPositionIFRSTable" />    <link:loc xlink:type="locator" xlink:href="http://disclosure.edinet-fsa.go.jp/taxonomy/jppfs/2020-11-01/jppfs_cor_2020-11-01.xsd#jppfs_cor_ConsolidatedOrNonConsolidatedAxis" xlink:label="ConsolidatedOrNonConsolidatedAxis_2" />    <link:definitionArc xlink:type="arc" xlink:arcrole="http://xbrl.org/int/dim/arcrole/hypercube-dimension" xlink:from="StatementOfFinancialPositionIFRSTable" xlink:to="ConsolidatedOrNonConsolidatedAxis_2" order="1.0" />    <link:loc xlink:type="locator" xlink:href="http://disclosure.edinet-fsa.go.jp/taxonomy/jppfs/2020-11-01/jppfs_cor_2020-11-01.xsd#jppfs_cor_ConsolidatedOrNonConsolidatedAxis" xlink:label="ConsolidatedOrNonConsolidatedAxis" />    <link:loc xlink:type="locator" xlink:href="http://disclosure.edinet-fsa.go.jp/taxonomy/jppfs/2020-11-01/jppfs_cor_2020-11-01.xsd#jppfs_cor_ConsolidatedMember" xlink:label="ConsolidatedMember_2" />    <link:definitionArc xlink:type="arc" xlink:arcrole="http://xbrl.org/int/dim/arcrole/dimension-domain" xlink:from="ConsolidatedOrNonConsolidatedAxis" xlink:to="ConsolidatedMember_2" order="5.0" />    <link:loc xlink:type="locator" xlink:href="http://disclosure.edinet-fsa.go.jp/taxonomy/jppfs/2020-11-01/jppfs_cor_2020-11-01.xsd#jppfs_cor_ConsolidatedMember" xlink:label="ConsolidatedMember" />    <link:definitionArc xlink:type="arc" xlink:arcrole="http://xbrl.org/int/dim/arcrole/dimension-default" xlink:from="ConsolidatedOrNonConsolidatedAxis" xlink:to="ConsolidatedMember" order="6.0" />    <link:loc xlink:type="locator" xlink:href="http://disclosure.edinet-fsa.go.jp/taxonomy/jpigp/2020-11-01/jpigp_cor_2020-11-01.xsd#jpigp_cor_StatementOfFinancialPositionIFRSLineItems" xlink:label="StatementOfFinancialPositionIFRSLineItems_2" />    <link:definitionArc xlink:type="arc" xlink:arcrole="http://xbrl.org/int/dim/arcrole/domain-member" xlink:from="CondensedQuarterlyConsolidatedStatementOfFinancialPositionIFRSHeading" xlink:to="StatementOfFinancialPositionIFRSLineItems_2" order="2.0" />    <link:loc xlink:type="locator" xlink:href="http://disclosure.edinet-fsa.go.jp/taxonomy/jpigp/2020-11-01/jpigp_cor_2020-11-01.xsd#jpigp_cor_StatementOfFinancialPositionIFRSLineItems" xlink:label="StatementOfFinancialPositionIFRSLineItems" />    <link:loc xlink:type="locator" xlink:href="http://disclosure.edinet-fsa.go.jp/taxonomy/jpigp/2020-11-01/jpigp_cor_2020-11-01.xsd#jpigp_cor_AssetsIFRSAbstract" xlink:label="AssetsIFRSAbstract_2" />    <link:definitionArc xlink:type="arc" xlink:arcrole="http://xbrl.org/int/dim/arcrole/domain-member" xlink:from="StatementOfFinancialPositionIFRSLineItems" xlink:to="AssetsIFRSAbstract_2" order="1.0" />    <link:loc xlink:type="locator" xlink:href="http://disclosure.edinet-fsa.go.jp/taxonomy/jpigp/2020-11-01/jpigp_cor_2020-11-01.xsd#jpigp_cor_AssetsIFRSAbstract" xlink:label="AssetsIFRSAbstract" />    <link:loc xlink:type="locator" xlink:href="http://disclosure.edinet-fsa.go.jp/taxonomy/jpigp/2020-11-01/jpigp_cor_2020-11-01.xsd#jpigp_cor_CurrentAssetsIFRSAbstract" xlink:label="CurrentAssetsIFRSAbstract_2" />    <link:definitionArc xlink:type="arc" xlink:arcrole="http://xbrl.org/int/dim/arcrole/domain-member" xlink:from="AssetsIFRSAbstract" xlink:to="CurrentAssetsIFRSAbstract_2" order="1.0" />    <link:loc xlink:type="locator" xlink:href="http://disclosure.edinet-fsa.go.jp/taxonomy/jpigp/2020-11-01/jpigp_cor_2020-11-01.xsd#jpigp_cor_CurrentAssetsIFRSAbstract" xlink:label="CurrentAssetsIFRSAbstract" />    <link:loc xlink:type="locator" xlink:href="http://disclosure.edinet-fsa.go.jp/taxonomy/jpigp/2020-11-01/jpigp_cor_2020-11-01.xsd#jpigp_cor_CashAndCashEquivalentsIFRS" xlink:label="CashAndCashEquivalentsIFRS" />    <link:definitionArc xlink:type="arc" xlink:arcrole="http://xbrl.org/int/dim/arcrole/domain-member" xlink:from="CurrentAssetsIFRSAbstract" xlink:to="CashAndCashEquivalentsIFRS" order="1.0" />    <link:loc xlink:type="locator" xlink:href="http://disclosure.edinet-fsa.go.jp/taxonomy/jpigp/2020-11-01/jpigp_cor_2020-11-01.xsd#jpigp_cor_TradeAndOtherReceivablesCAIFRS" xlink:label="TradeAndOtherReceivablesCAIFRS" />    <link:definitionArc xlink:type="arc" xlink:arcrole="http://xbrl.org/int/dim/arcrole/domain-member" xlink:from="CurrentAssetsIFRSAbstract" xlink:to="TradeAndOtherReceivablesCAIFRS" order="2.0" />    <link:loc xlink:type="locator" xlink:href="http://disclosure.edinet-fsa.go.jp/taxonomy/jpigp/2020-11-01/jpigp_cor_2020-11-01.xsd#jpigp_cor_OtherFinancialAssetsCAIFRS" xlink:label="OtherFinancialAssetsCAIFRS" />    <link:definitionArc xlink:type="arc" xlink:arcrole="http://xbrl.org/int/dim/arcrole/domain-member" xlink:from="CurrentAssetsIFRSAbstract" xlink:to="OtherFinancialAssetsCAIFRS" order="3.0" />    <link:loc xlink:type="locator" xlink:href="http://disclosure.edinet-fsa.go.jp/taxonomy/jpigp/2020-11-01/jpigp_cor_2020-11-01.xsd#jpigp_cor_InventoriesCAIFRS" xlink:label="InventoriesCAIFRS" />    <link:definitionArc xlink:type="arc" xlink:arcrole="http://xbrl.org/int/dim/arcrole/domain-member" xlink:from="CurrentAssetsIFRSAbstract" xlink:to="InventoriesCAIFRS" order="4.0" />    <link:loc xlink:type="locator" xlink:href="http://disclosure.edinet-fsa.go.jp/taxonomy/jpigp/2020-11-01/jpigp_cor_2020-11-01.xsd#jpigp_cor_OtherCurrentAssetsCAIFRS" xlink:label="OtherCurrentAssetsCAIFRS" />    <link:definitionArc xlink:type="arc" xlink:arcrole="http://xbrl.org/int/dim/arcrole/domain-member" xlink:from="CurrentAssetsIFRSAbstract" xlink:to="OtherCurrentAssetsCAIFRS" order="5.0" />    <link:loc xlink:type="locator" xlink:href="http://disclosure.edinet-fsa.go.jp/taxonomy/jpigp/2020-11-01/jpigp_cor_2020-11-01.xsd#jpigp_cor_CurrentAssetsIFRS" xlink:label="CurrentAssetsIFRS" />    <link:definitionArc xlink:type="arc" xlink:arcrole="http://xbrl.org/int/dim/arcrole/domain-member" xlink:from="CurrentAssetsIFRSAbstract" xlink:to="CurrentAssetsIFRS" order="6.0" />    <link:loc xlink:type="locator" xlink:href="http://disclosure.edinet-fsa.go.jp/taxonomy/jpigp/2020-11-01/jpigp_cor_2020-11-01.xsd#jpigp_cor_NonCurrentAssetsIFRSAbstract" xlink:label="NonCurrentAssetsIFRSAbstract_2" />    <link:definitionArc xlink:type="arc" xlink:arcrole="http://xbrl.org/int/dim/arcrole/domain-member" xlink:from="AssetsIFRSAbstract" xlink:to="NonCurrentAssetsIFRSAbstract_2" order="2.0" />    <link:loc xlink:type="locator" xlink:href="http://disclosure.edinet-fsa.go.jp/taxonomy/jpigp/2020-11-01/jpigp_cor_2020-11-01.xsd#jpigp_cor_NonCurrentAssetsIFRSAbstract" xlink:label="NonCurrentAssetsIFRSAbstract" />    <link:loc xlink:type="locator" xlink:href="http://disclosure.edinet-fsa.go.jp/taxonomy/jpigp/2020-11-01/jpigp_cor_2020-11-01.xsd#jpigp_cor_PropertyPlantAndEquipmentIFRS" xlink:label="PropertyPlantAndEquipmentIFRS" />    <link:definitionArc xlink:type="arc" xlink:arcrole="http://xbrl.org/int/dim/arcrole/domain-member" xlink:from="NonCurrentAssetsIFRSAbstract" xlink:to="PropertyPlantAndEquipmentIFRS" order="1.0" />    <link:loc xlink:type="locator" xlink:href="http://disclosure.edinet-fsa.go.jp/taxonomy/jpigp/2020-11-01/jpigp_cor_2020-11-01.xsd#jpigp_cor_GoodwillIFRS" xlink:label="GoodwillIFRS" />    <link:definitionArc xlink:type="arc" xlink:arcrole="http://xbrl.org/int/dim/arcrole/domain-member" xlink:from="NonCurrentAssetsIFRSAbstract" xlink:to="GoodwillIFRS" order="2.0" />    <link:loc xlink:type="locator" xlink:href="http://disclosure.edinet-fsa.go.jp/taxonomy/jpigp/2020-11-01/jpigp_cor_2020-11-01.xsd#jpigp_cor_IntangibleAssetsIFRS" xlink:label="IntangibleAssetsIFRS" />    <link:definitionArc xlink:type="arc" xlink:arcrole="http://xbrl.org/int/dim/arcrole/domain-member" xlink:from="NonCurrentAssetsIFRSAbstract" xlink:to="IntangibleAssetsIFRS" order="3.0" />    <link:loc xlink:type="locator" xlink:href="http://disclosure.edinet-fsa.go.jp/taxonomy/jpigp/2020-11-01/jpigp_cor_2020-11-01.xsd#jpigp_cor_InvestmentsAccountedForUsingEquityMethodIFRS" xlink:label="InvestmentsAccountedForUsingEquityMethodIFRS" />    <link:definitionArc xlink:type="arc" xlink:arcrole="http://xbrl.org/int/dim/arcrole/domain-member" xlink:from="NonCurrentAssetsIFRSAbstract" xlink:to="InvestmentsAccountedForUsingEquityMethodIFRS" order="4.0" />    <link:loc xlink:type="locator" xlink:href="http://disclosure.edinet-fsa.go.jp/taxonomy/jpigp/2020-11-01/jpigp_cor_2020-11-01.xsd#jpigp_cor_OtherFinancialAssetsNCAIFRS" xlink:label="OtherFinancialAssetsNCAIFRS" />    <link:definitionArc xlink:type="arc" xlink:arcrole="http://xbrl.org/int/dim/arcrole/domain-member" xlink:from="NonCurrentAssetsIFRSAbstract" xlink:to="OtherFinancialAssetsNCAIFRS" order="5.0" />    <link:loc xlink:type="locator" xlink:href="http://disclosure.edinet-fsa.go.jp/taxonomy/jpigp/2020-11-01/jpigp_cor_2020-11-01.xsd#jpigp_cor_RetirementBenefitAssetNCAIFRS" xlink:label="RetirementBenefitAssetNCAIFRS" />    <link:definitionArc xlink:type="arc" xlink:arcrole="http://xbrl.org/int/dim/arcrole/domain-member" xlink:from="NonCurrentAssetsIFRSAbstract" xlink:to="RetirementBenefitAssetNCAIFRS" order="6.0" />    <link:loc xlink:type="locator" xlink:href="http://disclosure.edinet-fsa.go.jp/taxonomy/jpigp/2020-11-01/jpigp_cor_2020-11-01.xsd#jpigp_cor_DeferredTaxAssetsIFRS" xlink:label="DeferredTaxAssetsIFRS" />    <link:definitionArc xlink:type="arc" xlink:arcrole="http://xbrl.org/int/dim/arcrole/domain-member" xlink:from="NonCurrentAssetsIFRSAbstract" xlink:to="DeferredTaxAssetsIFRS" order="7.0" />    <link:loc xlink:type="locator" xlink:href="http://disclosure.edinet-fsa.go.jp/taxonomy/jpigp/2020-11-01/jpigp_cor_2020-11-01.xsd#jpigp_cor_OtherNonCurrentAssetsNCAIFRS" xlink:label="OtherNonCurrentAssetsNCAIFRS" />    <link:definitionArc xlink:type="arc" xlink:arcrole="http://xbrl.org/int/dim/arcrole/domain-member" xlink:from="NonCurrentAssetsIFRSAbstract" xlink:to="OtherNonCurrentAssetsNCAIFRS" order="8.0" />    <link:loc xlink:type="locator" xlink:href="http://disclosure.edinet-fsa.go.jp/taxonomy/jpigp/2020-11-01/jpigp_cor_2020-11-01.xsd#jpigp_cor_NonCurrentAssetsIFRS" xlink:label="NonCurrentAssetsIFRS" />    <link:definitionArc xlink:type="arc" xlink:arcrole="http://xbrl.org/int/dim/arcrole/domain-member" xlink:from="NonCurrentAssetsIFRSAbstract" xlink:to="NonCurrentAssetsIFRS" order="9.0" />    <link:loc xlink:type="locator" xlink:href="http://disclosure.edinet-fsa.go.jp/taxonomy/jpigp/2020-11-01/jpigp_cor_2020-11-01.xsd#jpigp_cor_AssetsIFRS" xlink:label="AssetsIFRS" />    <link:definitionArc xlink:type="arc" xlink:arcrole="http://xbrl.org/int/dim/arcrole/domain-member" xlink:from="AssetsIFRSAbstract" xlink:to="AssetsIFRS" order="3.0" />    <link:loc xlink:type="locator" xlink:href="http://disclosure.edinet-fsa.go.jp/taxonomy/jpigp/2020-11-01/jpigp_cor_2020-11-01.xsd#jpigp_cor_LiabilitiesAndEquityIFRSAbstract" xlink:label="LiabilitiesAndEquityIFRSAbstract_2" />    <link:definitionArc xlink:type="arc" xlink:arcrole="http://xbrl.org/int/dim/arcrole/domain-member" xlink:from="StatementOfFinancialPositionIFRSLineItems" xlink:to="LiabilitiesAndEquityIFRSAbstract_2" order="2.0" />    <link:loc xlink:type="locator" xlink:href="http://disclosure.edinet-fsa.go.jp/taxonomy/jpigp/2020-11-01/jpigp_cor_2020-11-01.xsd#jpigp_cor_LiabilitiesAndEquityIFRSAbstract" xlink:label="LiabilitiesAndEquityIFRSAbstract" />    <link:loc xlink:type="locator" xlink:href="http://disclosure.edinet-fsa.go.jp/taxonomy/jpigp/2020-11-01/jpigp_cor_2020-11-01.xsd#jpigp_cor_LiabilitiesIFRSAbstract" xlink:label="LiabilitiesIFRSAbstract_2" />    <link:definitionArc xlink:type="arc" xlink:arcrole="http://xbrl.org/int/dim/arcrole/domain-member" xlink:from="LiabilitiesAndEquityIFRSAbstract" xlink:to="LiabilitiesIFRSAbstract_2" order="1.0" />    <link:loc xlink:type="locator" xlink:href="http://disclosure.edinet-fsa.go.jp/taxonomy/jpigp/2020-11-01/jpigp_cor_2020-11-01.xsd#jpigp_cor_LiabilitiesIFRSAbstract" xlink:label="LiabilitiesIFRSAbstract" />    <link:loc xlink:type="locator" xlink:href="http://disclosure.edinet-fsa.go.jp/taxonomy/jpigp/2020-11-01/jpigp_cor_2020-11-01.xsd#jpigp_cor_CurrentLiabilitiesIFRSAbstract" xlink:label="CurrentLiabilitiesIFRSAbstract_2" />    <link:definitionArc xlink:type="arc" xlink:arcrole="http://xbrl.org/int/dim/arcrole/domain-member" xlink:from="LiabilitiesIFRSAbstract" xlink:to="CurrentLiabilitiesIFRSAbstract_2" order="1.0" />    <link:loc xlink:type="locator" xlink:href="http://disclosure.edinet-fsa.go.jp/taxonomy/jpigp/2020-11-01/jpigp_cor_2020-11-01.xsd#jpigp_cor_CurrentLiabilitiesIFRSAbstract" xlink:label="CurrentLiabilitiesIFRSAbstract" />    <link:loc xlink:type="locator" xlink:href="http://disclosure.edinet-fsa.go.jp/taxonomy/jpigp/2020-11-01/jpigp_cor_2020-11-01.xsd#jpigp_cor_BondsAndBorrowingsCLIFRS" xlink:label="BondsAndBorrowingsCLIFRS" />    <link:definitionArc xlink:type="arc" xlink:arcrole="http://xbrl.org/int/dim/arcrole/domain-member" xlink:from="CurrentLiabilitiesIFRSAbstract" xlink:to="BondsAndBorrowingsCLIFRS" order="1.0" />    <link:loc xlink:type="locator" xlink:href="http://disclosure.edinet-fsa.go.jp/taxonomy/jpigp/2020-11-01/jpigp_cor_2020-11-01.xsd#jpigp_cor_TradeAndOtherPayablesCLIFRS" xlink:label="TradeAndOtherPayablesCLIFRS" />    <link:definitionArc xlink:type="arc" xlink:arcrole="http://xbrl.org/int/dim/arcrole/domain-member" xlink:from="CurrentLiabilitiesIFRSAbstract" xlink:to="TradeAndOtherPayablesCLIFRS" order="2.0" />    <link:loc xlink:type="locator" xlink:href="http://disclosure.edinet-fsa.go.jp/taxonomy/jpigp/2020-11-01/jpigp_cor_2020-11-01.xsd#jpigp_cor_OtherFinancialLiabilitiesCLIFRS" xlink:label="OtherFinancialLiabilitiesCLIFRS" />    <link:definitionArc xlink:type="arc" xlink:arcrole="http://xbrl.org/int/dim/arcrole/domain-member" xlink:from="CurrentLiabilitiesIFRSAbstract" xlink:to="OtherFinancialLiabilitiesCLIFRS" order="3.0" />    <link:loc xlink:type="locator" xlink:href="http://disclosure.edinet-fsa.go.jp/taxonomy/jpigp/2020-11-01/jpigp_cor_2020-11-01.xsd#jpigp_cor_IncomeTaxesPayableCLIFRS" xlink:label="IncomeTaxesPayableCLIFRS" />    <link:definitionArc xlink:type="arc" xlink:arcrole="http://xbrl.org/int/dim/arcrole/domain-member" xlink:from="CurrentLiabilitiesIFRSAbstract" xlink:to="IncomeTaxesPayableCLIFRS" order="4.0" />    <link:loc xlink:type="locator" xlink:href="http://disclosure.edinet-fsa.go.jp/taxonomy/jpigp/2020-11-01/jpigp_cor_2020-11-01.xsd#jpigp_cor_ProvisionsCLIFRS" xlink:label="ProvisionsCLIFRS" />    <link:definitionArc xlink:type="arc" xlink:arcrole="http://xbrl.org/int/dim/arcrole/domain-member" xlink:from="CurrentLiabilitiesIFRSAbstract" xlink:to="ProvisionsCLIFRS" order="5.0" />    <link:loc xlink:type="locator" xlink:href="http://disclosure.edinet-fsa.go.jp/taxonomy/jpigp/2020-11-01/jpigp_cor_2020-11-01.xsd#jpigp_cor_OtherCurrentLiabilitiesCLIFRS" xlink:label="OtherCurrentLiabilitiesCLIFRS" />    <link:definitionArc xlink:type="arc" xlink:arcrole="http://xbrl.org/int/dim/arcrole/domain-member" xlink:from="CurrentLiabilitiesIFRSAbstract" xlink:to="OtherCurrentLiabilitiesCLIFRS" order="6.0" />    <link:loc xlink:type="locator" xlink:href="http://disclosure.edinet-fsa.go.jp/taxonomy/jpigp/2020-11-01/jpigp_cor_2020-11-01.xsd#jpigp_cor_TotalCurrentLiabilitiesIFRS" xlink:label="TotalCurrentLiabilitiesIFRS" />    <link:definitionArc xlink:type="arc" xlink:arcrole="http://xbrl.org/int/dim/arcrole/domain-member" xlink:from="CurrentLiabilitiesIFRSAbstract" xlink:to="TotalCurrentLiabilitiesIFRS" order="7.0" />    <link:loc xlink:type="locator" xlink:href="http://disclosure.edinet-fsa.go.jp/taxonomy/jpigp/2020-11-01/jpigp_cor_2020-11-01.xsd#jpigp_cor_NonCurrentLiabilitiesIFRSAbstract" xlink:label="NonCurrentLiabilitiesIFRSAbstract_2" />    <link:definitionArc xlink:type="arc" xlink:arcrole="http://xbrl.org/int/dim/arcrole/domain-member" xlink:from="LiabilitiesIFRSAbstract" xlink:to="NonCurrentLiabilitiesIFRSAbstract_2" order="2.0" />    <link:loc xlink:type="locator" xlink:href="http://disclosure.edinet-fsa.go.jp/taxonomy/jpigp/2020-11-01/jpigp_cor_2020-11-01.xsd#jpigp_cor_NonCurrentLiabilitiesIFRSAbstract" xlink:label="NonCurrentLiabilitiesIFRSAbstract" />    <link:loc xlink:type="locator" xlink:href="http://disclosure.edinet-fsa.go.jp/taxonomy/jpigp/2020-11-01/jpigp_cor_2020-11-01.xsd#jpigp_cor_BondsAndBorrowingsNCLIFRS" xlink:label="BondsAndBorrowingsNCLIFRS" />    <link:definitionArc xlink:type="arc" xlink:arcrole="http://xbrl.org/int/dim/arcrole/domain-member" xlink:from="NonCurrentLiabilitiesIFRSAbstract" xlink:to="BondsAndBorrowingsNCLIFRS" order="1.0" />    <link:loc xlink:type="locator" xlink:href="http://disclosure.edinet-fsa.go.jp/taxonomy/jpigp/2020-11-01/jpigp_cor_2020-11-01.xsd#jpigp_cor_OtherFinancialLiabilitiesNCLIFRS" xlink:label="OtherFinancialLiabilitiesNCLIFRS" />    <link:definitionArc xlink:type="arc" xlink:arcrole="http://xbrl.org/int/dim/arcrole/domain-member" xlink:from="NonCurrentLiabilitiesIFRSAbstract" xlink:to="OtherFinancialLiabilitiesNCLIFRS" order="2.0" />    <link:loc xlink:type="locator" xlink:href="http://disclosure.edinet-fsa.go.jp/taxonomy/jpigp/2020-11-01/jpigp_cor_2020-11-01.xsd#jpigp_cor_RetirementBenefitLiabilityNCLIFRS" xlink:label="RetirementBenefitLiabilityNCLIFRS" />    <link:definitionArc xlink:type="arc" xlink:arcrole="http://xbrl.org/int/dim/arcrole/domain-member" xlink:from="NonCurrentLiabilitiesIFRSAbstract" xlink:to="RetirementBenefitLiabilityNCLIFRS" order="3.0" />    <link:loc xlink:type="locator" xlink:href="http://disclosure.edinet-fsa.go.jp/taxonomy/jpigp/2020-11-01/jpigp_cor_2020-11-01.xsd#jpigp_cor_ProvisionsNCLIFRS" xlink:label="ProvisionsNCLIFRS" />    <link:definitionArc xlink:type="arc" xlink:arcrole="http://xbrl.org/int/dim/arcrole/domain-member" xlink:from="NonCurrentLiabilitiesIFRSAbstract" xlink:to="ProvisionsNCLIFRS" order="4.0" />    <link:loc xlink:type="locator" xlink:href="http://disclosure.edinet-fsa.go.jp/taxonomy/jpigp/2020-11-01/jpigp_cor_2020-11-01.xsd#jpigp_cor_DeferredTaxLiabilitiesIFRS" xlink:label="DeferredTaxLiabilitiesIFRS" />    <link:definitionArc xlink:type="arc" xlink:arcrole="http://xbrl.org/int/dim/arcrole/domain-member" xlink:from="NonCurrentLiabilitiesIFRSAbstract" xlink:to="DeferredTaxLiabilitiesIFRS" order="5.0" />    <link:loc xlink:type="locator" xlink:href="http://disclosure.edinet-fsa.go.jp/taxonomy/jpigp/2020-11-01/jpigp_cor_2020-11-01.xsd#jpigp_cor_OtherNonCurrentLiabilitiesNCLIFRS" xlink:label="OtherNonCurrentLiabilitiesNCLIFRS" />    <link:definitionArc xlink:type="arc" xlink:arcrole="http://xbrl.org/int/dim/arcrole/domain-member" xlink:from="NonCurrentLiabilitiesIFRSAbstract" xlink:to="OtherNonCurrentLiabilitiesNCLIFRS" order="6.0" />    <link:loc xlink:type="locator" xlink:href="http://disclosure.edinet-fsa.go.jp/taxonomy/jpigp/2020-11-01/jpigp_cor_2020-11-01.xsd#jpigp_cor_NonCurrentLabilitiesIFRS" xlink:label="NonCurrentLabilitiesIFRS" />    <link:definitionArc xlink:type="arc" xlink:arcrole="http://xbrl.org/int/dim/arcrole/domain-member" xlink:from="NonCurrentLiabilitiesIFRSAbstract" xlink:to="NonCurrentLabilitiesIFRS" order="7.0" />    <link:loc xlink:type="locator" xlink:href="http://disclosure.edinet-fsa.go.jp/taxonomy/jpigp/2020-11-01/jpigp_cor_2020-11-01.xsd#jpigp_cor_LiabilitiesIFRS" xlink:label="LiabilitiesIFRS" />    <link:definitionArc xlink:type="arc" xlink:arcrole="http://xbrl.org/int/dim/arcrole/domain-member" xlink:from="LiabilitiesIFRSAbstract" xlink:to="LiabilitiesIFRS" order="3.0" />    <link:loc xlink:type="locator" xlink:href="http://disclosure.edinet-fsa.go.jp/taxonomy/jpigp/2020-11-01/jpigp_cor_2020-11-01.xsd#jpigp_cor_EquityIFRSAbstract" xlink:label="EquityIFRSAbstract_2" />    <link:definitionArc xlink:type="arc" xlink:arcrole="http://xbrl.org/int/dim/arcrole/domain-member" xlink:from="LiabilitiesAndEquityIFRSAbstract" xlink:to="EquityIFRSAbstract_2" order="2.0" />    <link:loc xlink:type="locator" xlink:href="http://disclosure.edinet-fsa.go.jp/taxonomy/jpigp/2020-11-01/jpigp_cor_2020-11-01.xsd#jpigp_cor_EquityIFRSAbstract" xlink:label="EquityIFRSAbstract" />    <link:loc xlink:type="locator" xlink:href="http://disclosure.edinet-fsa.go.jp/taxonomy/jpigp/2020-11-01/jpigp_cor_2020-11-01.xsd#jpigp_cor_ShareCapitalIFRS" xlink:label="ShareCapitalIFRS" />    <link:definitionArc xlink:type="arc" xlink:arcrole="http://xbrl.org/int/dim/arcrole/domain-member" xlink:from="EquityIFRSAbstract" xlink:to="ShareCapitalIFRS" order="1.0" />    <link:loc xlink:type="locator" xlink:href="http://disclosure.edinet-fsa.go.jp/taxonomy/jpigp/2020-11-01/jpigp_cor_2020-11-01.xsd#jpigp_cor_CapitalSurplusIFRS" xlink:label="CapitalSurplusIFRS" />    <link:definitionArc xlink:type="arc" xlink:arcrole="http://xbrl.org/int/dim/arcrole/domain-member" xlink:from="EquityIFRSAbstract" xlink:to="CapitalSurplusIFRS" order="2.0" />    <link:loc xlink:type="locator" xlink:href="http://disclosure.edinet-fsa.go.jp/taxonomy/jpigp/2020-11-01/jpigp_cor_2020-11-01.xsd#jpigp_cor_RetainedEarningsIFRS" xlink:label="RetainedEarningsIFRS" />    <link:definitionArc xlink:type="arc" xlink:arcrole="http://xbrl.org/int/dim/arcrole/domain-member" xlink:from="EquityIFRSAbstract" xlink:to="RetainedEarningsIFRS" order="3.0" />    <link:loc xlink:type="locator" xlink:href="http://disclosure.edinet-fsa.go.jp/taxonomy/jpigp/2020-11-01/jpigp_cor_2020-11-01.xsd#jpigp_cor_TreasurySharesIFRS" xlink:label="TreasurySharesIFRS" />    <link:definitionArc xlink:type="arc" xlink:arcrole="http://xbrl.org/int/dim/arcrole/domain-member" xlink:from="EquityIFRSAbstract" xlink:to="TreasurySharesIFRS" order="4.0" />    <link:loc xlink:type="locator" xlink:href="http://disclosure.edinet-fsa.go.jp/taxonomy/jpigp/2020-11-01/jpigp_cor_2020-11-01.xsd#jpigp_cor_OtherComponentsOfEquityIFRS" xlink:label="OtherComponentsOfEquityIFRS" />    <link:definitionArc xlink:type="arc" xlink:arcrole="http://xbrl.org/int/dim/arcrole/domain-member" xlink:from="EquityIFRSAbstract" xlink:to="OtherComponentsOfEquityIFRS" order="5.0" />    <link:loc xlink:type="locator" xlink:href="http://disclosure.edinet-fsa.go.jp/taxonomy/jpigp/2020-11-01/jpigp_cor_2020-11-01.xsd#jpigp_cor_EquityAttributableToOwnersOfParentIFRS" xlink:label="EquityAttributableToOwnersOfParentIFRS" />    <link:definitionArc xlink:type="arc" xlink:arcrole="http://xbrl.org/int/dim/arcrole/domain-member" xlink:from="EquityIFRSAbstract" xlink:to="EquityAttributableToOwnersOfParentIFRS" order="6.0" />    <link:loc xlink:type="locator" xlink:href="http://disclosure.edinet-fsa.go.jp/taxonomy/jpigp/2020-11-01/jpigp_cor_2020-11-01.xsd#jpigp_cor_NonControllingInterestsIFRS" xlink:label="NonControllingInterestsIFRS" />    <link:definitionArc xlink:type="arc" xlink:arcrole="http://xbrl.org/int/dim/arcrole/domain-member" xlink:from="EquityIFRSAbstract" xlink:to="NonControllingInterestsIFRS" order="7.0" />    <link:loc xlink:type="locator" xlink:href="http://disclosure.edinet-fsa.go.jp/taxonomy/jpigp/2020-11-01/jpigp_cor_2020-11-01.xsd#jpigp_cor_EquityIFRS" xlink:label="EquityIFRS" />    <link:definitionArc xlink:type="arc" xlink:arcrole="http://xbrl.org/int/dim/arcrole/domain-member" xlink:from="EquityIFRSAbstract" xlink:to="EquityIFRS" order="8.0" />    <link:loc xlink:type="locator" xlink:href="http://disclosure.edinet-fsa.go.jp/taxonomy/jpigp/2020-11-01/jpigp_cor_2020-11-01.xsd#jpigp_cor_LiabilitiesAndEquityIFRS" xlink:label="LiabilitiesAndEquityIFRS" />    <link:definitionArc xlink:type="arc" xlink:arcrole="http://xbrl.org/int/dim/arcrole/domain-member" xlink:from="LiabilitiesAndEquityIFRSAbstract" xlink:to="LiabilitiesAndEquityIFRS" order="3.0" />  </link:definitionLink>  <link:definitionLink xlink:type="extended" xlink:role="http://disclosure.edinet-fsa.go.jp/role/jpigp/rol_CondensedYearToQuarterEndConsolidatedStatementOfProfitOrLossIFRS">    <link:loc xlink:type="locator" xlink:href="http://disclosure.edinet-fsa.go.jp/taxonomy/jpigp/2020-11-01/jpigp_cor_2020-11-01.xsd#jpigp_cor_CondensedYearToQuarterEndConsolidatedStatementOfProfitOrLossIFRSHeading" xlink:label="CondensedYearToQuarterEndConsolidatedStatementOfProfitOrLossIFRSHeading" />    <link:loc xlink:type="locator" xlink:href="http://disclosure.edinet-fsa.go.jp/taxonomy/jpigp/2020-11-01/jpigp_cor_2020-11-01.xsd#jpigp_cor_StatementOfProfitOrLossIFRSTable" xlink:label="StatementOfProfitOrLossIFRSTable_2" />    <link:definitionArc xlink:type="arc" xbrldt:contextElement="scenario" xbrldt:closed="true" xlink:arcrole="http://xbrl.org/int/dim/arcrole/all" xlink:from="CondensedYearToQuarterEndConsolidatedStatementOfProfitOrLossIFRSHeading" xlink:to="StatementOfProfitOrLossIFRSTable_2" order="1.0" />    <link:loc xlink:type="locator" xlink:href="http://disclosure.edinet-fsa.go.jp/taxonomy/jpigp/2020-11-01/jpigp_cor_2020-11-01.xsd#jpigp_cor_StatementOfProfitOrLossIFRSTable" xlink:label="StatementOfProfitOrLossIFRSTable" />    <link:loc xlink:type="locator" xlink:href="http://disclosure.edinet-fsa.go.jp/taxonomy/jppfs/2020-11-01/jppfs_cor_2020-11-01.xsd#jppfs_cor_ConsolidatedOrNonConsolidatedAxis" xlink:label="ConsolidatedOrNonConsolidatedAxis_2" />    <link:definitionArc xlink:type="arc" xlink:arcrole="http://xbrl.org/int/dim/arcrole/hypercube-dimension" xlink:from="StatementOfProfitOrLossIFRSTable" xlink:to="ConsolidatedOrNonConsolidatedAxis_2" order="1.0" />    <link:loc xlink:type="locator" xlink:href="http://disclosure.edinet-fsa.go.jp/taxonomy/jppfs/2020-11-01/jppfs_cor_2020-11-01.xsd#jppfs_cor_ConsolidatedOrNonConsolidatedAxis" xlink:label="ConsolidatedOrNonConsolidatedAxis" />    <link:loc xlink:type="locator" xlink:href="http://disclosure.edinet-fsa.go.jp/taxonomy/jppfs/2020-11-01/jppfs_cor_2020-11-01.xsd#jppfs_cor_ConsolidatedMember" xlink:label="ConsolidatedMember_2" />    <link:definitionArc xlink:type="arc" xlink:arcrole="http://xbrl.org/int/dim/arcrole/dimension-domain" xlink:from="ConsolidatedOrNonConsolidatedAxis" xlink:to="ConsolidatedMember_2" order="5.0" />    <link:loc xlink:type="locator" xlink:href="http://disclosure.edinet-fsa.go.jp/taxonomy/jppfs/2020-11-01/jppfs_cor_2020-11-01.xsd#jppfs_cor_ConsolidatedMember" xlink:label="ConsolidatedMember" />    <link:definitionArc xlink:type="arc" xlink:arcrole="http://xbrl.org/int/dim/arcrole/dimension-default" xlink:from="ConsolidatedOrNonConsolidatedAxis" xlink:to="ConsolidatedMember" order="6.0" />    <link:loc xlink:type="locator" xlink:href="http://disclosure.edinet-fsa.go.jp/taxonomy/jpigp/2020-11-01/jpigp_cor_2020-11-01.xsd#jpigp_cor_StatementOfProfitOrLossIFRSLineItems" xlink:label="StatementOfProfitOrLossIFRSLineItems_2" />    <link:definitionArc xlink:type="arc" xlink:arcrole="http://xbrl.org/int/dim/arcrole/domain-member" xlink:from="CondensedYearToQuarterEndConsolidatedStatementOfProfitOrLossIFRSHeading" xlink:to="StatementOfProfitOrLossIFRSLineItems_2" order="2.0" />    <link:loc xlink:type="locator" xlink:href="http://disclosure.edinet-fsa.go.jp/taxonomy/jpigp/2020-11-01/jpigp_cor_2020-11-01.xsd#jpigp_cor_StatementOfProfitOrLossIFRSLineItems" xlink:label="StatementOfProfitOrLossIFRSLineItems" />    <link:loc xlink:type="locator" xlink:href="http://disclosure.edinet-fsa.go.jp/taxonomy/jpigp/2020-11-01/jpigp_cor_2020-11-01.xsd#jpigp_cor_RevenueIFRS" xlink:label="RevenueIFRS" />    <link:definitionArc xlink:type="arc" xlink:arcrole="http://xbrl.org/int/dim/arcrole/domain-member" xlink:from="StatementOfProfitOrLossIFRSLineItems" xlink:to="RevenueIFRS" order="1.0" />    <link:loc xlink:type="locator" xlink:href="http://disclosure.edinet-fsa.go.jp/taxonomy/jpigp/2020-11-01/jpigp_cor_2020-11-01.xsd#jpigp_cor_CostOfSalesIFRS" xlink:label="CostOfSalesIFRS" />    <link:definitionArc xlink:type="arc" xlink:arcrole="http://xbrl.org/int/dim/arcrole/domain-member" xlink:from="StatementOfProfitOrLossIFRSLineItems" xlink:to="CostOfSalesIFRS" order="2.0" />    <link:loc xlink:type="locator" xlink:href="http://disclosure.edinet-fsa.go.jp/taxonomy/jpigp/2020-11-01/jpigp_cor_2020-11-01.xsd#jpigp_cor_GrossProfitIFRS" xlink:label="GrossProfitIFRS" />    <link:definitionArc xlink:type="arc" xlink:arcrole="http://xbrl.org/int/dim/arcrole/domain-member" xlink:from="StatementOfProfitOrLossIFRSLineItems" xlink:to="GrossProfitIFRS" order="3.0" />    <link:loc xlink:type="locator" xlink:href="http://disclosure.edinet-fsa.go.jp/taxonomy/jpigp/2020-11-01/jpigp_cor_2020-11-01.xsd#jpigp_cor_SellingGeneralAndAdministrativeExpensesIFRS" xlink:label="SellingGeneralAndAdministrativeExpensesIFRS" />    <link:definitionArc xlink:type="arc" xlink:arcrole="http://xbrl.org/int/dim/arcrole/domain-member" xlink:from="StatementOfProfitOrLossIFRSLineItems" xlink:to="SellingGeneralAndAdministrativeExpensesIFRS" order="4.0" />    <link:loc xlink:type="locator" xlink:href="tse-qcediffr-51100-2022-09-30-01-2022-11-09.xsd#tse-qcediffr-51100_BusinessprofitIFRS" xlink:label="BusinessprofitIFRS" />    <link:definitionArc xlink:type="arc" xlink:arcrole="http://xbrl.org/int/dim/arcrole/domain-member" xlink:from="StatementOfProfitOrLossIFRSLineItems" xlink:to="BusinessprofitIFRS" order="5.0" />    <link:loc xlink:type="locator" xlink:href="http://disclosure.edinet-fsa.go.jp/taxonomy/jpigp/2020-11-01/jpigp_cor_2020-11-01.xsd#jpigp_cor_OtherIncomeIFRS" xlink:label="OtherIncomeIFRS" />    <link:definitionArc xlink:type="arc" xlink:arcrole="http://xbrl.org/int/dim/arcrole/domain-member" xlink:from="StatementOfProfitOrLossIFRSLineItems" xlink:to="OtherIncomeIFRS" order="6.0" />    <link:loc xlink:type="locator" xlink:href="http://disclosure.edinet-fsa.go.jp/taxonomy/jpigp/2020-11-01/jpigp_cor_2020-11-01.xsd#jpigp_cor_OtherExpensesIFRS" xlink:label="OtherExpensesIFRS" />    <link:definitionArc xlink:type="arc" xlink:arcrole="http://xbrl.org/int/dim/arcrole/domain-member" xlink:from="StatementOfProfitOrLossIFRSLineItems" xlink:to="OtherExpensesIFRS" order="7.0" />    <link:loc xlink:type="locator" xlink:href="http://disclosure.edinet-fsa.go.jp/taxonomy/jpigp/2020-11-01/jpigp_cor_2020-11-01.xsd#jpigp_cor_OperatingProfitLossIFRS" xlink:label="OperatingProfitLossIFRS" />    <link:definitionArc xlink:type="arc" xlink:arcrole="http://xbrl.org/int/dim/arcrole/domain-member" xlink:from="StatementOfProfitOrLossIFRSLineItems" xlink:to="OperatingProfitLossIFRS" order="8.0" />    <link:loc xlink:type="locator" xlink:href="http://disclosure.edinet-fsa.go.jp/taxonomy/jpigp/2020-11-01/jpigp_cor_2020-11-01.xsd#jpigp_cor_FinanceIncomeIFRS" xlink:label="FinanceIncomeIFRS" />    <link:definitionArc xlink:type="arc" xlink:arcrole="http://xbrl.org/int/dim/arcrole/domain-member" xlink:from="StatementOfProfitOrLossIFRSLineItems" xlink:to="FinanceIncomeIFRS" order="9.0" />    <link:loc xlink:type="locator" xlink:href="http://disclosure.edinet-fsa.go.jp/taxonomy/jpigp/2020-11-01/jpigp_cor_2020-11-01.xsd#jpigp_cor_FinanceCostsIFRS" xlink:label="FinanceCostsIFRS" />    <link:definitionArc xlink:type="arc" xlink:arcrole="http://xbrl.org/int/dim/arcrole/domain-member" xlink:from="StatementOfProfitOrLossIFRSLineItems" xlink:to="FinanceCostsIFRS" order="10.0" />    <link:loc xlink:type="locator" xlink:href="http://disclosure.edinet-fsa.go.jp/taxonomy/jpigp/2020-11-01/jpigp_cor_2020-11-01.xsd#jpigp_cor_ShareOfProfitLossOfInvestmentsAccountedForUsingEquityMethodIFRS" xlink:label="ShareOfProfitLossOfInvestmentsAccountedForUsingEquityMethodIFRS" />    <link:definitionArc xlink:type="arc" xlink:arcrole="http://xbrl.org/int/dim/arcrole/domain-member" xlink:from="StatementOfProfitOrLossIFRSLineItems" xlink:to="ShareOfProfitLossOfInvestmentsAccountedForUsingEquityMethodIFRS" order="11.0" />    <link:loc xlink:type="locator" xlink:href="http://disclosure.edinet-fsa.go.jp/taxonomy/jpigp/2020-11-01/jpigp_cor_2020-11-01.xsd#jpigp_cor_ProfitLossBeforeTaxIFRS" xlink:label="ProfitLossBeforeTaxIFRS" />    <link:definitionArc xlink:type="arc" xlink:arcrole="http://xbrl.org/int/dim/arcrole/domain-member" xlink:from="StatementOfProfitOrLossIFRSLineItems" xlink:to="ProfitLossBeforeTaxIFRS" order="12.0" />    <link:loc xlink:type="locator" xlink:href="http://disclosure.edinet-fsa.go.jp/taxonomy/jpigp/2020-11-01/jpigp_cor_2020-11-01.xsd#jpigp_cor_IncomeTaxExpenseIFRS" xlink:label="IncomeTaxExpenseIFRS" />    <link:definitionArc xlink:type="arc" xlink:arcrole="http://xbrl.org/int/dim/arcrole/domain-member" xlink:from="StatementOfProfitOrLossIFRSLineItems" xlink:to="IncomeTaxExpenseIFRS" order="13.0" />    <link:loc xlink:type="locator" xlink:href="http://disclosure.edinet-fsa.go.jp/taxonomy/jpigp/2020-11-01/jpigp_cor_2020-11-01.xsd#jpigp_cor_ProfitLossIFRS" xlink:label="ProfitLossIFRS_2" />    <link:definitionArc xlink:type="arc" xlink:arcrole="http://xbrl.org/int/dim/arcrole/domain-member" xlink:from="StatementOfProfitOrLossIFRSLineItems" xlink:to="ProfitLossIFRS_2" order="14.0" />    <link:loc xlink:type="locator" xlink:href="http://disclosure.edinet-fsa.go.jp/taxonomy/jpigp/2020-11-01/jpigp_cor_2020-11-01.xsd#jpigp_cor_ProfitLossAttributableToIFRSAbstract" xlink:label="ProfitLossAttributableToIFRSAbstract_2" />    <link:definitionArc xlink:type="arc" xlink:arcrole="http://xbrl.org/int/dim/arcrole/domain-member" xlink:from="StatementOfProfitOrLossIFRSLineItems" xlink:to="ProfitLossAttributableToIFRSAbstract_2" order="15.0" />    <link:loc xlink:type="locator" xlink:href="http://disclosure.edinet-fsa.go.jp/taxonomy/jpigp/2020-11-01/jpigp_cor_2020-11-01.xsd#jpigp_cor_ProfitLossAttributableToIFRSAbstract" xlink:label="ProfitLossAttributableToIFRSAbstract" />    <link:loc xlink:type="locator" xlink:href="http://disclosure.edinet-fsa.go.jp/taxonomy/jpigp/2020-11-01/jpigp_cor_2020-11-01.xsd#jpigp_cor_ProfitLossAttributableToOwnersOfParentIFRS" xlink:label="ProfitLossAttributableToOwnersOfParentIFRS" />    <link:definitionArc xlink:type="arc" xlink:arcrole="http://xbrl.org/int/dim/arcrole/domain-member" xlink:from="ProfitLossAttributableToIFRSAbstract" xlink:to="ProfitLossAttributableToOwnersOfParentIFRS" order="1.0" />    <link:loc xlink:type="locator" xlink:href="http://disclosure.edinet-fsa.go.jp/taxonomy/jpigp/2020-11-01/jpigp_cor_2020-11-01.xsd#jpigp_cor_ProfitLossAttributableToNonControllingInterestsIFRS" xlink:label="ProfitLossAttributableToNonControllingInterestsIFRS" />    <link:definitionArc xlink:type="arc" xlink:arcrole="http://xbrl.org/int/dim/arcrole/domain-member" xlink:from="ProfitLossAttributableToIFRSAbstract" xlink:to="ProfitLossAttributableToNonControllingInterestsIFRS" order="2.0" />    <link:loc xlink:type="locator" xlink:href="http://disclosure.edinet-fsa.go.jp/taxonomy/jpigp/2020-11-01/jpigp_cor_2020-11-01.xsd#jpigp_cor_ProfitLossIFRS" xlink:label="ProfitLossIFRS" />    <link:definitionArc xlink:type="arc" xlink:arcrole="http://xbrl.org/int/dim/arcrole/domain-member" xlink:from="ProfitLossAttributableToIFRSAbstract" xlink:to="ProfitLossIFRS" order="3.0" />    <link:loc xlink:type="locator" xlink:href="http://disclosure.edinet-fsa.go.jp/taxonomy/jpigp/2020-11-01/jpigp_cor_2020-11-01.xsd#jpigp_cor_EarningsLossPerShareIFRSAbstract" xlink:label="EarningsLossPerShareIFRSAbstract_2" />    <link:definitionArc xlink:type="arc" xlink:arcrole="http://xbrl.org/int/dim/arcrole/domain-member" xlink:from="StatementOfProfitOrLossIFRSLineItems" xlink:to="EarningsLossPerShareIFRSAbstract_2" order="16.0" />    <link:loc xlink:type="locator" xlink:href="http://disclosure.edinet-fsa.go.jp/taxonomy/jpigp/2020-11-01/jpigp_cor_2020-11-01.xsd#jpigp_cor_EarningsLossPerShareIFRSAbstract" xlink:label="EarningsLossPerShareIFRSAbstract" />    <link:loc xlink:type="locator" xlink:href="http://disclosure.edinet-fsa.go.jp/taxonomy/jpigp/2020-11-01/jpigp_cor_2020-11-01.xsd#jpigp_cor_BasicEarningsLossPerShareIFRS" xlink:label="BasicEarningsLossPerShareIFRS" />    <link:definitionArc xlink:type="arc" xlink:arcrole="http://xbrl.org/int/dim/arcrole/domain-member" xlink:from="EarningsLossPerShareIFRSAbstract" xlink:to="BasicEarningsLossPerShareIFRS" order="1.0" />  </link:definitionLink>  <link:definitionLink xlink:type="extended" xlink:role="http://disclosure.edinet-fsa.go.jp/role/jpigp/rol_CondensedYearToQuarterEndConsolidatedStatementOfComprehensiveIncomeIFRS">    <link:loc xlink:type="locator" xlink:href="http://disclosure.edinet-fsa.go.jp/taxonomy/jpigp/2020-11-01/jpigp_cor_2020-11-01.xsd#jpigp_cor_CondensedYearToQuarterEndConsolidatedStatementOfComprehensiveIncomeIFRSHeading" xlink:label="CondensedYearToQuarterEndConsolidatedStatementOfComprehensiveIncomeIFRSHeading" />    <link:loc xlink:type="locator" xlink:href="http://disclosure.edinet-fsa.go.jp/taxonomy/jpigp/2020-11-01/jpigp_cor_2020-11-01.xsd#jpigp_cor_StatementOfComprehensiveIncomeIFRSTable" xlink:label="StatementOfComprehensiveIncomeIFRSTable_2" />    <link:definitionArc xlink:type="arc" xbrldt:contextElement="scenario" xbrldt:closed="true" xlink:arcrole="http://xbrl.org/int/dim/arcrole/all" xlink:from="CondensedYearToQuarterEndConsolidatedStatementOfComprehensiveIncomeIFRSHeading" xlink:to="StatementOfComprehensiveIncomeIFRSTable_2" order="1.0" />    <link:loc xlink:type="locator" xlink:href="http://disclosure.edinet-fsa.go.jp/taxonomy/jpigp/2020-11-01/jpigp_cor_2020-11-01.xsd#jpigp_cor_StatementOfComprehensiveIncomeIFRSTable" xlink:label="StatementOfComprehensiveIncomeIFRSTable" />    <link:loc xlink:type="locator" xlink:href="http://disclosure.edinet-fsa.go.jp/taxonomy/jppfs/2020-11-01/jppfs_cor_2020-11-01.xsd#jppfs_cor_ConsolidatedOrNonConsolidatedAxis" xlink:label="ConsolidatedOrNonConsolidatedAxis_2" />    <link:definitionArc xlink:type="arc" xlink:arcrole="http://xbrl.org/int/dim/arcrole/hypercube-dimension" xlink:from="StatementOfComprehensiveIncomeIFRSTable" xlink:to="ConsolidatedOrNonConsolidatedAxis_2" order="1.0" />    <link:loc xlink:type="locator" xlink:href="http://disclosure.edinet-fsa.go.jp/taxonomy/jppfs/2020-11-01/jppfs_cor_2020-11-01.xsd#jppfs_cor_ConsolidatedOrNonConsolidatedAxis" xlink:label="ConsolidatedOrNonConsolidatedAxis" />    <link:loc xlink:type="locator" xlink:href="http://disclosure.edinet-fsa.go.jp/taxonomy/jppfs/2020-11-01/jppfs_cor_2020-11-01.xsd#jppfs_cor_ConsolidatedMember" xlink:label="ConsolidatedMember_2" />    <link:definitionArc xlink:type="arc" xlink:arcrole="http://xbrl.org/int/dim/arcrole/dimension-domain" xlink:from="ConsolidatedOrNonConsolidatedAxis" xlink:to="ConsolidatedMember_2" order="5.0" />    <link:loc xlink:type="locator" xlink:href="http://disclosure.edinet-fsa.go.jp/taxonomy/jppfs/2020-11-01/jppfs_cor_2020-11-01.xsd#jppfs_cor_ConsolidatedMember" xlink:label="ConsolidatedMember" />    <link:definitionArc xlink:type="arc" xlink:arcrole="http://xbrl.org/int/dim/arcrole/dimension-default" xlink:from="ConsolidatedOrNonConsolidatedAxis" xlink:to="ConsolidatedMember" order="6.0" />    <link:loc xlink:type="locator" xlink:href="http://disclosure.edinet-fsa.go.jp/taxonomy/jpigp/2020-11-01/jpigp_cor_2020-11-01.xsd#jpigp_cor_StatementOfComprehensiveIncomeIFRSLineItems" xlink:label="StatementOfComprehensiveIncomeIFRSLineItems_2" />    <link:definitionArc xlink:type="arc" xlink:arcrole="http://xbrl.org/int/dim/arcrole/domain-member" xlink:from="CondensedYearToQuarterEndConsolidatedStatementOfComprehensiveIncomeIFRSHeading" xlink:to="StatementOfComprehensiveIncomeIFRSLineItems_2" order="2.0" />    <link:loc xlink:type="locator" xlink:href="http://disclosure.edinet-fsa.go.jp/taxonomy/jpigp/2020-11-01/jpigp_cor_2020-11-01.xsd#jpigp_cor_StatementOfComprehensiveIncomeIFRSLineItems" xlink:label="StatementOfComprehensiveIncomeIFRSLineItems" />    <link:loc xlink:type="locator" xlink:href="http://disclosure.edinet-fsa.go.jp/taxonomy/jpigp/2020-11-01/jpigp_cor_2020-11-01.xsd#jpigp_cor_ProfitLossIFRS" xlink:label="ProfitLossIFRS" />    <link:definitionArc xlink:type="arc" xlink:arcrole="http://xbrl.org/int/dim/arcrole/domain-member" xlink:from="StatementOfComprehensiveIncomeIFRSLineItems" xlink:to="ProfitLossIFRS" order="1.0" />    <link:loc xlink:type="locator" xlink:href="http://disclosure.edinet-fsa.go.jp/taxonomy/jpigp/2020-11-01/jpigp_cor_2020-11-01.xsd#jpigp_cor_OtherComprehensiveIncomeIFRSAbstract" xlink:label="OtherComprehensiveIncomeIFRSAbstract_2" />    <link:definitionArc xlink:type="arc" xlink:arcrole="http://xbrl.org/int/dim/arcrole/domain-member" xlink:from="StatementOfComprehensiveIncomeIFRSLineItems" xlink:to="OtherComprehensiveIncomeIFRSAbstract_2" order="2.0" />    <link:loc xlink:type="locator" xlink:href="http://disclosure.edinet-fsa.go.jp/taxonomy/jpigp/2020-11-01/jpigp_cor_2020-11-01.xsd#jpigp_cor_OtherComprehensiveIncomeIFRSAbstract" xlink:label="OtherComprehensiveIncomeIFRSAbstract" />    <link:loc xlink:type="locator" xlink:href="http://disclosure.edinet-fsa.go.jp/taxonomy/jpigp/2020-11-01/jpigp_cor_2020-11-01.xsd#jpigp_cor_ItemsThatWillNotBeReclassifiedToProfitOrLossOCIIFRSAbstract" xlink:label="ItemsThatWillNotBeReclassifiedToProfitOrLossOCIIFRSAbstract_2" />    <link:definitionArc xlink:type="arc" xlink:arcrole="http://xbrl.org/int/dim/arcrole/domain-member" xlink:from="OtherComprehensiveIncomeIFRSAbstract" xlink:to="ItemsThatWillNotBeReclassifiedToProfitOrLossOCIIFRSAbstract_2" order="1.0" />    <link:loc xlink:type="locator" xlink:href="http://disclosure.edinet-fsa.go.jp/taxonomy/jpigp/2020-11-01/jpigp_cor_2020-11-01.xsd#jpigp_cor_ItemsThatWillNotBeReclassifiedToProfitOrLossOCIIFRSAbstract" xlink:label="ItemsThatWillNotBeReclassifiedToProfitOrLossOCIIFRSAbstract" />    <link:loc xlink:type="locator" xlink:href="http://disclosure.edinet-fsa.go.jp/taxonomy/jpigp/2020-11-01/jpigp_cor_2020-11-01.xsd#jpigp_cor_NetChangeInFairValueOfEquityInstrumentsDesignatedAsMeasuredAtFairValueThroughOtherComprehensiveIncomeNetOfTaxItemsThatWillNotBeReclassifiedToProfitOrLossOCIIFRS" xlink:label="NetChangeInFairValueOfEquityInstrumentsDesignatedAsMeasuredAtFairValueThroughOtherComprehensiveIncomeNetOfTaxItemsThatWillNotBeReclassifiedToProfitOrLossOCIIFRS" />    <link:definitionArc xlink:type="arc" xlink:arcrole="http://xbrl.org/int/dim/arcrole/domain-member" xlink:from="ItemsThatWillNotBeReclassifiedToProfitOrLossOCIIFRSAbstract" xlink:to="NetChangeInFairValueOfEquityInstrumentsDesignatedAsMeasuredAtFairValueThroughOtherComprehensiveIncomeNetOfTaxItemsThatWillNotBeReclassifiedToProfitOrLossOCIIFRS" order="1.0" />    <link:loc xlink:type="locator" xlink:href="http://disclosure.edinet-fsa.go.jp/taxonomy/jpigp/2020-11-01/jpigp_cor_2020-11-01.xsd#jpigp_cor_ItemsThatMayBeReclassifiedToProfitOrLossOCIIFRSAbstract" xlink:label="ItemsThatMayBeReclassifiedToProfitOrLossOCIIFRSAbstract_2" />    <link:definitionArc xlink:type="arc" xlink:arcrole="http://xbrl.org/int/dim/arcrole/domain-member" xlink:from="OtherComprehensiveIncomeIFRSAbstract" xlink:to="ItemsThatMayBeReclassifiedToProfitOrLossOCIIFRSAbstract_2" order="2.0" />    <link:loc xlink:type="locator" xlink:href="http://disclosure.edinet-fsa.go.jp/taxonomy/jpigp/2020-11-01/jpigp_cor_2020-11-01.xsd#jpigp_cor_ItemsThatMayBeReclassifiedToProfitOrLossOCIIFRSAbstract" xlink:label="ItemsThatMayBeReclassifiedToProfitOrLossOCIIFRSAbstract" />    <link:loc xlink:type="locator" xlink:href="http://disclosure.edinet-fsa.go.jp/taxonomy/jpigp/2020-11-01/jpigp_cor_2020-11-01.xsd#jpigp_cor_EffectivePortionOfCashFlowHedgesNetOfTaxItemsThatMayBeReclassifiedToProfitOrLossOCIIFRS" xlink:label="EffectivePortionOfCashFlowHedgesNetOfTaxItemsThatMayBeReclassifiedToProfitOrLossOCIIFRS" />    <link:definitionArc xlink:type="arc" xlink:arcrole="http://xbrl.org/int/dim/arcrole/domain-member" xlink:from="ItemsThatMayBeReclassifiedToProfitOrLossOCIIFRSAbstract" xlink:to="EffectivePortionOfCashFlowHedgesNetOfTaxItemsThatMayBeReclassifiedToProfitOrLossOCIIFRS" order="1.0" />    <link:loc xlink:type="locator" xlink:href="http://disclosure.edinet-fsa.go.jp/taxonomy/jpigp/2020-11-01/jpigp_cor_2020-11-01.xsd#jpigp_cor_ExchangeDifferencesOnTranslationOfForeignOperationsNetOfTaxItemsThatMayBeReclassifiedToProfitOrLossOCIIFRS" xlink:label="ExchangeDifferencesOnTranslationOfForeignOperationsNetOfTaxItemsThatMayBeReclassifiedToProfitOrLossOCIIFRS" />    <link:definitionArc xlink:type="arc" xlink:arcrole="http://xbrl.org/int/dim/arcrole/domain-member" xlink:from="ItemsThatMayBeReclassifiedToProfitOrLossOCIIFRSAbstract" xlink:to="ExchangeDifferencesOnTranslationOfForeignOperationsNetOfTaxItemsThatMayBeReclassifiedToProfitOrLossOCIIFRS" order="2.0" />    <link:loc xlink:type="locator" xlink:href="http://disclosure.edinet-fsa.go.jp/taxonomy/jpigp/2020-11-01/jpigp_cor_2020-11-01.xsd#jpigp_cor_OtherComprehensiveIncomeIFRS" xlink:label="OtherComprehensiveIncomeIFRS" />    <link:definitionArc xlink:type="arc" xlink:arcrole="http://xbrl.org/int/dim/arcrole/domain-member" xlink:from="OtherComprehensiveIncomeIFRSAbstract" xlink:to="OtherComprehensiveIncomeIFRS" order="3.0" />    <link:loc xlink:type="locator" xlink:href="http://disclosure.edinet-fsa.go.jp/taxonomy/jpigp/2020-11-01/jpigp_cor_2020-11-01.xsd#jpigp_cor_ComprehensiveIncomeIFRS" xlink:label="ComprehensiveIncomeIFRS_2" />    <link:definitionArc xlink:type="arc" xlink:arcrole="http://xbrl.org/int/dim/arcrole/domain-member" xlink:from="StatementOfComprehensiveIncomeIFRSLineItems" xlink:to="ComprehensiveIncomeIFRS_2" order="3.0" />    <link:loc xlink:type="locator" xlink:href="http://disclosure.edinet-fsa.go.jp/taxonomy/jpigp/2020-11-01/jpigp_cor_2020-11-01.xsd#jpigp_cor_ComprehensiveIncomeAttributableToIFRSAbstract" xlink:label="ComprehensiveIncomeAttributableToIFRSAbstract_2" />    <link:definitionArc xlink:type="arc" xlink:arcrole="http://xbrl.org/int/dim/arcrole/domain-member" xlink:from="StatementOfComprehensiveIncomeIFRSLineItems" xlink:to="ComprehensiveIncomeAttributableToIFRSAbstract_2" order="4.0" />    <link:loc xlink:type="locator" xlink:href="http://disclosure.edinet-fsa.go.jp/taxonomy/jpigp/2020-11-01/jpigp_cor_2020-11-01.xsd#jpigp_cor_ComprehensiveIncomeAttributableToIFRSAbstract" xlink:label="ComprehensiveIncomeAttributableToIFRSAbstract" />    <link:loc xlink:type="locator" xlink:href="http://disclosure.edinet-fsa.go.jp/taxonomy/jpigp/2020-11-01/jpigp_cor_2020-11-01.xsd#jpigp_cor_ComprehensiveIncomeAttributableToOwnersOfParentIFRS" xlink:label="ComprehensiveIncomeAttributableToOwnersOfParentIFRS" />    <link:definitionArc xlink:type="arc" xlink:arcrole="http://xbrl.org/int/dim/arcrole/domain-member" xlink:from="ComprehensiveIncomeAttributableToIFRSAbstract" xlink:to="ComprehensiveIncomeAttributableToOwnersOfParentIFRS" order="1.0" />    <link:loc xlink:type="locator" xlink:href="http://disclosure.edinet-fsa.go.jp/taxonomy/jpigp/2020-11-01/jpigp_cor_2020-11-01.xsd#jpigp_cor_ComprehensiveIncomeAttributableToNonControllingInterestsIFRS" xlink:label="ComprehensiveIncomeAttributableToNonControllingInterestsIFRS" />    <link:definitionArc xlink:type="arc" xlink:arcrole="http://xbrl.org/int/dim/arcrole/domain-member" xlink:from="ComprehensiveIncomeAttributableToIFRSAbstract" xlink:to="ComprehensiveIncomeAttributableToNonControllingInterestsIFRS" order="2.0" />    <link:loc xlink:type="locator" xlink:href="http://disclosure.edinet-fsa.go.jp/taxonomy/jpigp/2020-11-01/jpigp_cor_2020-11-01.xsd#jpigp_cor_ComprehensiveIncomeIFRS" xlink:label="ComprehensiveIncomeIFRS" />    <link:definitionArc xlink:type="arc" xlink:arcrole="http://xbrl.org/int/dim/arcrole/domain-member" xlink:from="ComprehensiveIncomeAttributableToIFRSAbstract" xlink:to="ComprehensiveIncomeIFRS" order="3.0" />  </link:definitionLink>  <link:definitionLink xlink:type="extended" xlink:role="http://disclosure.edinet-fsa.go.jp/role/jpigp/rol_CondensedQuarterlyConsolidatedStatementOfChangesInEquityIFRS">    <link:loc xlink:type="locator" xlink:href="http://disclosure.edinet-fsa.go.jp/taxonomy/jpigp/2020-11-01/jpigp_cor_2020-11-01.xsd#jpigp_cor_CondensedQuarterlyConsolidatedStatementOfChangesInEquityIFRSHeading" xlink:label="CondensedQuarterlyConsolidatedStatementOfChangesInEquityIFRSHeading" />    <link:loc xlink:type="locator" xlink:href="http://disclosure.edinet-fsa.go.jp/taxonomy/jpigp/2020-11-01/jpigp_cor_2020-11-01.xsd#jpigp_cor_StatementOfChangesInEquityIFRSTable" xlink:label="StatementOfChangesInEquityIFRSTable_2" />    <link:definitionArc xlink:type="arc" xbrldt:contextElement="scenario" xbrldt:closed="true" xlink:arcrole="http://xbrl.org/int/dim/arcrole/all" xlink:from="CondensedQuarterlyConsolidatedStatementOfChangesInEquityIFRSHeading" xlink:to="StatementOfChangesInEquityIFRSTable_2" order="1.0" />    <link:loc xlink:type="locator" xlink:href="http://disclosure.edinet-fsa.go.jp/taxonomy/jpigp/2020-11-01/jpigp_cor_2020-11-01.xsd#jpigp_cor_StatementOfChangesInEquityIFRSTable" xlink:label="StatementOfChangesInEquityIFRSTable" />    <link:loc xlink:type="locator" xlink:href="http://disclosure.edinet-fsa.go.jp/taxonomy/jppfs/2020-11-01/jppfs_cor_2020-11-01.xsd#jppfs_cor_ConsolidatedOrNonConsolidatedAxis" xlink:label="ConsolidatedOrNonConsolidatedAxis_2" />    <link:definitionArc xlink:type="arc" xlink:arcrole="http://xbrl.org/int/dim/arcrole/hypercube-dimension" xlink:from="StatementOfChangesInEquityIFRSTable" xlink:to="ConsolidatedOrNonConsolidatedAxis_2" order="1.0" />    <link:loc xlink:type="locator" xlink:href="http://disclosure.edinet-fsa.go.jp/taxonomy/jppfs/2020-11-01/jppfs_cor_2020-11-01.xsd#jppfs_cor_ConsolidatedOrNonConsolidatedAxis" xlink:label="ConsolidatedOrNonConsolidatedAxis" />    <link:loc xlink:type="locator" xlink:href="http://disclosure.edinet-fsa.go.jp/taxonomy/jppfs/2020-11-01/jppfs_cor_2020-11-01.xsd#jppfs_cor_ConsolidatedMember" xlink:label="ConsolidatedMember_2" />    <link:definitionArc xlink:type="arc" xlink:arcrole="http://xbrl.org/int/dim/arcrole/dimension-domain" xlink:from="ConsolidatedOrNonConsolidatedAxis" xlink:to="ConsolidatedMember_2" order="1.0" />    <link:loc xlink:type="locator" xlink:href="http://disclosure.edinet-fsa.go.jp/taxonomy/jppfs/2020-11-01/jppfs_cor_2020-11-01.xsd#jppfs_cor_ConsolidatedMember" xlink:label="ConsolidatedMember" />    <link:definitionArc xlink:type="arc" xlink:arcrole="http://xbrl.org/int/dim/arcrole/dimension-default" xlink:from="ConsolidatedOrNonConsolidatedAxis" xlink:to="ConsolidatedMember" order="2.0" />    <link:loc xlink:type="locator" xlink:href="http://disclosure.edinet-fsa.go.jp/taxonomy/jpigp/2020-11-01/jpigp_cor_2020-11-01.xsd#jpigp_cor_ComponentsOfEquityIFRSAxis" xlink:label="ComponentsOfEquityIFRSAxis_2" />    <link:definitionArc xlink:type="arc" xlink:arcrole="http://xbrl.org/int/dim/arcrole/hypercube-dimension" xlink:from="StatementOfChangesInEquityIFRSTable" xlink:to="ComponentsOfEquityIFRSAxis_2" order="2.0" />    <link:loc xlink:type="locator" xlink:href="http://disclosure.edinet-fsa.go.jp/taxonomy/jpigp/2020-11-01/jpigp_cor_2020-11-01.xsd#jpigp_cor_ComponentsOfEquityIFRSAxis" xlink:label="ComponentsOfEquityIFRSAxis" />    <link:loc xlink:type="locator" xlink:href="http://disclosure.edinet-fsa.go.jp/taxonomy/jpigp/2020-11-01/jpigp_cor_2020-11-01.xsd#jpigp_cor_EquityIFRSMember" xlink:label="EquityIFRSMember" />    <link:definitionArc xlink:type="arc" xlink:arcrole="http://xbrl.org/int/dim/arcrole/dimension-domain" xlink:from="ComponentsOfEquityIFRSAxis" xlink:to="EquityIFRSMember" order="1.0" />    <link:loc xlink:type="locator" xlink:href="http://disclosure.edinet-fsa.go.jp/taxonomy/jpigp/2020-11-01/jpigp_cor_2020-11-01.xsd#jpigp_cor_EquityIFRSMember" xlink:label="EquityIFRSMember_2" />    <link:loc xlink:type="locator" xlink:href="http://disclosure.edinet-fsa.go.jp/taxonomy/jpigp/2020-11-01/jpigp_cor_2020-11-01.xsd#jpigp_cor_EquityAttributableToOwnersOfParentIFRSMember" xlink:label="EquityAttributableToOwnersOfParentIFRSMember_2" />    <link:definitionArc xlink:type="arc" xlink:arcrole="http://xbrl.org/int/dim/arcrole/domain-member" xlink:from="EquityIFRSMember_2" xlink:to="EquityAttributableToOwnersOfParentIFRSMember_2" order="1.0" />    <link:loc xlink:type="locator" xlink:href="http://disclosure.edinet-fsa.go.jp/taxonomy/jpigp/2020-11-01/jpigp_cor_2020-11-01.xsd#jpigp_cor_EquityAttributableToOwnersOfParentIFRSMember" xlink:label="EquityAttributableToOwnersOfParentIFRSMember" />    <link:loc xlink:type="locator" xlink:href="http://disclosure.edinet-fsa.go.jp/taxonomy/jpigp/2020-11-01/jpigp_cor_2020-11-01.xsd#jpigp_cor_ShareCapitalIFRSMember" xlink:label="ShareCapitalIFRSMember" />    <link:definitionArc xlink:type="arc" xlink:arcrole="http://xbrl.org/int/dim/arcrole/domain-member" xlink:from="EquityAttributableToOwnersOfParentIFRSMember" xlink:to="ShareCapitalIFRSMember" order="1.0" />    <link:loc xlink:type="locator" xlink:href="http://disclosure.edinet-fsa.go.jp/taxonomy/jpigp/2020-11-01/jpigp_cor_2020-11-01.xsd#jpigp_cor_CapitalSurplusIFRSMember" xlink:label="CapitalSurplusIFRSMember" />    <link:definitionArc xlink:type="arc" xlink:arcrole="http://xbrl.org/int/dim/arcrole/domain-member" xlink:from="EquityAttributableToOwnersOfParentIFRSMember" xlink:to="CapitalSurplusIFRSMember" order="2.0" />    <link:loc xlink:type="locator" xlink:href="http://disclosure.edinet-fsa.go.jp/taxonomy/jpigp/2020-11-01/jpigp_cor_2020-11-01.xsd#jpigp_cor_RetainedEarningsIFRSMember" xlink:label="RetainedEarningsIFRSMember" />    <link:definitionArc xlink:type="arc" xlink:arcrole="http://xbrl.org/int/dim/arcrole/domain-member" xlink:from="EquityAttributableToOwnersOfParentIFRSMember" xlink:to="RetainedEarningsIFRSMember" order="3.0" />    <link:loc xlink:type="locator" xlink:href="http://disclosure.edinet-fsa.go.jp/taxonomy/jpigp/2020-11-01/jpigp_cor_2020-11-01.xsd#jpigp_cor_TreasurySharesIFRSMember" xlink:label="TreasurySharesIFRSMember" />    <link:definitionArc xlink:type="arc" xlink:arcrole="http://xbrl.org/int/dim/arcrole/domain-member" xlink:from="EquityAttributableToOwnersOfParentIFRSMember" xlink:to="TreasurySharesIFRSMember" order="4.0" />    <link:loc xlink:type="locator" xlink:href="http://disclosure.edinet-fsa.go.jp/taxonomy/jpigp/2020-11-01/jpigp_cor_2020-11-01.xsd#jpigp_cor_OtherComponentsOfEquityIFRSMember" xlink:label="OtherComponentsOfEquityIFRSMember_2" />    <link:definitionArc xlink:type="arc" xlink:arcrole="http://xbrl.org/int/dim/arcrole/domain-member" xlink:from="EquityAttributableToOwnersOfParentIFRSMember" xlink:to="OtherComponentsOfEquityIFRSMember_2" order="5.0" />    <link:loc xlink:type="locator" xlink:href="http://disclosure.edinet-fsa.go.jp/taxonomy/jpigp/2020-11-01/jpigp_cor_2020-11-01.xsd#jpigp_cor_OtherComponentsOfEquityIFRSMember" xlink:label="OtherComponentsOfEquityIFRSMember" />    <link:loc xlink:type="locator" xlink:href="http://disclosure.edinet-fsa.go.jp/taxonomy/jpigp/2020-11-01/jpigp_cor_2020-11-01.xsd#jpigp_cor_ExchangeDifferencesOnTranslationOfForeignOperationsIFRSMember" xlink:label="ExchangeDifferencesOnTranslationOfForeignOperationsIFRSMember" />    <link:definitionArc xlink:type="arc" xlink:arcrole="http://xbrl.org/int/dim/arcrole/domain-member" xlink:from="OtherComponentsOfEquityIFRSMember" xlink:to="ExchangeDifferencesOnTranslationOfForeignOperationsIFRSMember" order="1.0" />    <link:loc xlink:type="locator" xlink:href="http://disclosure.edinet-fsa.go.jp/taxonomy/jpigp/2020-11-01/jpigp_cor_2020-11-01.xsd#jpigp_cor_EffectivePortionOfCashFlowHedgesIFRSMember" xlink:label="EffectivePortionOfCashFlowHedgesIFRSMember" />    <link:definitionArc xlink:type="arc" xlink:arcrole="http://xbrl.org/int/dim/arcrole/domain-member" xlink:from="OtherComponentsOfEquityIFRSMember" xlink:to="EffectivePortionOfCashFlowHedgesIFRSMember" order="2.0" />    <link:loc xlink:type="locator" xlink:href="http://disclosure.edinet-fsa.go.jp/taxonomy/jpigp/2020-11-01/jpigp_cor_2020-11-01.xsd#jpigp_cor_FinancialAssetsMeasuredAtFairValueThroughOtherComprehensiveIncomeIFRSMember" xlink:label="FinancialAssetsMeasuredAtFairValueThroughOtherComprehensiveIncomeIFRSMember" />    <link:definitionArc xlink:type="arc" xlink:arcrole="http://xbrl.org/int/dim/arcrole/domain-member" xlink:from="OtherComponentsOfEquityIFRSMember" xlink:to="FinancialAssetsMeasuredAtFairValueThroughOtherComprehensiveIncomeIFRSMember" order="3.0" />    <link:loc xlink:type="locator" xlink:href="http://disclosure.edinet-fsa.go.jp/taxonomy/jpigp/2020-11-01/jpigp_cor_2020-11-01.xsd#jpigp_cor_RemeasurementsOfDefinedBenefitPlansIFRSMember" xlink:label="RemeasurementsOfDefinedBenefitPlansIFRSMember" />    <link:definitionArc xlink:type="arc" xlink:arcrole="http://xbrl.org/int/dim/arcrole/domain-member" xlink:from="OtherComponentsOfEquityIFRSMember" xlink:to="RemeasurementsOfDefinedBenefitPlansIFRSMember" order="4.0" />    <link:loc xlink:type="locator" xlink:href="http://disclosure.edinet-fsa.go.jp/taxonomy/jpigp/2020-11-01/jpigp_cor_2020-11-01.xsd#jpigp_cor_NonControllingInterestsIFRSMember" xlink:label="NonControllingInterestsIFRSMember" />    <link:definitionArc xlink:type="arc" xlink:arcrole="http://xbrl.org/int/dim/arcrole/domain-member" xlink:from="EquityIFRSMember_2" xlink:to="NonControllingInterestsIFRSMember" order="2.0" />    <link:loc xlink:type="locator" xlink:href="http://disclosure.edinet-fsa.go.jp/taxonomy/jpigp/2020-11-01/jpigp_cor_2020-11-01.xsd#jpigp_cor_EquityIFRSMember" xlink:label="EquityIFRSMember_3" />    <link:definitionArc xlink:type="arc" xlink:arcrole="http://xbrl.org/int/dim/arcrole/dimension-default" xlink:from="ComponentsOfEquityIFRSAxis" xlink:to="EquityIFRSMember_3" order="2.0" />    <link:loc xlink:type="locator" xlink:href="http://disclosure.edinet-fsa.go.jp/taxonomy/jpigp/2020-11-01/jpigp_cor_2020-11-01.xsd#jpigp_cor_StatementOfChangesInEquityIFRSLineItems" xlink:label="StatementOfChangesInEquityIFRSLineItems_2" />    <link:definitionArc xlink:type="arc" xlink:arcrole="http://xbrl.org/int/dim/arcrole/domain-member" xlink:from="CondensedQuarterlyConsolidatedStatementOfChangesInEquityIFRSHeading" xlink:to="StatementOfChangesInEquityIFRSLineItems_2" order="2.0" />    <link:loc xlink:type="locator" xlink:href="http://disclosure.edinet-fsa.go.jp/taxonomy/jpigp/2020-11-01/jpigp_cor_2020-11-01.xsd#jpigp_cor_StatementOfChangesInEquityIFRSLineItems" xlink:label="StatementOfChangesInEquityIFRSLineItems" />    <link:loc xlink:type="locator" xlink:href="http://disclosure.edinet-fsa.go.jp/taxonomy/jpigp/2020-11-01/jpigp_cor_2020-11-01.xsd#jpigp_cor_EquityIFRS" xlink:label="EquityIFRS" />    <link:definitionArc xlink:type="arc" xlink:arcrole="http://xbrl.org/int/dim/arcrole/domain-member" xlink:from="StatementOfChangesInEquityIFRSLineItems" xlink:to="EquityIFRS" order="1.0" />    <link:loc xlink:type="locator" xlink:href="tse-qcediffr-51100-2022-09-30-01-2022-11-09.xsd#tse-qcediffr-51100_HyperinflationAdjustmentSSIFRS" xlink:label="HyperinflationAdjustmentSSIFRS" />    <link:definitionArc xlink:type="arc" xlink:arcrole="http://xbrl.org/int/dim/arcrole/domain-member" xlink:from="StatementOfChangesInEquityIFRSLineItems" xlink:to="HyperinflationAdjustmentSSIFRS" order="2.0" />    <link:loc xlink:type="locator" xlink:href="tse-qcediffr-51100-2022-09-30-01-2022-11-09.xsd#tse-qcediffr-51100_At1January2021AfterHyperinflationAdjustmentIFRS" xlink:label="At1January2021AfterHyperinflationAdjustmentIFRS" />    <link:definitionArc xlink:type="arc" xlink:arcrole="http://xbrl.org/int/dim/arcrole/domain-member" xlink:from="StatementOfChangesInEquityIFRSLineItems" xlink:to="At1January2021AfterHyperinflationAdjustmentIFRS" order="3.0" />    <link:loc xlink:type="locator" xlink:href="http://disclosure.edinet-fsa.go.jp/taxonomy/jpigp/2020-11-01/jpigp_cor_2020-11-01.xsd#jpigp_cor_ComprehensiveIncomeIFRSAbstract" xlink:label="ComprehensiveIncomeIFRSAbstract_2" />    <link:definitionArc xlink:type="arc" xlink:arcrole="http://xbrl.org/int/dim/arcrole/domain-member" xlink:from="StatementOfChangesInEquityIFRSLineItems" xlink:to="ComprehensiveIncomeIFRSAbstract_2" order="4.0" />    <link:loc xlink:type="locator" xlink:href="http://disclosure.edinet-fsa.go.jp/taxonomy/jpigp/2020-11-01/jpigp_cor_2020-11-01.xsd#jpigp_cor_ComprehensiveIncomeIFRSAbstract" xlink:label="ComprehensiveIncomeIFRSAbstract" />    <link:loc xlink:type="locator" xlink:href="http://disclosure.edinet-fsa.go.jp/taxonomy/jpigp/2020-11-01/jpigp_cor_2020-11-01.xsd#jpigp_cor_ProfitLossIFRS" xlink:label="ProfitLossIFRS" />    <link:definitionArc xlink:type="arc" xlink:arcrole="http://xbrl.org/int/dim/arcrole/domain-member" xlink:from="ComprehensiveIncomeIFRSAbstract" xlink:to="ProfitLossIFRS" order="1.0" />    <link:loc xlink:type="locator" xlink:href="http://disclosure.edinet-fsa.go.jp/taxonomy/jpigp/2020-11-01/jpigp_cor_2020-11-01.xsd#jpigp_cor_OtherComprehensiveIncomeIFRS" xlink:label="OtherComprehensiveIncomeIFRS" />    <link:definitionArc xlink:type="arc" xlink:arcrole="http://xbrl.org/int/dim/arcrole/domain-member" xlink:from="ComprehensiveIncomeIFRSAbstract" xlink:to="OtherComprehensiveIncomeIFRS" order="2.0" />    <link:loc xlink:type="locator" xlink:href="http://disclosure.edinet-fsa.go.jp/taxonomy/jpigp/2020-11-01/jpigp_cor_2020-11-01.xsd#jpigp_cor_ComprehensiveIncomeIFRS" xlink:label="ComprehensiveIncomeIFRS" />    <link:definitionArc xlink:type="arc" xlink:arcrole="http://xbrl.org/int/dim/arcrole/domain-member" xlink:from="ComprehensiveIncomeIFRSAbstract" xlink:to="ComprehensiveIncomeIFRS" order="3.0" />    <link:loc xlink:type="locator" xlink:href="http://disclosure.edinet-fsa.go.jp/taxonomy/jpigp/2020-11-01/jpigp_cor_2020-11-01.xsd#jpigp_cor_TransactionsWithOwnersIFRSAbstract" xlink:label="TransactionsWithOwnersIFRSAbstract_2" />    <link:definitionArc xlink:type="arc" xlink:arcrole="http://xbrl.org/int/dim/arcrole/domain-member" xlink:from="StatementOfChangesInEquityIFRSLineItems" xlink:to="TransactionsWithOwnersIFRSAbstract_2" order="5.0" />    <link:loc xlink:type="locator" xlink:href="http://disclosure.edinet-fsa.go.jp/taxonomy/jpigp/2020-11-01/jpigp_cor_2020-11-01.xsd#jpigp_cor_TransactionsWithOwnersIFRSAbstract" xlink:label="TransactionsWithOwnersIFRSAbstract" />    <link:loc xlink:type="locator" xlink:href="http://disclosure.edinet-fsa.go.jp/taxonomy/jpigp/2020-11-01/jpigp_cor_2020-11-01.xsd#jpigp_cor_PurchaseOfTreasurySharesSSIFRS" xlink:label="PurchaseOfTreasurySharesSSIFRS" />    <link:definitionArc xlink:type="arc" xlink:arcrole="http://xbrl.org/int/dim/arcrole/domain-member" xlink:from="TransactionsWithOwnersIFRSAbstract" xlink:to="PurchaseOfTreasurySharesSSIFRS" order="1.0" />    <link:loc xlink:type="locator" xlink:href="http://disclosure.edinet-fsa.go.jp/taxonomy/jpigp/2020-11-01/jpigp_cor_2020-11-01.xsd#jpigp_cor_DisposalOfTreasurySharesSSIFRS" xlink:label="DisposalOfTreasurySharesSSIFRS" />    <link:definitionArc xlink:type="arc" xlink:arcrole="http://xbrl.org/int/dim/arcrole/domain-member" xlink:from="TransactionsWithOwnersIFRSAbstract" xlink:to="DisposalOfTreasurySharesSSIFRS" order="2.0" />    <link:loc xlink:type="locator" xlink:href="http://disclosure.edinet-fsa.go.jp/taxonomy/jpigp/2020-11-01/jpigp_cor_2020-11-01.xsd#jpigp_cor_DividendsSSIFRS" xlink:label="DividendsSSIFRS" />    <link:definitionArc xlink:type="arc" xlink:arcrole="http://xbrl.org/int/dim/arcrole/domain-member" xlink:from="TransactionsWithOwnersIFRSAbstract" xlink:to="DividendsSSIFRS" order="3.0" />    <link:loc xlink:type="locator" xlink:href="tse-qcediffr-51100-2022-09-30-01-2022-11-09.xsd#tse-qcediffr-51100_CapitalIncreaseOfConsolidatedSubsidiariesIFRSIFRS" xlink:label="CapitalIncreaseOfConsolidatedSubsidiariesIFRSIFRS" />    <link:definitionArc xlink:type="arc" xlink:arcrole="http://xbrl.org/int/dim/arcrole/domain-member" xlink:from="TransactionsWithOwnersIFRSAbstract" xlink:to="CapitalIncreaseOfConsolidatedSubsidiariesIFRSIFRS" order="4.0" />    <link:loc xlink:type="locator" xlink:href="http://disclosure.edinet-fsa.go.jp/taxonomy/jpigp/2020-11-01/jpigp_cor_2020-11-01.xsd#jpigp_cor_ChangesInOwnershipInterestInSubsidiariesSSIFRS" xlink:label="ChangesInOwnershipInterestInSubsidiariesSSIFRS" />    <link:definitionArc xlink:type="arc" xlink:arcrole="http://xbrl.org/int/dim/arcrole/domain-member" xlink:from="TransactionsWithOwnersIFRSAbstract" xlink:to="ChangesInOwnershipInterestInSubsidiariesSSIFRS" order="5.0" />    <link:loc xlink:type="locator" xlink:href="http://disclosure.edinet-fsa.go.jp/taxonomy/jpigp/2020-11-01/jpigp_cor_2020-11-01.xsd#jpigp_cor_ShareBasedPaymentTransactionsSSIFRS" xlink:label="ShareBasedPaymentTransactionsSSIFRS" />    <link:definitionArc xlink:type="arc" xlink:arcrole="http://xbrl.org/int/dim/arcrole/domain-member" xlink:from="TransactionsWithOwnersIFRSAbstract" xlink:to="ShareBasedPaymentTransactionsSSIFRS" order="6.0" />    <link:loc xlink:type="locator" xlink:href="http://disclosure.edinet-fsa.go.jp/taxonomy/jpigp/2020-11-01/jpigp_cor_2020-11-01.xsd#jpigp_cor_TransferToRetainedEarningsSSIFRS" xlink:label="TransferToRetainedEarningsSSIFRS" />    <link:definitionArc xlink:type="arc" xlink:arcrole="http://xbrl.org/int/dim/arcrole/domain-member" xlink:from="TransactionsWithOwnersIFRSAbstract" xlink:to="TransferToRetainedEarningsSSIFRS" order="7.0" />    <link:loc xlink:type="locator" xlink:href="tse-qcediffr-51100-2022-09-30-01-2022-11-09.xsd#tse-qcediffr-51100_TransferToCapitalSurplusSSIFRS" xlink:label="TransferToCapitalSurplusSSIFRS" />    <link:definitionArc xlink:type="arc" xlink:arcrole="http://xbrl.org/int/dim/arcrole/domain-member" xlink:from="TransactionsWithOwnersIFRSAbstract" xlink:to="TransferToCapitalSurplusSSIFRS" order="8.0" />    <link:loc xlink:type="locator" xlink:href="http://disclosure.edinet-fsa.go.jp/taxonomy/jpigp/2020-11-01/jpigp_cor_2020-11-01.xsd#jpigp_cor_OtherSSIFRS" xlink:label="OtherSSIFRS" />    <link:definitionArc xlink:type="arc" xlink:arcrole="http://xbrl.org/int/dim/arcrole/domain-member" xlink:from="TransactionsWithOwnersIFRSAbstract" xlink:to="OtherSSIFRS" order="9.0" />    <link:loc xlink:type="locator" xlink:href="http://disclosure.edinet-fsa.go.jp/taxonomy/jpigp/2020-11-01/jpigp_cor_2020-11-01.xsd#jpigp_cor_TotalTransactionsWithOwnersIFRS" xlink:label="TotalTransactionsWithOwnersIFRS" />    <link:definitionArc xlink:type="arc" xlink:arcrole="http://xbrl.org/int/dim/arcrole/domain-member" xlink:from="TransactionsWithOwnersIFRSAbstract" xlink:to="TotalTransactionsWithOwnersIFRS" order="10.0" />  </link:definitionLink>  <link:definitionLink xlink:type="extended" xlink:role="http://disclosure.edinet-fsa.go.jp/role/jpigp/rol_CondensedQuarterlyConsolidatedStatementOfCashFlowsIFRS">    <link:loc xlink:type="locator" xlink:href="http://disclosure.edinet-fsa.go.jp/taxonomy/jpigp/2020-11-01/jpigp_cor_2020-11-01.xsd#jpigp_cor_CondensedQuarterlyConsolidatedStatementOfCashFlowsIFRSHeading" xlink:label="CondensedQuarterlyConsolidatedStatementOfCashFlowsIFRSHeading" />    <link:loc xlink:type="locator" xlink:href="http://disclosure.edinet-fsa.go.jp/taxonomy/jpigp/2020-11-01/jpigp_cor_2020-11-01.xsd#jpigp_cor_StatementOfCashFlowsIFRSTable" xlink:label="StatementOfCashFlowsIFRSTable_2" />    <link:definitionArc xlink:type="arc" xbrldt:contextElement="scenario" xbrldt:closed="true" xlink:arcrole="http://xbrl.org/int/dim/arcrole/all" xlink:from="CondensedQuarterlyConsolidatedStatementOfCashFlowsIFRSHeading" xlink:to="StatementOfCashFlowsIFRSTable_2" order="1.0" />    <link:loc xlink:type="locator" xlink:href="http://disclosure.edinet-fsa.go.jp/taxonomy/jpigp/2020-11-01/jpigp_cor_2020-11-01.xsd#jpigp_cor_StatementOfCashFlowsIFRSTable" xlink:label="StatementOfCashFlowsIFRSTable" />    <link:loc xlink:type="locator" xlink:href="http://disclosure.edinet-fsa.go.jp/taxonomy/jppfs/2020-11-01/jppfs_cor_2020-11-01.xsd#jppfs_cor_ConsolidatedOrNonConsolidatedAxis" xlink:label="ConsolidatedOrNonConsolidatedAxis_2" />    <link:definitionArc xlink:type="arc" xlink:arcrole="http://xbrl.org/int/dim/arcrole/hypercube-dimension" xlink:from="StatementOfCashFlowsIFRSTable" xlink:to="ConsolidatedOrNonConsolidatedAxis_2" order="1.0" />    <link:loc xlink:type="locator" xlink:href="http://disclosure.edinet-fsa.go.jp/taxonomy/jppfs/2020-11-01/jppfs_cor_2020-11-01.xsd#jppfs_cor_ConsolidatedOrNonConsolidatedAxis" xlink:label="ConsolidatedOrNonConsolidatedAxis" />    <link:loc xlink:type="locator" xlink:href="http://disclosure.edinet-fsa.go.jp/taxonomy/jppfs/2020-11-01/jppfs_cor_2020-11-01.xsd#jppfs_cor_ConsolidatedMember" xlink:label="ConsolidatedMember_2" />    <link:definitionArc xlink:type="arc" xlink:arcrole="http://xbrl.org/int/dim/arcrole/dimension-domain" xlink:from="ConsolidatedOrNonConsolidatedAxis" xlink:to="ConsolidatedMember_2" order="5.0" />    <link:loc xlink:type="locator" xlink:href="http://disclosure.edinet-fsa.go.jp/taxonomy/jppfs/2020-11-01/jppfs_cor_2020-11-01.xsd#jppfs_cor_ConsolidatedMember" xlink:label="ConsolidatedMember" />    <link:definitionArc xlink:type="arc" xlink:arcrole="http://xbrl.org/int/dim/arcrole/dimension-default" xlink:from="ConsolidatedOrNonConsolidatedAxis" xlink:to="ConsolidatedMember" order="6.0" />    <link:loc xlink:type="locator" xlink:href="http://disclosure.edinet-fsa.go.jp/taxonomy/jpigp/2020-11-01/jpigp_cor_2020-11-01.xsd#jpigp_cor_StatementOfCashFlowsIFRSLineItems" xlink:label="StatementOfCashFlowsIFRSLineItems_2" />    <link:definitionArc xlink:type="arc" xlink:arcrole="http://xbrl.org/int/dim/arcrole/domain-member" xlink:from="CondensedQuarterlyConsolidatedStatementOfCashFlowsIFRSHeading" xlink:to="StatementOfCashFlowsIFRSLineItems_2" order="2.0" />    <link:loc xlink:type="locator" xlink:href="http://disclosure.edinet-fsa.go.jp/taxonomy/jpigp/2020-11-01/jpigp_cor_2020-11-01.xsd#jpigp_cor_StatementOfCashFlowsIFRSLineItems" xlink:label="StatementOfCashFlowsIFRSLineItems" />    <link:loc xlink:type="locator" xlink:href="http://disclosure.edinet-fsa.go.jp/taxonomy/jpigp/2020-11-01/jpigp_cor_2020-11-01.xsd#jpigp_cor_CashFlowsFromOperatingActivitiesIFRSAbstract" xlink:label="CashFlowsFromOperatingActivitiesIFRSAbstract_2" />    <link:definitionArc xlink:type="arc" xlink:arcrole="http://xbrl.org/int/dim/arcrole/domain-member" xlink:from="StatementOfCashFlowsIFRSLineItems" xlink:to="CashFlowsFromOperatingActivitiesIFRSAbstract_2" order="1.0" />    <link:loc xlink:type="locator" xlink:href="http://disclosure.edinet-fsa.go.jp/taxonomy/jpigp/2020-11-01/jpigp_cor_2020-11-01.xsd#jpigp_cor_CashFlowsFromOperatingActivitiesIFRSAbstract" xlink:label="CashFlowsFromOperatingActivitiesIFRSAbstract" />    <link:loc xlink:type="locator" xlink:href="http://disclosure.edinet-fsa.go.jp/taxonomy/jpigp/2020-11-01/jpigp_cor_2020-11-01.xsd#jpigp_cor_ProfitLossBeforeTaxIFRS" xlink:label="ProfitLossBeforeTaxIFRS" />    <link:definitionArc xlink:type="arc" xlink:arcrole="http://xbrl.org/int/dim/arcrole/domain-member" xlink:from="CashFlowsFromOperatingActivitiesIFRSAbstract" xlink:to="ProfitLossBeforeTaxIFRS" order="1.0" />    <link:loc xlink:type="locator" xlink:href="http://disclosure.edinet-fsa.go.jp/taxonomy/jpigp/2020-11-01/jpigp_cor_2020-11-01.xsd#jpigp_cor_DepreciationAndAmortizationOpeCFIFRS" xlink:label="DepreciationAndAmortizationOpeCFIFRS" />    <link:definitionArc xlink:type="arc" xlink:arcrole="http://xbrl.org/int/dim/arcrole/domain-member" xlink:from="CashFlowsFromOperatingActivitiesIFRSAbstract" xlink:to="DepreciationAndAmortizationOpeCFIFRS" order="2.0" />    <link:loc xlink:type="locator" xlink:href="http://disclosure.edinet-fsa.go.jp/taxonomy/jpigp/2020-11-01/jpigp_cor_2020-11-01.xsd#jpigp_cor_InterestAndDividendIncomeOpeCFIFRS" xlink:label="InterestAndDividendIncomeOpeCFIFRS" />    <link:definitionArc xlink:type="arc" xlink:arcrole="http://xbrl.org/int/dim/arcrole/domain-member" xlink:from="CashFlowsFromOperatingActivitiesIFRSAbstract" xlink:to="InterestAndDividendIncomeOpeCFIFRS" order="3.0" />    <link:loc xlink:type="locator" xlink:href="http://disclosure.edinet-fsa.go.jp/taxonomy/jpigp/2020-11-01/jpigp_cor_2020-11-01.xsd#jpigp_cor_InterestExpensesOpeCFIFRS" xlink:label="InterestExpensesOpeCFIFRS" />    <link:definitionArc xlink:type="arc" xlink:arcrole="http://xbrl.org/int/dim/arcrole/domain-member" xlink:from="CashFlowsFromOperatingActivitiesIFRSAbstract" xlink:to="InterestExpensesOpeCFIFRS" order="4.0" />    <link:loc xlink:type="locator" xlink:href="http://disclosure.edinet-fsa.go.jp/taxonomy/jpigp/2020-11-01/jpigp_cor_2020-11-01.xsd#jpigp_cor_ShareOfLossProfitOfInvestmentsAccountedForUsingEquityMethodOpeCFIFRS" xlink:label="ShareOfLossProfitOfInvestmentsAccountedForUsingEquityMethodOpeCFIFRS" />    <link:definitionArc xlink:type="arc" xlink:arcrole="http://xbrl.org/int/dim/arcrole/domain-member" xlink:from="CashFlowsFromOperatingActivitiesIFRSAbstract" xlink:to="ShareOfLossProfitOfInvestmentsAccountedForUsingEquityMethodOpeCFIFRS" order="5.0" />    <link:loc xlink:type="locator" xlink:href="http://disclosure.edinet-fsa.go.jp/taxonomy/jpigp/2020-11-01/jpigp_cor_2020-11-01.xsd#jpigp_cor_DecreaseIncreaseInInventoriesOpeCFIFRS" xlink:label="DecreaseIncreaseInInventoriesOpeCFIFRS" />    <link:definitionArc xlink:type="arc" xlink:arcrole="http://xbrl.org/int/dim/arcrole/domain-member" xlink:from="CashFlowsFromOperatingActivitiesIFRSAbstract" xlink:to="DecreaseIncreaseInInventoriesOpeCFIFRS" order="6.0" />    <link:loc xlink:type="locator" xlink:href="http://disclosure.edinet-fsa.go.jp/taxonomy/jpigp/2020-11-01/jpigp_cor_2020-11-01.xsd#jpigp_cor_DecreaseIncreaseInTradeAndOtherReceivablesOpeCFIFRS" xlink:label="DecreaseIncreaseInTradeAndOtherReceivablesOpeCFIFRS" />    <link:definitionArc xlink:type="arc" xlink:arcrole="http://xbrl.org/int/dim/arcrole/domain-member" xlink:from="CashFlowsFromOperatingActivitiesIFRSAbstract" xlink:to="DecreaseIncreaseInTradeAndOtherReceivablesOpeCFIFRS" order="7.0" />    <link:loc xlink:type="locator" xlink:href="http://disclosure.edinet-fsa.go.jp/taxonomy/jpigp/2020-11-01/jpigp_cor_2020-11-01.xsd#jpigp_cor_IncreaseDecreaseInTradeAndOtherPayablesOpeCFIFRS" xlink:label="IncreaseDecreaseInTradeAndOtherPayablesOpeCFIFRS" />    <link:definitionArc xlink:type="arc" xlink:arcrole="http://xbrl.org/int/dim/arcrole/domain-member" xlink:from="CashFlowsFromOperatingActivitiesIFRSAbstract" xlink:to="IncreaseDecreaseInTradeAndOtherPayablesOpeCFIFRS" order="8.0" />    <link:loc xlink:type="locator" xlink:href="http://disclosure.edinet-fsa.go.jp/taxonomy/jpigp/2020-11-01/jpigp_cor_2020-11-01.xsd#jpigp_cor_OtherChangesInWorkingCapitalOpeCFIFRS" xlink:label="OtherChangesInWorkingCapitalOpeCFIFRS" />    <link:definitionArc xlink:type="arc" xlink:arcrole="http://xbrl.org/int/dim/arcrole/domain-member" xlink:from="CashFlowsFromOperatingActivitiesIFRSAbstract" xlink:to="OtherChangesInWorkingCapitalOpeCFIFRS" order="9.0" />    <link:loc xlink:type="locator" xlink:href="http://disclosure.edinet-fsa.go.jp/taxonomy/jpigp/2020-11-01/jpigp_cor_2020-11-01.xsd#jpigp_cor_SubtotalOpeCFIFRS" xlink:label="SubtotalOpeCFIFRS" />    <link:definitionArc xlink:type="arc" xlink:arcrole="http://xbrl.org/int/dim/arcrole/domain-member" xlink:from="CashFlowsFromOperatingActivitiesIFRSAbstract" xlink:to="SubtotalOpeCFIFRS" order="10.0" />    <link:loc xlink:type="locator" xlink:href="http://disclosure.edinet-fsa.go.jp/taxonomy/jpigp/2020-11-01/jpigp_cor_2020-11-01.xsd#jpigp_cor_InterestReceivedOpeCFIFRS" xlink:label="InterestReceivedOpeCFIFRS" />    <link:definitionArc xlink:type="arc" xlink:arcrole="http://xbrl.org/int/dim/arcrole/domain-member" xlink:from="CashFlowsFromOperatingActivitiesIFRSAbstract" xlink:to="InterestReceivedOpeCFIFRS" order="11.0" />    <link:loc xlink:type="locator" xlink:href="http://disclosure.edinet-fsa.go.jp/taxonomy/jpigp/2020-11-01/jpigp_cor_2020-11-01.xsd#jpigp_cor_DividendsReceivedOpeCFIFRS" xlink:label="DividendsReceivedOpeCFIFRS" />    <link:definitionArc xlink:type="arc" xlink:arcrole="http://xbrl.org/int/dim/arcrole/domain-member" xlink:from="CashFlowsFromOperatingActivitiesIFRSAbstract" xlink:to="DividendsReceivedOpeCFIFRS" order="12.0" />    <link:loc xlink:type="locator" xlink:href="http://disclosure.edinet-fsa.go.jp/taxonomy/jpigp/2020-11-01/jpigp_cor_2020-11-01.xsd#jpigp_cor_InterestPaidOpeCFIFRS" xlink:label="InterestPaidOpeCFIFRS" />    <link:definitionArc xlink:type="arc" xlink:arcrole="http://xbrl.org/int/dim/arcrole/domain-member" xlink:from="CashFlowsFromOperatingActivitiesIFRSAbstract" xlink:to="InterestPaidOpeCFIFRS" order="13.0" />    <link:loc xlink:type="locator" xlink:href="http://disclosure.edinet-fsa.go.jp/taxonomy/jpigp/2020-11-01/jpigp_cor_2020-11-01.xsd#jpigp_cor_IncomeTaxesRefundPaidOpeCFIFRS" xlink:label="IncomeTaxesRefundPaidOpeCFIFRS" />    <link:definitionArc xlink:type="arc" xlink:arcrole="http://xbrl.org/int/dim/arcrole/domain-member" xlink:from="CashFlowsFromOperatingActivitiesIFRSAbstract" xlink:to="IncomeTaxesRefundPaidOpeCFIFRS" order="14.0" />    <link:loc xlink:type="locator" xlink:href="http://disclosure.edinet-fsa.go.jp/taxonomy/jpigp/2020-11-01/jpigp_cor_2020-11-01.xsd#jpigp_cor_NetCashProvidedByUsedInOperatingActivitiesIFRS" xlink:label="NetCashProvidedByUsedInOperatingActivitiesIFRS" />    <link:definitionArc xlink:type="arc" xlink:arcrole="http://xbrl.org/int/dim/arcrole/domain-member" xlink:from="CashFlowsFromOperatingActivitiesIFRSAbstract" xlink:to="NetCashProvidedByUsedInOperatingActivitiesIFRS" order="15.0" />    <link:loc xlink:type="locator" xlink:href="http://disclosure.edinet-fsa.go.jp/taxonomy/jpigp/2020-11-01/jpigp_cor_2020-11-01.xsd#jpigp_cor_CashFlowsFromInvestingActivitiesIFRSAbstract" xlink:label="CashFlowsFromInvestingActivitiesIFRSAbstract_2" />    <link:definitionArc xlink:type="arc" xlink:arcrole="http://xbrl.org/int/dim/arcrole/domain-member" xlink:from="StatementOfCashFlowsIFRSLineItems" xlink:to="CashFlowsFromInvestingActivitiesIFRSAbstract_2" order="2.0" />    <link:loc xlink:type="locator" xlink:href="http://disclosure.edinet-fsa.go.jp/taxonomy/jpigp/2020-11-01/jpigp_cor_2020-11-01.xsd#jpigp_cor_CashFlowsFromInvestingActivitiesIFRSAbstract" xlink:label="CashFlowsFromInvestingActivitiesIFRSAbstract" />    <link:loc xlink:type="locator" xlink:href="http://disclosure.edinet-fsa.go.jp/taxonomy/jpigp/2020-11-01/jpigp_cor_2020-11-01.xsd#jpigp_cor_PurchaseOfPropertyPlantAndEquipmentInvCFIFRS" xlink:label="PurchaseOfPropertyPlantAndEquipmentInvCFIFRS" />    <link:definitionArc xlink:type="arc" xlink:arcrole="http://xbrl.org/int/dim/arcrole/domain-member" xlink:from="CashFlowsFromInvestingActivitiesIFRSAbstract" xlink:to="PurchaseOfPropertyPlantAndEquipmentInvCFIFRS" order="1.0" />    <link:loc xlink:type="locator" xlink:href="http://disclosure.edinet-fsa.go.jp/taxonomy/jpigp/2020-11-01/jpigp_cor_2020-11-01.xsd#jpigp_cor_ProceedsFromSaleOfPropertyPlantAndEquipmentInvCFIFRS" xlink:label="ProceedsFromSaleOfPropertyPlantAndEquipmentInvCFIFRS" />    <link:definitionArc xlink:type="arc" xlink:arcrole="http://xbrl.org/int/dim/arcrole/domain-member" xlink:from="CashFlowsFromInvestingActivitiesIFRSAbstract" xlink:to="ProceedsFromSaleOfPropertyPlantAndEquipmentInvCFIFRS" order="2.0" />    <link:loc xlink:type="locator" xlink:href="http://disclosure.edinet-fsa.go.jp/taxonomy/jpigp/2020-11-01/jpigp_cor_2020-11-01.xsd#jpigp_cor_PurchaseOfIntangibleAssetsInvCFIFRS" xlink:label="PurchaseOfIntangibleAssetsInvCFIFRS" />    <link:definitionArc xlink:type="arc" xlink:arcrole="http://xbrl.org/int/dim/arcrole/domain-member" xlink:from="CashFlowsFromInvestingActivitiesIFRSAbstract" xlink:to="PurchaseOfIntangibleAssetsInvCFIFRS" order="3.0" />    <link:loc xlink:type="locator" xlink:href="http://disclosure.edinet-fsa.go.jp/taxonomy/jpigp/2020-11-01/jpigp_cor_2020-11-01.xsd#jpigp_cor_ProceedsFromSaleOfInvestmentSecuritiesInvCFIFRS" xlink:label="ProceedsFromSaleOfInvestmentSecuritiesInvCFIFRS" />    <link:definitionArc xlink:type="arc" xlink:arcrole="http://xbrl.org/int/dim/arcrole/domain-member" xlink:from="CashFlowsFromInvestingActivitiesIFRSAbstract" xlink:to="ProceedsFromSaleOfInvestmentSecuritiesInvCFIFRS" order="4.0" />    <link:loc xlink:type="locator" xlink:href="http://disclosure.edinet-fsa.go.jp/taxonomy/jpigp/2020-11-01/jpigp_cor_2020-11-01.xsd#jpigp_cor_PaymentsForAcquisitionOfBusinessesInvCFIFRS" xlink:label="PaymentsForAcquisitionOfBusinessesInvCFIFRS" />    <link:definitionArc xlink:type="arc" xlink:arcrole="http://xbrl.org/int/dim/arcrole/domain-member" xlink:from="CashFlowsFromInvestingActivitiesIFRSAbstract" xlink:to="PaymentsForAcquisitionOfBusinessesInvCFIFRS" order="5.0" />    <link:loc xlink:type="locator" xlink:href="http://disclosure.edinet-fsa.go.jp/taxonomy/jpigp/2020-11-01/jpigp_cor_2020-11-01.xsd#jpigp_cor_OtherInvCFIFRS" xlink:label="OtherInvCFIFRS" />    <link:definitionArc xlink:type="arc" xlink:arcrole="http://xbrl.org/int/dim/arcrole/domain-member" xlink:from="CashFlowsFromInvestingActivitiesIFRSAbstract" xlink:to="OtherInvCFIFRS" order="6.0" />    <link:loc xlink:type="locator" xlink:href="http://disclosure.edinet-fsa.go.jp/taxonomy/jpigp/2020-11-01/jpigp_cor_2020-11-01.xsd#jpigp_cor_NetCashProvidedByUsedInInvestingActivitiesIFRS" xlink:label="NetCashProvidedByUsedInInvestingActivitiesIFRS" />    <link:definitionArc xlink:type="arc" xlink:arcrole="http://xbrl.org/int/dim/arcrole/domain-member" xlink:from="CashFlowsFromInvestingActivitiesIFRSAbstract" xlink:to="NetCashProvidedByUsedInInvestingActivitiesIFRS" order="7.0" />    <link:loc xlink:type="locator" xlink:href="http://disclosure.edinet-fsa.go.jp/taxonomy/jpigp/2020-11-01/jpigp_cor_2020-11-01.xsd#jpigp_cor_CashFlowsFromFinancingActivitiesIFRSAbstract" xlink:label="CashFlowsFromFinancingActivitiesIFRSAbstract_2" />    <link:definitionArc xlink:type="arc" xlink:arcrole="http://xbrl.org/int/dim/arcrole/domain-member" xlink:from="StatementOfCashFlowsIFRSLineItems" xlink:to="CashFlowsFromFinancingActivitiesIFRSAbstract_2" order="3.0" />    <link:loc xlink:type="locator" xlink:href="http://disclosure.edinet-fsa.go.jp/taxonomy/jpigp/2020-11-01/jpigp_cor_2020-11-01.xsd#jpigp_cor_CashFlowsFromFinancingActivitiesIFRSAbstract" xlink:label="CashFlowsFromFinancingActivitiesIFRSAbstract" />    <link:loc xlink:type="locator" xlink:href="http://disclosure.edinet-fsa.go.jp/taxonomy/jpigp/2020-11-01/jpigp_cor_2020-11-01.xsd#jpigp_cor_NetIncreaseDecreaseInShortTermBorrowingsFinCFIFRS" xlink:label="NetIncreaseDecreaseInShortTermBorrowingsFinCFIFRS" />    <link:definitionArc xlink:type="arc" xlink:arcrole="http://xbrl.org/int/dim/arcrole/domain-member" xlink:from="CashFlowsFromFinancingActivitiesIFRSAbstract" xlink:to="NetIncreaseDecreaseInShortTermBorrowingsFinCFIFRS" order="1.0" />    <link:loc xlink:type="locator" xlink:href="http://disclosure.edinet-fsa.go.jp/taxonomy/jpigp/2020-11-01/jpigp_cor_2020-11-01.xsd#jpigp_cor_ProceedsFromIssuanceOfBondsAndLongTermBorrowingsFinCFIFRS" xlink:label="ProceedsFromIssuanceOfBondsAndLongTermBorrowingsFinCFIFRS" />    <link:definitionArc xlink:type="arc" xlink:arcrole="http://xbrl.org/int/dim/arcrole/domain-member" xlink:from="CashFlowsFromFinancingActivitiesIFRSAbstract" xlink:to="ProceedsFromIssuanceOfBondsAndLongTermBorrowingsFinCFIFRS" order="2.0" />    <link:loc xlink:type="locator" xlink:href="http://disclosure.edinet-fsa.go.jp/taxonomy/jpigp/2020-11-01/jpigp_cor_2020-11-01.xsd#jpigp_cor_RedemptionOfBondsAndRepaymentsOfLongTermBorrowingsFinCFIFRS" xlink:label="RedemptionOfBondsAndRepaymentsOfLongTermBorrowingsFinCFIFRS" />    <link:definitionArc xlink:type="arc" xlink:arcrole="http://xbrl.org/int/dim/arcrole/domain-member" xlink:from="CashFlowsFromFinancingActivitiesIFRSAbstract" xlink:to="RedemptionOfBondsAndRepaymentsOfLongTermBorrowingsFinCFIFRS" order="3.0" />    <link:loc xlink:type="locator" xlink:href="http://disclosure.edinet-fsa.go.jp/taxonomy/jpigp/2020-11-01/jpigp_cor_2020-11-01.xsd#jpigp_cor_RepaymentsOfLeaseObligationsFinCFIFRS" xlink:label="RepaymentsOfLeaseObligationsFinCFIFRS" />    <link:definitionArc xlink:type="arc" xlink:arcrole="http://xbrl.org/int/dim/arcrole/domain-member" xlink:from="CashFlowsFromFinancingActivitiesIFRSAbstract" xlink:to="RepaymentsOfLeaseObligationsFinCFIFRS" order="4.0" />    <link:loc xlink:type="locator" xlink:href="http://disclosure.edinet-fsa.go.jp/taxonomy/jpigp/2020-11-01/jpigp_cor_2020-11-01.xsd#jpigp_cor_CapitalContributionFromNonControllingInterestsFinCFIFRS" xlink:label="CapitalContributionFromNonControllingInterestsFinCFIFRS" />    <link:definitionArc xlink:type="arc" xlink:arcrole="http://xbrl.org/int/dim/arcrole/domain-member" xlink:from="CashFlowsFromFinancingActivitiesIFRSAbstract" xlink:to="CapitalContributionFromNonControllingInterestsFinCFIFRS" order="5.0" />    <link:loc xlink:type="locator" xlink:href="tse-qcediffr-51100-2022-09-30-01-2022-11-09.xsd#tse-qcediffr-51100_AcquisitionOfNonControllingInterestsIFRS" xlink:label="AcquisitionOfNonControllingInterestsIFRS" />    <link:definitionArc xlink:type="arc" xlink:arcrole="http://xbrl.org/int/dim/arcrole/domain-member" xlink:from="CashFlowsFromFinancingActivitiesIFRSAbstract" xlink:to="AcquisitionOfNonControllingInterestsIFRS" order="6.0" />    <link:loc xlink:type="locator" xlink:href="http://disclosure.edinet-fsa.go.jp/taxonomy/jpigp/2020-11-01/jpigp_cor_2020-11-01.xsd#jpigp_cor_DividendsPaidFinCFIFRS" xlink:label="DividendsPaidFinCFIFRS" />    <link:definitionArc xlink:type="arc" xlink:arcrole="http://xbrl.org/int/dim/arcrole/domain-member" xlink:from="CashFlowsFromFinancingActivitiesIFRSAbstract" xlink:to="DividendsPaidFinCFIFRS" order="7.0" />    <link:loc xlink:type="locator" xlink:href="http://disclosure.edinet-fsa.go.jp/taxonomy/jpigp/2020-11-01/jpigp_cor_2020-11-01.xsd#jpigp_cor_DividendsPaidToNonControllingInterestsFinCFIFRS" xlink:label="DividendsPaidToNonControllingInterestsFinCFIFRS" />    <link:definitionArc xlink:type="arc" xlink:arcrole="http://xbrl.org/int/dim/arcrole/domain-member" xlink:from="CashFlowsFromFinancingActivitiesIFRSAbstract" xlink:to="DividendsPaidToNonControllingInterestsFinCFIFRS" order="8.0" />    <link:loc xlink:type="locator" xlink:href="http://disclosure.edinet-fsa.go.jp/taxonomy/jpigp/2020-11-01/jpigp_cor_2020-11-01.xsd#jpigp_cor_OtherFinCFIFRS" xlink:label="OtherFinCFIFRS" />    <link:definitionArc xlink:type="arc" xlink:arcrole="http://xbrl.org/int/dim/arcrole/domain-member" xlink:from="CashFlowsFromFinancingActivitiesIFRSAbstract" xlink:to="OtherFinCFIFRS" order="9.0" />    <link:loc xlink:type="locator" xlink:href="http://disclosure.edinet-fsa.go.jp/taxonomy/jpigp/2020-11-01/jpigp_cor_2020-11-01.xsd#jpigp_cor_NetCashProvidedByUsedInFinancingActivitiesIFRS" xlink:label="NetCashProvidedByUsedInFinancingActivitiesIFRS" />    <link:definitionArc xlink:type="arc" xlink:arcrole="http://xbrl.org/int/dim/arcrole/domain-member" xlink:from="CashFlowsFromFinancingActivitiesIFRSAbstract" xlink:to="NetCashProvidedByUsedInFinancingActivitiesIFRS" order="10.0" />    <link:loc xlink:type="locator" xlink:href="http://disclosure.edinet-fsa.go.jp/taxonomy/jpigp/2020-11-01/jpigp_cor_2020-11-01.xsd#jpigp_cor_EffectOfExchangeRateChangesOnCashAndCashEquivalentsIFRS" xlink:label="EffectOfExchangeRateChangesOnCashAndCashEquivalentsIFRS" />    <link:definitionArc xlink:type="arc" xlink:arcrole="http://xbrl.org/int/dim/arcrole/domain-member" xlink:from="StatementOfCashFlowsIFRSLineItems" xlink:to="EffectOfExchangeRateChangesOnCashAndCashEquivalentsIFRS" order="4.0" />    <link:loc xlink:type="locator" xlink:href="http://disclosure.edinet-fsa.go.jp/taxonomy/jpigp/2020-11-01/jpigp_cor_2020-11-01.xsd#jpigp_cor_NetIncreaseDecreaseInCashAndCashEquivalentsIFRS" xlink:label="NetIncreaseDecreaseInCashAndCashEquivalentsIFRS" />    <link:definitionArc xlink:type="arc" xlink:arcrole="http://xbrl.org/int/dim/arcrole/domain-member" xlink:from="StatementOfCashFlowsIFRSLineItems" xlink:to="NetIncreaseDecreaseInCashAndCashEquivalentsIFRS" order="5.0" />    <link:loc xlink:type="locator" xlink:href="http://disclosure.edinet-fsa.go.jp/taxonomy/jpigp/2020-11-01/jpigp_cor_2020-11-01.xsd#jpigp_cor_CashAndCashEquivalentsIFRS" xlink:label="CashAndCashEquivalentsIFRS" />    <link:definitionArc xlink:type="arc" xlink:arcrole="http://xbrl.org/int/dim/arcrole/domain-member" xlink:from="StatementOfCashFlowsIFRSLineItems" xlink:to="CashAndCashEquivalentsIFRS" order="6.0" />  </link:definitionLink></link:linkbase>