<?xml version="1.0" encoding="utf-8"?>
<manifest xmlns="http://disclosure.edinet-fsa.go.jp/2013/manifest">
  <tocComposition>
    <title xml:lang="ja"></title>
    <title xml:lang="en"></title>
    <item ref="scedjpfr" extrole="http://www.xbrl.tdnet.info/jp/tse/tdnet/role/RoleAttachedDocument" in="presentation" />
  </tocComposition>
  <list>
    <instance id="scedjpfr" type="Attachment" preferredFilename="tse-scedjpfr-87140-2022-09-30-01-2022-11-11.xbrl">
      <ixbrl>0500000-scbs05-tse-scedjpfr-87140-2022-09-30-01-2022-11-11-ixbrl.htm</ixbrl>
      <ixbrl>0600000-scpl05-tse-scedjpfr-87140-2022-09-30-01-2022-11-11-ixbrl.htm</ixbrl>
      <ixbrl>0800000-scss05-tse-scedjpfr-87140-2022-09-30-01-2022-11-11-ixbrl.htm</ixbrl>
    </instance>
  </list>
</manifest>