<?xml version="1.0" encoding="utf-8"?>
<!-- Generated by PRONEXUS WORKS --><link:linkbase xmlns:link="http://www.xbrl.org/2003/linkbase" xmlns:xsi="http://www.w3.org/2001/XMLSchema-instance" xmlns:xbrli="http://www.xbrl.org/2003/instance" xmlns:xlink="http://www.w3.org/1999/xlink">  <link:labelLink xlink:type="extended" xlink:role="http://www.xbrl.org/2003/role/link">    <link:loc xlink:type="locator" xlink:href="tse-anrejpfr-34920-2022-08-31-01-2022-10-18.xsd#tse-anrejpfr-34920_TaxesAndPublicDuesSGA" xlink:label="TaxesAndPublicDuesSGA" />    <link:loc xlink:type="locator" xlink:href="tse-anrejpfr-34920-2022-08-31-01-2022-10-18.xsd#tse-anrejpfr-34920_InterestOnPropertyTaxRefundNOI" xlink:label="InterestOnPropertyTaxRefundNOI" />    <link:loc xlink:type="locator" xlink:href="tse-anrejpfr-34920-2022-08-31-01-2022-10-18.xsd#tse-anrejpfr-34920_CurrentPortionOfLeaseholdAndGuaranteeDepositsReceivedInTrustINV" xlink:label="CurrentPortionOfLeaseholdAndGuaranteeDepositsReceivedInTrustINV" />    <link:loc xlink:type="locator" xlink:href="http://disclosure.edinet-fsa.go.jp/taxonomy/jppfs/2021-11-01/jppfs_cor_2021-11-01.xsd#jppfs_cor_UnitholdersCapitalGrossINV" xlink:label="UnitholdersCapitalGrossINV" />    <link:label xlink:type="resource" xlink:label="label_TaxesAndPublicDuesSGA" xml:lang="en" xlink:role="http://www.xbrl.org/2003/role/label" id="label_TaxesAndPublicDuesSGA">taxes and public dues</link:label>    <link:labelArc xlink:type="arc" xlink:arcrole="http://www.xbrl.org/2003/arcrole/concept-label" xlink:from="TaxesAndPublicDuesSGA" xlink:to="label_TaxesAndPublicDuesSGA" />    <link:label xlink:type="resource" xlink:label="label_TaxesAndPublicDuesSGA_2" xml:lang="en" xlink:role="http://www.xbrl.org/2003/role/verboseLabel" id="label_TaxesAndPublicDuesSGA_2">taxes and public dues-SGA</link:label>    <link:labelArc xlink:type="arc" xlink:arcrole="http://www.xbrl.org/2003/arcrole/concept-label" xlink:from="TaxesAndPublicDuesSGA" xlink:to="label_TaxesAndPublicDuesSGA_2" />    <link:label xlink:type="resource" xlink:label="label_InterestOnPropertyTaxRefundNOI" xml:lang="en" xlink:role="http://www.xbrl.org/2003/role/label" id="label_InterestOnPropertyTaxRefundNOI">Interest on property tax refund</link:label>    <link:labelArc xlink:type="arc" xlink:arcrole="http://www.xbrl.org/2003/arcrole/concept-label" xlink:from="InterestOnPropertyTaxRefundNOI" xlink:to="label_InterestOnPropertyTaxRefundNOI" />    <link:label xlink:type="resource" xlink:label="label_InterestOnPropertyTaxRefundNOI_2" xml:lang="en" xlink:role="http://www.xbrl.org/2003/role/verboseLabel" id="label_InterestOnPropertyTaxRefundNOI_2">Interest on property tax refund - NOI</link:label>    <link:labelArc xlink:type="arc" xlink:arcrole="http://www.xbrl.org/2003/arcrole/concept-label" xlink:from="InterestOnPropertyTaxRefundNOI" xlink:to="label_InterestOnPropertyTaxRefundNOI_2" />    <link:label xlink:type="resource" xlink:label="label_CurrentPortionOfLeaseholdAndGuaranteeDepositsReceivedInTrustINV" xml:lang="en" xlink:role="http://www.xbrl.org/2003/role/label" id="label_CurrentPortionOfLeaseholdAndGuaranteeDepositsReceivedInTrustINV">Current portion of Leasehold and guarantee deposits received in trust</link:label>    <link:labelArc xlink:type="arc" xlink:arcrole="http://www.xbrl.org/2003/arcrole/concept-label" xlink:from="CurrentPortionOfLeaseholdAndGuaranteeDepositsReceivedInTrustINV" xlink:to="label_CurrentPortionOfLeaseholdAndGuaranteeDepositsReceivedInTrustINV" />    <link:label xlink:type="resource" xlink:label="label_CurrentPortionOfLeaseholdAndGuaranteeDepositsReceivedInTrustINV_2" xml:lang="en" xlink:role="http://www.xbrl.org/2003/role/verboseLabel" id="label_CurrentPortionOfLeaseholdAndGuaranteeDepositsReceivedInTrustINV_2">Current portion of Leasehold and guarantee deposits received in trust-INV</link:label>    <link:labelArc xlink:type="arc" xlink:arcrole="http://www.xbrl.org/2003/arcrole/concept-label" xlink:from="CurrentPortionOfLeaseholdAndGuaranteeDepositsReceivedInTrustINV" xlink:to="label_CurrentPortionOfLeaseholdAndGuaranteeDepositsReceivedInTrustINV_2" />    <link:loc xlink:type="locator" xlink:href="http://disclosure.edinet-fsa.go.jp/taxonomy/jppfs/2021-11-01/label/jppfs_2021-11-01_lab-en.xml#label_UnitholdersCapitalGrossINV" xlink:label="label_UnitholdersCapitalGrossINV" xlink:role="http://www.xbrl.org/2003/role/label" />    <link:labelArc xlink:type="arc" xlink:arcrole="http://www.xbrl.org/2003/arcrole/concept-label" xlink:from="UnitholdersCapitalGrossINV" xlink:to="label_UnitholdersCapitalGrossINV" use="prohibited" priority="1" />    <link:label xlink:type="resource" xlink:label="label_UnitholdersCapitalGrossINV_2" xml:lang="en" xlink:role="http://www.xbrl.org/2003/role/label" id="label_UnitholdersCapitalGrossINV_2">Unitholders' capital, gross</link:label>    <link:labelArc xlink:type="arc" xlink:arcrole="http://www.xbrl.org/2003/arcrole/concept-label" xlink:from="UnitholdersCapitalGrossINV" xlink:to="label_UnitholdersCapitalGrossINV_2" priority="2" />  </link:labelLink></link:linkbase>