﻿<?xml version="1.0" encoding="utf-8"?>
<!-- Edited with FutureStage XBRL Solution Library .NET 01-11 -->
<link:linkbase xmlns:xbrldt="http://xbrl.org/2005/xbrldt" xmlns:xlink="http://www.w3.org/1999/xlink" xmlns:xsi="http://www.w3.org/2001/XMLSchema-instance" xmlns:link="http://www.xbrl.org/2003/linkbase">
  <link:roleRef xlink:type="simple" xlink:href="http://disclosure.edinet-fsa.go.jp/taxonomy/jppfs/2020-11-01/jppfs_rt_2020-11-01.xsd#rol_cai_BalanceSheet-ListOfAccounts" roleURI="http://disclosure.edinet-fsa.go.jp/role/jppfs/rol_cai_BalanceSheet-ListOfAccounts" />
  <link:roleRef xlink:type="simple" xlink:href="http://disclosure.edinet-fsa.go.jp/taxonomy/jppfs/2020-11-01/jppfs_rt_2020-11-01.xsd#rol_cai_StatementOfIncome-ListOfAccounts" roleURI="http://disclosure.edinet-fsa.go.jp/role/jppfs/rol_cai_StatementOfIncome-ListOfAccounts" />
  <link:roleRef xlink:type="simple" xlink:href="http://disclosure.edinet-fsa.go.jp/taxonomy/jppfs/2020-11-01/jppfs_rt_2020-11-01.xsd#rol_QuarterlyConsolidatedBalanceSheet" roleURI="http://disclosure.edinet-fsa.go.jp/role/jppfs/rol_QuarterlyConsolidatedBalanceSheet" />
  <link:roleRef xlink:type="simple" xlink:href="http://disclosure.edinet-fsa.go.jp/taxonomy/jppfs/2020-11-01/jppfs_rt_2020-11-01.xsd#rol_QuarterlyConsolidatedStatementOfCashFlows-indirect" roleURI="http://disclosure.edinet-fsa.go.jp/role/jppfs/rol_QuarterlyConsolidatedStatementOfCashFlows-indirect" />
  <link:roleRef xlink:type="simple" xlink:href="http://disclosure.edinet-fsa.go.jp/taxonomy/jppfs/2020-11-01/jppfs_rt_2020-11-01.xsd#rol_YearToQuarterEndConsolidatedStatementOfComprehensiveIncome" roleURI="http://disclosure.edinet-fsa.go.jp/role/jppfs/rol_YearToQuarterEndConsolidatedStatementOfComprehensiveIncome" />
  <link:roleRef xlink:type="simple" xlink:href="http://disclosure.edinet-fsa.go.jp/taxonomy/jppfs/2020-11-01/jppfs_rt_2020-11-01.xsd#rol_YearToQuarterEndConsolidatedStatementOfIncome" roleURI="http://disclosure.edinet-fsa.go.jp/role/jppfs/rol_YearToQuarterEndConsolidatedStatementOfIncome" />
  <link:arcroleRef xlink:type="simple" xlink:href="http://www.xbrl.org/2005/xbrldt-2005.xsd#all" arcroleURI="http://xbrl.org/int/dim/arcrole/all" />
  <link:arcroleRef xlink:type="simple" xlink:href="http://www.xbrl.org/2005/xbrldt-2005.xsd#dimension-default" arcroleURI="http://xbrl.org/int/dim/arcrole/dimension-default" />
  <link:arcroleRef xlink:type="simple" xlink:href="http://www.xbrl.org/2005/xbrldt-2005.xsd#dimension-domain" arcroleURI="http://xbrl.org/int/dim/arcrole/dimension-domain" />
  <link:arcroleRef xlink:type="simple" xlink:href="http://www.xbrl.org/2005/xbrldt-2005.xsd#domain-member" arcroleURI="http://xbrl.org/int/dim/arcrole/domain-member" />
  <link:arcroleRef xlink:type="simple" xlink:href="http://www.xbrl.org/2005/xbrldt-2005.xsd#hypercube-dimension" arcroleURI="http://xbrl.org/int/dim/arcrole/hypercube-dimension" />
  <link:definitionLink xlink:type="extended" xlink:role="http://disclosure.edinet-fsa.go.jp/role/jppfs/rol_cai_BalanceSheet-ListOfAccounts">
    <link:loc xlink:type="locator" xlink:href="http://disclosure.edinet-fsa.go.jp/taxonomy/jppfs/2020-11-01/jppfs_cor_2020-11-01.xsd#jppfs_cor_CurrentLiabilitiesAbstract" xlink:label="jppfs_cor_CurrentLiabilitiesAbstract" />
    <link:loc xlink:type="locator" xlink:href="http://disclosure.edinet-fsa.go.jp/taxonomy/jppfs/2020-11-01/jppfs_cor_2020-11-01.xsd#jppfs_cor_NoncurrentLiabilitiesAbstract" xlink:label="jppfs_cor_NoncurrentLiabilitiesAbstract" />
    <link:loc xlink:type="locator" xlink:href="tse-qcedjpfr-43120-2022-09-30-01-2022-11-02.xsd#tse-qcedjpfr-43120_ProvisionForDirectorsBonusesNCL" xlink:label="tse-qcedjpfr-43120_ProvisionForDirectorsBonusesNCL" />
    <link:loc xlink:type="locator" xlink:href="tse-qcedjpfr-43120-2022-09-30-01-2022-11-02.xsd#tse-qcedjpfr-43120_ProvisionForSubsidyReturnCL" xlink:label="tse-qcedjpfr-43120_ProvisionForSubsidyReturnCL" />
    <link:definitionArc xlink:type="arc" xlink:from="jppfs_cor_CurrentLiabilitiesAbstract" xlink:to="tse-qcedjpfr-43120_ProvisionForSubsidyReturnCL" xlink:arcrole="http://www.xbrl.org/2003/arcrole/general-special" order="38" />
    <link:definitionArc xlink:type="arc" xlink:from="jppfs_cor_NoncurrentLiabilitiesAbstract" xlink:to="tse-qcedjpfr-43120_ProvisionForDirectorsBonusesNCL" xlink:arcrole="http://www.xbrl.org/2003/arcrole/general-special" order="11" />
  </link:definitionLink>
  <link:definitionLink xlink:type="extended" xlink:role="http://disclosure.edinet-fsa.go.jp/role/jppfs/rol_cai_StatementOfIncome-ListOfAccounts">
    <link:loc xlink:type="locator" xlink:href="http://disclosure.edinet-fsa.go.jp/taxonomy/jppfs/2020-11-01/jppfs_cor_2020-11-01.xsd#jppfs_cor_NonOperatingExpensesAbstract" xlink:label="jppfs_cor_NonOperatingExpensesAbstract" />
    <link:loc xlink:type="locator" xlink:href="tse-qcedjpfr-43120-2022-09-30-01-2022-11-02.xsd#tse-qcedjpfr-43120_SalesTaxesForPriorPeriodsNOE" xlink:label="tse-qcedjpfr-43120_SalesTaxesForPriorPeriodsNOE" />
    <link:definitionArc xlink:type="arc" xlink:from="jppfs_cor_NonOperatingExpensesAbstract" xlink:to="tse-qcedjpfr-43120_SalesTaxesForPriorPeriodsNOE" xlink:arcrole="http://www.xbrl.org/2003/arcrole/general-special" order="92" />
  </link:definitionLink>
  <link:definitionLink xlink:type="extended" xlink:role="http://disclosure.edinet-fsa.go.jp/role/jppfs/rol_QuarterlyConsolidatedBalanceSheet">
    <link:loc xlink:type="locator" xlink:href="http://disclosure.edinet-fsa.go.jp/taxonomy/jppfs/2020-11-01/jppfs_cor_2020-11-01.xsd#jppfs_cor_AccountsPayableTrade" xlink:label="jppfs_cor_AccountsPayableTrade" />
    <link:loc xlink:type="locator" xlink:href="http://disclosure.edinet-fsa.go.jp/taxonomy/jppfs/2020-11-01/jppfs_cor_2020-11-01.xsd#jppfs_cor_AdvancePaymentsTrade" xlink:label="jppfs_cor_AdvancePaymentsTrade" />
    <link:loc xlink:type="locator" xlink:href="http://disclosure.edinet-fsa.go.jp/taxonomy/jppfs/2020-11-01/jppfs_cor_2020-11-01.xsd#jppfs_cor_AdvancesReceived" xlink:label="jppfs_cor_AdvancesReceived" />
    <link:loc xlink:type="locator" xlink:href="http://disclosure.edinet-fsa.go.jp/taxonomy/jppfs/2020-11-01/jppfs_cor_2020-11-01.xsd#jppfs_cor_AllowanceForDoubtfulAccountsCA" xlink:label="jppfs_cor_AllowanceForDoubtfulAccountsCA" />
    <link:loc xlink:type="locator" xlink:href="http://disclosure.edinet-fsa.go.jp/taxonomy/jppfs/2020-11-01/jppfs_cor_2020-11-01.xsd#jppfs_cor_AllowanceForDoubtfulAccountsIOAByGroup" xlink:label="jppfs_cor_AllowanceForDoubtfulAccountsIOAByGroup" />
    <link:loc xlink:type="locator" xlink:href="http://disclosure.edinet-fsa.go.jp/taxonomy/jppfs/2020-11-01/jppfs_cor_2020-11-01.xsd#jppfs_cor_Assets" xlink:label="jppfs_cor_Assets" />
    <link:loc xlink:type="locator" xlink:href="http://disclosure.edinet-fsa.go.jp/taxonomy/jppfs/2020-11-01/jppfs_cor_2020-11-01.xsd#jppfs_cor_AssetsAbstract" xlink:label="jppfs_cor_AssetsAbstract" />
    <link:loc xlink:type="locator" xlink:href="http://disclosure.edinet-fsa.go.jp/taxonomy/jppfs/2020-11-01/jppfs_cor_2020-11-01.xsd#jppfs_cor_BalanceSheetLineItems" xlink:label="jppfs_cor_BalanceSheetLineItems" />
    <link:loc xlink:type="locator" xlink:href="http://disclosure.edinet-fsa.go.jp/taxonomy/jppfs/2020-11-01/jppfs_cor_2020-11-01.xsd#jppfs_cor_BalanceSheetTable" xlink:label="jppfs_cor_BalanceSheetTable" />
    <link:loc xlink:type="locator" xlink:href="http://disclosure.edinet-fsa.go.jp/taxonomy/jppfs/2020-11-01/jppfs_cor_2020-11-01.xsd#jppfs_cor_CapitalStock" xlink:label="jppfs_cor_CapitalStock" />
    <link:loc xlink:type="locator" xlink:href="http://disclosure.edinet-fsa.go.jp/taxonomy/jppfs/2020-11-01/jppfs_cor_2020-11-01.xsd#jppfs_cor_CapitalSurplus" xlink:label="jppfs_cor_CapitalSurplus" />
    <link:loc xlink:type="locator" xlink:href="http://disclosure.edinet-fsa.go.jp/taxonomy/jppfs/2020-11-01/jppfs_cor_2020-11-01.xsd#jppfs_cor_CashAndDeposits" xlink:label="jppfs_cor_CashAndDeposits" />
    <link:loc xlink:type="locator" xlink:href="http://disclosure.edinet-fsa.go.jp/taxonomy/jppfs/2020-11-01/jppfs_cor_2020-11-01.xsd#jppfs_cor_ConsolidatedMember" xlink:label="jppfs_cor_ConsolidatedMember" />
    <link:loc xlink:type="locator" xlink:href="http://disclosure.edinet-fsa.go.jp/taxonomy/jppfs/2020-11-01/jppfs_cor_2020-11-01.xsd#jppfs_cor_ConsolidatedMember" xlink:label="jppfs_cor_ConsolidatedMember_2" />
    <link:loc xlink:type="locator" xlink:href="http://disclosure.edinet-fsa.go.jp/taxonomy/jppfs/2020-11-01/jppfs_cor_2020-11-01.xsd#jppfs_cor_ConsolidatedOrNonConsolidatedAxis" xlink:label="jppfs_cor_ConsolidatedOrNonConsolidatedAxis" />
    <link:loc xlink:type="locator" xlink:href="http://disclosure.edinet-fsa.go.jp/taxonomy/jppfs/2020-11-01/jppfs_cor_2020-11-01.xsd#jppfs_cor_CurrentAssets" xlink:label="jppfs_cor_CurrentAssets" />
    <link:loc xlink:type="locator" xlink:href="http://disclosure.edinet-fsa.go.jp/taxonomy/jppfs/2020-11-01/jppfs_cor_2020-11-01.xsd#jppfs_cor_CurrentAssetsAbstract" xlink:label="jppfs_cor_CurrentAssetsAbstract" />
    <link:loc xlink:type="locator" xlink:href="http://disclosure.edinet-fsa.go.jp/taxonomy/jppfs/2020-11-01/jppfs_cor_2020-11-01.xsd#jppfs_cor_CurrentLiabilities" xlink:label="jppfs_cor_CurrentLiabilities" />
    <link:loc xlink:type="locator" xlink:href="http://disclosure.edinet-fsa.go.jp/taxonomy/jppfs/2020-11-01/jppfs_cor_2020-11-01.xsd#jppfs_cor_CurrentLiabilitiesAbstract" xlink:label="jppfs_cor_CurrentLiabilitiesAbstract" />
    <link:loc xlink:type="locator" xlink:href="http://disclosure.edinet-fsa.go.jp/taxonomy/jppfs/2020-11-01/jppfs_cor_2020-11-01.xsd#jppfs_cor_ForeignCurrencyTranslationAdjustment" xlink:label="jppfs_cor_ForeignCurrencyTranslationAdjustment" />
    <link:loc xlink:type="locator" xlink:href="http://disclosure.edinet-fsa.go.jp/taxonomy/jppfs/2020-11-01/jppfs_cor_2020-11-01.xsd#jppfs_cor_IncomeTaxesPayable" xlink:label="jppfs_cor_IncomeTaxesPayable" />
    <link:loc xlink:type="locator" xlink:href="http://disclosure.edinet-fsa.go.jp/taxonomy/jppfs/2020-11-01/jppfs_cor_2020-11-01.xsd#jppfs_cor_IntangibleAssets" xlink:label="jppfs_cor_IntangibleAssets" />
    <link:loc xlink:type="locator" xlink:href="http://disclosure.edinet-fsa.go.jp/taxonomy/jppfs/2020-11-01/jppfs_cor_2020-11-01.xsd#jppfs_cor_IntangibleAssetsAbstract" xlink:label="jppfs_cor_IntangibleAssetsAbstract" />
    <link:loc xlink:type="locator" xlink:href="http://disclosure.edinet-fsa.go.jp/taxonomy/jppfs/2020-11-01/jppfs_cor_2020-11-01.xsd#jppfs_cor_InvestmentsAndOtherAssets" xlink:label="jppfs_cor_InvestmentsAndOtherAssets" />
    <link:loc xlink:type="locator" xlink:href="http://disclosure.edinet-fsa.go.jp/taxonomy/jppfs/2020-11-01/jppfs_cor_2020-11-01.xsd#jppfs_cor_InvestmentsAndOtherAssetsAbstract" xlink:label="jppfs_cor_InvestmentsAndOtherAssetsAbstract" />
    <link:loc xlink:type="locator" xlink:href="http://disclosure.edinet-fsa.go.jp/taxonomy/jppfs/2020-11-01/jppfs_cor_2020-11-01.xsd#jppfs_cor_InvestmentSecurities" xlink:label="jppfs_cor_InvestmentSecurities" />
    <link:loc xlink:type="locator" xlink:href="http://disclosure.edinet-fsa.go.jp/taxonomy/jppfs/2020-11-01/jppfs_cor_2020-11-01.xsd#jppfs_cor_Liabilities" xlink:label="jppfs_cor_Liabilities" />
    <link:loc xlink:type="locator" xlink:href="http://disclosure.edinet-fsa.go.jp/taxonomy/jppfs/2020-11-01/jppfs_cor_2020-11-01.xsd#jppfs_cor_LiabilitiesAbstract" xlink:label="jppfs_cor_LiabilitiesAbstract" />
    <link:loc xlink:type="locator" xlink:href="http://disclosure.edinet-fsa.go.jp/taxonomy/jppfs/2020-11-01/jppfs_cor_2020-11-01.xsd#jppfs_cor_LiabilitiesAndNetAssets" xlink:label="jppfs_cor_LiabilitiesAndNetAssets" />
    <link:loc xlink:type="locator" xlink:href="http://disclosure.edinet-fsa.go.jp/taxonomy/jppfs/2020-11-01/jppfs_cor_2020-11-01.xsd#jppfs_cor_MerchandiseAndFinishedGoods" xlink:label="jppfs_cor_MerchandiseAndFinishedGoods" />
    <link:loc xlink:type="locator" xlink:href="http://disclosure.edinet-fsa.go.jp/taxonomy/jppfs/2020-11-01/jppfs_cor_2020-11-01.xsd#jppfs_cor_NetAssets" xlink:label="jppfs_cor_NetAssets" />
    <link:loc xlink:type="locator" xlink:href="http://disclosure.edinet-fsa.go.jp/taxonomy/jppfs/2020-11-01/jppfs_cor_2020-11-01.xsd#jppfs_cor_NetAssetsAbstract" xlink:label="jppfs_cor_NetAssetsAbstract" />
    <link:loc xlink:type="locator" xlink:href="http://disclosure.edinet-fsa.go.jp/taxonomy/jppfs/2020-11-01/jppfs_cor_2020-11-01.xsd#jppfs_cor_NetDefinedBenefitLiability" xlink:label="jppfs_cor_NetDefinedBenefitLiability" />
    <link:loc xlink:type="locator" xlink:href="http://disclosure.edinet-fsa.go.jp/taxonomy/jppfs/2020-11-01/jppfs_cor_2020-11-01.xsd#jppfs_cor_NonControllingInterests" xlink:label="jppfs_cor_NonControllingInterests" />
    <link:loc xlink:type="locator" xlink:href="http://disclosure.edinet-fsa.go.jp/taxonomy/jppfs/2020-11-01/jppfs_cor_2020-11-01.xsd#jppfs_cor_NoncurrentAssets" xlink:label="jppfs_cor_NoncurrentAssets" />
    <link:loc xlink:type="locator" xlink:href="http://disclosure.edinet-fsa.go.jp/taxonomy/jppfs/2020-11-01/jppfs_cor_2020-11-01.xsd#jppfs_cor_NoncurrentAssetsAbstract" xlink:label="jppfs_cor_NoncurrentAssetsAbstract" />
    <link:loc xlink:type="locator" xlink:href="http://disclosure.edinet-fsa.go.jp/taxonomy/jppfs/2020-11-01/jppfs_cor_2020-11-01.xsd#jppfs_cor_NoncurrentLiabilities" xlink:label="jppfs_cor_NoncurrentLiabilities" />
    <link:loc xlink:type="locator" xlink:href="http://disclosure.edinet-fsa.go.jp/taxonomy/jppfs/2020-11-01/jppfs_cor_2020-11-01.xsd#jppfs_cor_NoncurrentLiabilitiesAbstract" xlink:label="jppfs_cor_NoncurrentLiabilitiesAbstract" />
    <link:loc xlink:type="locator" xlink:href="http://disclosure.edinet-fsa.go.jp/taxonomy/jppfs/2020-11-01/jppfs_cor_2020-11-01.xsd#jppfs_cor_NotesAndAccountsReceivableTrade" xlink:label="jppfs_cor_NotesAndAccountsReceivableTrade" />
    <link:loc xlink:type="locator" xlink:href="http://disclosure.edinet-fsa.go.jp/taxonomy/jppfs/2020-11-01/jppfs_cor_2020-11-01.xsd#jppfs_cor_NotesAndAccountsReceivableTradeAndContractAssets" xlink:label="jppfs_cor_NotesAndAccountsReceivableTradeAndContractAssets" />
    <link:loc xlink:type="locator" xlink:href="http://disclosure.edinet-fsa.go.jp/taxonomy/jppfs/2020-11-01/jppfs_cor_2020-11-01.xsd#jppfs_cor_OtherCA" xlink:label="jppfs_cor_OtherCA" />
    <link:loc xlink:type="locator" xlink:href="http://disclosure.edinet-fsa.go.jp/taxonomy/jppfs/2020-11-01/jppfs_cor_2020-11-01.xsd#jppfs_cor_OtherCL" xlink:label="jppfs_cor_OtherCL" />
    <link:loc xlink:type="locator" xlink:href="http://disclosure.edinet-fsa.go.jp/taxonomy/jppfs/2020-11-01/jppfs_cor_2020-11-01.xsd#jppfs_cor_OtherIA" xlink:label="jppfs_cor_OtherIA" />
    <link:loc xlink:type="locator" xlink:href="http://disclosure.edinet-fsa.go.jp/taxonomy/jppfs/2020-11-01/jppfs_cor_2020-11-01.xsd#jppfs_cor_OtherIOA" xlink:label="jppfs_cor_OtherIOA" />
    <link:loc xlink:type="locator" xlink:href="http://disclosure.edinet-fsa.go.jp/taxonomy/jppfs/2020-11-01/jppfs_cor_2020-11-01.xsd#jppfs_cor_OtherNCL" xlink:label="jppfs_cor_OtherNCL" />
    <link:loc xlink:type="locator" xlink:href="http://disclosure.edinet-fsa.go.jp/taxonomy/jppfs/2020-11-01/jppfs_cor_2020-11-01.xsd#jppfs_cor_PropertyPlantAndEquipment" xlink:label="jppfs_cor_PropertyPlantAndEquipment" />
    <link:loc xlink:type="locator" xlink:href="http://disclosure.edinet-fsa.go.jp/taxonomy/jppfs/2020-11-01/jppfs_cor_2020-11-01.xsd#jppfs_cor_ProvisionForBonuses" xlink:label="jppfs_cor_ProvisionForBonuses" />
    <link:loc xlink:type="locator" xlink:href="http://disclosure.edinet-fsa.go.jp/taxonomy/jppfs/2020-11-01/jppfs_cor_2020-11-01.xsd#jppfs_cor_ProvisionForDirectorsBonuses" xlink:label="jppfs_cor_ProvisionForDirectorsBonuses" />
    <link:loc xlink:type="locator" xlink:href="http://disclosure.edinet-fsa.go.jp/taxonomy/jppfs/2020-11-01/jppfs_cor_2020-11-01.xsd#jppfs_cor_QuarterlyConsolidatedBalanceSheetHeading" xlink:label="jppfs_cor_QuarterlyConsolidatedBalanceSheetHeading" />
    <link:loc xlink:type="locator" xlink:href="http://disclosure.edinet-fsa.go.jp/taxonomy/jppfs/2020-11-01/jppfs_cor_2020-11-01.xsd#jppfs_cor_RawMaterialsAndSupplies" xlink:label="jppfs_cor_RawMaterialsAndSupplies" />
    <link:loc xlink:type="locator" xlink:href="http://disclosure.edinet-fsa.go.jp/taxonomy/jppfs/2020-11-01/jppfs_cor_2020-11-01.xsd#jppfs_cor_RetainedEarnings" xlink:label="jppfs_cor_RetainedEarnings" />
    <link:loc xlink:type="locator" xlink:href="http://disclosure.edinet-fsa.go.jp/taxonomy/jppfs/2020-11-01/jppfs_cor_2020-11-01.xsd#jppfs_cor_ShareholdersEquity" xlink:label="jppfs_cor_ShareholdersEquity" />
    <link:loc xlink:type="locator" xlink:href="http://disclosure.edinet-fsa.go.jp/taxonomy/jppfs/2020-11-01/jppfs_cor_2020-11-01.xsd#jppfs_cor_ShareholdersEquityAbstract" xlink:label="jppfs_cor_ShareholdersEquityAbstract" />
    <link:loc xlink:type="locator" xlink:href="http://disclosure.edinet-fsa.go.jp/taxonomy/jppfs/2020-11-01/jppfs_cor_2020-11-01.xsd#jppfs_cor_ShortTermInvestmentSecurities" xlink:label="jppfs_cor_ShortTermInvestmentSecurities" />
    <link:loc xlink:type="locator" xlink:href="http://disclosure.edinet-fsa.go.jp/taxonomy/jppfs/2020-11-01/jppfs_cor_2020-11-01.xsd#jppfs_cor_ShortTermLoansReceivable" xlink:label="jppfs_cor_ShortTermLoansReceivable" />
    <link:loc xlink:type="locator" xlink:href="http://disclosure.edinet-fsa.go.jp/taxonomy/jppfs/2020-11-01/jppfs_cor_2020-11-01.xsd#jppfs_cor_TreasuryStock" xlink:label="jppfs_cor_TreasuryStock" />
    <link:loc xlink:type="locator" xlink:href="http://disclosure.edinet-fsa.go.jp/taxonomy/jppfs/2020-11-01/jppfs_cor_2020-11-01.xsd#jppfs_cor_ValuationAndTranslationAdjustments" xlink:label="jppfs_cor_ValuationAndTranslationAdjustments" />
    <link:loc xlink:type="locator" xlink:href="http://disclosure.edinet-fsa.go.jp/taxonomy/jppfs/2020-11-01/jppfs_cor_2020-11-01.xsd#jppfs_cor_ValuationAndTranslationAdjustmentsAbstract" xlink:label="jppfs_cor_ValuationAndTranslationAdjustmentsAbstract" />
    <link:loc xlink:type="locator" xlink:href="http://disclosure.edinet-fsa.go.jp/taxonomy/jppfs/2020-11-01/jppfs_cor_2020-11-01.xsd#jppfs_cor_WorkInProcess" xlink:label="jppfs_cor_WorkInProcess" />
    <link:loc xlink:type="locator" xlink:href="tse-qcedjpfr-43120-2022-09-30-01-2022-11-02.xsd#tse-qcedjpfr-43120_ProvisionForDirectorsBonusesNCL" xlink:label="tse-qcedjpfr-43120_ProvisionForDirectorsBonusesNCL" />
    <link:loc xlink:type="locator" xlink:href="tse-qcedjpfr-43120-2022-09-30-01-2022-11-02.xsd#tse-qcedjpfr-43120_ProvisionForSubsidyReturnCL" xlink:label="tse-qcedjpfr-43120_ProvisionForSubsidyReturnCL" />
    <link:definitionArc xlink:type="arc" xlink:from="jppfs_cor_BalanceSheetLineItems" xlink:to="jppfs_cor_AssetsAbstract" xlink:arcrole="http://xbrl.org/int/dim/arcrole/domain-member" order="1" />
    <link:definitionArc xlink:type="arc" xlink:from="jppfs_cor_AssetsAbstract" xlink:to="jppfs_cor_CurrentAssetsAbstract" xlink:arcrole="http://xbrl.org/int/dim/arcrole/domain-member" order="1" />
    <link:definitionArc xlink:type="arc" xlink:from="jppfs_cor_AssetsAbstract" xlink:to="jppfs_cor_NoncurrentAssetsAbstract" xlink:arcrole="http://xbrl.org/int/dim/arcrole/domain-member" order="2" />
    <link:definitionArc xlink:type="arc" xlink:from="jppfs_cor_AssetsAbstract" xlink:to="jppfs_cor_Assets" xlink:arcrole="http://xbrl.org/int/dim/arcrole/domain-member" order="3" />
    <link:definitionArc xlink:type="arc" xlink:from="jppfs_cor_BalanceSheetLineItems" xlink:to="jppfs_cor_LiabilitiesAbstract" xlink:arcrole="http://xbrl.org/int/dim/arcrole/domain-member" order="2" />
    <link:definitionArc xlink:type="arc" xlink:from="jppfs_cor_BalanceSheetLineItems" xlink:to="jppfs_cor_NetAssetsAbstract" xlink:arcrole="http://xbrl.org/int/dim/arcrole/domain-member" order="3" />
    <link:definitionArc xlink:type="arc" xlink:from="jppfs_cor_BalanceSheetLineItems" xlink:to="jppfs_cor_LiabilitiesAndNetAssets" xlink:arcrole="http://xbrl.org/int/dim/arcrole/domain-member" order="4" />
    <link:definitionArc xlink:type="arc" xlink:from="jppfs_cor_BalanceSheetTable" xlink:to="jppfs_cor_ConsolidatedOrNonConsolidatedAxis" xlink:arcrole="http://xbrl.org/int/dim/arcrole/hypercube-dimension" order="1" />
    <link:definitionArc xlink:type="arc" xlink:from="jppfs_cor_ConsolidatedOrNonConsolidatedAxis" xlink:to="jppfs_cor_ConsolidatedMember" xlink:arcrole="http://xbrl.org/int/dim/arcrole/dimension-domain" order="1" />
    <link:definitionArc xlink:type="arc" xlink:from="jppfs_cor_ConsolidatedOrNonConsolidatedAxis" xlink:to="jppfs_cor_ConsolidatedMember_2" xlink:arcrole="http://xbrl.org/int/dim/arcrole/dimension-default" order="1" />
    <link:definitionArc xlink:type="arc" xlink:from="jppfs_cor_CurrentAssetsAbstract" xlink:to="jppfs_cor_CashAndDeposits" xlink:arcrole="http://xbrl.org/int/dim/arcrole/domain-member" order="1" />
    <link:definitionArc xlink:type="arc" xlink:from="jppfs_cor_CurrentAssetsAbstract" xlink:to="jppfs_cor_NotesAndAccountsReceivableTrade" xlink:arcrole="http://xbrl.org/int/dim/arcrole/domain-member" order="2" />
    <link:definitionArc xlink:type="arc" xlink:from="jppfs_cor_CurrentAssetsAbstract" xlink:to="jppfs_cor_NotesAndAccountsReceivableTradeAndContractAssets" xlink:arcrole="http://xbrl.org/int/dim/arcrole/domain-member" order="3" />
    <link:definitionArc xlink:type="arc" xlink:from="jppfs_cor_CurrentAssetsAbstract" xlink:to="jppfs_cor_ShortTermInvestmentSecurities" xlink:arcrole="http://xbrl.org/int/dim/arcrole/domain-member" order="4" />
    <link:definitionArc xlink:type="arc" xlink:from="jppfs_cor_CurrentAssetsAbstract" xlink:to="jppfs_cor_MerchandiseAndFinishedGoods" xlink:arcrole="http://xbrl.org/int/dim/arcrole/domain-member" order="5" />
    <link:definitionArc xlink:type="arc" xlink:from="jppfs_cor_CurrentAssetsAbstract" xlink:to="jppfs_cor_WorkInProcess" xlink:arcrole="http://xbrl.org/int/dim/arcrole/domain-member" order="6" />
    <link:definitionArc xlink:type="arc" xlink:from="jppfs_cor_CurrentAssetsAbstract" xlink:to="jppfs_cor_RawMaterialsAndSupplies" xlink:arcrole="http://xbrl.org/int/dim/arcrole/domain-member" order="7" />
    <link:definitionArc xlink:type="arc" xlink:from="jppfs_cor_CurrentAssetsAbstract" xlink:to="jppfs_cor_AdvancePaymentsTrade" xlink:arcrole="http://xbrl.org/int/dim/arcrole/domain-member" order="8" />
    <link:definitionArc xlink:type="arc" xlink:from="jppfs_cor_CurrentAssetsAbstract" xlink:to="jppfs_cor_ShortTermLoansReceivable" xlink:arcrole="http://xbrl.org/int/dim/arcrole/domain-member" order="9" />
    <link:definitionArc xlink:type="arc" xlink:from="jppfs_cor_CurrentAssetsAbstract" xlink:to="jppfs_cor_OtherCA" xlink:arcrole="http://xbrl.org/int/dim/arcrole/domain-member" order="10" />
    <link:definitionArc xlink:type="arc" xlink:from="jppfs_cor_CurrentAssetsAbstract" xlink:to="jppfs_cor_AllowanceForDoubtfulAccountsCA" xlink:arcrole="http://xbrl.org/int/dim/arcrole/domain-member" order="11" />
    <link:definitionArc xlink:type="arc" xlink:from="jppfs_cor_CurrentAssetsAbstract" xlink:to="jppfs_cor_CurrentAssets" xlink:arcrole="http://xbrl.org/int/dim/arcrole/domain-member" order="12" />
    <link:definitionArc xlink:type="arc" xlink:from="jppfs_cor_CurrentLiabilitiesAbstract" xlink:to="jppfs_cor_AccountsPayableTrade" xlink:arcrole="http://xbrl.org/int/dim/arcrole/domain-member" order="1" />
    <link:definitionArc xlink:type="arc" xlink:from="jppfs_cor_CurrentLiabilitiesAbstract" xlink:to="jppfs_cor_IncomeTaxesPayable" xlink:arcrole="http://xbrl.org/int/dim/arcrole/domain-member" order="2" />
    <link:definitionArc xlink:type="arc" xlink:from="jppfs_cor_CurrentLiabilitiesAbstract" xlink:to="jppfs_cor_ProvisionForBonuses" xlink:arcrole="http://xbrl.org/int/dim/arcrole/domain-member" order="3" />
    <link:definitionArc xlink:type="arc" xlink:from="jppfs_cor_CurrentLiabilitiesAbstract" xlink:to="jppfs_cor_ProvisionForDirectorsBonuses" xlink:arcrole="http://xbrl.org/int/dim/arcrole/domain-member" order="4" />
    <link:definitionArc xlink:type="arc" xlink:from="jppfs_cor_CurrentLiabilitiesAbstract" xlink:to="tse-qcedjpfr-43120_ProvisionForSubsidyReturnCL" xlink:arcrole="http://xbrl.org/int/dim/arcrole/domain-member" order="5" />
    <link:definitionArc xlink:type="arc" xlink:from="jppfs_cor_CurrentLiabilitiesAbstract" xlink:to="jppfs_cor_AdvancesReceived" xlink:arcrole="http://xbrl.org/int/dim/arcrole/domain-member" order="6" />
    <link:definitionArc xlink:type="arc" xlink:from="jppfs_cor_CurrentLiabilitiesAbstract" xlink:to="jppfs_cor_OtherCL" xlink:arcrole="http://xbrl.org/int/dim/arcrole/domain-member" order="7" />
    <link:definitionArc xlink:type="arc" xlink:from="jppfs_cor_CurrentLiabilitiesAbstract" xlink:to="jppfs_cor_CurrentLiabilities" xlink:arcrole="http://xbrl.org/int/dim/arcrole/domain-member" order="8" />
    <link:definitionArc xlink:type="arc" xlink:from="jppfs_cor_NoncurrentAssetsAbstract" xlink:to="jppfs_cor_IntangibleAssetsAbstract" xlink:arcrole="http://xbrl.org/int/dim/arcrole/domain-member" order="2" />
    <link:definitionArc xlink:type="arc" xlink:from="jppfs_cor_IntangibleAssetsAbstract" xlink:to="jppfs_cor_OtherIA" xlink:arcrole="http://xbrl.org/int/dim/arcrole/domain-member" order="1" />
    <link:definitionArc xlink:type="arc" xlink:from="jppfs_cor_IntangibleAssetsAbstract" xlink:to="jppfs_cor_IntangibleAssets" xlink:arcrole="http://xbrl.org/int/dim/arcrole/domain-member" order="2" />
    <link:definitionArc xlink:type="arc" xlink:from="jppfs_cor_NoncurrentAssetsAbstract" xlink:to="jppfs_cor_InvestmentsAndOtherAssetsAbstract" xlink:arcrole="http://xbrl.org/int/dim/arcrole/domain-member" order="3" />
    <link:definitionArc xlink:type="arc" xlink:from="jppfs_cor_InvestmentsAndOtherAssetsAbstract" xlink:to="jppfs_cor_InvestmentSecurities" xlink:arcrole="http://xbrl.org/int/dim/arcrole/domain-member" order="1" />
    <link:definitionArc xlink:type="arc" xlink:from="jppfs_cor_InvestmentsAndOtherAssetsAbstract" xlink:to="jppfs_cor_OtherIOA" xlink:arcrole="http://xbrl.org/int/dim/arcrole/domain-member" order="2" />
    <link:definitionArc xlink:type="arc" xlink:from="jppfs_cor_InvestmentsAndOtherAssetsAbstract" xlink:to="jppfs_cor_AllowanceForDoubtfulAccountsIOAByGroup" xlink:arcrole="http://xbrl.org/int/dim/arcrole/domain-member" order="3" />
    <link:definitionArc xlink:type="arc" xlink:from="jppfs_cor_InvestmentsAndOtherAssetsAbstract" xlink:to="jppfs_cor_InvestmentsAndOtherAssets" xlink:arcrole="http://xbrl.org/int/dim/arcrole/domain-member" order="4" />
    <link:definitionArc xlink:type="arc" xlink:from="jppfs_cor_LiabilitiesAbstract" xlink:to="jppfs_cor_CurrentLiabilitiesAbstract" xlink:arcrole="http://xbrl.org/int/dim/arcrole/domain-member" order="1" />
    <link:definitionArc xlink:type="arc" xlink:from="jppfs_cor_LiabilitiesAbstract" xlink:to="jppfs_cor_NoncurrentLiabilitiesAbstract" xlink:arcrole="http://xbrl.org/int/dim/arcrole/domain-member" order="2" />
    <link:definitionArc xlink:type="arc" xlink:from="jppfs_cor_LiabilitiesAbstract" xlink:to="jppfs_cor_Liabilities" xlink:arcrole="http://xbrl.org/int/dim/arcrole/domain-member" order="3" />
    <link:definitionArc xlink:type="arc" xlink:from="jppfs_cor_NetAssetsAbstract" xlink:to="jppfs_cor_ShareholdersEquityAbstract" xlink:arcrole="http://xbrl.org/int/dim/arcrole/domain-member" order="1" />
    <link:definitionArc xlink:type="arc" xlink:from="jppfs_cor_NetAssetsAbstract" xlink:to="jppfs_cor_ValuationAndTranslationAdjustmentsAbstract" xlink:arcrole="http://xbrl.org/int/dim/arcrole/domain-member" order="2" />
    <link:definitionArc xlink:type="arc" xlink:from="jppfs_cor_NetAssetsAbstract" xlink:to="jppfs_cor_NonControllingInterests" xlink:arcrole="http://xbrl.org/int/dim/arcrole/domain-member" order="3" />
    <link:definitionArc xlink:type="arc" xlink:from="jppfs_cor_NetAssetsAbstract" xlink:to="jppfs_cor_NetAssets" xlink:arcrole="http://xbrl.org/int/dim/arcrole/domain-member" order="4" />
    <link:definitionArc xlink:type="arc" xlink:from="jppfs_cor_NoncurrentAssetsAbstract" xlink:to="jppfs_cor_PropertyPlantAndEquipment" xlink:arcrole="http://xbrl.org/int/dim/arcrole/domain-member" order="1" />
    <link:definitionArc xlink:type="arc" xlink:from="jppfs_cor_NoncurrentAssetsAbstract" xlink:to="jppfs_cor_NoncurrentAssets" xlink:arcrole="http://xbrl.org/int/dim/arcrole/domain-member" order="4" />
    <link:definitionArc xlink:type="arc" xlink:from="jppfs_cor_NoncurrentLiabilitiesAbstract" xlink:to="jppfs_cor_NetDefinedBenefitLiability" xlink:arcrole="http://xbrl.org/int/dim/arcrole/domain-member" order="1" />
    <link:definitionArc xlink:type="arc" xlink:from="jppfs_cor_NoncurrentLiabilitiesAbstract" xlink:to="tse-qcedjpfr-43120_ProvisionForDirectorsBonusesNCL" xlink:arcrole="http://xbrl.org/int/dim/arcrole/domain-member" order="2" />
    <link:definitionArc xlink:type="arc" xlink:from="jppfs_cor_NoncurrentLiabilitiesAbstract" xlink:to="jppfs_cor_OtherNCL" xlink:arcrole="http://xbrl.org/int/dim/arcrole/domain-member" order="3" />
    <link:definitionArc xlink:type="arc" xlink:from="jppfs_cor_NoncurrentLiabilitiesAbstract" xlink:to="jppfs_cor_NoncurrentLiabilities" xlink:arcrole="http://xbrl.org/int/dim/arcrole/domain-member" order="4" />
    <link:definitionArc xlink:type="arc" xlink:from="jppfs_cor_QuarterlyConsolidatedBalanceSheetHeading" xlink:to="jppfs_cor_BalanceSheetTable" xlink:arcrole="http://xbrl.org/int/dim/arcrole/all" xbrldt:contextElement="scenario" xbrldt:closed="true" order="1" />
    <link:definitionArc xlink:type="arc" xlink:from="jppfs_cor_QuarterlyConsolidatedBalanceSheetHeading" xlink:to="jppfs_cor_BalanceSheetLineItems" xlink:arcrole="http://xbrl.org/int/dim/arcrole/domain-member" order="2" />
    <link:definitionArc xlink:type="arc" xlink:from="jppfs_cor_ShareholdersEquityAbstract" xlink:to="jppfs_cor_CapitalStock" xlink:arcrole="http://xbrl.org/int/dim/arcrole/domain-member" order="1" />
    <link:definitionArc xlink:type="arc" xlink:from="jppfs_cor_ShareholdersEquityAbstract" xlink:to="jppfs_cor_CapitalSurplus" xlink:arcrole="http://xbrl.org/int/dim/arcrole/domain-member" order="2" />
    <link:definitionArc xlink:type="arc" xlink:from="jppfs_cor_ShareholdersEquityAbstract" xlink:to="jppfs_cor_RetainedEarnings" xlink:arcrole="http://xbrl.org/int/dim/arcrole/domain-member" order="3" />
    <link:definitionArc xlink:type="arc" xlink:from="jppfs_cor_ShareholdersEquityAbstract" xlink:to="jppfs_cor_TreasuryStock" xlink:arcrole="http://xbrl.org/int/dim/arcrole/domain-member" order="4" />
    <link:definitionArc xlink:type="arc" xlink:from="jppfs_cor_ShareholdersEquityAbstract" xlink:to="jppfs_cor_ShareholdersEquity" xlink:arcrole="http://xbrl.org/int/dim/arcrole/domain-member" order="5" />
    <link:definitionArc xlink:type="arc" xlink:from="jppfs_cor_ValuationAndTranslationAdjustmentsAbstract" xlink:to="jppfs_cor_ForeignCurrencyTranslationAdjustment" xlink:arcrole="http://xbrl.org/int/dim/arcrole/domain-member" order="1" />
    <link:definitionArc xlink:type="arc" xlink:from="jppfs_cor_ValuationAndTranslationAdjustmentsAbstract" xlink:to="jppfs_cor_ValuationAndTranslationAdjustments" xlink:arcrole="http://xbrl.org/int/dim/arcrole/domain-member" order="2" />
  </link:definitionLink>
  <link:definitionLink xlink:type="extended" xlink:role="http://disclosure.edinet-fsa.go.jp/role/jppfs/rol_YearToQuarterEndConsolidatedStatementOfIncome">
    <link:loc xlink:type="locator" xlink:href="http://disclosure.edinet-fsa.go.jp/taxonomy/jppfs/2020-11-01/jppfs_cor_2020-11-01.xsd#jppfs_cor_CompensationIncomeEI" xlink:label="jppfs_cor_CompensationIncomeEI" />
    <link:loc xlink:type="locator" xlink:href="http://disclosure.edinet-fsa.go.jp/taxonomy/jppfs/2020-11-01/jppfs_cor_2020-11-01.xsd#jppfs_cor_ConsolidatedMember" xlink:label="jppfs_cor_ConsolidatedMember" />
    <link:loc xlink:type="locator" xlink:href="http://disclosure.edinet-fsa.go.jp/taxonomy/jppfs/2020-11-01/jppfs_cor_2020-11-01.xsd#jppfs_cor_ConsolidatedMember" xlink:label="jppfs_cor_ConsolidatedMember_2" />
    <link:loc xlink:type="locator" xlink:href="http://disclosure.edinet-fsa.go.jp/taxonomy/jppfs/2020-11-01/jppfs_cor_2020-11-01.xsd#jppfs_cor_ConsolidatedOrNonConsolidatedAxis" xlink:label="jppfs_cor_ConsolidatedOrNonConsolidatedAxis" />
    <link:loc xlink:type="locator" xlink:href="http://disclosure.edinet-fsa.go.jp/taxonomy/jppfs/2020-11-01/jppfs_cor_2020-11-01.xsd#jppfs_cor_CostOfSales" xlink:label="jppfs_cor_CostOfSales" />
    <link:loc xlink:type="locator" xlink:href="http://disclosure.edinet-fsa.go.jp/taxonomy/jppfs/2020-11-01/jppfs_cor_2020-11-01.xsd#jppfs_cor_ExtraordinaryIncome" xlink:label="jppfs_cor_ExtraordinaryIncome" />
    <link:loc xlink:type="locator" xlink:href="http://disclosure.edinet-fsa.go.jp/taxonomy/jppfs/2020-11-01/jppfs_cor_2020-11-01.xsd#jppfs_cor_ExtraordinaryIncomeAbstract" xlink:label="jppfs_cor_ExtraordinaryIncomeAbstract" />
    <link:loc xlink:type="locator" xlink:href="http://disclosure.edinet-fsa.go.jp/taxonomy/jppfs/2020-11-01/jppfs_cor_2020-11-01.xsd#jppfs_cor_ExtraordinaryLoss" xlink:label="jppfs_cor_ExtraordinaryLoss" />
    <link:loc xlink:type="locator" xlink:href="http://disclosure.edinet-fsa.go.jp/taxonomy/jppfs/2020-11-01/jppfs_cor_2020-11-01.xsd#jppfs_cor_ExtraordinaryLossAbstract" xlink:label="jppfs_cor_ExtraordinaryLossAbstract" />
    <link:loc xlink:type="locator" xlink:href="http://disclosure.edinet-fsa.go.jp/taxonomy/jppfs/2020-11-01/jppfs_cor_2020-11-01.xsd#jppfs_cor_ForeignExchangeLossesNOE" xlink:label="jppfs_cor_ForeignExchangeLossesNOE" />
    <link:loc xlink:type="locator" xlink:href="http://disclosure.edinet-fsa.go.jp/taxonomy/jppfs/2020-11-01/jppfs_cor_2020-11-01.xsd#jppfs_cor_GainOnSalesOfNoncurrentAssetsEI" xlink:label="jppfs_cor_GainOnSalesOfNoncurrentAssetsEI" />
    <link:loc xlink:type="locator" xlink:href="http://disclosure.edinet-fsa.go.jp/taxonomy/jppfs/2020-11-01/jppfs_cor_2020-11-01.xsd#jppfs_cor_GrossProfit" xlink:label="jppfs_cor_GrossProfit" />
    <link:loc xlink:type="locator" xlink:href="http://disclosure.edinet-fsa.go.jp/taxonomy/jppfs/2020-11-01/jppfs_cor_2020-11-01.xsd#jppfs_cor_ImpairmentLossEL" xlink:label="jppfs_cor_ImpairmentLossEL" />
    <link:loc xlink:type="locator" xlink:href="http://disclosure.edinet-fsa.go.jp/taxonomy/jppfs/2020-11-01/jppfs_cor_2020-11-01.xsd#jppfs_cor_IncomeBeforeIncomeTaxes" xlink:label="jppfs_cor_IncomeBeforeIncomeTaxes" />
    <link:loc xlink:type="locator" xlink:href="http://disclosure.edinet-fsa.go.jp/taxonomy/jppfs/2020-11-01/jppfs_cor_2020-11-01.xsd#jppfs_cor_IncomeTaxes" xlink:label="jppfs_cor_IncomeTaxes" />
    <link:loc xlink:type="locator" xlink:href="http://disclosure.edinet-fsa.go.jp/taxonomy/jppfs/2020-11-01/jppfs_cor_2020-11-01.xsd#jppfs_cor_IncomeTaxesCurrent" xlink:label="jppfs_cor_IncomeTaxesCurrent" />
    <link:loc xlink:type="locator" xlink:href="http://disclosure.edinet-fsa.go.jp/taxonomy/jppfs/2020-11-01/jppfs_cor_2020-11-01.xsd#jppfs_cor_IncomeTaxesDeferred" xlink:label="jppfs_cor_IncomeTaxesDeferred" />
    <link:loc xlink:type="locator" xlink:href="http://disclosure.edinet-fsa.go.jp/taxonomy/jppfs/2020-11-01/jppfs_cor_2020-11-01.xsd#jppfs_cor_InterestIncomeNOI" xlink:label="jppfs_cor_InterestIncomeNOI" />
    <link:loc xlink:type="locator" xlink:href="http://disclosure.edinet-fsa.go.jp/taxonomy/jppfs/2020-11-01/jppfs_cor_2020-11-01.xsd#jppfs_cor_LossOnRetirementOfNoncurrentAssetsEL" xlink:label="jppfs_cor_LossOnRetirementOfNoncurrentAssetsEL" />
    <link:loc xlink:type="locator" xlink:href="http://disclosure.edinet-fsa.go.jp/taxonomy/jppfs/2020-11-01/jppfs_cor_2020-11-01.xsd#jppfs_cor_NetSales" xlink:label="jppfs_cor_NetSales" />
    <link:loc xlink:type="locator" xlink:href="http://disclosure.edinet-fsa.go.jp/taxonomy/jppfs/2020-11-01/jppfs_cor_2020-11-01.xsd#jppfs_cor_NonOperatingExpenses" xlink:label="jppfs_cor_NonOperatingExpenses" />
    <link:loc xlink:type="locator" xlink:href="http://disclosure.edinet-fsa.go.jp/taxonomy/jppfs/2020-11-01/jppfs_cor_2020-11-01.xsd#jppfs_cor_NonOperatingExpensesAbstract" xlink:label="jppfs_cor_NonOperatingExpensesAbstract" />
    <link:loc xlink:type="locator" xlink:href="http://disclosure.edinet-fsa.go.jp/taxonomy/jppfs/2020-11-01/jppfs_cor_2020-11-01.xsd#jppfs_cor_NonOperatingIncome" xlink:label="jppfs_cor_NonOperatingIncome" />
    <link:loc xlink:type="locator" xlink:href="http://disclosure.edinet-fsa.go.jp/taxonomy/jppfs/2020-11-01/jppfs_cor_2020-11-01.xsd#jppfs_cor_NonOperatingIncomeAbstract" xlink:label="jppfs_cor_NonOperatingIncomeAbstract" />
    <link:loc xlink:type="locator" xlink:href="http://disclosure.edinet-fsa.go.jp/taxonomy/jppfs/2020-11-01/jppfs_cor_2020-11-01.xsd#jppfs_cor_OperatingIncome" xlink:label="jppfs_cor_OperatingIncome" />
    <link:loc xlink:type="locator" xlink:href="http://disclosure.edinet-fsa.go.jp/taxonomy/jppfs/2020-11-01/jppfs_cor_2020-11-01.xsd#jppfs_cor_OrdinaryIncome" xlink:label="jppfs_cor_OrdinaryIncome" />
    <link:loc xlink:type="locator" xlink:href="http://disclosure.edinet-fsa.go.jp/taxonomy/jppfs/2020-11-01/jppfs_cor_2020-11-01.xsd#jppfs_cor_OtherNOE" xlink:label="jppfs_cor_OtherNOE" />
    <link:loc xlink:type="locator" xlink:href="http://disclosure.edinet-fsa.go.jp/taxonomy/jppfs/2020-11-01/jppfs_cor_2020-11-01.xsd#jppfs_cor_OtherNOI" xlink:label="jppfs_cor_OtherNOI" />
    <link:loc xlink:type="locator" xlink:href="http://disclosure.edinet-fsa.go.jp/taxonomy/jppfs/2020-11-01/jppfs_cor_2020-11-01.xsd#jppfs_cor_ProfitLoss" xlink:label="jppfs_cor_ProfitLoss" />
    <link:loc xlink:type="locator" xlink:href="http://disclosure.edinet-fsa.go.jp/taxonomy/jppfs/2020-11-01/jppfs_cor_2020-11-01.xsd#jppfs_cor_ProfitLossAttributableToNonControllingInterests" xlink:label="jppfs_cor_ProfitLossAttributableToNonControllingInterests" />
    <link:loc xlink:type="locator" xlink:href="http://disclosure.edinet-fsa.go.jp/taxonomy/jppfs/2020-11-01/jppfs_cor_2020-11-01.xsd#jppfs_cor_ProfitLossAttributableToOwnersOfParent" xlink:label="jppfs_cor_ProfitLossAttributableToOwnersOfParent" />
    <link:loc xlink:type="locator" xlink:href="http://disclosure.edinet-fsa.go.jp/taxonomy/jppfs/2020-11-01/jppfs_cor_2020-11-01.xsd#jppfs_cor_ProvisionForLossOnBusinessLiquidationEL" xlink:label="jppfs_cor_ProvisionForLossOnBusinessLiquidationEL" />
    <link:loc xlink:type="locator" xlink:href="http://disclosure.edinet-fsa.go.jp/taxonomy/jppfs/2020-11-01/jppfs_cor_2020-11-01.xsd#jppfs_cor_ReversalOfAllowanceForDoubtfulAccountsEI" xlink:label="jppfs_cor_ReversalOfAllowanceForDoubtfulAccountsEI" />
    <link:loc xlink:type="locator" xlink:href="http://disclosure.edinet-fsa.go.jp/taxonomy/jppfs/2020-11-01/jppfs_cor_2020-11-01.xsd#jppfs_cor_SalesDiscountsNOE" xlink:label="jppfs_cor_SalesDiscountsNOE" />
    <link:loc xlink:type="locator" xlink:href="http://disclosure.edinet-fsa.go.jp/taxonomy/jppfs/2020-11-01/jppfs_cor_2020-11-01.xsd#jppfs_cor_SellingGeneralAndAdministrativeExpenses" xlink:label="jppfs_cor_SellingGeneralAndAdministrativeExpenses" />
    <link:loc xlink:type="locator" xlink:href="http://disclosure.edinet-fsa.go.jp/taxonomy/jppfs/2020-11-01/jppfs_cor_2020-11-01.xsd#jppfs_cor_StatementOfIncomeLineItems" xlink:label="jppfs_cor_StatementOfIncomeLineItems" />
    <link:loc xlink:type="locator" xlink:href="http://disclosure.edinet-fsa.go.jp/taxonomy/jppfs/2020-11-01/jppfs_cor_2020-11-01.xsd#jppfs_cor_StatementOfIncomeTable" xlink:label="jppfs_cor_StatementOfIncomeTable" />
    <link:loc xlink:type="locator" xlink:href="http://disclosure.edinet-fsa.go.jp/taxonomy/jppfs/2020-11-01/jppfs_cor_2020-11-01.xsd#jppfs_cor_SubsidyIncomeNOIBounty" xlink:label="jppfs_cor_SubsidyIncomeNOIBounty" />
    <link:loc xlink:type="locator" xlink:href="http://disclosure.edinet-fsa.go.jp/taxonomy/jppfs/2020-11-01/jppfs_cor_2020-11-01.xsd#jppfs_cor_YearToQuarterEndConsolidatedStatementOfIncomeHeading" xlink:label="jppfs_cor_YearToQuarterEndConsolidatedStatementOfIncomeHeading" />
    <link:loc xlink:type="locator" xlink:href="tse-qcedjpfr-43120-2022-09-30-01-2022-11-02.xsd#tse-qcedjpfr-43120_SalesTaxesForPriorPeriodsNOE" xlink:label="tse-qcedjpfr-43120_SalesTaxesForPriorPeriodsNOE" />
    <link:definitionArc xlink:type="arc" xlink:from="jppfs_cor_ConsolidatedOrNonConsolidatedAxis" xlink:to="jppfs_cor_ConsolidatedMember_2" xlink:arcrole="http://xbrl.org/int/dim/arcrole/dimension-default" order="1" />
    <link:definitionArc xlink:type="arc" xlink:from="jppfs_cor_ConsolidatedOrNonConsolidatedAxis" xlink:to="jppfs_cor_ConsolidatedMember" xlink:arcrole="http://xbrl.org/int/dim/arcrole/dimension-domain" order="1" />
    <link:definitionArc xlink:type="arc" xlink:from="jppfs_cor_ExtraordinaryIncomeAbstract" xlink:to="jppfs_cor_ReversalOfAllowanceForDoubtfulAccountsEI" xlink:arcrole="http://xbrl.org/int/dim/arcrole/domain-member" order="1" />
    <link:definitionArc xlink:type="arc" xlink:from="jppfs_cor_ExtraordinaryIncomeAbstract" xlink:to="jppfs_cor_GainOnSalesOfNoncurrentAssetsEI" xlink:arcrole="http://xbrl.org/int/dim/arcrole/domain-member" order="2" />
    <link:definitionArc xlink:type="arc" xlink:from="jppfs_cor_ExtraordinaryIncomeAbstract" xlink:to="jppfs_cor_CompensationIncomeEI" xlink:arcrole="http://xbrl.org/int/dim/arcrole/domain-member" order="3" />
    <link:definitionArc xlink:type="arc" xlink:from="jppfs_cor_ExtraordinaryIncomeAbstract" xlink:to="jppfs_cor_ExtraordinaryIncome" xlink:arcrole="http://xbrl.org/int/dim/arcrole/domain-member" order="4" />
    <link:definitionArc xlink:type="arc" xlink:from="jppfs_cor_ExtraordinaryLossAbstract" xlink:to="jppfs_cor_LossOnRetirementOfNoncurrentAssetsEL" xlink:arcrole="http://xbrl.org/int/dim/arcrole/domain-member" order="1" />
    <link:definitionArc xlink:type="arc" xlink:from="jppfs_cor_ExtraordinaryLossAbstract" xlink:to="jppfs_cor_ImpairmentLossEL" xlink:arcrole="http://xbrl.org/int/dim/arcrole/domain-member" order="2" />
    <link:definitionArc xlink:type="arc" xlink:from="jppfs_cor_ExtraordinaryLossAbstract" xlink:to="jppfs_cor_ProvisionForLossOnBusinessLiquidationEL" xlink:arcrole="http://xbrl.org/int/dim/arcrole/domain-member" order="3" />
    <link:definitionArc xlink:type="arc" xlink:from="jppfs_cor_ExtraordinaryLossAbstract" xlink:to="jppfs_cor_ExtraordinaryLoss" xlink:arcrole="http://xbrl.org/int/dim/arcrole/domain-member" order="4" />
    <link:definitionArc xlink:type="arc" xlink:from="jppfs_cor_NonOperatingExpensesAbstract" xlink:to="jppfs_cor_SalesDiscountsNOE" xlink:arcrole="http://xbrl.org/int/dim/arcrole/domain-member" order="1" />
    <link:definitionArc xlink:type="arc" xlink:from="jppfs_cor_NonOperatingExpensesAbstract" xlink:to="jppfs_cor_ForeignExchangeLossesNOE" xlink:arcrole="http://xbrl.org/int/dim/arcrole/domain-member" order="2" />
    <link:definitionArc xlink:type="arc" xlink:from="jppfs_cor_NonOperatingExpensesAbstract" xlink:to="tse-qcedjpfr-43120_SalesTaxesForPriorPeriodsNOE" xlink:arcrole="http://xbrl.org/int/dim/arcrole/domain-member" order="3" />
    <link:definitionArc xlink:type="arc" xlink:from="jppfs_cor_NonOperatingExpensesAbstract" xlink:to="jppfs_cor_OtherNOE" xlink:arcrole="http://xbrl.org/int/dim/arcrole/domain-member" order="4" />
    <link:definitionArc xlink:type="arc" xlink:from="jppfs_cor_NonOperatingExpensesAbstract" xlink:to="jppfs_cor_NonOperatingExpenses" xlink:arcrole="http://xbrl.org/int/dim/arcrole/domain-member" order="5" />
    <link:definitionArc xlink:type="arc" xlink:from="jppfs_cor_NonOperatingIncomeAbstract" xlink:to="jppfs_cor_InterestIncomeNOI" xlink:arcrole="http://xbrl.org/int/dim/arcrole/domain-member" order="1" />
    <link:definitionArc xlink:type="arc" xlink:from="jppfs_cor_NonOperatingIncomeAbstract" xlink:to="jppfs_cor_SubsidyIncomeNOIBounty" xlink:arcrole="http://xbrl.org/int/dim/arcrole/domain-member" order="2" />
    <link:definitionArc xlink:type="arc" xlink:from="jppfs_cor_NonOperatingIncomeAbstract" xlink:to="jppfs_cor_OtherNOI" xlink:arcrole="http://xbrl.org/int/dim/arcrole/domain-member" order="3" />
    <link:definitionArc xlink:type="arc" xlink:from="jppfs_cor_NonOperatingIncomeAbstract" xlink:to="jppfs_cor_NonOperatingIncome" xlink:arcrole="http://xbrl.org/int/dim/arcrole/domain-member" order="4" />
    <link:definitionArc xlink:type="arc" xlink:from="jppfs_cor_YearToQuarterEndConsolidatedStatementOfIncomeHeading" xlink:to="jppfs_cor_StatementOfIncomeLineItems" xlink:arcrole="http://xbrl.org/int/dim/arcrole/domain-member" order="2" />
    <link:definitionArc xlink:type="arc" xlink:from="jppfs_cor_StatementOfIncomeLineItems" xlink:to="jppfs_cor_NetSales" xlink:arcrole="http://xbrl.org/int/dim/arcrole/domain-member" order="1" />
    <link:definitionArc xlink:type="arc" xlink:from="jppfs_cor_StatementOfIncomeLineItems" xlink:to="jppfs_cor_CostOfSales" xlink:arcrole="http://xbrl.org/int/dim/arcrole/domain-member" order="2" />
    <link:definitionArc xlink:type="arc" xlink:from="jppfs_cor_StatementOfIncomeLineItems" xlink:to="jppfs_cor_GrossProfit" xlink:arcrole="http://xbrl.org/int/dim/arcrole/domain-member" order="3" />
    <link:definitionArc xlink:type="arc" xlink:from="jppfs_cor_StatementOfIncomeLineItems" xlink:to="jppfs_cor_SellingGeneralAndAdministrativeExpenses" xlink:arcrole="http://xbrl.org/int/dim/arcrole/domain-member" order="4" />
    <link:definitionArc xlink:type="arc" xlink:from="jppfs_cor_StatementOfIncomeLineItems" xlink:to="jppfs_cor_OperatingIncome" xlink:arcrole="http://xbrl.org/int/dim/arcrole/domain-member" order="5" />
    <link:definitionArc xlink:type="arc" xlink:from="jppfs_cor_StatementOfIncomeLineItems" xlink:to="jppfs_cor_NonOperatingIncomeAbstract" xlink:arcrole="http://xbrl.org/int/dim/arcrole/domain-member" order="6" />
    <link:definitionArc xlink:type="arc" xlink:from="jppfs_cor_StatementOfIncomeLineItems" xlink:to="jppfs_cor_NonOperatingExpensesAbstract" xlink:arcrole="http://xbrl.org/int/dim/arcrole/domain-member" order="7" />
    <link:definitionArc xlink:type="arc" xlink:from="jppfs_cor_StatementOfIncomeLineItems" xlink:to="jppfs_cor_OrdinaryIncome" xlink:arcrole="http://xbrl.org/int/dim/arcrole/domain-member" order="8" />
    <link:definitionArc xlink:type="arc" xlink:from="jppfs_cor_StatementOfIncomeLineItems" xlink:to="jppfs_cor_ExtraordinaryIncomeAbstract" xlink:arcrole="http://xbrl.org/int/dim/arcrole/domain-member" order="9" />
    <link:definitionArc xlink:type="arc" xlink:from="jppfs_cor_StatementOfIncomeLineItems" xlink:to="jppfs_cor_ExtraordinaryLossAbstract" xlink:arcrole="http://xbrl.org/int/dim/arcrole/domain-member" order="10" />
    <link:definitionArc xlink:type="arc" xlink:from="jppfs_cor_StatementOfIncomeLineItems" xlink:to="jppfs_cor_IncomeBeforeIncomeTaxes" xlink:arcrole="http://xbrl.org/int/dim/arcrole/domain-member" order="11" />
    <link:definitionArc xlink:type="arc" xlink:from="jppfs_cor_StatementOfIncomeLineItems" xlink:to="jppfs_cor_IncomeTaxesCurrent" xlink:arcrole="http://xbrl.org/int/dim/arcrole/domain-member" order="12" />
    <link:definitionArc xlink:type="arc" xlink:from="jppfs_cor_StatementOfIncomeLineItems" xlink:to="jppfs_cor_IncomeTaxesDeferred" xlink:arcrole="http://xbrl.org/int/dim/arcrole/domain-member" order="13" />
    <link:definitionArc xlink:type="arc" xlink:from="jppfs_cor_StatementOfIncomeLineItems" xlink:to="jppfs_cor_IncomeTaxes" xlink:arcrole="http://xbrl.org/int/dim/arcrole/domain-member" order="14" />
    <link:definitionArc xlink:type="arc" xlink:from="jppfs_cor_StatementOfIncomeLineItems" xlink:to="jppfs_cor_ProfitLoss" xlink:arcrole="http://xbrl.org/int/dim/arcrole/domain-member" order="15" />
    <link:definitionArc xlink:type="arc" xlink:from="jppfs_cor_StatementOfIncomeLineItems" xlink:to="jppfs_cor_ProfitLossAttributableToNonControllingInterests" xlink:arcrole="http://xbrl.org/int/dim/arcrole/domain-member" order="16" />
    <link:definitionArc xlink:type="arc" xlink:from="jppfs_cor_StatementOfIncomeLineItems" xlink:to="jppfs_cor_ProfitLossAttributableToOwnersOfParent" xlink:arcrole="http://xbrl.org/int/dim/arcrole/domain-member" order="17" />
    <link:definitionArc xlink:type="arc" xlink:from="jppfs_cor_YearToQuarterEndConsolidatedStatementOfIncomeHeading" xlink:to="jppfs_cor_StatementOfIncomeTable" xlink:arcrole="http://xbrl.org/int/dim/arcrole/all" xbrldt:contextElement="scenario" xbrldt:closed="true" order="1" />
    <link:definitionArc xlink:type="arc" xlink:from="jppfs_cor_StatementOfIncomeTable" xlink:to="jppfs_cor_ConsolidatedOrNonConsolidatedAxis" xlink:arcrole="http://xbrl.org/int/dim/arcrole/hypercube-dimension" order="1" />
  </link:definitionLink>
  <link:definitionLink xlink:type="extended" xlink:role="http://disclosure.edinet-fsa.go.jp/role/jppfs/rol_YearToQuarterEndConsolidatedStatementOfComprehensiveIncome">
    <link:loc xlink:type="locator" xlink:href="http://disclosure.edinet-fsa.go.jp/taxonomy/jppfs/2020-11-01/jppfs_cor_2020-11-01.xsd#jppfs_cor_ComprehensiveIncome" xlink:label="jppfs_cor_ComprehensiveIncome" />
    <link:loc xlink:type="locator" xlink:href="http://disclosure.edinet-fsa.go.jp/taxonomy/jppfs/2020-11-01/jppfs_cor_2020-11-01.xsd#jppfs_cor_ComprehensiveIncomeAttributableToAbstract" xlink:label="jppfs_cor_ComprehensiveIncomeAttributableToAbstract" />
    <link:loc xlink:type="locator" xlink:href="http://disclosure.edinet-fsa.go.jp/taxonomy/jppfs/2020-11-01/jppfs_cor_2020-11-01.xsd#jppfs_cor_ComprehensiveIncomeAttributableToNonControllingInterests" xlink:label="jppfs_cor_ComprehensiveIncomeAttributableToNonControllingInterests" />
    <link:loc xlink:type="locator" xlink:href="http://disclosure.edinet-fsa.go.jp/taxonomy/jppfs/2020-11-01/jppfs_cor_2020-11-01.xsd#jppfs_cor_ComprehensiveIncomeAttributableToOwnersOfTheParent" xlink:label="jppfs_cor_ComprehensiveIncomeAttributableToOwnersOfTheParent" />
    <link:loc xlink:type="locator" xlink:href="http://disclosure.edinet-fsa.go.jp/taxonomy/jppfs/2020-11-01/jppfs_cor_2020-11-01.xsd#jppfs_cor_ConsolidatedMember" xlink:label="jppfs_cor_ConsolidatedMember" />
    <link:loc xlink:type="locator" xlink:href="http://disclosure.edinet-fsa.go.jp/taxonomy/jppfs/2020-11-01/jppfs_cor_2020-11-01.xsd#jppfs_cor_ConsolidatedMember" xlink:label="jppfs_cor_ConsolidatedMember_2" />
    <link:loc xlink:type="locator" xlink:href="http://disclosure.edinet-fsa.go.jp/taxonomy/jppfs/2020-11-01/jppfs_cor_2020-11-01.xsd#jppfs_cor_ConsolidatedOrNonConsolidatedAxis" xlink:label="jppfs_cor_ConsolidatedOrNonConsolidatedAxis" />
    <link:loc xlink:type="locator" xlink:href="http://disclosure.edinet-fsa.go.jp/taxonomy/jppfs/2020-11-01/jppfs_cor_2020-11-01.xsd#jppfs_cor_ForeignCurrencyTranslationAdjustmentNetOfTaxOCI" xlink:label="jppfs_cor_ForeignCurrencyTranslationAdjustmentNetOfTaxOCI" />
    <link:loc xlink:type="locator" xlink:href="http://disclosure.edinet-fsa.go.jp/taxonomy/jppfs/2020-11-01/jppfs_cor_2020-11-01.xsd#jppfs_cor_OtherComprehensiveIncome" xlink:label="jppfs_cor_OtherComprehensiveIncome" />
    <link:loc xlink:type="locator" xlink:href="http://disclosure.edinet-fsa.go.jp/taxonomy/jppfs/2020-11-01/jppfs_cor_2020-11-01.xsd#jppfs_cor_OtherComprehensiveIncomeAbstract" xlink:label="jppfs_cor_OtherComprehensiveIncomeAbstract" />
    <link:loc xlink:type="locator" xlink:href="http://disclosure.edinet-fsa.go.jp/taxonomy/jppfs/2020-11-01/jppfs_cor_2020-11-01.xsd#jppfs_cor_ProfitLoss" xlink:label="jppfs_cor_ProfitLoss" />
    <link:loc xlink:type="locator" xlink:href="http://disclosure.edinet-fsa.go.jp/taxonomy/jppfs/2020-11-01/jppfs_cor_2020-11-01.xsd#jppfs_cor_StatementOfComprehensiveIncomeLineItems" xlink:label="jppfs_cor_StatementOfComprehensiveIncomeLineItems" />
    <link:loc xlink:type="locator" xlink:href="http://disclosure.edinet-fsa.go.jp/taxonomy/jppfs/2020-11-01/jppfs_cor_2020-11-01.xsd#jppfs_cor_StatementOfComprehensiveIncomeTable" xlink:label="jppfs_cor_StatementOfComprehensiveIncomeTable" />
    <link:loc xlink:type="locator" xlink:href="http://disclosure.edinet-fsa.go.jp/taxonomy/jppfs/2020-11-01/jppfs_cor_2020-11-01.xsd#jppfs_cor_YearToQuarterEndConsolidatedStatementOfComprehensiveIncomeHeading" xlink:label="jppfs_cor_YearToQuarterEndConsolidatedStatementOfComprehensiveIncomeHeading" />
    <link:definitionArc xlink:type="arc" xlink:from="jppfs_cor_ComprehensiveIncomeAttributableToAbstract" xlink:to="jppfs_cor_ComprehensiveIncomeAttributableToOwnersOfTheParent" xlink:arcrole="http://xbrl.org/int/dim/arcrole/domain-member" order="1" />
    <link:definitionArc xlink:type="arc" xlink:from="jppfs_cor_ComprehensiveIncomeAttributableToAbstract" xlink:to="jppfs_cor_ComprehensiveIncomeAttributableToNonControllingInterests" xlink:arcrole="http://xbrl.org/int/dim/arcrole/domain-member" order="2" />
    <link:definitionArc xlink:type="arc" xlink:from="jppfs_cor_StatementOfComprehensiveIncomeLineItems" xlink:to="jppfs_cor_OtherComprehensiveIncomeAbstract" xlink:arcrole="http://xbrl.org/int/dim/arcrole/domain-member" order="2" />
    <link:definitionArc xlink:type="arc" xlink:from="jppfs_cor_OtherComprehensiveIncomeAbstract" xlink:to="jppfs_cor_ForeignCurrencyTranslationAdjustmentNetOfTaxOCI" xlink:arcrole="http://xbrl.org/int/dim/arcrole/domain-member" order="1" />
    <link:definitionArc xlink:type="arc" xlink:from="jppfs_cor_OtherComprehensiveIncomeAbstract" xlink:to="jppfs_cor_OtherComprehensiveIncome" xlink:arcrole="http://xbrl.org/int/dim/arcrole/domain-member" order="2" />
    <link:definitionArc xlink:type="arc" xlink:from="jppfs_cor_StatementOfComprehensiveIncomeLineItems" xlink:to="jppfs_cor_ProfitLoss" xlink:arcrole="http://xbrl.org/int/dim/arcrole/domain-member" order="1" />
    <link:definitionArc xlink:type="arc" xlink:from="jppfs_cor_StatementOfComprehensiveIncomeLineItems" xlink:to="jppfs_cor_ComprehensiveIncome" xlink:arcrole="http://xbrl.org/int/dim/arcrole/domain-member" order="3" />
    <link:definitionArc xlink:type="arc" xlink:from="jppfs_cor_StatementOfComprehensiveIncomeLineItems" xlink:to="jppfs_cor_ComprehensiveIncomeAttributableToAbstract" xlink:arcrole="http://xbrl.org/int/dim/arcrole/domain-member" order="4" />
    <link:definitionArc xlink:type="arc" xlink:from="jppfs_cor_YearToQuarterEndConsolidatedStatementOfComprehensiveIncomeHeading" xlink:to="jppfs_cor_StatementOfComprehensiveIncomeTable" xlink:arcrole="http://xbrl.org/int/dim/arcrole/all" xbrldt:contextElement="scenario" xbrldt:closed="true" order="1" />
    <link:definitionArc xlink:type="arc" xlink:from="jppfs_cor_StatementOfComprehensiveIncomeTable" xlink:to="jppfs_cor_ConsolidatedOrNonConsolidatedAxis" xlink:arcrole="http://xbrl.org/int/dim/arcrole/hypercube-dimension" order="1" />
    <link:definitionArc xlink:type="arc" xlink:from="jppfs_cor_ConsolidatedOrNonConsolidatedAxis" xlink:to="jppfs_cor_ConsolidatedMember" xlink:arcrole="http://xbrl.org/int/dim/arcrole/dimension-domain" order="1" />
    <link:definitionArc xlink:type="arc" xlink:from="jppfs_cor_ConsolidatedOrNonConsolidatedAxis" xlink:to="jppfs_cor_ConsolidatedMember_2" xlink:arcrole="http://xbrl.org/int/dim/arcrole/dimension-default" order="1" />
    <link:definitionArc xlink:type="arc" xlink:from="jppfs_cor_YearToQuarterEndConsolidatedStatementOfComprehensiveIncomeHeading" xlink:to="jppfs_cor_StatementOfComprehensiveIncomeLineItems" xlink:arcrole="http://xbrl.org/int/dim/arcrole/domain-member" order="2" />
  </link:definitionLink>
  <link:definitionLink xlink:type="extended" xlink:role="http://disclosure.edinet-fsa.go.jp/role/jppfs/rol_QuarterlyConsolidatedStatementOfCashFlows-indirect">
    <link:loc xlink:type="locator" xlink:href="http://disclosure.edinet-fsa.go.jp/taxonomy/jppfs/2020-11-01/jppfs_cor_2020-11-01.xsd#jppfs_cor_CashAndCashEquivalents" xlink:label="jppfs_cor_CashAndCashEquivalents" />
    <link:loc xlink:type="locator" xlink:href="http://disclosure.edinet-fsa.go.jp/taxonomy/jppfs/2020-11-01/jppfs_cor_2020-11-01.xsd#jppfs_cor_CashDividendsPaidFinCF" xlink:label="jppfs_cor_CashDividendsPaidFinCF" />
    <link:loc xlink:type="locator" xlink:href="http://disclosure.edinet-fsa.go.jp/taxonomy/jppfs/2020-11-01/jppfs_cor_2020-11-01.xsd#jppfs_cor_CollectionOfLoansReceivableInvCF" xlink:label="jppfs_cor_CollectionOfLoansReceivableInvCF" />
    <link:loc xlink:type="locator" xlink:href="http://disclosure.edinet-fsa.go.jp/taxonomy/jppfs/2020-11-01/jppfs_cor_2020-11-01.xsd#jppfs_cor_ConsolidatedMember" xlink:label="jppfs_cor_ConsolidatedMember" />
    <link:loc xlink:type="locator" xlink:href="http://disclosure.edinet-fsa.go.jp/taxonomy/jppfs/2020-11-01/jppfs_cor_2020-11-01.xsd#jppfs_cor_ConsolidatedMember" xlink:label="jppfs_cor_ConsolidatedMember_2" />
    <link:loc xlink:type="locator" xlink:href="http://disclosure.edinet-fsa.go.jp/taxonomy/jppfs/2020-11-01/jppfs_cor_2020-11-01.xsd#jppfs_cor_ConsolidatedOrNonConsolidatedAxis" xlink:label="jppfs_cor_ConsolidatedOrNonConsolidatedAxis" />
    <link:loc xlink:type="locator" xlink:href="http://disclosure.edinet-fsa.go.jp/taxonomy/jppfs/2020-11-01/jppfs_cor_2020-11-01.xsd#jppfs_cor_DecreaseIncreaseInInventoriesOpeCF" xlink:label="jppfs_cor_DecreaseIncreaseInInventoriesOpeCF" />
    <link:loc xlink:type="locator" xlink:href="http://disclosure.edinet-fsa.go.jp/taxonomy/jppfs/2020-11-01/jppfs_cor_2020-11-01.xsd#jppfs_cor_DecreaseIncreaseInNotesAndAccountsReceivableTradeOpeCF" xlink:label="jppfs_cor_DecreaseIncreaseInNotesAndAccountsReceivableTradeOpeCF" />
    <link:loc xlink:type="locator" xlink:href="http://disclosure.edinet-fsa.go.jp/taxonomy/jppfs/2020-11-01/jppfs_cor_2020-11-01.xsd#jppfs_cor_DepreciationAndAmortizationOpeCF" xlink:label="jppfs_cor_DepreciationAndAmortizationOpeCF" />
    <link:loc xlink:type="locator" xlink:href="http://disclosure.edinet-fsa.go.jp/taxonomy/jppfs/2020-11-01/jppfs_cor_2020-11-01.xsd#jppfs_cor_DividendsPaidToNonControllingInterestsFinCF" xlink:label="jppfs_cor_DividendsPaidToNonControllingInterestsFinCF" />
    <link:loc xlink:type="locator" xlink:href="http://disclosure.edinet-fsa.go.jp/taxonomy/jppfs/2020-11-01/jppfs_cor_2020-11-01.xsd#jppfs_cor_EffectOfExchangeRateChangeOnCashAndCashEquivalents" xlink:label="jppfs_cor_EffectOfExchangeRateChangeOnCashAndCashEquivalents" />
    <link:loc xlink:type="locator" xlink:href="http://disclosure.edinet-fsa.go.jp/taxonomy/jppfs/2020-11-01/jppfs_cor_2020-11-01.xsd#jppfs_cor_ForeignExchangeLossesGainsOpeCF" xlink:label="jppfs_cor_ForeignExchangeLossesGainsOpeCF" />
    <link:loc xlink:type="locator" xlink:href="http://disclosure.edinet-fsa.go.jp/taxonomy/jppfs/2020-11-01/jppfs_cor_2020-11-01.xsd#jppfs_cor_ImpairmentLossOpeCF" xlink:label="jppfs_cor_ImpairmentLossOpeCF" />
    <link:loc xlink:type="locator" xlink:href="http://disclosure.edinet-fsa.go.jp/taxonomy/jppfs/2020-11-01/jppfs_cor_2020-11-01.xsd#jppfs_cor_IncomeBeforeIncomeTaxes" xlink:label="jppfs_cor_IncomeBeforeIncomeTaxes" />
    <link:loc xlink:type="locator" xlink:href="http://disclosure.edinet-fsa.go.jp/taxonomy/jppfs/2020-11-01/jppfs_cor_2020-11-01.xsd#jppfs_cor_IncomeTaxesPaidOpeCF" xlink:label="jppfs_cor_IncomeTaxesPaidOpeCF" />
    <link:loc xlink:type="locator" xlink:href="http://disclosure.edinet-fsa.go.jp/taxonomy/jppfs/2020-11-01/jppfs_cor_2020-11-01.xsd#jppfs_cor_IncreaseDecreaseInAccruedConsumptionTaxesOpeCF" xlink:label="jppfs_cor_IncreaseDecreaseInAccruedConsumptionTaxesOpeCF" />
    <link:loc xlink:type="locator" xlink:href="http://disclosure.edinet-fsa.go.jp/taxonomy/jppfs/2020-11-01/jppfs_cor_2020-11-01.xsd#jppfs_cor_IncreaseDecreaseInAccruedExpensesOpeCF" xlink:label="jppfs_cor_IncreaseDecreaseInAccruedExpensesOpeCF" />
    <link:loc xlink:type="locator" xlink:href="http://disclosure.edinet-fsa.go.jp/taxonomy/jppfs/2020-11-01/jppfs_cor_2020-11-01.xsd#jppfs_cor_IncreaseDecreaseInAllowanceForDoubtfulAccountsOpeCF" xlink:label="jppfs_cor_IncreaseDecreaseInAllowanceForDoubtfulAccountsOpeCF" />
    <link:loc xlink:type="locator" xlink:href="http://disclosure.edinet-fsa.go.jp/taxonomy/jppfs/2020-11-01/jppfs_cor_2020-11-01.xsd#jppfs_cor_IncreaseDecreaseInNetDefinedBenefitLiabilityOpeCF" xlink:label="jppfs_cor_IncreaseDecreaseInNetDefinedBenefitLiabilityOpeCF" />
    <link:loc xlink:type="locator" xlink:href="http://disclosure.edinet-fsa.go.jp/taxonomy/jppfs/2020-11-01/jppfs_cor_2020-11-01.xsd#jppfs_cor_IncreaseDecreaseInNotesAndAccountsPayableTradeOpeCF" xlink:label="jppfs_cor_IncreaseDecreaseInNotesAndAccountsPayableTradeOpeCF" />
    <link:loc xlink:type="locator" xlink:href="http://disclosure.edinet-fsa.go.jp/taxonomy/jppfs/2020-11-01/jppfs_cor_2020-11-01.xsd#jppfs_cor_IncreaseDecreaseInProvisionForBonusesOpeCF" xlink:label="jppfs_cor_IncreaseDecreaseInProvisionForBonusesOpeCF" />
    <link:loc xlink:type="locator" xlink:href="http://disclosure.edinet-fsa.go.jp/taxonomy/jppfs/2020-11-01/jppfs_cor_2020-11-01.xsd#jppfs_cor_IncreaseDecreaseInProvisionForDirectorsBonusesOpeCF" xlink:label="jppfs_cor_IncreaseDecreaseInProvisionForDirectorsBonusesOpeCF" />
    <link:loc xlink:type="locator" xlink:href="http://disclosure.edinet-fsa.go.jp/taxonomy/jppfs/2020-11-01/jppfs_cor_2020-11-01.xsd#jppfs_cor_IncreaseDecreaseInProvisionForLossOnBusinessLiquidationOpeCF" xlink:label="jppfs_cor_IncreaseDecreaseInProvisionForLossOnBusinessLiquidationOpeCF" />
    <link:loc xlink:type="locator" xlink:href="http://disclosure.edinet-fsa.go.jp/taxonomy/jppfs/2020-11-01/jppfs_cor_2020-11-01.xsd#jppfs_cor_InterestAndDividendsIncomeOpeCF" xlink:label="jppfs_cor_InterestAndDividendsIncomeOpeCF" />
    <link:loc xlink:type="locator" xlink:href="http://disclosure.edinet-fsa.go.jp/taxonomy/jppfs/2020-11-01/jppfs_cor_2020-11-01.xsd#jppfs_cor_InterestAndDividendsIncomeReceivedOpeCFInvCF" xlink:label="jppfs_cor_InterestAndDividendsIncomeReceivedOpeCFInvCF" />
    <link:loc xlink:type="locator" xlink:href="http://disclosure.edinet-fsa.go.jp/taxonomy/jppfs/2020-11-01/jppfs_cor_2020-11-01.xsd#jppfs_cor_LossGainOnSalesOfNoncurrentAssetsOpeCF" xlink:label="jppfs_cor_LossGainOnSalesOfNoncurrentAssetsOpeCF" />
    <link:loc xlink:type="locator" xlink:href="http://disclosure.edinet-fsa.go.jp/taxonomy/jppfs/2020-11-01/jppfs_cor_2020-11-01.xsd#jppfs_cor_LossOnRetirementOfNoncurrentAssetsOpeCF" xlink:label="jppfs_cor_LossOnRetirementOfNoncurrentAssetsOpeCF" />
    <link:loc xlink:type="locator" xlink:href="http://disclosure.edinet-fsa.go.jp/taxonomy/jppfs/2020-11-01/jppfs_cor_2020-11-01.xsd#jppfs_cor_NetCashProvidedByUsedInFinancingActivities" xlink:label="jppfs_cor_NetCashProvidedByUsedInFinancingActivities" />
    <link:loc xlink:type="locator" xlink:href="http://disclosure.edinet-fsa.go.jp/taxonomy/jppfs/2020-11-01/jppfs_cor_2020-11-01.xsd#jppfs_cor_NetCashProvidedByUsedInFinancingActivitiesAbstract" xlink:label="jppfs_cor_NetCashProvidedByUsedInFinancingActivitiesAbstract" />
    <link:loc xlink:type="locator" xlink:href="http://disclosure.edinet-fsa.go.jp/taxonomy/jppfs/2020-11-01/jppfs_cor_2020-11-01.xsd#jppfs_cor_NetCashProvidedByUsedInInvestmentActivities" xlink:label="jppfs_cor_NetCashProvidedByUsedInInvestmentActivities" />
    <link:loc xlink:type="locator" xlink:href="http://disclosure.edinet-fsa.go.jp/taxonomy/jppfs/2020-11-01/jppfs_cor_2020-11-01.xsd#jppfs_cor_NetCashProvidedByUsedInInvestmentActivitiesAbstract" xlink:label="jppfs_cor_NetCashProvidedByUsedInInvestmentActivitiesAbstract" />
    <link:loc xlink:type="locator" xlink:href="http://disclosure.edinet-fsa.go.jp/taxonomy/jppfs/2020-11-01/jppfs_cor_2020-11-01.xsd#jppfs_cor_NetCashProvidedByUsedInOperatingActivities" xlink:label="jppfs_cor_NetCashProvidedByUsedInOperatingActivities" />
    <link:loc xlink:type="locator" xlink:href="http://disclosure.edinet-fsa.go.jp/taxonomy/jppfs/2020-11-01/jppfs_cor_2020-11-01.xsd#jppfs_cor_NetCashProvidedByUsedInOperatingActivitiesAbstract" xlink:label="jppfs_cor_NetCashProvidedByUsedInOperatingActivitiesAbstract" />
    <link:loc xlink:type="locator" xlink:href="http://disclosure.edinet-fsa.go.jp/taxonomy/jppfs/2020-11-01/jppfs_cor_2020-11-01.xsd#jppfs_cor_NetIncreaseDecreaseInCashAndCashEquivalents" xlink:label="jppfs_cor_NetIncreaseDecreaseInCashAndCashEquivalents" />
    <link:loc xlink:type="locator" xlink:href="http://disclosure.edinet-fsa.go.jp/taxonomy/jppfs/2020-11-01/jppfs_cor_2020-11-01.xsd#jppfs_cor_OtherNetFinCF" xlink:label="jppfs_cor_OtherNetFinCF" />
    <link:loc xlink:type="locator" xlink:href="http://disclosure.edinet-fsa.go.jp/taxonomy/jppfs/2020-11-01/jppfs_cor_2020-11-01.xsd#jppfs_cor_OtherNetInvCF" xlink:label="jppfs_cor_OtherNetInvCF" />
    <link:loc xlink:type="locator" xlink:href="http://disclosure.edinet-fsa.go.jp/taxonomy/jppfs/2020-11-01/jppfs_cor_2020-11-01.xsd#jppfs_cor_OtherNetOpeCF" xlink:label="jppfs_cor_OtherNetOpeCF" />
    <link:loc xlink:type="locator" xlink:href="http://disclosure.edinet-fsa.go.jp/taxonomy/jppfs/2020-11-01/jppfs_cor_2020-11-01.xsd#jppfs_cor_PaymentsIntoTimeDepositsInvCF" xlink:label="jppfs_cor_PaymentsIntoTimeDepositsInvCF" />
    <link:loc xlink:type="locator" xlink:href="http://disclosure.edinet-fsa.go.jp/taxonomy/jppfs/2020-11-01/jppfs_cor_2020-11-01.xsd#jppfs_cor_PaymentsOfLoansReceivableInvCF" xlink:label="jppfs_cor_PaymentsOfLoansReceivableInvCF" />
    <link:loc xlink:type="locator" xlink:href="http://disclosure.edinet-fsa.go.jp/taxonomy/jppfs/2020-11-01/jppfs_cor_2020-11-01.xsd#jppfs_cor_ProceedsFromSalesOfPropertyPlantAndEquipmentInvCF" xlink:label="jppfs_cor_ProceedsFromSalesOfPropertyPlantAndEquipmentInvCF" />
    <link:loc xlink:type="locator" xlink:href="http://disclosure.edinet-fsa.go.jp/taxonomy/jppfs/2020-11-01/jppfs_cor_2020-11-01.xsd#jppfs_cor_ProceedsFromTransferOfBusinessInvCF" xlink:label="jppfs_cor_ProceedsFromTransferOfBusinessInvCF" />
    <link:loc xlink:type="locator" xlink:href="http://disclosure.edinet-fsa.go.jp/taxonomy/jppfs/2020-11-01/jppfs_cor_2020-11-01.xsd#jppfs_cor_ProceedsFromWithdrawalOfTimeDepositsInvCF" xlink:label="jppfs_cor_ProceedsFromWithdrawalOfTimeDepositsInvCF" />
    <link:loc xlink:type="locator" xlink:href="http://disclosure.edinet-fsa.go.jp/taxonomy/jppfs/2020-11-01/jppfs_cor_2020-11-01.xsd#jppfs_cor_PurchaseOfIntangibleAssetsInvCF" xlink:label="jppfs_cor_PurchaseOfIntangibleAssetsInvCF" />
    <link:loc xlink:type="locator" xlink:href="http://disclosure.edinet-fsa.go.jp/taxonomy/jppfs/2020-11-01/jppfs_cor_2020-11-01.xsd#jppfs_cor_PurchaseOfPropertyPlantAndEquipmentInvCF" xlink:label="jppfs_cor_PurchaseOfPropertyPlantAndEquipmentInvCF" />
    <link:loc xlink:type="locator" xlink:href="http://disclosure.edinet-fsa.go.jp/taxonomy/jppfs/2020-11-01/jppfs_cor_2020-11-01.xsd#jppfs_cor_PurchaseOfShortTermInvestmentSecuritiesInvCF" xlink:label="jppfs_cor_PurchaseOfShortTermInvestmentSecuritiesInvCF" />
    <link:loc xlink:type="locator" xlink:href="http://disclosure.edinet-fsa.go.jp/taxonomy/jppfs/2020-11-01/jppfs_cor_2020-11-01.xsd#jppfs_cor_PurchaseOfTreasuryStockFinCF" xlink:label="jppfs_cor_PurchaseOfTreasuryStockFinCF" />
    <link:loc xlink:type="locator" xlink:href="http://disclosure.edinet-fsa.go.jp/taxonomy/jppfs/2020-11-01/jppfs_cor_2020-11-01.xsd#jppfs_cor_QuarterlyConsolidatedStatementOfCashFlowsHeading" xlink:label="jppfs_cor_QuarterlyConsolidatedStatementOfCashFlowsHeading" />
    <link:loc xlink:type="locator" xlink:href="http://disclosure.edinet-fsa.go.jp/taxonomy/jppfs/2020-11-01/jppfs_cor_2020-11-01.xsd#jppfs_cor_RepaymentsToNonControllingShareholdersFinCF" xlink:label="jppfs_cor_RepaymentsToNonControllingShareholdersFinCF" />
    <link:loc xlink:type="locator" xlink:href="http://disclosure.edinet-fsa.go.jp/taxonomy/jppfs/2020-11-01/jppfs_cor_2020-11-01.xsd#jppfs_cor_StatementOfCashFlowsLineItems" xlink:label="jppfs_cor_StatementOfCashFlowsLineItems" />
    <link:loc xlink:type="locator" xlink:href="http://disclosure.edinet-fsa.go.jp/taxonomy/jppfs/2020-11-01/jppfs_cor_2020-11-01.xsd#jppfs_cor_StatementOfCashFlowsTable" xlink:label="jppfs_cor_StatementOfCashFlowsTable" />
    <link:loc xlink:type="locator" xlink:href="http://disclosure.edinet-fsa.go.jp/taxonomy/jppfs/2020-11-01/jppfs_cor_2020-11-01.xsd#jppfs_cor_SubtotalOpeCF" xlink:label="jppfs_cor_SubtotalOpeCF" />
    <link:definitionArc xlink:type="arc" xlink:from="jppfs_cor_ConsolidatedOrNonConsolidatedAxis" xlink:to="jppfs_cor_ConsolidatedMember_2" xlink:arcrole="http://xbrl.org/int/dim/arcrole/dimension-default" order="1" />
    <link:definitionArc xlink:type="arc" xlink:from="jppfs_cor_ConsolidatedOrNonConsolidatedAxis" xlink:to="jppfs_cor_ConsolidatedMember" xlink:arcrole="http://xbrl.org/int/dim/arcrole/dimension-domain" order="1" />
    <link:definitionArc xlink:type="arc" xlink:from="jppfs_cor_NetCashProvidedByUsedInFinancingActivitiesAbstract" xlink:to="jppfs_cor_PurchaseOfTreasuryStockFinCF" xlink:arcrole="http://xbrl.org/int/dim/arcrole/domain-member" order="1" />
    <link:definitionArc xlink:type="arc" xlink:from="jppfs_cor_NetCashProvidedByUsedInFinancingActivitiesAbstract" xlink:to="jppfs_cor_CashDividendsPaidFinCF" xlink:arcrole="http://xbrl.org/int/dim/arcrole/domain-member" order="2" />
    <link:definitionArc xlink:type="arc" xlink:from="jppfs_cor_NetCashProvidedByUsedInFinancingActivitiesAbstract" xlink:to="jppfs_cor_DividendsPaidToNonControllingInterestsFinCF" xlink:arcrole="http://xbrl.org/int/dim/arcrole/domain-member" order="3" />
    <link:definitionArc xlink:type="arc" xlink:from="jppfs_cor_NetCashProvidedByUsedInFinancingActivitiesAbstract" xlink:to="jppfs_cor_RepaymentsToNonControllingShareholdersFinCF" xlink:arcrole="http://xbrl.org/int/dim/arcrole/domain-member" order="4" />
    <link:definitionArc xlink:type="arc" xlink:from="jppfs_cor_NetCashProvidedByUsedInFinancingActivitiesAbstract" xlink:to="jppfs_cor_OtherNetFinCF" xlink:arcrole="http://xbrl.org/int/dim/arcrole/domain-member" order="5" />
    <link:definitionArc xlink:type="arc" xlink:from="jppfs_cor_NetCashProvidedByUsedInFinancingActivitiesAbstract" xlink:to="jppfs_cor_NetCashProvidedByUsedInFinancingActivities" xlink:arcrole="http://xbrl.org/int/dim/arcrole/domain-member" order="6" />
    <link:definitionArc xlink:type="arc" xlink:from="jppfs_cor_NetCashProvidedByUsedInInvestmentActivitiesAbstract" xlink:to="jppfs_cor_PaymentsIntoTimeDepositsInvCF" xlink:arcrole="http://xbrl.org/int/dim/arcrole/domain-member" order="1" />
    <link:definitionArc xlink:type="arc" xlink:from="jppfs_cor_NetCashProvidedByUsedInInvestmentActivitiesAbstract" xlink:to="jppfs_cor_ProceedsFromWithdrawalOfTimeDepositsInvCF" xlink:arcrole="http://xbrl.org/int/dim/arcrole/domain-member" order="2" />
    <link:definitionArc xlink:type="arc" xlink:from="jppfs_cor_NetCashProvidedByUsedInInvestmentActivitiesAbstract" xlink:to="jppfs_cor_PurchaseOfPropertyPlantAndEquipmentInvCF" xlink:arcrole="http://xbrl.org/int/dim/arcrole/domain-member" order="3" />
    <link:definitionArc xlink:type="arc" xlink:from="jppfs_cor_NetCashProvidedByUsedInInvestmentActivitiesAbstract" xlink:to="jppfs_cor_ProceedsFromSalesOfPropertyPlantAndEquipmentInvCF" xlink:arcrole="http://xbrl.org/int/dim/arcrole/domain-member" order="4" />
    <link:definitionArc xlink:type="arc" xlink:from="jppfs_cor_NetCashProvidedByUsedInInvestmentActivitiesAbstract" xlink:to="jppfs_cor_PurchaseOfIntangibleAssetsInvCF" xlink:arcrole="http://xbrl.org/int/dim/arcrole/domain-member" order="5" />
    <link:definitionArc xlink:type="arc" xlink:from="jppfs_cor_NetCashProvidedByUsedInInvestmentActivitiesAbstract" xlink:to="jppfs_cor_PurchaseOfShortTermInvestmentSecuritiesInvCF" xlink:arcrole="http://xbrl.org/int/dim/arcrole/domain-member" order="6" />
    <link:definitionArc xlink:type="arc" xlink:from="jppfs_cor_NetCashProvidedByUsedInInvestmentActivitiesAbstract" xlink:to="jppfs_cor_PaymentsOfLoansReceivableInvCF" xlink:arcrole="http://xbrl.org/int/dim/arcrole/domain-member" order="7" />
    <link:definitionArc xlink:type="arc" xlink:from="jppfs_cor_NetCashProvidedByUsedInInvestmentActivitiesAbstract" xlink:to="jppfs_cor_CollectionOfLoansReceivableInvCF" xlink:arcrole="http://xbrl.org/int/dim/arcrole/domain-member" order="8" />
    <link:definitionArc xlink:type="arc" xlink:from="jppfs_cor_NetCashProvidedByUsedInInvestmentActivitiesAbstract" xlink:to="jppfs_cor_ProceedsFromTransferOfBusinessInvCF" xlink:arcrole="http://xbrl.org/int/dim/arcrole/domain-member" order="9" />
    <link:definitionArc xlink:type="arc" xlink:from="jppfs_cor_NetCashProvidedByUsedInInvestmentActivitiesAbstract" xlink:to="jppfs_cor_OtherNetInvCF" xlink:arcrole="http://xbrl.org/int/dim/arcrole/domain-member" order="10" />
    <link:definitionArc xlink:type="arc" xlink:from="jppfs_cor_NetCashProvidedByUsedInInvestmentActivitiesAbstract" xlink:to="jppfs_cor_NetCashProvidedByUsedInInvestmentActivities" xlink:arcrole="http://xbrl.org/int/dim/arcrole/domain-member" order="11" />
    <link:definitionArc xlink:type="arc" xlink:from="jppfs_cor_StatementOfCashFlowsLineItems" xlink:to="jppfs_cor_NetCashProvidedByUsedInOperatingActivitiesAbstract" xlink:arcrole="http://xbrl.org/int/dim/arcrole/domain-member" order="1" />
    <link:definitionArc xlink:type="arc" xlink:from="jppfs_cor_NetCashProvidedByUsedInOperatingActivitiesAbstract" xlink:to="jppfs_cor_IncomeBeforeIncomeTaxes" xlink:arcrole="http://xbrl.org/int/dim/arcrole/domain-member" order="1" />
    <link:definitionArc xlink:type="arc" xlink:from="jppfs_cor_NetCashProvidedByUsedInOperatingActivitiesAbstract" xlink:to="jppfs_cor_DepreciationAndAmortizationOpeCF" xlink:arcrole="http://xbrl.org/int/dim/arcrole/domain-member" order="2" />
    <link:definitionArc xlink:type="arc" xlink:from="jppfs_cor_NetCashProvidedByUsedInOperatingActivitiesAbstract" xlink:to="jppfs_cor_ImpairmentLossOpeCF" xlink:arcrole="http://xbrl.org/int/dim/arcrole/domain-member" order="3" />
    <link:definitionArc xlink:type="arc" xlink:from="jppfs_cor_NetCashProvidedByUsedInOperatingActivitiesAbstract" xlink:to="jppfs_cor_InterestAndDividendsIncomeOpeCF" xlink:arcrole="http://xbrl.org/int/dim/arcrole/domain-member" order="4" />
    <link:definitionArc xlink:type="arc" xlink:from="jppfs_cor_NetCashProvidedByUsedInOperatingActivitiesAbstract" xlink:to="jppfs_cor_ForeignExchangeLossesGainsOpeCF" xlink:arcrole="http://xbrl.org/int/dim/arcrole/domain-member" order="5" />
    <link:definitionArc xlink:type="arc" xlink:from="jppfs_cor_NetCashProvidedByUsedInOperatingActivitiesAbstract" xlink:to="jppfs_cor_LossGainOnSalesOfNoncurrentAssetsOpeCF" xlink:arcrole="http://xbrl.org/int/dim/arcrole/domain-member" order="6" />
    <link:definitionArc xlink:type="arc" xlink:from="jppfs_cor_NetCashProvidedByUsedInOperatingActivitiesAbstract" xlink:to="jppfs_cor_LossOnRetirementOfNoncurrentAssetsOpeCF" xlink:arcrole="http://xbrl.org/int/dim/arcrole/domain-member" order="7" />
    <link:definitionArc xlink:type="arc" xlink:from="jppfs_cor_NetCashProvidedByUsedInOperatingActivitiesAbstract" xlink:to="jppfs_cor_DecreaseIncreaseInNotesAndAccountsReceivableTradeOpeCF" xlink:arcrole="http://xbrl.org/int/dim/arcrole/domain-member" order="8" />
    <link:definitionArc xlink:type="arc" xlink:from="jppfs_cor_NetCashProvidedByUsedInOperatingActivitiesAbstract" xlink:to="jppfs_cor_DecreaseIncreaseInInventoriesOpeCF" xlink:arcrole="http://xbrl.org/int/dim/arcrole/domain-member" order="9" />
    <link:definitionArc xlink:type="arc" xlink:from="jppfs_cor_NetCashProvidedByUsedInOperatingActivitiesAbstract" xlink:to="jppfs_cor_IncreaseDecreaseInNotesAndAccountsPayableTradeOpeCF" xlink:arcrole="http://xbrl.org/int/dim/arcrole/domain-member" order="10" />
    <link:definitionArc xlink:type="arc" xlink:from="jppfs_cor_NetCashProvidedByUsedInOperatingActivitiesAbstract" xlink:to="jppfs_cor_IncreaseDecreaseInAccruedExpensesOpeCF" xlink:arcrole="http://xbrl.org/int/dim/arcrole/domain-member" order="11" />
    <link:definitionArc xlink:type="arc" xlink:from="jppfs_cor_NetCashProvidedByUsedInOperatingActivitiesAbstract" xlink:to="jppfs_cor_IncreaseDecreaseInAccruedConsumptionTaxesOpeCF" xlink:arcrole="http://xbrl.org/int/dim/arcrole/domain-member" order="12" />
    <link:definitionArc xlink:type="arc" xlink:from="jppfs_cor_NetCashProvidedByUsedInOperatingActivitiesAbstract" xlink:to="jppfs_cor_IncreaseDecreaseInAllowanceForDoubtfulAccountsOpeCF" xlink:arcrole="http://xbrl.org/int/dim/arcrole/domain-member" order="13" />
    <link:definitionArc xlink:type="arc" xlink:from="jppfs_cor_NetCashProvidedByUsedInOperatingActivitiesAbstract" xlink:to="jppfs_cor_IncreaseDecreaseInProvisionForBonusesOpeCF" xlink:arcrole="http://xbrl.org/int/dim/arcrole/domain-member" order="14" />
    <link:definitionArc xlink:type="arc" xlink:from="jppfs_cor_NetCashProvidedByUsedInOperatingActivitiesAbstract" xlink:to="jppfs_cor_IncreaseDecreaseInProvisionForDirectorsBonusesOpeCF" xlink:arcrole="http://xbrl.org/int/dim/arcrole/domain-member" order="15" />
    <link:definitionArc xlink:type="arc" xlink:from="jppfs_cor_NetCashProvidedByUsedInOperatingActivitiesAbstract" xlink:to="jppfs_cor_IncreaseDecreaseInNetDefinedBenefitLiabilityOpeCF" xlink:arcrole="http://xbrl.org/int/dim/arcrole/domain-member" order="16" />
    <link:definitionArc xlink:type="arc" xlink:from="jppfs_cor_NetCashProvidedByUsedInOperatingActivitiesAbstract" xlink:to="jppfs_cor_IncreaseDecreaseInProvisionForLossOnBusinessLiquidationOpeCF" xlink:arcrole="http://xbrl.org/int/dim/arcrole/domain-member" order="17" />
    <link:definitionArc xlink:type="arc" xlink:from="jppfs_cor_NetCashProvidedByUsedInOperatingActivitiesAbstract" xlink:to="jppfs_cor_OtherNetOpeCF" xlink:arcrole="http://xbrl.org/int/dim/arcrole/domain-member" order="18" />
    <link:definitionArc xlink:type="arc" xlink:from="jppfs_cor_NetCashProvidedByUsedInOperatingActivitiesAbstract" xlink:to="jppfs_cor_SubtotalOpeCF" xlink:arcrole="http://xbrl.org/int/dim/arcrole/domain-member" order="19" />
    <link:definitionArc xlink:type="arc" xlink:from="jppfs_cor_NetCashProvidedByUsedInOperatingActivitiesAbstract" xlink:to="jppfs_cor_InterestAndDividendsIncomeReceivedOpeCFInvCF" xlink:arcrole="http://xbrl.org/int/dim/arcrole/domain-member" order="20" />
    <link:definitionArc xlink:type="arc" xlink:from="jppfs_cor_NetCashProvidedByUsedInOperatingActivitiesAbstract" xlink:to="jppfs_cor_IncomeTaxesPaidOpeCF" xlink:arcrole="http://xbrl.org/int/dim/arcrole/domain-member" order="21" />
    <link:definitionArc xlink:type="arc" xlink:from="jppfs_cor_NetCashProvidedByUsedInOperatingActivitiesAbstract" xlink:to="jppfs_cor_NetCashProvidedByUsedInOperatingActivities" xlink:arcrole="http://xbrl.org/int/dim/arcrole/domain-member" order="22" />
    <link:definitionArc xlink:type="arc" xlink:from="jppfs_cor_QuarterlyConsolidatedStatementOfCashFlowsHeading" xlink:to="jppfs_cor_StatementOfCashFlowsTable" xlink:arcrole="http://xbrl.org/int/dim/arcrole/all" xbrldt:contextElement="scenario" xbrldt:closed="true" order="1" />
    <link:definitionArc xlink:type="arc" xlink:from="jppfs_cor_QuarterlyConsolidatedStatementOfCashFlowsHeading" xlink:to="jppfs_cor_StatementOfCashFlowsLineItems" xlink:arcrole="http://xbrl.org/int/dim/arcrole/domain-member" order="2" />
    <link:definitionArc xlink:type="arc" xlink:from="jppfs_cor_StatementOfCashFlowsLineItems" xlink:to="jppfs_cor_NetCashProvidedByUsedInInvestmentActivitiesAbstract" xlink:arcrole="http://xbrl.org/int/dim/arcrole/domain-member" order="2" />
    <link:definitionArc xlink:type="arc" xlink:from="jppfs_cor_StatementOfCashFlowsLineItems" xlink:to="jppfs_cor_NetCashProvidedByUsedInFinancingActivitiesAbstract" xlink:arcrole="http://xbrl.org/int/dim/arcrole/domain-member" order="3" />
    <link:definitionArc xlink:type="arc" xlink:from="jppfs_cor_StatementOfCashFlowsLineItems" xlink:to="jppfs_cor_EffectOfExchangeRateChangeOnCashAndCashEquivalents" xlink:arcrole="http://xbrl.org/int/dim/arcrole/domain-member" order="4" />
    <link:definitionArc xlink:type="arc" xlink:from="jppfs_cor_StatementOfCashFlowsLineItems" xlink:to="jppfs_cor_NetIncreaseDecreaseInCashAndCashEquivalents" xlink:arcrole="http://xbrl.org/int/dim/arcrole/domain-member" order="5" />
    <link:definitionArc xlink:type="arc" xlink:from="jppfs_cor_StatementOfCashFlowsLineItems" xlink:to="jppfs_cor_CashAndCashEquivalents" xlink:arcrole="http://xbrl.org/int/dim/arcrole/domain-member" order="6" />
    <link:definitionArc xlink:type="arc" xlink:from="jppfs_cor_StatementOfCashFlowsTable" xlink:to="jppfs_cor_ConsolidatedOrNonConsolidatedAxis" xlink:arcrole="http://xbrl.org/int/dim/arcrole/hypercube-dimension" order="1" />
  </link:definitionLink>
</link:linkbase>