﻿<?xml version="1.0" encoding="utf-8"?>
<!-- Edited with FutureStage XBRL Solution Library .NET 01-11 -->
<link:linkbase xmlns:xlink="http://www.w3.org/1999/xlink" xmlns:xsi="http://www.w3.org/2001/XMLSchema-instance" xmlns:link="http://www.xbrl.org/2003/linkbase">
  <link:roleRef xlink:type="simple" xlink:href="http://disclosure.edinet-fsa.go.jp/taxonomy/jpcrp/2021-11-01/jpcrp_rt_2021-11-01.xsd#rol_altConsolidatedQuarterlyLabel" roleURI="http://disclosure.edinet-fsa.go.jp/jpcrp/alt/ConsolidatedQuarterly/role/label" />
  <link:roleRef xlink:type="simple" xlink:href="http://disclosure.edinet-fsa.go.jp/taxonomy/jpcrp/2021-11-01/jpcrp_rt_2021-11-01.xsd#rol_altLabel" roleURI="http://disclosure.edinet-fsa.go.jp/jpcrp/alt/role/label" />
  <link:roleRef xlink:type="simple" xlink:href="http://disclosure.edinet-fsa.go.jp/taxonomy/jppfs/2021-11-01/jppfs_rt_2021-11-01.xsd#rol_ConsolidatedQuarterlyLabel" roleURI="http://disclosure.edinet-fsa.go.jp/jppfs/ConsolidatedQuarterly/role/label" />
  <link:labelLink xlink:type="extended" xlink:role="http://www.xbrl.org/2003/role/link">
    <link:label xml:lang="ja" xlink:type="resource" xlink:label="jpigp_cor_BasicEarningsLossPerShareIFRS_label" xlink:role="http://disclosure.edinet-fsa.go.jp/jpcrp/alt/ConsolidatedQuarterly/role/label">基本的１株当たり四半期利益（△は損失）（円）</link:label>
    <link:label xml:lang="ja" xlink:type="resource" xlink:label="jpigp_cor_ComprehensiveIncomeAttributableToIFRSAbstract_label" xlink:role="http://disclosure.edinet-fsa.go.jp/jppfs/ConsolidatedQuarterly/role/label">四半期包括利益の帰属</link:label>
    <link:label xml:lang="ja" xlink:type="resource" xlink:label="jpigp_cor_DilutedEarningsLossPerShareIFRS_label" xlink:role="http://disclosure.edinet-fsa.go.jp/jpcrp/alt/ConsolidatedQuarterly/role/label">希薄化後１株当たり四半期利益（△は損失）（円）</link:label>
    <link:label xml:lang="ja" xlink:type="resource" xlink:label="jpigp_cor_EarningsLossPerShareIFRSAbstract_label" xlink:role="http://disclosure.edinet-fsa.go.jp/jpcrp/alt/ConsolidatedQuarterly/role/label">１株当たり四半期利益又は１株当たり四半期損失（△）</link:label>
    <link:label xml:lang="ja" xlink:type="resource" xlink:label="jpigp_cor_FinanceIncomeAndFinanceCostsOpeCFIFRS_label" xlink:role="http://disclosure.edinet-fsa.go.jp/jpcrp/alt/role/label">金融収益及び金融費用（△は益）</link:label>
    <link:label xml:lang="ja" xlink:type="resource" xlink:label="jpigp_cor_IncomeTaxesPaidOpeCFIFRS_label" xlink:role="http://disclosure.edinet-fsa.go.jp/jpcrp/alt/role/label">法人所得税等の支払額</link:label>
    <link:label xml:lang="ja" xlink:type="resource" xlink:label="jpigp_cor_IncomeTaxesPayableCLIFRS_label" xlink:role="http://disclosure.edinet-fsa.go.jp/jpcrp/alt/role/label">未払法人所得税等</link:label>
    <link:label xml:lang="ja" xlink:type="resource" xlink:label="jpigp_cor_IncomeTaxesRefundOpeCFIFRS_label" xlink:role="http://disclosure.edinet-fsa.go.jp/jpcrp/alt/role/label">法人所得税等の還付額</link:label>
    <link:label xml:lang="ja" xlink:type="resource" xlink:label="jpigp_cor_NetIncreaseDecreaseInCashAndCashEquivalentsIFRS_label" xlink:role="http://disclosure.edinet-fsa.go.jp/jpcrp/alt/role/label">現金及び現金同等物の増減額</link:label>
    <link:label xml:lang="ja" xlink:type="resource" xlink:label="jpigp_cor_OperatingProfitLossIFRS_label" xlink:role="http://disclosure.edinet-fsa.go.jp/jpcrp/alt/role/label">営業利益（△は損失）</link:label>
    <link:label xml:lang="ja" xlink:type="resource" xlink:label="jpigp_cor_ProceedsFromCollectionOfLeaseholdDepositsAndGuaranteeDepositsInvCFIFRS_label" xlink:role="http://disclosure.edinet-fsa.go.jp/jpcrp/alt/role/label">敷金・保証金の回収による収入</link:label>
    <link:label xml:lang="ja" xlink:type="resource" xlink:label="jpigp_cor_ProfitLossAttributableToIFRSAbstract_label" xlink:role="http://disclosure.edinet-fsa.go.jp/jpcrp/alt/ConsolidatedQuarterly/role/label">四半期利益（△は損失）の帰属</link:label>
    <link:label xml:lang="ja" xlink:type="resource" xlink:label="jpigp_cor_ProfitLossBeforeTaxIFRS_label" xlink:role="http://disclosure.edinet-fsa.go.jp/jpcrp/alt/ConsolidatedQuarterly/role/label">税引前四半期利益（△は損失）</link:label>
    <link:label xml:lang="ja" xlink:type="resource" xlink:label="jpigp_cor_ProfitLossIFRS_label" xlink:role="http://disclosure.edinet-fsa.go.jp/jpcrp/alt/ConsolidatedQuarterly/role/label">四半期利益（△は損失）</link:label>
    <link:label xml:lang="ja" xlink:type="resource" xlink:label="tse-qcediffr-36790_CapitalReductionIFRS_label" xlink:role="http://www.xbrl.org/2003/role/label">減資</link:label>
    <link:label xml:lang="ja" xlink:type="resource" xlink:label="tse-qcediffr-36790_CapitalReductionIFRS_label_1" xlink:role="http://www.xbrl.org/2003/role/verboseLabel">減資（IFRS）</link:label>
    <link:label xml:lang="ja" xlink:type="resource" xlink:label="tse-qcediffr-36790_DecreaseIncreaseInDepositsForPurchaseOfTreasurySharesFinCFIFRS_label" xlink:role="http://www.xbrl.org/2003/role/label">自己株式取得のための預託金の増減額（△は増加）</link:label>
    <link:label xml:lang="ja" xlink:type="resource" xlink:label="tse-qcediffr-36790_DecreaseIncreaseInDepositsForPurchaseOfTreasurySharesFinCFIFRS_label_1" xlink:role="http://www.xbrl.org/2003/role/verboseLabel">自己株式取得のための預託金の増減額（△は増加）、財務活動によるキャッシュ・フロー（IFRS）</link:label>
    <link:label xml:lang="ja" xlink:type="resource" xlink:label="tse-qcediffr-36790_EffectOfExchangeRateChangeOnCashAndCashEquivalentsCFIFRS_label" xlink:role="http://www.xbrl.org/2003/role/label">現金及び現金同等物の換算差額</link:label>
    <link:label xml:lang="ja" xlink:type="resource" xlink:label="tse-qcediffr-36790_EffectOfExchangeRateChangeOnCashAndCashEquivalentsCFIFRS_label_1" xlink:role="http://www.xbrl.org/2003/role/verboseLabel">現金及び現金同等物の換算差額、キャッシュ・フロー計算書（IFRS）</link:label>
    <link:label xml:lang="ja" xlink:type="resource" xlink:label="tse-qcediffr-36790_IncreaseDeceaseInGuaranteeDepositsReceivedOpeCFIFRS_label" xlink:role="http://www.xbrl.org/2003/role/label">預り保証金の増減額（△は減少）</link:label>
    <link:label xml:lang="ja" xlink:type="resource" xlink:label="tse-qcediffr-36790_IncreaseDeceaseInGuaranteeDepositsReceivedOpeCFIFRS_label_1" xlink:role="http://www.xbrl.org/2003/role/verboseLabel">預り保証金の増減額（△は減少）、営業活動によるキャッシュ・フロー（IFRS）</link:label>
    <link:label xml:lang="ja" xlink:type="resource" xlink:label="tse-qcediffr-36790_IncreaseDecreaseInConsumptionTaxesPayableOpeCFIFRS_label" xlink:role="http://www.xbrl.org/2003/role/label">未払消費税等の増減額（△は減少）</link:label>
    <link:label xml:lang="ja" xlink:type="resource" xlink:label="tse-qcediffr-36790_IncreaseDecreaseInConsumptionTaxesPayableOpeCFIFRS_label_1" xlink:role="http://www.xbrl.org/2003/role/verboseLabel">未払消費税等の増減額（△は減少）、営業活動によるキャッシュ・フロー（IFRS）</link:label>
    <link:label xml:lang="ja" xlink:type="resource" xlink:label="tse-qcediffr-36790_PaymentsForAcquisitionInSubsidiariesResultingInChangeInScopeOfConsolidationInvCFIFRS_label" xlink:role="http://www.xbrl.org/2003/role/label">連結の範囲の変更を伴う子会社株式の取得による支出</link:label>
    <link:label xml:lang="ja" xlink:type="resource" xlink:label="tse-qcediffr-36790_PaymentsForAcquisitionInSubsidiariesResultingInChangeInScopeOfConsolidationInvCFIFRS_label_1" xlink:role="http://www.xbrl.org/2003/role/verboseLabel">連結の範囲の変更を伴う子会社株式の取得による支出、投資活動によるキャッシュ・フロー（IFRS）</link:label>
    <link:loc xlink:type="locator" xlink:href="http://disclosure.edinet-fsa.go.jp/taxonomy/jpigp/2021-11-01/jpigp_cor_2021-11-01.xsd#jpigp_cor_BasicEarningsLossPerShareIFRS" xlink:label="jpigp_cor_BasicEarningsLossPerShareIFRS" />
    <link:loc xlink:type="locator" xlink:href="http://disclosure.edinet-fsa.go.jp/taxonomy/jpigp/2021-11-01/jpigp_cor_2021-11-01.xsd#jpigp_cor_ComprehensiveIncomeAttributableToIFRSAbstract" xlink:label="jpigp_cor_ComprehensiveIncomeAttributableToIFRSAbstract" />
    <link:loc xlink:type="locator" xlink:href="http://disclosure.edinet-fsa.go.jp/taxonomy/jpigp/2021-11-01/jpigp_cor_2021-11-01.xsd#jpigp_cor_DilutedEarningsLossPerShareIFRS" xlink:label="jpigp_cor_DilutedEarningsLossPerShareIFRS" />
    <link:loc xlink:type="locator" xlink:href="http://disclosure.edinet-fsa.go.jp/taxonomy/jpigp/2021-11-01/jpigp_cor_2021-11-01.xsd#jpigp_cor_EarningsLossPerShareIFRSAbstract" xlink:label="jpigp_cor_EarningsLossPerShareIFRSAbstract" />
    <link:loc xlink:type="locator" xlink:href="http://disclosure.edinet-fsa.go.jp/taxonomy/jpigp/2021-11-01/jpigp_cor_2021-11-01.xsd#jpigp_cor_FinanceIncomeAndFinanceCostsOpeCFIFRS" xlink:label="jpigp_cor_FinanceIncomeAndFinanceCostsOpeCFIFRS" />
    <link:loc xlink:type="locator" xlink:href="http://disclosure.edinet-fsa.go.jp/taxonomy/jpigp/2021-11-01/jpigp_cor_2021-11-01.xsd#jpigp_cor_IncomeTaxesPaidOpeCFIFRS" xlink:label="jpigp_cor_IncomeTaxesPaidOpeCFIFRS" />
    <link:loc xlink:type="locator" xlink:href="http://disclosure.edinet-fsa.go.jp/taxonomy/jpigp/2021-11-01/jpigp_cor_2021-11-01.xsd#jpigp_cor_IncomeTaxesPayableCLIFRS" xlink:label="jpigp_cor_IncomeTaxesPayableCLIFRS" />
    <link:loc xlink:type="locator" xlink:href="http://disclosure.edinet-fsa.go.jp/taxonomy/jpigp/2021-11-01/jpigp_cor_2021-11-01.xsd#jpigp_cor_IncomeTaxesRefundOpeCFIFRS" xlink:label="jpigp_cor_IncomeTaxesRefundOpeCFIFRS" />
    <link:loc xlink:type="locator" xlink:href="http://disclosure.edinet-fsa.go.jp/taxonomy/jpigp/2021-11-01/jpigp_cor_2021-11-01.xsd#jpigp_cor_NetIncreaseDecreaseInCashAndCashEquivalentsIFRS" xlink:label="jpigp_cor_NetIncreaseDecreaseInCashAndCashEquivalentsIFRS" />
    <link:loc xlink:type="locator" xlink:href="http://disclosure.edinet-fsa.go.jp/taxonomy/jpigp/2021-11-01/jpigp_cor_2021-11-01.xsd#jpigp_cor_OperatingProfitLossIFRS" xlink:label="jpigp_cor_OperatingProfitLossIFRS" />
    <link:loc xlink:type="locator" xlink:href="http://disclosure.edinet-fsa.go.jp/taxonomy/jpigp/2021-11-01/jpigp_cor_2021-11-01.xsd#jpigp_cor_ProceedsFromCollectionOfLeaseholdDepositsAndGuaranteeDepositsInvCFIFRS" xlink:label="jpigp_cor_ProceedsFromCollectionOfLeaseholdDepositsAndGuaranteeDepositsInvCFIFRS" />
    <link:loc xlink:type="locator" xlink:href="http://disclosure.edinet-fsa.go.jp/taxonomy/jpigp/2021-11-01/jpigp_cor_2021-11-01.xsd#jpigp_cor_ProfitLossAttributableToIFRSAbstract" xlink:label="jpigp_cor_ProfitLossAttributableToIFRSAbstract" />
    <link:loc xlink:type="locator" xlink:href="http://disclosure.edinet-fsa.go.jp/taxonomy/jpigp/2021-11-01/jpigp_cor_2021-11-01.xsd#jpigp_cor_ProfitLossBeforeTaxIFRS" xlink:label="jpigp_cor_ProfitLossBeforeTaxIFRS" />
    <link:loc xlink:type="locator" xlink:href="http://disclosure.edinet-fsa.go.jp/taxonomy/jpigp/2021-11-01/jpigp_cor_2021-11-01.xsd#jpigp_cor_ProfitLossIFRS" xlink:label="jpigp_cor_ProfitLossIFRS" />
    <link:loc xlink:type="locator" xlink:href="tse-qcediffr-36790-2022-09-30-01-2022-11-09.xsd#tse-qcediffr-36790_CapitalReductionIFRS" xlink:label="tse-qcediffr-36790_CapitalReductionIFRS" />
    <link:loc xlink:type="locator" xlink:href="tse-qcediffr-36790-2022-09-30-01-2022-11-09.xsd#tse-qcediffr-36790_DecreaseIncreaseInDepositsForPurchaseOfTreasurySharesFinCFIFRS" xlink:label="tse-qcediffr-36790_DecreaseIncreaseInDepositsForPurchaseOfTreasurySharesFinCFIFRS" />
    <link:loc xlink:type="locator" xlink:href="tse-qcediffr-36790-2022-09-30-01-2022-11-09.xsd#tse-qcediffr-36790_EffectOfExchangeRateChangeOnCashAndCashEquivalentsCFIFRS" xlink:label="tse-qcediffr-36790_EffectOfExchangeRateChangeOnCashAndCashEquivalentsCFIFRS" />
    <link:loc xlink:type="locator" xlink:href="tse-qcediffr-36790-2022-09-30-01-2022-11-09.xsd#tse-qcediffr-36790_IncreaseDeceaseInGuaranteeDepositsReceivedOpeCFIFRS" xlink:label="tse-qcediffr-36790_IncreaseDeceaseInGuaranteeDepositsReceivedOpeCFIFRS" />
    <link:loc xlink:type="locator" xlink:href="tse-qcediffr-36790-2022-09-30-01-2022-11-09.xsd#tse-qcediffr-36790_IncreaseDecreaseInConsumptionTaxesPayableOpeCFIFRS" xlink:label="tse-qcediffr-36790_IncreaseDecreaseInConsumptionTaxesPayableOpeCFIFRS" />
    <link:loc xlink:type="locator" xlink:href="tse-qcediffr-36790-2022-09-30-01-2022-11-09.xsd#tse-qcediffr-36790_PaymentsForAcquisitionInSubsidiariesResultingInChangeInScopeOfConsolidationInvCFIFRS" xlink:label="tse-qcediffr-36790_PaymentsForAcquisitionInSubsidiariesResultingInChangeInScopeOfConsolidationInvCFIFRS" />
    <link:labelArc xlink:type="arc" xlink:from="jpigp_cor_BasicEarningsLossPerShareIFRS" xlink:to="jpigp_cor_BasicEarningsLossPerShareIFRS_label" xlink:arcrole="http://www.xbrl.org/2003/arcrole/concept-label" order="1" />
    <link:labelArc xlink:type="arc" xlink:from="jpigp_cor_ComprehensiveIncomeAttributableToIFRSAbstract" xlink:to="jpigp_cor_ComprehensiveIncomeAttributableToIFRSAbstract_label" xlink:arcrole="http://www.xbrl.org/2003/arcrole/concept-label" order="1" />
    <link:labelArc xlink:type="arc" xlink:from="jpigp_cor_DilutedEarningsLossPerShareIFRS" xlink:to="jpigp_cor_DilutedEarningsLossPerShareIFRS_label" xlink:arcrole="http://www.xbrl.org/2003/arcrole/concept-label" order="1" />
    <link:labelArc xlink:type="arc" xlink:from="jpigp_cor_EarningsLossPerShareIFRSAbstract" xlink:to="jpigp_cor_EarningsLossPerShareIFRSAbstract_label" xlink:arcrole="http://www.xbrl.org/2003/arcrole/concept-label" order="1" />
    <link:labelArc xlink:type="arc" xlink:from="jpigp_cor_FinanceIncomeAndFinanceCostsOpeCFIFRS" xlink:to="jpigp_cor_FinanceIncomeAndFinanceCostsOpeCFIFRS_label" xlink:arcrole="http://www.xbrl.org/2003/arcrole/concept-label" order="1" />
    <link:labelArc xlink:type="arc" xlink:from="jpigp_cor_IncomeTaxesPaidOpeCFIFRS" xlink:to="jpigp_cor_IncomeTaxesPaidOpeCFIFRS_label" xlink:arcrole="http://www.xbrl.org/2003/arcrole/concept-label" order="1" />
    <link:labelArc xlink:type="arc" xlink:from="jpigp_cor_IncomeTaxesPayableCLIFRS" xlink:to="jpigp_cor_IncomeTaxesPayableCLIFRS_label" xlink:arcrole="http://www.xbrl.org/2003/arcrole/concept-label" order="1" />
    <link:labelArc xlink:type="arc" xlink:from="jpigp_cor_IncomeTaxesRefundOpeCFIFRS" xlink:to="jpigp_cor_IncomeTaxesRefundOpeCFIFRS_label" xlink:arcrole="http://www.xbrl.org/2003/arcrole/concept-label" order="1" />
    <link:labelArc xlink:type="arc" xlink:from="jpigp_cor_NetIncreaseDecreaseInCashAndCashEquivalentsIFRS" xlink:to="jpigp_cor_NetIncreaseDecreaseInCashAndCashEquivalentsIFRS_label" xlink:arcrole="http://www.xbrl.org/2003/arcrole/concept-label" order="1" />
    <link:labelArc xlink:type="arc" xlink:from="jpigp_cor_OperatingProfitLossIFRS" xlink:to="jpigp_cor_OperatingProfitLossIFRS_label" xlink:arcrole="http://www.xbrl.org/2003/arcrole/concept-label" order="1" />
    <link:labelArc xlink:type="arc" xlink:from="jpigp_cor_ProceedsFromCollectionOfLeaseholdDepositsAndGuaranteeDepositsInvCFIFRS" xlink:to="jpigp_cor_ProceedsFromCollectionOfLeaseholdDepositsAndGuaranteeDepositsInvCFIFRS_label" xlink:arcrole="http://www.xbrl.org/2003/arcrole/concept-label" order="1" />
    <link:labelArc xlink:type="arc" xlink:from="jpigp_cor_ProfitLossAttributableToIFRSAbstract" xlink:to="jpigp_cor_ProfitLossAttributableToIFRSAbstract_label" xlink:arcrole="http://www.xbrl.org/2003/arcrole/concept-label" order="1" />
    <link:labelArc xlink:type="arc" xlink:from="jpigp_cor_ProfitLossBeforeTaxIFRS" xlink:to="jpigp_cor_ProfitLossBeforeTaxIFRS_label" xlink:arcrole="http://www.xbrl.org/2003/arcrole/concept-label" order="1" />
    <link:labelArc xlink:type="arc" xlink:from="jpigp_cor_ProfitLossIFRS" xlink:to="jpigp_cor_ProfitLossIFRS_label" xlink:arcrole="http://www.xbrl.org/2003/arcrole/concept-label" order="1" />
    <link:labelArc xlink:type="arc" xlink:from="tse-qcediffr-36790_CapitalReductionIFRS" xlink:to="tse-qcediffr-36790_CapitalReductionIFRS_label_1" xlink:arcrole="http://www.xbrl.org/2003/arcrole/concept-label" order="1" />
    <link:labelArc xlink:type="arc" xlink:from="tse-qcediffr-36790_CapitalReductionIFRS" xlink:to="tse-qcediffr-36790_CapitalReductionIFRS_label" xlink:arcrole="http://www.xbrl.org/2003/arcrole/concept-label" order="1" />
    <link:labelArc xlink:type="arc" xlink:from="tse-qcediffr-36790_DecreaseIncreaseInDepositsForPurchaseOfTreasurySharesFinCFIFRS" xlink:to="tse-qcediffr-36790_DecreaseIncreaseInDepositsForPurchaseOfTreasurySharesFinCFIFRS_label_1" xlink:arcrole="http://www.xbrl.org/2003/arcrole/concept-label" order="1" />
    <link:labelArc xlink:type="arc" xlink:from="tse-qcediffr-36790_DecreaseIncreaseInDepositsForPurchaseOfTreasurySharesFinCFIFRS" xlink:to="tse-qcediffr-36790_DecreaseIncreaseInDepositsForPurchaseOfTreasurySharesFinCFIFRS_label" xlink:arcrole="http://www.xbrl.org/2003/arcrole/concept-label" order="1" />
    <link:labelArc xlink:type="arc" xlink:from="tse-qcediffr-36790_EffectOfExchangeRateChangeOnCashAndCashEquivalentsCFIFRS" xlink:to="tse-qcediffr-36790_EffectOfExchangeRateChangeOnCashAndCashEquivalentsCFIFRS_label_1" xlink:arcrole="http://www.xbrl.org/2003/arcrole/concept-label" order="1" />
    <link:labelArc xlink:type="arc" xlink:from="tse-qcediffr-36790_EffectOfExchangeRateChangeOnCashAndCashEquivalentsCFIFRS" xlink:to="tse-qcediffr-36790_EffectOfExchangeRateChangeOnCashAndCashEquivalentsCFIFRS_label" xlink:arcrole="http://www.xbrl.org/2003/arcrole/concept-label" order="1" />
    <link:labelArc xlink:type="arc" xlink:from="tse-qcediffr-36790_IncreaseDeceaseInGuaranteeDepositsReceivedOpeCFIFRS" xlink:to="tse-qcediffr-36790_IncreaseDeceaseInGuaranteeDepositsReceivedOpeCFIFRS_label_1" xlink:arcrole="http://www.xbrl.org/2003/arcrole/concept-label" order="1" />
    <link:labelArc xlink:type="arc" xlink:from="tse-qcediffr-36790_IncreaseDeceaseInGuaranteeDepositsReceivedOpeCFIFRS" xlink:to="tse-qcediffr-36790_IncreaseDeceaseInGuaranteeDepositsReceivedOpeCFIFRS_label" xlink:arcrole="http://www.xbrl.org/2003/arcrole/concept-label" order="1" />
    <link:labelArc xlink:type="arc" xlink:from="tse-qcediffr-36790_IncreaseDecreaseInConsumptionTaxesPayableOpeCFIFRS" xlink:to="tse-qcediffr-36790_IncreaseDecreaseInConsumptionTaxesPayableOpeCFIFRS_label_1" xlink:arcrole="http://www.xbrl.org/2003/arcrole/concept-label" order="1" />
    <link:labelArc xlink:type="arc" xlink:from="tse-qcediffr-36790_IncreaseDecreaseInConsumptionTaxesPayableOpeCFIFRS" xlink:to="tse-qcediffr-36790_IncreaseDecreaseInConsumptionTaxesPayableOpeCFIFRS_label" xlink:arcrole="http://www.xbrl.org/2003/arcrole/concept-label" order="1" />
    <link:labelArc xlink:type="arc" xlink:from="tse-qcediffr-36790_PaymentsForAcquisitionInSubsidiariesResultingInChangeInScopeOfConsolidationInvCFIFRS" xlink:to="tse-qcediffr-36790_PaymentsForAcquisitionInSubsidiariesResultingInChangeInScopeOfConsolidationInvCFIFRS_label_1" xlink:arcrole="http://www.xbrl.org/2003/arcrole/concept-label" order="1" />
    <link:labelArc xlink:type="arc" xlink:from="tse-qcediffr-36790_PaymentsForAcquisitionInSubsidiariesResultingInChangeInScopeOfConsolidationInvCFIFRS" xlink:to="tse-qcediffr-36790_PaymentsForAcquisitionInSubsidiariesResultingInChangeInScopeOfConsolidationInvCFIFRS_label" xlink:arcrole="http://www.xbrl.org/2003/arcrole/concept-label" order="1" />
  </link:labelLink>
</link:linkbase>