<?xml version="1.0" encoding="utf-8"?>
<!-- Generated by PRONEXUS WORKS --><link:linkbase xmlns:link="http://www.xbrl.org/2003/linkbase" xmlns:xsi="http://www.w3.org/2001/XMLSchema-instance" xmlns:xbrli="http://www.xbrl.org/2003/instance" xmlns:xlink="http://www.w3.org/1999/xlink">  <link:labelLink xlink:type="extended" xlink:role="http://www.xbrl.org/2003/role/link">    <link:loc xlink:type="locator" xlink:href="tse-qcedjpfr-78400-2022-09-30-01-2022-11-11.xsd#tse-qcedjpfr-78400_GainOnSalesOfInvestmentsInCapitalOfSubsidiariesAndAssociatesEI" xlink:label="GainOnSalesOfInvestmentsInCapitalOfSubsidiariesAndAssociatesEI" />    <link:loc xlink:type="locator" xlink:href="tse-qcedjpfr-78400-2022-09-30-01-2022-11-11.xsd#tse-qcedjpfr-78400_LossGainOnSalesOfInvestmentsInCapitalOfSubsidiariesAndAssociatesOpeCF" xlink:label="LossGainOnSalesOfInvestmentsInCapitalOfSubsidiariesAndAssociatesOpeCF" />    <link:loc xlink:type="locator" xlink:href="tse-qcedjpfr-78400-2022-09-30-01-2022-11-11.xsd#tse-qcedjpfr-78400_ProceedsFromSaleOfInvestmentsInCapitalOfSubsidiariesAndAssociatesInvCF" xlink:label="ProceedsFromSaleOfInvestmentsInCapitalOfSubsidiariesAndAssociatesInvCF" />    <link:loc xlink:type="locator" xlink:href="tse-qcedjpfr-78400-2022-09-30-01-2022-11-11.xsd#tse-qcedjpfr-78400_LossOnValuationOfInvestmentsInCapitalOfSubsidiariesAndAssociatesOpeCF" xlink:label="LossOnValuationOfInvestmentsInCapitalOfSubsidiariesAndAssociatesOpeCF" />    <link:loc xlink:type="locator" xlink:href="http://disclosure.edinet-fsa.go.jp/taxonomy/jppfs/2021-11-01/jppfs_cor_2021-11-01.xsd#jppfs_cor_IncomeTaxesPaidRefundOpeCF" xlink:label="IncomeTaxesPaidRefundOpeCF" />    <link:loc xlink:type="locator" xlink:href="tse-qcedjpfr-78400-2022-09-30-01-2022-11-11.xsd#tse-qcedjpfr-78400_SubsidiesForEmploymentAdjustmentOpeCF" xlink:label="SubsidiesForEmploymentAdjustmentOpeCF" />    <link:loc xlink:type="locator" xlink:href="tse-qcedjpfr-78400-2022-09-30-01-2022-11-11.xsd#tse-qcedjpfr-78400_ProceedsFromSubsidiesForEmploymentAdjustmentOpeCF" xlink:label="ProceedsFromSubsidiesForEmploymentAdjustmentOpeCF" />    <link:label xlink:type="resource" xlink:label="label_GainOnSalesOfInvestmentsInCapitalOfSubsidiariesAndAssociatesEI" xml:lang="en" xlink:role="http://www.xbrl.org/2003/role/label" id="label_GainOnSalesOfInvestmentsInCapitalOfSubsidiariesAndAssociatesEI">Gain on sales of investments in capital of subsidiaries and associates</link:label>    <link:labelArc xlink:type="arc" xlink:arcrole="http://www.xbrl.org/2003/arcrole/concept-label" xlink:from="GainOnSalesOfInvestmentsInCapitalOfSubsidiariesAndAssociatesEI" xlink:to="label_GainOnSalesOfInvestmentsInCapitalOfSubsidiariesAndAssociatesEI" />    <link:label xlink:type="resource" xlink:label="label_GainOnSalesOfInvestmentsInCapitalOfSubsidiariesAndAssociatesEI_2" xml:lang="en" xlink:role="http://www.xbrl.org/2003/role/verboseLabel" id="label_GainOnSalesOfInvestmentsInCapitalOfSubsidiariesAndAssociatesEI_2">Gain on sales of investments in capital of subsidiaries and associates - EI</link:label>    <link:labelArc xlink:type="arc" xlink:arcrole="http://www.xbrl.org/2003/arcrole/concept-label" xlink:from="GainOnSalesOfInvestmentsInCapitalOfSubsidiariesAndAssociatesEI" xlink:to="label_GainOnSalesOfInvestmentsInCapitalOfSubsidiariesAndAssociatesEI_2" />    <link:label xlink:type="resource" xlink:label="label_LossGainOnSalesOfInvestmentsInCapitalOfSubsidiariesAndAssociatesOpeCF" xml:lang="en" xlink:role="http://www.xbrl.org/2003/role/label" id="label_LossGainOnSalesOfInvestmentsInCapitalOfSubsidiariesAndAssociatesOpeCF">Loss(gain) on sales of investments in capital of subsidiaries and associates</link:label>    <link:labelArc xlink:type="arc" xlink:arcrole="http://www.xbrl.org/2003/arcrole/concept-label" xlink:from="LossGainOnSalesOfInvestmentsInCapitalOfSubsidiariesAndAssociatesOpeCF" xlink:to="label_LossGainOnSalesOfInvestmentsInCapitalOfSubsidiariesAndAssociatesOpeCF" />    <link:label xlink:type="resource" xlink:label="label_LossGainOnSalesOfInvestmentsInCapitalOfSubsidiariesAndAssociatesOpeCF_2" xml:lang="en" xlink:role="http://www.xbrl.org/2003/role/verboseLabel" id="label_LossGainOnSalesOfInvestmentsInCapitalOfSubsidiariesAndAssociatesOpeCF_2">Loss(gain) on sales of investments in capital of subsidiaries and associates- OpeCF</link:label>    <link:labelArc xlink:type="arc" xlink:arcrole="http://www.xbrl.org/2003/arcrole/concept-label" xlink:from="LossGainOnSalesOfInvestmentsInCapitalOfSubsidiariesAndAssociatesOpeCF" xlink:to="label_LossGainOnSalesOfInvestmentsInCapitalOfSubsidiariesAndAssociatesOpeCF_2" />    <link:label xlink:type="resource" xlink:label="label_LossOnValuationOfInvestmentsInCapitalOfSubsidiariesAndAssociatesOpeCF" xml:lang="en" xlink:role="http://www.xbrl.org/2003/role/label" id="label_LossOnValuationOfInvestmentsInCapitalOfSubsidiariesAndAssociatesOpeCF">Loss on valuation of investments in capital of subsidiaries and associates</link:label>    <link:labelArc xlink:type="arc" xlink:arcrole="http://www.xbrl.org/2003/arcrole/concept-label" xlink:from="LossOnValuationOfInvestmentsInCapitalOfSubsidiariesAndAssociatesOpeCF" xlink:to="label_LossOnValuationOfInvestmentsInCapitalOfSubsidiariesAndAssociatesOpeCF" />    <link:label xlink:type="resource" xlink:label="label_LossOnValuationOfInvestmentsInCapitalOfSubsidiariesAndAssociatesOpeCF_2" xml:lang="en" xlink:role="http://www.xbrl.org/2003/role/verboseLabel" id="label_LossOnValuationOfInvestmentsInCapitalOfSubsidiariesAndAssociatesOpeCF_2">Loss on valuation of investments in capital of subsidiaries and associates-OpeCF</link:label>    <link:labelArc xlink:type="arc" xlink:arcrole="http://www.xbrl.org/2003/arcrole/concept-label" xlink:from="LossOnValuationOfInvestmentsInCapitalOfSubsidiariesAndAssociatesOpeCF" xlink:to="label_LossOnValuationOfInvestmentsInCapitalOfSubsidiariesAndAssociatesOpeCF_2" />    <link:label xlink:type="resource" xlink:label="label_SubsidiesForEmploymentAdjustmentOpeCF" xml:lang="en" xlink:role="http://www.xbrl.org/2003/role/label" id="label_SubsidiesForEmploymentAdjustmentOpeCF">Subsidies for employment adjustment</link:label>    <link:labelArc xlink:type="arc" xlink:arcrole="http://www.xbrl.org/2003/arcrole/concept-label" xlink:from="SubsidiesForEmploymentAdjustmentOpeCF" xlink:to="label_SubsidiesForEmploymentAdjustmentOpeCF" />    <link:label xlink:type="resource" xlink:label="label_SubsidiesForEmploymentAdjustmentOpeCF_2" xml:lang="en" xlink:role="http://www.xbrl.org/2003/role/verboseLabel" id="label_SubsidiesForEmploymentAdjustmentOpeCF_2">Subsidies for employment adjustment-OpeCF</link:label>    <link:labelArc xlink:type="arc" xlink:arcrole="http://www.xbrl.org/2003/arcrole/concept-label" xlink:from="SubsidiesForEmploymentAdjustmentOpeCF" xlink:to="label_SubsidiesForEmploymentAdjustmentOpeCF_2" />    <link:label xlink:type="resource" xlink:label="label_ProceedsFromSubsidiesForEmploymentAdjustmentOpeCF" xml:lang="en" xlink:role="http://www.xbrl.org/2003/role/label" id="label_ProceedsFromSubsidiesForEmploymentAdjustmentOpeCF">Proceeds from subsidies for employment adjustment</link:label>    <link:labelArc xlink:type="arc" xlink:arcrole="http://www.xbrl.org/2003/arcrole/concept-label" xlink:from="ProceedsFromSubsidiesForEmploymentAdjustmentOpeCF" xlink:to="label_ProceedsFromSubsidiesForEmploymentAdjustmentOpeCF" />    <link:label xlink:type="resource" xlink:label="label_ProceedsFromSubsidiesForEmploymentAdjustmentOpeCF_2" xml:lang="en" xlink:role="http://www.xbrl.org/2003/role/verboseLabel" id="label_ProceedsFromSubsidiesForEmploymentAdjustmentOpeCF_2">Proceeds from subsidies for employment adjustment-OpeCF</link:label>    <link:labelArc xlink:type="arc" xlink:arcrole="http://www.xbrl.org/2003/arcrole/concept-label" xlink:from="ProceedsFromSubsidiesForEmploymentAdjustmentOpeCF" xlink:to="label_ProceedsFromSubsidiesForEmploymentAdjustmentOpeCF_2" />    <link:label xlink:type="resource" xlink:label="label_ProceedsFromSaleOfInvestmentsInCapitalOfSubsidiariesAndAssociatesInvCF" xml:lang="en" xlink:role="http://www.xbrl.org/2003/role/label" id="label_ProceedsFromSaleOfInvestmentsInCapitalOfSubsidiariesAndAssociatesInvCF">Proceeds from sale of investments in capital of subsidiaries and associates</link:label>    <link:labelArc xlink:type="arc" xlink:arcrole="http://www.xbrl.org/2003/arcrole/concept-label" xlink:from="ProceedsFromSaleOfInvestmentsInCapitalOfSubsidiariesAndAssociatesInvCF" xlink:to="label_ProceedsFromSaleOfInvestmentsInCapitalOfSubsidiariesAndAssociatesInvCF" />    <link:label xlink:type="resource" xlink:label="label_ProceedsFromSaleOfInvestmentsInCapitalOfSubsidiariesAndAssociatesInvCF_2" xml:lang="en" xlink:role="http://www.xbrl.org/2003/role/verboseLabel" id="label_ProceedsFromSaleOfInvestmentsInCapitalOfSubsidiariesAndAssociatesInvCF_2">Proceeds from sale of investments in capital of subsidiaries and associates - InvCF</link:label>    <link:labelArc xlink:type="arc" xlink:arcrole="http://www.xbrl.org/2003/arcrole/concept-label" xlink:from="ProceedsFromSaleOfInvestmentsInCapitalOfSubsidiariesAndAssociatesInvCF" xlink:to="label_ProceedsFromSaleOfInvestmentsInCapitalOfSubsidiariesAndAssociatesInvCF_2" />    <link:label xlink:type="resource" xlink:label="label_IncomeTaxesPaidRefundOpeCF" xml:lang="en" xlink:role="http://www.xbrl.org/2003/role/positiveLabel" id="label_IncomeTaxesPaidRefundOpeCF">Income taxes refund</link:label>    <link:labelArc xlink:type="arc" xlink:arcrole="http://www.xbrl.org/2003/arcrole/concept-label" xlink:from="IncomeTaxesPaidRefundOpeCF" xlink:to="label_IncomeTaxesPaidRefundOpeCF" />    <link:label xlink:type="resource" xlink:label="label_IncomeTaxesPaidRefundOpeCF_2" xml:lang="en" xlink:role="http://www.xbrl.org/2003/role/negativeLabel" id="label_IncomeTaxesPaidRefundOpeCF_2">Income taxes paid</link:label>    <link:labelArc xlink:type="arc" xlink:arcrole="http://www.xbrl.org/2003/arcrole/concept-label" xlink:from="IncomeTaxesPaidRefundOpeCF" xlink:to="label_IncomeTaxesPaidRefundOpeCF_2" />  </link:labelLink></link:linkbase>