﻿<?xml version="1.0" encoding="utf-8"?>
<!-- Edited with FutureStage XBRL Solution Library .NET 01-11 -->
<link:linkbase xmlns:xlink="http://www.w3.org/1999/xlink" xmlns:xsi="http://www.w3.org/2001/XMLSchema-instance" xmlns:link="http://www.xbrl.org/2003/linkbase">
  <link:labelLink xlink:type="extended" xlink:role="http://www.xbrl.org/2003/role/link">
    <link:label xml:lang="ja" xlink:type="resource" xlink:label="tse-qcedjpfr-43610_AStateGovernmentSubsidyIncomeEI_label" xlink:role="http://www.xbrl.org/2003/role/label">国庫補助金等収入</link:label>
    <link:label xml:lang="ja" xlink:type="resource" xlink:label="tse-qcedjpfr-43610_AStateGovernmentSubsidyIncomeEI_label_1" xlink:role="http://www.xbrl.org/2003/role/verboseLabel">国庫補助金等収入、特別利益</link:label>
    <link:loc xlink:type="locator" xlink:href="tse-qcedjpfr-43610-2022-08-31-01-2022-10-04.xsd#tse-qcedjpfr-43610_AStateGovernmentSubsidyIncomeEI" xlink:label="tse-qcedjpfr-43610_AStateGovernmentSubsidyIncomeEI" />
    <link:labelArc xlink:type="arc" xlink:from="tse-qcedjpfr-43610_AStateGovernmentSubsidyIncomeEI" xlink:to="tse-qcedjpfr-43610_AStateGovernmentSubsidyIncomeEI_label" xlink:arcrole="http://www.xbrl.org/2003/arcrole/concept-label" order="1" />
    <link:labelArc xlink:type="arc" xlink:from="tse-qcedjpfr-43610_AStateGovernmentSubsidyIncomeEI" xlink:to="tse-qcedjpfr-43610_AStateGovernmentSubsidyIncomeEI_label_1" xlink:arcrole="http://www.xbrl.org/2003/arcrole/concept-label" order="1" />
  </link:labelLink>
</link:linkbase>