<?xml version="1.0" encoding="utf-8"?>
<!-- Generated by PRONEXUS WORKS --><link:linkbase xmlns:link="http://www.xbrl.org/2003/linkbase" xmlns:xsi="http://www.w3.org/2001/XMLSchema-instance" xmlns:xbrli="http://www.xbrl.org/2003/instance" xmlns:xlink="http://www.w3.org/1999/xlink">  <link:labelLink xlink:type="extended" xlink:role="http://www.xbrl.org/2003/role/link">    <link:loc xlink:type="locator" xlink:href="tse-qcedjpfr-90900-2022-09-30-01-2022-10-31.xsd#tse-qcedjpfr-90900_ProvisionForShareBasedRemunerationForEmployeesNCL" xlink:label="ProvisionForShareBasedRemunerationForEmployeesNCL" />    <link:label xlink:type="resource" xlink:label="label_ProvisionForShareBasedRemunerationForEmployeesNCL" xml:lang="en" xlink:role="http://www.xbrl.org/2003/role/label" id="label_ProvisionForShareBasedRemunerationForEmployeesNCL">Provision for share-based remuneration for employees</link:label>    <link:labelArc xlink:type="arc" xlink:arcrole="http://www.xbrl.org/2003/arcrole/concept-label" xlink:from="ProvisionForShareBasedRemunerationForEmployeesNCL" xlink:to="label_ProvisionForShareBasedRemunerationForEmployeesNCL" />    <link:label xlink:type="resource" xlink:label="label_ProvisionForShareBasedRemunerationForEmployeesNCL_2" xml:lang="en" xlink:role="http://www.xbrl.org/2003/role/verboseLabel" id="label_ProvisionForShareBasedRemunerationForEmployeesNCL_2">Provision for share-based remuneration for employees - NCL</link:label>    <link:labelArc xlink:type="arc" xlink:arcrole="http://www.xbrl.org/2003/arcrole/concept-label" xlink:from="ProvisionForShareBasedRemunerationForEmployeesNCL" xlink:to="label_ProvisionForShareBasedRemunerationForEmployeesNCL_2" />  </link:labelLink></link:linkbase>