<?xml version="1.0" encoding="utf-8"?>
<!-- Generated by PRONEXUS WORKS --><link:linkbase xmlns:link="http://www.xbrl.org/2003/linkbase" xmlns:xsi="http://www.w3.org/2001/XMLSchema-instance" xmlns:xbrli="http://www.xbrl.org/2003/instance" xmlns:xlink="http://www.w3.org/1999/xlink">  <link:labelLink xlink:type="extended" xlink:role="http://www.xbrl.org/2003/role/link">    <link:loc xlink:type="locator" xlink:href="tse-qcedjpfr-93100-2022-09-30-01-2022-11-10.xsd#tse-qcedjpfr-93100_NotesAndAccountsReceivableTradeAndContractAssetsCA" xlink:label="NotesAndAccountsReceivableTradeAndContractAssetsCA" />    <link:label xlink:type="resource" xlink:label="label_NotesAndAccountsReceivableTradeAndContractAssetsCA" xml:lang="en" xlink:role="http://www.xbrl.org/2003/role/label" id="label_NotesAndAccountsReceivableTradeAndContractAssetsCA">Notes and accounts receivable-trade and contract assets</link:label>    <link:labelArc xlink:type="arc" xlink:arcrole="http://www.xbrl.org/2003/arcrole/concept-label" xlink:from="NotesAndAccountsReceivableTradeAndContractAssetsCA" xlink:to="label_NotesAndAccountsReceivableTradeAndContractAssetsCA" />    <link:label xlink:type="resource" xlink:label="label_NotesAndAccountsReceivableTradeAndContractAssetsCA_2" xml:lang="en" xlink:role="http://www.xbrl.org/2003/role/verboseLabel" id="label_NotesAndAccountsReceivableTradeAndContractAssetsCA_2">Notes and accounts receivable-trade and contract assets -CA</link:label>    <link:labelArc xlink:type="arc" xlink:arcrole="http://www.xbrl.org/2003/arcrole/concept-label" xlink:from="NotesAndAccountsReceivableTradeAndContractAssetsCA" xlink:to="label_NotesAndAccountsReceivableTradeAndContractAssetsCA_2" />  </link:labelLink></link:linkbase>