﻿<?xml version="1.0" encoding="utf-8"?>
<!-- Edited with FutureStage XBRL Solution Library .NET 01-11 -->
<link:linkbase xmlns:xlink="http://www.w3.org/1999/xlink" xmlns:xsi="http://www.w3.org/2001/XMLSchema-instance" xmlns:link="http://www.xbrl.org/2003/linkbase">
  <link:labelLink xlink:type="extended" xlink:role="http://www.xbrl.org/2003/role/link">
    <link:label xml:lang="ja" xlink:type="resource" xlink:label="jppfs_cor_CumulativeEffectsOfChangesInAccountingPolicies_label" xlink:role="http://www.xbrl.org/2003/role/periodStartLabel">会計方針の変更による累積的影響額</link:label>
    <link:label xml:lang="ja" xlink:type="resource" xlink:label="jppfs_cor_RestatedBalance_label" xlink:role="http://www.xbrl.org/2003/role/periodStartLabel">会計方針の変更を反映した当期首残高</link:label>
    <link:label xml:lang="ja" xlink:type="resource" xlink:label="tse-scedjpfr-83990_LeaseReceivablesAndInvestmentAssetsAssetsBNK_label" xlink:role="http://www.xbrl.org/2003/role/label">リース債権及びリース投資資産</link:label>
    <link:label xml:lang="ja" xlink:type="resource" xlink:label="tse-scedjpfr-83990_LeaseReceivablesAndInvestmentAssetsAssetsBNK_label_1" xlink:role="http://www.xbrl.org/2003/role/verboseLabel">リース債権及びリース投資資産、資産の部、銀行業</link:label>
    <link:loc xlink:type="locator" xlink:href="http://disclosure.edinet-fsa.go.jp/taxonomy/jppfs/2021-11-01/jppfs_cor_2021-11-01.xsd#jppfs_cor_CumulativeEffectsOfChangesInAccountingPolicies" xlink:label="jppfs_cor_CumulativeEffectsOfChangesInAccountingPolicies" />
    <link:loc xlink:type="locator" xlink:href="http://disclosure.edinet-fsa.go.jp/taxonomy/jppfs/2021-11-01/jppfs_cor_2021-11-01.xsd#jppfs_cor_RestatedBalance" xlink:label="jppfs_cor_RestatedBalance" />
    <link:loc xlink:type="locator" xlink:href="tse-scedjpfr-83990-2022-09-30-01-2022-11-08.xsd#tse-scedjpfr-83990_LeaseReceivablesAndInvestmentAssetsAssetsBNK" xlink:label="tse-scedjpfr-83990_LeaseReceivablesAndInvestmentAssetsAssetsBNK" />
    <link:labelArc xlink:type="arc" xlink:from="jppfs_cor_CumulativeEffectsOfChangesInAccountingPolicies" xlink:to="jppfs_cor_CumulativeEffectsOfChangesInAccountingPolicies_label" xlink:arcrole="http://www.xbrl.org/2003/arcrole/concept-label" order="1" />
    <link:labelArc xlink:type="arc" xlink:from="jppfs_cor_RestatedBalance" xlink:to="jppfs_cor_RestatedBalance_label" xlink:arcrole="http://www.xbrl.org/2003/arcrole/concept-label" order="1" />
    <link:labelArc xlink:type="arc" xlink:from="tse-scedjpfr-83990_LeaseReceivablesAndInvestmentAssetsAssetsBNK" xlink:to="tse-scedjpfr-83990_LeaseReceivablesAndInvestmentAssetsAssetsBNK_label" xlink:arcrole="http://www.xbrl.org/2003/arcrole/concept-label" order="1" />
    <link:labelArc xlink:type="arc" xlink:from="tse-scedjpfr-83990_LeaseReceivablesAndInvestmentAssetsAssetsBNK" xlink:to="tse-scedjpfr-83990_LeaseReceivablesAndInvestmentAssetsAssetsBNK_label_1" xlink:arcrole="http://www.xbrl.org/2003/arcrole/concept-label" order="1" />
  </link:labelLink>
</link:linkbase>