﻿<?xml version="1.0" encoding="utf-8"?>
<!-- Edited with FutureStage XBRL Solution Library .NET 01-11 -->
<link:linkbase xmlns:xlink="http://www.w3.org/1999/xlink" xmlns:xsi="http://www.w3.org/2001/XMLSchema-instance" xmlns:link="http://www.xbrl.org/2003/linkbase">
  <link:roleRef xlink:type="simple" xlink:href="http://disclosure.edinet-fsa.go.jp/taxonomy/jppfs/2021-11-01/jppfs_rt_2021-11-01.xsd#rol_QuarterlyConsolidatedBalanceSheet" roleURI="http://disclosure.edinet-fsa.go.jp/role/jppfs/rol_QuarterlyConsolidatedBalanceSheet" />
  <link:roleRef xlink:type="simple" xlink:href="http://disclosure.edinet-fsa.go.jp/taxonomy/jppfs/2021-11-01/jppfs_rt_2021-11-01.xsd#rol_QuarterlyConsolidatedStatementOfCashFlows-indirect" roleURI="http://disclosure.edinet-fsa.go.jp/role/jppfs/rol_QuarterlyConsolidatedStatementOfCashFlows-indirect" />
  <link:roleRef xlink:type="simple" xlink:href="http://disclosure.edinet-fsa.go.jp/taxonomy/jppfs/2021-11-01/jppfs_rt_2021-11-01.xsd#rol_YearToQuarterEndConsolidatedStatementOfComprehensiveIncome" roleURI="http://disclosure.edinet-fsa.go.jp/role/jppfs/rol_YearToQuarterEndConsolidatedStatementOfComprehensiveIncome" />
  <link:roleRef xlink:type="simple" xlink:href="http://disclosure.edinet-fsa.go.jp/taxonomy/jppfs/2021-11-01/jppfs_rt_2021-11-01.xsd#rol_YearToQuarterEndConsolidatedStatementOfIncome" roleURI="http://disclosure.edinet-fsa.go.jp/role/jppfs/rol_YearToQuarterEndConsolidatedStatementOfIncome" />
  <link:calculationLink xlink:type="extended" xlink:role="http://disclosure.edinet-fsa.go.jp/role/jppfs/rol_QuarterlyConsolidatedBalanceSheet">
    <link:loc xlink:type="locator" xlink:href="http://disclosure.edinet-fsa.go.jp/taxonomy/jppfs/2021-11-01/jppfs_cor_2021-11-01.xsd#jppfs_cor_AccountsPayableTrade" xlink:label="jppfs_cor_AccountsPayableTrade" />
    <link:loc xlink:type="locator" xlink:href="http://disclosure.edinet-fsa.go.jp/taxonomy/jppfs/2021-11-01/jppfs_cor_2021-11-01.xsd#jppfs_cor_AllowanceForDoubtfulAccountsCA" xlink:label="jppfs_cor_AllowanceForDoubtfulAccountsCA" />
    <link:loc xlink:type="locator" xlink:href="http://disclosure.edinet-fsa.go.jp/taxonomy/jppfs/2021-11-01/jppfs_cor_2021-11-01.xsd#jppfs_cor_AllowanceForDoubtfulAccountsIOAByGroup" xlink:label="jppfs_cor_AllowanceForDoubtfulAccountsIOAByGroup" />
    <link:loc xlink:type="locator" xlink:href="http://disclosure.edinet-fsa.go.jp/taxonomy/jppfs/2021-11-01/jppfs_cor_2021-11-01.xsd#jppfs_cor_Assets" xlink:label="jppfs_cor_Assets" />
    <link:loc xlink:type="locator" xlink:href="http://disclosure.edinet-fsa.go.jp/taxonomy/jppfs/2021-11-01/jppfs_cor_2021-11-01.xsd#jppfs_cor_CapitalStock" xlink:label="jppfs_cor_CapitalStock" />
    <link:loc xlink:type="locator" xlink:href="http://disclosure.edinet-fsa.go.jp/taxonomy/jppfs/2021-11-01/jppfs_cor_2021-11-01.xsd#jppfs_cor_CapitalSurplus" xlink:label="jppfs_cor_CapitalSurplus" />
    <link:loc xlink:type="locator" xlink:href="http://disclosure.edinet-fsa.go.jp/taxonomy/jppfs/2021-11-01/jppfs_cor_2021-11-01.xsd#jppfs_cor_CashAndDeposits" xlink:label="jppfs_cor_CashAndDeposits" />
    <link:loc xlink:type="locator" xlink:href="http://disclosure.edinet-fsa.go.jp/taxonomy/jppfs/2021-11-01/jppfs_cor_2021-11-01.xsd#jppfs_cor_CurrentAssets" xlink:label="jppfs_cor_CurrentAssets" />
    <link:loc xlink:type="locator" xlink:href="http://disclosure.edinet-fsa.go.jp/taxonomy/jppfs/2021-11-01/jppfs_cor_2021-11-01.xsd#jppfs_cor_CurrentLiabilities" xlink:label="jppfs_cor_CurrentLiabilities" />
    <link:loc xlink:type="locator" xlink:href="http://disclosure.edinet-fsa.go.jp/taxonomy/jppfs/2021-11-01/jppfs_cor_2021-11-01.xsd#jppfs_cor_CurrentPortionOfLongTermLoansPayable" xlink:label="jppfs_cor_CurrentPortionOfLongTermLoansPayable" />
    <link:loc xlink:type="locator" xlink:href="http://disclosure.edinet-fsa.go.jp/taxonomy/jppfs/2021-11-01/jppfs_cor_2021-11-01.xsd#jppfs_cor_ElectronicallyRecordedMonetaryClaimsOperatingCA" xlink:label="jppfs_cor_ElectronicallyRecordedMonetaryClaimsOperatingCA" />
    <link:loc xlink:type="locator" xlink:href="http://disclosure.edinet-fsa.go.jp/taxonomy/jppfs/2021-11-01/jppfs_cor_2021-11-01.xsd#jppfs_cor_ElectronicallyRecordedObligationsOperatingCL" xlink:label="jppfs_cor_ElectronicallyRecordedObligationsOperatingCL" />
    <link:loc xlink:type="locator" xlink:href="http://disclosure.edinet-fsa.go.jp/taxonomy/jppfs/2021-11-01/jppfs_cor_2021-11-01.xsd#jppfs_cor_ForeignCurrencyTranslationAdjustment" xlink:label="jppfs_cor_ForeignCurrencyTranslationAdjustment" />
    <link:loc xlink:type="locator" xlink:href="http://disclosure.edinet-fsa.go.jp/taxonomy/jppfs/2021-11-01/jppfs_cor_2021-11-01.xsd#jppfs_cor_IncomeTaxesPayable" xlink:label="jppfs_cor_IncomeTaxesPayable" />
    <link:loc xlink:type="locator" xlink:href="http://disclosure.edinet-fsa.go.jp/taxonomy/jppfs/2021-11-01/jppfs_cor_2021-11-01.xsd#jppfs_cor_IntangibleAssets" xlink:label="jppfs_cor_IntangibleAssets" />
    <link:loc xlink:type="locator" xlink:href="http://disclosure.edinet-fsa.go.jp/taxonomy/jppfs/2021-11-01/jppfs_cor_2021-11-01.xsd#jppfs_cor_InvestmentsAndOtherAssets" xlink:label="jppfs_cor_InvestmentsAndOtherAssets" />
    <link:loc xlink:type="locator" xlink:href="http://disclosure.edinet-fsa.go.jp/taxonomy/jppfs/2021-11-01/jppfs_cor_2021-11-01.xsd#jppfs_cor_InvestmentSecurities" xlink:label="jppfs_cor_InvestmentSecurities" />
    <link:loc xlink:type="locator" xlink:href="http://disclosure.edinet-fsa.go.jp/taxonomy/jppfs/2021-11-01/jppfs_cor_2021-11-01.xsd#jppfs_cor_Liabilities" xlink:label="jppfs_cor_Liabilities" />
    <link:loc xlink:type="locator" xlink:href="http://disclosure.edinet-fsa.go.jp/taxonomy/jppfs/2021-11-01/jppfs_cor_2021-11-01.xsd#jppfs_cor_LiabilitiesAndNetAssets" xlink:label="jppfs_cor_LiabilitiesAndNetAssets" />
    <link:loc xlink:type="locator" xlink:href="http://disclosure.edinet-fsa.go.jp/taxonomy/jppfs/2021-11-01/jppfs_cor_2021-11-01.xsd#jppfs_cor_LongTermLoansPayable" xlink:label="jppfs_cor_LongTermLoansPayable" />
    <link:loc xlink:type="locator" xlink:href="http://disclosure.edinet-fsa.go.jp/taxonomy/jppfs/2021-11-01/jppfs_cor_2021-11-01.xsd#jppfs_cor_MerchandiseAndFinishedGoods" xlink:label="jppfs_cor_MerchandiseAndFinishedGoods" />
    <link:loc xlink:type="locator" xlink:href="http://disclosure.edinet-fsa.go.jp/taxonomy/jppfs/2021-11-01/jppfs_cor_2021-11-01.xsd#jppfs_cor_NetAssets" xlink:label="jppfs_cor_NetAssets" />
    <link:loc xlink:type="locator" xlink:href="http://disclosure.edinet-fsa.go.jp/taxonomy/jppfs/2021-11-01/jppfs_cor_2021-11-01.xsd#jppfs_cor_NetDefinedBenefitLiability" xlink:label="jppfs_cor_NetDefinedBenefitLiability" />
    <link:loc xlink:type="locator" xlink:href="http://disclosure.edinet-fsa.go.jp/taxonomy/jppfs/2021-11-01/jppfs_cor_2021-11-01.xsd#jppfs_cor_NonControllingInterests" xlink:label="jppfs_cor_NonControllingInterests" />
    <link:loc xlink:type="locator" xlink:href="http://disclosure.edinet-fsa.go.jp/taxonomy/jppfs/2021-11-01/jppfs_cor_2021-11-01.xsd#jppfs_cor_NoncurrentAssets" xlink:label="jppfs_cor_NoncurrentAssets" />
    <link:loc xlink:type="locator" xlink:href="http://disclosure.edinet-fsa.go.jp/taxonomy/jppfs/2021-11-01/jppfs_cor_2021-11-01.xsd#jppfs_cor_NoncurrentLiabilities" xlink:label="jppfs_cor_NoncurrentLiabilities" />
    <link:loc xlink:type="locator" xlink:href="http://disclosure.edinet-fsa.go.jp/taxonomy/jppfs/2021-11-01/jppfs_cor_2021-11-01.xsd#jppfs_cor_NotesAndAccountsReceivableTrade" xlink:label="jppfs_cor_NotesAndAccountsReceivableTrade" />
    <link:loc xlink:type="locator" xlink:href="http://disclosure.edinet-fsa.go.jp/taxonomy/jppfs/2021-11-01/jppfs_cor_2021-11-01.xsd#jppfs_cor_OtherCA" xlink:label="jppfs_cor_OtherCA" />
    <link:loc xlink:type="locator" xlink:href="http://disclosure.edinet-fsa.go.jp/taxonomy/jppfs/2021-11-01/jppfs_cor_2021-11-01.xsd#jppfs_cor_OtherCL" xlink:label="jppfs_cor_OtherCL" />
    <link:loc xlink:type="locator" xlink:href="http://disclosure.edinet-fsa.go.jp/taxonomy/jppfs/2021-11-01/jppfs_cor_2021-11-01.xsd#jppfs_cor_OtherIOA" xlink:label="jppfs_cor_OtherIOA" />
    <link:loc xlink:type="locator" xlink:href="http://disclosure.edinet-fsa.go.jp/taxonomy/jppfs/2021-11-01/jppfs_cor_2021-11-01.xsd#jppfs_cor_OtherNCL" xlink:label="jppfs_cor_OtherNCL" />
    <link:loc xlink:type="locator" xlink:href="http://disclosure.edinet-fsa.go.jp/taxonomy/jppfs/2021-11-01/jppfs_cor_2021-11-01.xsd#jppfs_cor_PropertyPlantAndEquipment" xlink:label="jppfs_cor_PropertyPlantAndEquipment" />
    <link:loc xlink:type="locator" xlink:href="http://disclosure.edinet-fsa.go.jp/taxonomy/jppfs/2021-11-01/jppfs_cor_2021-11-01.xsd#jppfs_cor_ProvisionForBonuses" xlink:label="jppfs_cor_ProvisionForBonuses" />
    <link:loc xlink:type="locator" xlink:href="http://disclosure.edinet-fsa.go.jp/taxonomy/jppfs/2021-11-01/jppfs_cor_2021-11-01.xsd#jppfs_cor_ProvisionForDirectorsBonuses" xlink:label="jppfs_cor_ProvisionForDirectorsBonuses" />
    <link:loc xlink:type="locator" xlink:href="http://disclosure.edinet-fsa.go.jp/taxonomy/jppfs/2021-11-01/jppfs_cor_2021-11-01.xsd#jppfs_cor_ProvisionForDirectorsRetirementBenefits" xlink:label="jppfs_cor_ProvisionForDirectorsRetirementBenefits" />
    <link:loc xlink:type="locator" xlink:href="http://disclosure.edinet-fsa.go.jp/taxonomy/jppfs/2021-11-01/jppfs_cor_2021-11-01.xsd#jppfs_cor_RawMaterialsAndSupplies" xlink:label="jppfs_cor_RawMaterialsAndSupplies" />
    <link:loc xlink:type="locator" xlink:href="http://disclosure.edinet-fsa.go.jp/taxonomy/jppfs/2021-11-01/jppfs_cor_2021-11-01.xsd#jppfs_cor_RetainedEarnings" xlink:label="jppfs_cor_RetainedEarnings" />
    <link:loc xlink:type="locator" xlink:href="http://disclosure.edinet-fsa.go.jp/taxonomy/jppfs/2021-11-01/jppfs_cor_2021-11-01.xsd#jppfs_cor_RevaluationReserveForLand" xlink:label="jppfs_cor_RevaluationReserveForLand" />
    <link:loc xlink:type="locator" xlink:href="http://disclosure.edinet-fsa.go.jp/taxonomy/jppfs/2021-11-01/jppfs_cor_2021-11-01.xsd#jppfs_cor_ShareholdersEquity" xlink:label="jppfs_cor_ShareholdersEquity" />
    <link:loc xlink:type="locator" xlink:href="http://disclosure.edinet-fsa.go.jp/taxonomy/jppfs/2021-11-01/jppfs_cor_2021-11-01.xsd#jppfs_cor_ShortTermLoansPayable" xlink:label="jppfs_cor_ShortTermLoansPayable" />
    <link:loc xlink:type="locator" xlink:href="http://disclosure.edinet-fsa.go.jp/taxonomy/jppfs/2021-11-01/jppfs_cor_2021-11-01.xsd#jppfs_cor_TreasuryStock" xlink:label="jppfs_cor_TreasuryStock" />
    <link:loc xlink:type="locator" xlink:href="http://disclosure.edinet-fsa.go.jp/taxonomy/jppfs/2021-11-01/jppfs_cor_2021-11-01.xsd#jppfs_cor_ValuationAndTranslationAdjustments" xlink:label="jppfs_cor_ValuationAndTranslationAdjustments" />
    <link:loc xlink:type="locator" xlink:href="http://disclosure.edinet-fsa.go.jp/taxonomy/jppfs/2021-11-01/jppfs_cor_2021-11-01.xsd#jppfs_cor_ValuationDifferenceOnAvailableForSaleSecurities" xlink:label="jppfs_cor_ValuationDifferenceOnAvailableForSaleSecurities" />
    <link:loc xlink:type="locator" xlink:href="http://disclosure.edinet-fsa.go.jp/taxonomy/jppfs/2021-11-01/jppfs_cor_2021-11-01.xsd#jppfs_cor_WorkInProcess" xlink:label="jppfs_cor_WorkInProcess" />
    <link:calculationArc xlink:type="arc" xlink:from="jppfs_cor_Assets" xlink:to="jppfs_cor_CurrentAssets" xlink:arcrole="http://www.xbrl.org/2003/arcrole/summation-item" order="1" weight="1" />
    <link:calculationArc xlink:type="arc" xlink:from="jppfs_cor_Assets" xlink:to="jppfs_cor_NoncurrentAssets" xlink:arcrole="http://www.xbrl.org/2003/arcrole/summation-item" order="2" weight="1" />
    <link:calculationArc xlink:type="arc" xlink:from="jppfs_cor_CurrentAssets" xlink:to="jppfs_cor_CashAndDeposits" xlink:arcrole="http://www.xbrl.org/2003/arcrole/summation-item" order="1" weight="1" />
    <link:calculationArc xlink:type="arc" xlink:from="jppfs_cor_CurrentAssets" xlink:to="jppfs_cor_NotesAndAccountsReceivableTrade" xlink:arcrole="http://www.xbrl.org/2003/arcrole/summation-item" order="2" weight="1" />
    <link:calculationArc xlink:type="arc" xlink:from="jppfs_cor_CurrentAssets" xlink:to="jppfs_cor_ElectronicallyRecordedMonetaryClaimsOperatingCA" xlink:arcrole="http://www.xbrl.org/2003/arcrole/summation-item" order="3" weight="1" />
    <link:calculationArc xlink:type="arc" xlink:from="jppfs_cor_CurrentAssets" xlink:to="jppfs_cor_MerchandiseAndFinishedGoods" xlink:arcrole="http://www.xbrl.org/2003/arcrole/summation-item" order="4" weight="1" />
    <link:calculationArc xlink:type="arc" xlink:from="jppfs_cor_CurrentAssets" xlink:to="jppfs_cor_WorkInProcess" xlink:arcrole="http://www.xbrl.org/2003/arcrole/summation-item" order="5" weight="1" />
    <link:calculationArc xlink:type="arc" xlink:from="jppfs_cor_CurrentAssets" xlink:to="jppfs_cor_RawMaterialsAndSupplies" xlink:arcrole="http://www.xbrl.org/2003/arcrole/summation-item" order="6" weight="1" />
    <link:calculationArc xlink:type="arc" xlink:from="jppfs_cor_CurrentAssets" xlink:to="jppfs_cor_OtherCA" xlink:arcrole="http://www.xbrl.org/2003/arcrole/summation-item" order="7" weight="1" />
    <link:calculationArc xlink:type="arc" xlink:from="jppfs_cor_CurrentAssets" xlink:to="jppfs_cor_AllowanceForDoubtfulAccountsCA" xlink:arcrole="http://www.xbrl.org/2003/arcrole/summation-item" order="8" weight="1" />
    <link:calculationArc xlink:type="arc" xlink:from="jppfs_cor_CurrentLiabilities" xlink:to="jppfs_cor_ElectronicallyRecordedObligationsOperatingCL" xlink:arcrole="http://www.xbrl.org/2003/arcrole/summation-item" order="1" weight="1" />
    <link:calculationArc xlink:type="arc" xlink:from="jppfs_cor_CurrentLiabilities" xlink:to="jppfs_cor_CurrentPortionOfLongTermLoansPayable" xlink:arcrole="http://www.xbrl.org/2003/arcrole/summation-item" order="2" weight="1" />
    <link:calculationArc xlink:type="arc" xlink:from="jppfs_cor_CurrentLiabilities" xlink:to="jppfs_cor_IncomeTaxesPayable" xlink:arcrole="http://www.xbrl.org/2003/arcrole/summation-item" order="3" weight="1" />
    <link:calculationArc xlink:type="arc" xlink:from="jppfs_cor_CurrentLiabilities" xlink:to="jppfs_cor_ProvisionForBonuses" xlink:arcrole="http://www.xbrl.org/2003/arcrole/summation-item" order="4" weight="1" />
    <link:calculationArc xlink:type="arc" xlink:from="jppfs_cor_CurrentLiabilities" xlink:to="jppfs_cor_ProvisionForDirectorsBonuses" xlink:arcrole="http://www.xbrl.org/2003/arcrole/summation-item" order="5" weight="1" />
    <link:calculationArc xlink:type="arc" xlink:from="jppfs_cor_CurrentLiabilities" xlink:to="jppfs_cor_OtherCL" xlink:arcrole="http://www.xbrl.org/2003/arcrole/summation-item" order="6" weight="1" />
    <link:calculationArc xlink:type="arc" xlink:from="jppfs_cor_CurrentLiabilities" xlink:to="jppfs_cor_AccountsPayableTrade" xlink:arcrole="http://www.xbrl.org/2003/arcrole/summation-item" order="7" weight="1" />
    <link:calculationArc xlink:type="arc" xlink:from="jppfs_cor_CurrentLiabilities" xlink:to="jppfs_cor_ShortTermLoansPayable" xlink:arcrole="http://www.xbrl.org/2003/arcrole/summation-item" order="8" weight="1" />
    <link:calculationArc xlink:type="arc" xlink:from="jppfs_cor_NoncurrentAssets" xlink:to="jppfs_cor_InvestmentsAndOtherAssets" xlink:arcrole="http://www.xbrl.org/2003/arcrole/summation-item" order="3" weight="1" />
    <link:calculationArc xlink:type="arc" xlink:from="jppfs_cor_InvestmentsAndOtherAssets" xlink:to="jppfs_cor_InvestmentSecurities" xlink:arcrole="http://www.xbrl.org/2003/arcrole/summation-item" order="1" weight="1" />
    <link:calculationArc xlink:type="arc" xlink:from="jppfs_cor_InvestmentsAndOtherAssets" xlink:to="jppfs_cor_OtherIOA" xlink:arcrole="http://www.xbrl.org/2003/arcrole/summation-item" order="2" weight="1" />
    <link:calculationArc xlink:type="arc" xlink:from="jppfs_cor_InvestmentsAndOtherAssets" xlink:to="jppfs_cor_AllowanceForDoubtfulAccountsIOAByGroup" xlink:arcrole="http://www.xbrl.org/2003/arcrole/summation-item" order="3" weight="1" />
    <link:calculationArc xlink:type="arc" xlink:from="jppfs_cor_LiabilitiesAndNetAssets" xlink:to="jppfs_cor_Liabilities" xlink:arcrole="http://www.xbrl.org/2003/arcrole/summation-item" order="1" weight="1" />
    <link:calculationArc xlink:type="arc" xlink:from="jppfs_cor_Liabilities" xlink:to="jppfs_cor_CurrentLiabilities" xlink:arcrole="http://www.xbrl.org/2003/arcrole/summation-item" order="1" weight="1" />
    <link:calculationArc xlink:type="arc" xlink:from="jppfs_cor_Liabilities" xlink:to="jppfs_cor_NoncurrentLiabilities" xlink:arcrole="http://www.xbrl.org/2003/arcrole/summation-item" order="2" weight="1" />
    <link:calculationArc xlink:type="arc" xlink:from="jppfs_cor_LiabilitiesAndNetAssets" xlink:to="jppfs_cor_NetAssets" xlink:arcrole="http://www.xbrl.org/2003/arcrole/summation-item" order="2" weight="1" />
    <link:calculationArc xlink:type="arc" xlink:from="jppfs_cor_NetAssets" xlink:to="jppfs_cor_ShareholdersEquity" xlink:arcrole="http://www.xbrl.org/2003/arcrole/summation-item" order="1" weight="1" />
    <link:calculationArc xlink:type="arc" xlink:from="jppfs_cor_NetAssets" xlink:to="jppfs_cor_ValuationAndTranslationAdjustments" xlink:arcrole="http://www.xbrl.org/2003/arcrole/summation-item" order="2" weight="1" />
    <link:calculationArc xlink:type="arc" xlink:from="jppfs_cor_NetAssets" xlink:to="jppfs_cor_NonControllingInterests" xlink:arcrole="http://www.xbrl.org/2003/arcrole/summation-item" order="3" weight="1" />
    <link:calculationArc xlink:type="arc" xlink:from="jppfs_cor_NoncurrentAssets" xlink:to="jppfs_cor_PropertyPlantAndEquipment" xlink:arcrole="http://www.xbrl.org/2003/arcrole/summation-item" order="1" weight="1" />
    <link:calculationArc xlink:type="arc" xlink:from="jppfs_cor_NoncurrentAssets" xlink:to="jppfs_cor_IntangibleAssets" xlink:arcrole="http://www.xbrl.org/2003/arcrole/summation-item" order="2" weight="1" />
    <link:calculationArc xlink:type="arc" xlink:from="jppfs_cor_NoncurrentLiabilities" xlink:to="jppfs_cor_ProvisionForDirectorsRetirementBenefits" xlink:arcrole="http://www.xbrl.org/2003/arcrole/summation-item" order="1" weight="1" />
    <link:calculationArc xlink:type="arc" xlink:from="jppfs_cor_NoncurrentLiabilities" xlink:to="jppfs_cor_NetDefinedBenefitLiability" xlink:arcrole="http://www.xbrl.org/2003/arcrole/summation-item" order="2" weight="1" />
    <link:calculationArc xlink:type="arc" xlink:from="jppfs_cor_NoncurrentLiabilities" xlink:to="jppfs_cor_OtherNCL" xlink:arcrole="http://www.xbrl.org/2003/arcrole/summation-item" order="3" weight="1" />
    <link:calculationArc xlink:type="arc" xlink:from="jppfs_cor_NoncurrentLiabilities" xlink:to="jppfs_cor_LongTermLoansPayable" xlink:arcrole="http://www.xbrl.org/2003/arcrole/summation-item" order="4" weight="1" />
    <link:calculationArc xlink:type="arc" xlink:from="jppfs_cor_ShareholdersEquity" xlink:to="jppfs_cor_CapitalStock" xlink:arcrole="http://www.xbrl.org/2003/arcrole/summation-item" order="1" weight="1" />
    <link:calculationArc xlink:type="arc" xlink:from="jppfs_cor_ShareholdersEquity" xlink:to="jppfs_cor_CapitalSurplus" xlink:arcrole="http://www.xbrl.org/2003/arcrole/summation-item" order="2" weight="1" />
    <link:calculationArc xlink:type="arc" xlink:from="jppfs_cor_ShareholdersEquity" xlink:to="jppfs_cor_RetainedEarnings" xlink:arcrole="http://www.xbrl.org/2003/arcrole/summation-item" order="3" weight="1" />
    <link:calculationArc xlink:type="arc" xlink:from="jppfs_cor_ShareholdersEquity" xlink:to="jppfs_cor_TreasuryStock" xlink:arcrole="http://www.xbrl.org/2003/arcrole/summation-item" order="4" weight="1" />
    <link:calculationArc xlink:type="arc" xlink:from="jppfs_cor_ValuationAndTranslationAdjustments" xlink:to="jppfs_cor_ValuationDifferenceOnAvailableForSaleSecurities" xlink:arcrole="http://www.xbrl.org/2003/arcrole/summation-item" order="1" weight="1" />
    <link:calculationArc xlink:type="arc" xlink:from="jppfs_cor_ValuationAndTranslationAdjustments" xlink:to="jppfs_cor_RevaluationReserveForLand" xlink:arcrole="http://www.xbrl.org/2003/arcrole/summation-item" order="2" weight="1" />
    <link:calculationArc xlink:type="arc" xlink:from="jppfs_cor_ValuationAndTranslationAdjustments" xlink:to="jppfs_cor_ForeignCurrencyTranslationAdjustment" xlink:arcrole="http://www.xbrl.org/2003/arcrole/summation-item" order="3" weight="1" />
  </link:calculationLink>
  <link:calculationLink xlink:type="extended" xlink:role="http://disclosure.edinet-fsa.go.jp/role/jppfs/rol_YearToQuarterEndConsolidatedStatementOfIncome">
    <link:loc xlink:type="locator" xlink:href="http://disclosure.edinet-fsa.go.jp/taxonomy/jppfs/2021-11-01/jppfs_cor_2021-11-01.xsd#jppfs_cor_CostOfSales" xlink:label="jppfs_cor_CostOfSales" />
    <link:loc xlink:type="locator" xlink:href="http://disclosure.edinet-fsa.go.jp/taxonomy/jppfs/2021-11-01/jppfs_cor_2021-11-01.xsd#jppfs_cor_DividendsIncomeNOI" xlink:label="jppfs_cor_DividendsIncomeNOI" />
    <link:loc xlink:type="locator" xlink:href="http://disclosure.edinet-fsa.go.jp/taxonomy/jppfs/2021-11-01/jppfs_cor_2021-11-01.xsd#jppfs_cor_EquityInEarningsOfAffiliatesNOI" xlink:label="jppfs_cor_EquityInEarningsOfAffiliatesNOI" />
    <link:loc xlink:type="locator" xlink:href="http://disclosure.edinet-fsa.go.jp/taxonomy/jppfs/2021-11-01/jppfs_cor_2021-11-01.xsd#jppfs_cor_GrossProfit" xlink:label="jppfs_cor_GrossProfit" />
    <link:loc xlink:type="locator" xlink:href="http://disclosure.edinet-fsa.go.jp/taxonomy/jppfs/2021-11-01/jppfs_cor_2021-11-01.xsd#jppfs_cor_IncomeBeforeIncomeTaxes" xlink:label="jppfs_cor_IncomeBeforeIncomeTaxes" />
    <link:loc xlink:type="locator" xlink:href="http://disclosure.edinet-fsa.go.jp/taxonomy/jppfs/2021-11-01/jppfs_cor_2021-11-01.xsd#jppfs_cor_IncomeTaxes" xlink:label="jppfs_cor_IncomeTaxes" />
    <link:loc xlink:type="locator" xlink:href="http://disclosure.edinet-fsa.go.jp/taxonomy/jppfs/2021-11-01/jppfs_cor_2021-11-01.xsd#jppfs_cor_IncomeTaxesCurrent" xlink:label="jppfs_cor_IncomeTaxesCurrent" />
    <link:loc xlink:type="locator" xlink:href="http://disclosure.edinet-fsa.go.jp/taxonomy/jppfs/2021-11-01/jppfs_cor_2021-11-01.xsd#jppfs_cor_InterestExpensesNOE" xlink:label="jppfs_cor_InterestExpensesNOE" />
    <link:loc xlink:type="locator" xlink:href="http://disclosure.edinet-fsa.go.jp/taxonomy/jppfs/2021-11-01/jppfs_cor_2021-11-01.xsd#jppfs_cor_InterestIncomeNOI" xlink:label="jppfs_cor_InterestIncomeNOI" />
    <link:loc xlink:type="locator" xlink:href="http://disclosure.edinet-fsa.go.jp/taxonomy/jppfs/2021-11-01/jppfs_cor_2021-11-01.xsd#jppfs_cor_NetSales" xlink:label="jppfs_cor_NetSales" />
    <link:loc xlink:type="locator" xlink:href="http://disclosure.edinet-fsa.go.jp/taxonomy/jppfs/2021-11-01/jppfs_cor_2021-11-01.xsd#jppfs_cor_NonOperatingExpenses" xlink:label="jppfs_cor_NonOperatingExpenses" />
    <link:loc xlink:type="locator" xlink:href="http://disclosure.edinet-fsa.go.jp/taxonomy/jppfs/2021-11-01/jppfs_cor_2021-11-01.xsd#jppfs_cor_NonOperatingIncome" xlink:label="jppfs_cor_NonOperatingIncome" />
    <link:loc xlink:type="locator" xlink:href="http://disclosure.edinet-fsa.go.jp/taxonomy/jppfs/2021-11-01/jppfs_cor_2021-11-01.xsd#jppfs_cor_OperatingIncome" xlink:label="jppfs_cor_OperatingIncome" />
    <link:loc xlink:type="locator" xlink:href="http://disclosure.edinet-fsa.go.jp/taxonomy/jppfs/2021-11-01/jppfs_cor_2021-11-01.xsd#jppfs_cor_OrdinaryIncome" xlink:label="jppfs_cor_OrdinaryIncome" />
    <link:loc xlink:type="locator" xlink:href="http://disclosure.edinet-fsa.go.jp/taxonomy/jppfs/2021-11-01/jppfs_cor_2021-11-01.xsd#jppfs_cor_OtherNOE" xlink:label="jppfs_cor_OtherNOE" />
    <link:loc xlink:type="locator" xlink:href="http://disclosure.edinet-fsa.go.jp/taxonomy/jppfs/2021-11-01/jppfs_cor_2021-11-01.xsd#jppfs_cor_OtherNOI" xlink:label="jppfs_cor_OtherNOI" />
    <link:loc xlink:type="locator" xlink:href="http://disclosure.edinet-fsa.go.jp/taxonomy/jppfs/2021-11-01/jppfs_cor_2021-11-01.xsd#jppfs_cor_ProfitLoss" xlink:label="jppfs_cor_ProfitLoss" />
    <link:loc xlink:type="locator" xlink:href="http://disclosure.edinet-fsa.go.jp/taxonomy/jppfs/2021-11-01/jppfs_cor_2021-11-01.xsd#jppfs_cor_PurchaseDiscountsNOI" xlink:label="jppfs_cor_PurchaseDiscountsNOI" />
    <link:loc xlink:type="locator" xlink:href="http://disclosure.edinet-fsa.go.jp/taxonomy/jppfs/2021-11-01/jppfs_cor_2021-11-01.xsd#jppfs_cor_SellingGeneralAndAdministrativeExpenses" xlink:label="jppfs_cor_SellingGeneralAndAdministrativeExpenses" />
    <link:calculationArc xlink:type="arc" xlink:from="jppfs_cor_GrossProfit" xlink:to="jppfs_cor_NetSales" xlink:arcrole="http://www.xbrl.org/2003/arcrole/summation-item" order="1" weight="1" />
    <link:calculationArc xlink:type="arc" xlink:from="jppfs_cor_GrossProfit" xlink:to="jppfs_cor_CostOfSales" xlink:arcrole="http://www.xbrl.org/2003/arcrole/summation-item" order="2" weight="-1" />
    <link:calculationArc xlink:type="arc" xlink:from="jppfs_cor_IncomeBeforeIncomeTaxes" xlink:to="jppfs_cor_OrdinaryIncome" xlink:arcrole="http://www.xbrl.org/2003/arcrole/summation-item" order="1" weight="1" />
    <link:calculationArc xlink:type="arc" xlink:from="jppfs_cor_IncomeTaxes" xlink:to="jppfs_cor_IncomeTaxesCurrent" xlink:arcrole="http://www.xbrl.org/2003/arcrole/summation-item" order="1" weight="1" />
    <link:calculationArc xlink:type="arc" xlink:from="jppfs_cor_NonOperatingExpenses" xlink:to="jppfs_cor_OtherNOE" xlink:arcrole="http://www.xbrl.org/2003/arcrole/summation-item" order="1" weight="1" />
    <link:calculationArc xlink:type="arc" xlink:from="jppfs_cor_NonOperatingExpenses" xlink:to="jppfs_cor_InterestExpensesNOE" xlink:arcrole="http://www.xbrl.org/2003/arcrole/summation-item" order="2" weight="1" />
    <link:calculationArc xlink:type="arc" xlink:from="jppfs_cor_OrdinaryIncome" xlink:to="jppfs_cor_NonOperatingIncome" xlink:arcrole="http://www.xbrl.org/2003/arcrole/summation-item" order="2" weight="1" />
    <link:calculationArc xlink:type="arc" xlink:from="jppfs_cor_NonOperatingIncome" xlink:to="jppfs_cor_InterestIncomeNOI" xlink:arcrole="http://www.xbrl.org/2003/arcrole/summation-item" order="1" weight="1" />
    <link:calculationArc xlink:type="arc" xlink:from="jppfs_cor_NonOperatingIncome" xlink:to="jppfs_cor_DividendsIncomeNOI" xlink:arcrole="http://www.xbrl.org/2003/arcrole/summation-item" order="2" weight="1" />
    <link:calculationArc xlink:type="arc" xlink:from="jppfs_cor_NonOperatingIncome" xlink:to="jppfs_cor_EquityInEarningsOfAffiliatesNOI" xlink:arcrole="http://www.xbrl.org/2003/arcrole/summation-item" order="3" weight="1" />
    <link:calculationArc xlink:type="arc" xlink:from="jppfs_cor_NonOperatingIncome" xlink:to="jppfs_cor_PurchaseDiscountsNOI" xlink:arcrole="http://www.xbrl.org/2003/arcrole/summation-item" order="4" weight="1" />
    <link:calculationArc xlink:type="arc" xlink:from="jppfs_cor_NonOperatingIncome" xlink:to="jppfs_cor_OtherNOI" xlink:arcrole="http://www.xbrl.org/2003/arcrole/summation-item" order="5" weight="1" />
    <link:calculationArc xlink:type="arc" xlink:from="jppfs_cor_OrdinaryIncome" xlink:to="jppfs_cor_OperatingIncome" xlink:arcrole="http://www.xbrl.org/2003/arcrole/summation-item" order="1" weight="1" />
    <link:calculationArc xlink:type="arc" xlink:from="jppfs_cor_OperatingIncome" xlink:to="jppfs_cor_GrossProfit" xlink:arcrole="http://www.xbrl.org/2003/arcrole/summation-item" order="1" weight="1" />
    <link:calculationArc xlink:type="arc" xlink:from="jppfs_cor_OperatingIncome" xlink:to="jppfs_cor_SellingGeneralAndAdministrativeExpenses" xlink:arcrole="http://www.xbrl.org/2003/arcrole/summation-item" order="2" weight="-1" />
    <link:calculationArc xlink:type="arc" xlink:from="jppfs_cor_OrdinaryIncome" xlink:to="jppfs_cor_NonOperatingExpenses" xlink:arcrole="http://www.xbrl.org/2003/arcrole/summation-item" order="3" weight="-1" />
    <link:calculationArc xlink:type="arc" xlink:from="jppfs_cor_ProfitLoss" xlink:to="jppfs_cor_IncomeBeforeIncomeTaxes" xlink:arcrole="http://www.xbrl.org/2003/arcrole/summation-item" order="1" weight="1" />
    <link:calculationArc xlink:type="arc" xlink:from="jppfs_cor_ProfitLoss" xlink:to="jppfs_cor_IncomeTaxes" xlink:arcrole="http://www.xbrl.org/2003/arcrole/summation-item" order="2" weight="-1" />
  </link:calculationLink>
  <link:calculationLink xlink:type="extended" xlink:role="http://disclosure.edinet-fsa.go.jp/role/jppfs/rol_YearToQuarterEndConsolidatedStatementOfComprehensiveIncome">
    <link:loc xlink:type="locator" xlink:href="http://disclosure.edinet-fsa.go.jp/taxonomy/jppfs/2021-11-01/jppfs_cor_2021-11-01.xsd#jppfs_cor_ComprehensiveIncome" xlink:label="jppfs_cor_ComprehensiveIncome" />
    <link:loc xlink:type="locator" xlink:href="http://disclosure.edinet-fsa.go.jp/taxonomy/jppfs/2021-11-01/jppfs_cor_2021-11-01.xsd#jppfs_cor_ForeignCurrencyTranslationAdjustmentNetOfTaxOCI" xlink:label="jppfs_cor_ForeignCurrencyTranslationAdjustmentNetOfTaxOCI" />
    <link:loc xlink:type="locator" xlink:href="http://disclosure.edinet-fsa.go.jp/taxonomy/jppfs/2021-11-01/jppfs_cor_2021-11-01.xsd#jppfs_cor_OtherComprehensiveIncome" xlink:label="jppfs_cor_OtherComprehensiveIncome" />
    <link:loc xlink:type="locator" xlink:href="http://disclosure.edinet-fsa.go.jp/taxonomy/jppfs/2021-11-01/jppfs_cor_2021-11-01.xsd#jppfs_cor_ProfitLoss" xlink:label="jppfs_cor_ProfitLoss" />
    <link:loc xlink:type="locator" xlink:href="http://disclosure.edinet-fsa.go.jp/taxonomy/jppfs/2021-11-01/jppfs_cor_2021-11-01.xsd#jppfs_cor_ShareOfOtherComprehensiveIncomeOfAssociatesAccountedForUsingEquityMethodOCI" xlink:label="jppfs_cor_ShareOfOtherComprehensiveIncomeOfAssociatesAccountedForUsingEquityMethodOCI" />
    <link:loc xlink:type="locator" xlink:href="http://disclosure.edinet-fsa.go.jp/taxonomy/jppfs/2021-11-01/jppfs_cor_2021-11-01.xsd#jppfs_cor_ValuationDifferenceOnAvailableForSaleSecuritiesNetOfTaxOCI" xlink:label="jppfs_cor_ValuationDifferenceOnAvailableForSaleSecuritiesNetOfTaxOCI" />
    <link:calculationArc xlink:type="arc" xlink:from="jppfs_cor_ComprehensiveIncome" xlink:to="jppfs_cor_ProfitLoss" xlink:arcrole="http://www.xbrl.org/2003/arcrole/summation-item" order="1" weight="1" />
    <link:calculationArc xlink:type="arc" xlink:from="jppfs_cor_ComprehensiveIncome" xlink:to="jppfs_cor_OtherComprehensiveIncome" xlink:arcrole="http://www.xbrl.org/2003/arcrole/summation-item" order="2" weight="1" />
    <link:calculationArc xlink:type="arc" xlink:from="jppfs_cor_OtherComprehensiveIncome" xlink:to="jppfs_cor_ValuationDifferenceOnAvailableForSaleSecuritiesNetOfTaxOCI" xlink:arcrole="http://www.xbrl.org/2003/arcrole/summation-item" order="1" weight="1" />
    <link:calculationArc xlink:type="arc" xlink:from="jppfs_cor_OtherComprehensiveIncome" xlink:to="jppfs_cor_ForeignCurrencyTranslationAdjustmentNetOfTaxOCI" xlink:arcrole="http://www.xbrl.org/2003/arcrole/summation-item" order="2" weight="1" />
    <link:calculationArc xlink:type="arc" xlink:from="jppfs_cor_OtherComprehensiveIncome" xlink:to="jppfs_cor_ShareOfOtherComprehensiveIncomeOfAssociatesAccountedForUsingEquityMethodOCI" xlink:arcrole="http://www.xbrl.org/2003/arcrole/summation-item" order="3" weight="1" />
  </link:calculationLink>
  <link:calculationLink xlink:type="extended" xlink:role="http://disclosure.edinet-fsa.go.jp/role/jppfs/rol_QuarterlyConsolidatedStatementOfCashFlows-indirect">
    <link:loc xlink:type="locator" xlink:href="http://disclosure.edinet-fsa.go.jp/taxonomy/jppfs/2021-11-01/jppfs_cor_2021-11-01.xsd#jppfs_cor_CashDividendsPaidFinCF" xlink:label="jppfs_cor_CashDividendsPaidFinCF" />
    <link:loc xlink:type="locator" xlink:href="http://disclosure.edinet-fsa.go.jp/taxonomy/jppfs/2021-11-01/jppfs_cor_2021-11-01.xsd#jppfs_cor_DecreaseIncreaseInInventoriesOpeCF" xlink:label="jppfs_cor_DecreaseIncreaseInInventoriesOpeCF" />
    <link:loc xlink:type="locator" xlink:href="http://disclosure.edinet-fsa.go.jp/taxonomy/jppfs/2021-11-01/jppfs_cor_2021-11-01.xsd#jppfs_cor_DecreaseIncreaseInNotesAndAccountsReceivableTradeOpeCF" xlink:label="jppfs_cor_DecreaseIncreaseInNotesAndAccountsReceivableTradeOpeCF" />
    <link:loc xlink:type="locator" xlink:href="http://disclosure.edinet-fsa.go.jp/taxonomy/jppfs/2021-11-01/jppfs_cor_2021-11-01.xsd#jppfs_cor_DecreaseIncreaseInOtherAssetsOpeCF" xlink:label="jppfs_cor_DecreaseIncreaseInOtherAssetsOpeCF" />
    <link:loc xlink:type="locator" xlink:href="http://disclosure.edinet-fsa.go.jp/taxonomy/jppfs/2021-11-01/jppfs_cor_2021-11-01.xsd#jppfs_cor_DepreciationAndAmortizationOpeCF" xlink:label="jppfs_cor_DepreciationAndAmortizationOpeCF" />
    <link:loc xlink:type="locator" xlink:href="http://disclosure.edinet-fsa.go.jp/taxonomy/jppfs/2021-11-01/jppfs_cor_2021-11-01.xsd#jppfs_cor_EffectOfExchangeRateChangeOnCashAndCashEquivalents" xlink:label="jppfs_cor_EffectOfExchangeRateChangeOnCashAndCashEquivalents" />
    <link:loc xlink:type="locator" xlink:href="http://disclosure.edinet-fsa.go.jp/taxonomy/jppfs/2021-11-01/jppfs_cor_2021-11-01.xsd#jppfs_cor_EquityInEarningsLossesOfAffiliatesOpeCF" xlink:label="jppfs_cor_EquityInEarningsLossesOfAffiliatesOpeCF" />
    <link:loc xlink:type="locator" xlink:href="http://disclosure.edinet-fsa.go.jp/taxonomy/jppfs/2021-11-01/jppfs_cor_2021-11-01.xsd#jppfs_cor_IncomeBeforeIncomeTaxes" xlink:label="jppfs_cor_IncomeBeforeIncomeTaxes" />
    <link:loc xlink:type="locator" xlink:href="http://disclosure.edinet-fsa.go.jp/taxonomy/jppfs/2021-11-01/jppfs_cor_2021-11-01.xsd#jppfs_cor_IncomeTaxesPaidOpeCF" xlink:label="jppfs_cor_IncomeTaxesPaidOpeCF" />
    <link:loc xlink:type="locator" xlink:href="http://disclosure.edinet-fsa.go.jp/taxonomy/jppfs/2021-11-01/jppfs_cor_2021-11-01.xsd#jppfs_cor_IncreaseDecreaseInAccruedConsumptionTaxesOpeCF" xlink:label="jppfs_cor_IncreaseDecreaseInAccruedConsumptionTaxesOpeCF" />
    <link:loc xlink:type="locator" xlink:href="http://disclosure.edinet-fsa.go.jp/taxonomy/jppfs/2021-11-01/jppfs_cor_2021-11-01.xsd#jppfs_cor_IncreaseDecreaseInAllowanceForDoubtfulAccountsOpeCF" xlink:label="jppfs_cor_IncreaseDecreaseInAllowanceForDoubtfulAccountsOpeCF" />
    <link:loc xlink:type="locator" xlink:href="http://disclosure.edinet-fsa.go.jp/taxonomy/jppfs/2021-11-01/jppfs_cor_2021-11-01.xsd#jppfs_cor_IncreaseDecreaseInNetDefinedBenefitLiabilityOpeCF" xlink:label="jppfs_cor_IncreaseDecreaseInNetDefinedBenefitLiabilityOpeCF" />
    <link:loc xlink:type="locator" xlink:href="http://disclosure.edinet-fsa.go.jp/taxonomy/jppfs/2021-11-01/jppfs_cor_2021-11-01.xsd#jppfs_cor_IncreaseDecreaseInNotesAndAccountsPayableTradeOpeCF" xlink:label="jppfs_cor_IncreaseDecreaseInNotesAndAccountsPayableTradeOpeCF" />
    <link:loc xlink:type="locator" xlink:href="http://disclosure.edinet-fsa.go.jp/taxonomy/jppfs/2021-11-01/jppfs_cor_2021-11-01.xsd#jppfs_cor_IncreaseDecreaseInOtherLiabilitiesOpeCF" xlink:label="jppfs_cor_IncreaseDecreaseInOtherLiabilitiesOpeCF" />
    <link:loc xlink:type="locator" xlink:href="http://disclosure.edinet-fsa.go.jp/taxonomy/jppfs/2021-11-01/jppfs_cor_2021-11-01.xsd#jppfs_cor_IncreaseDecreaseInProvisionForBonusesOpeCF" xlink:label="jppfs_cor_IncreaseDecreaseInProvisionForBonusesOpeCF" />
    <link:loc xlink:type="locator" xlink:href="http://disclosure.edinet-fsa.go.jp/taxonomy/jppfs/2021-11-01/jppfs_cor_2021-11-01.xsd#jppfs_cor_IncreaseDecreaseInProvisionForDirectorsBonusesOpeCF" xlink:label="jppfs_cor_IncreaseDecreaseInProvisionForDirectorsBonusesOpeCF" />
    <link:loc xlink:type="locator" xlink:href="http://disclosure.edinet-fsa.go.jp/taxonomy/jppfs/2021-11-01/jppfs_cor_2021-11-01.xsd#jppfs_cor_IncreaseDecreaseInProvisionForDirectorsRetirementBenefitsOpeCF" xlink:label="jppfs_cor_IncreaseDecreaseInProvisionForDirectorsRetirementBenefitsOpeCF" />
    <link:loc xlink:type="locator" xlink:href="http://disclosure.edinet-fsa.go.jp/taxonomy/jppfs/2021-11-01/jppfs_cor_2021-11-01.xsd#jppfs_cor_IncreaseInShortTermLoansPayableFinCF" xlink:label="jppfs_cor_IncreaseInShortTermLoansPayableFinCF" />
    <link:loc xlink:type="locator" xlink:href="http://disclosure.edinet-fsa.go.jp/taxonomy/jppfs/2021-11-01/jppfs_cor_2021-11-01.xsd#jppfs_cor_InterestAndDividendsIncomeOpeCF" xlink:label="jppfs_cor_InterestAndDividendsIncomeOpeCF" />
    <link:loc xlink:type="locator" xlink:href="http://disclosure.edinet-fsa.go.jp/taxonomy/jppfs/2021-11-01/jppfs_cor_2021-11-01.xsd#jppfs_cor_InterestAndDividendsIncomeReceivedOpeCFInvCF" xlink:label="jppfs_cor_InterestAndDividendsIncomeReceivedOpeCFInvCF" />
    <link:loc xlink:type="locator" xlink:href="http://disclosure.edinet-fsa.go.jp/taxonomy/jppfs/2021-11-01/jppfs_cor_2021-11-01.xsd#jppfs_cor_InterestExpensesOpeCF" xlink:label="jppfs_cor_InterestExpensesOpeCF" />
    <link:loc xlink:type="locator" xlink:href="http://disclosure.edinet-fsa.go.jp/taxonomy/jppfs/2021-11-01/jppfs_cor_2021-11-01.xsd#jppfs_cor_InterestExpensesPaidOpeCFFinCF" xlink:label="jppfs_cor_InterestExpensesPaidOpeCFFinCF" />
    <link:loc xlink:type="locator" xlink:href="http://disclosure.edinet-fsa.go.jp/taxonomy/jppfs/2021-11-01/jppfs_cor_2021-11-01.xsd#jppfs_cor_NetCashProvidedByUsedInFinancingActivities" xlink:label="jppfs_cor_NetCashProvidedByUsedInFinancingActivities" />
    <link:loc xlink:type="locator" xlink:href="http://disclosure.edinet-fsa.go.jp/taxonomy/jppfs/2021-11-01/jppfs_cor_2021-11-01.xsd#jppfs_cor_NetCashProvidedByUsedInInvestmentActivities" xlink:label="jppfs_cor_NetCashProvidedByUsedInInvestmentActivities" />
    <link:loc xlink:type="locator" xlink:href="http://disclosure.edinet-fsa.go.jp/taxonomy/jppfs/2021-11-01/jppfs_cor_2021-11-01.xsd#jppfs_cor_NetCashProvidedByUsedInOperatingActivities" xlink:label="jppfs_cor_NetCashProvidedByUsedInOperatingActivities" />
    <link:loc xlink:type="locator" xlink:href="http://disclosure.edinet-fsa.go.jp/taxonomy/jppfs/2021-11-01/jppfs_cor_2021-11-01.xsd#jppfs_cor_NetIncreaseDecreaseInCashAndCashEquivalents" xlink:label="jppfs_cor_NetIncreaseDecreaseInCashAndCashEquivalents" />
    <link:loc xlink:type="locator" xlink:href="http://disclosure.edinet-fsa.go.jp/taxonomy/jppfs/2021-11-01/jppfs_cor_2021-11-01.xsd#jppfs_cor_OtherNetOpeCF" xlink:label="jppfs_cor_OtherNetOpeCF" />
    <link:loc xlink:type="locator" xlink:href="http://disclosure.edinet-fsa.go.jp/taxonomy/jppfs/2021-11-01/jppfs_cor_2021-11-01.xsd#jppfs_cor_ProceedsFromSalesAndRedemptionOfShortTermAndLongTermInvestmentSecuritiesInvCF" xlink:label="jppfs_cor_ProceedsFromSalesAndRedemptionOfShortTermAndLongTermInvestmentSecuritiesInvCF" />
    <link:loc xlink:type="locator" xlink:href="http://disclosure.edinet-fsa.go.jp/taxonomy/jppfs/2021-11-01/jppfs_cor_2021-11-01.xsd#jppfs_cor_ProceedsFromSalesOfPropertyPlantAndEquipmentInvCF" xlink:label="jppfs_cor_ProceedsFromSalesOfPropertyPlantAndEquipmentInvCF" />
    <link:loc xlink:type="locator" xlink:href="http://disclosure.edinet-fsa.go.jp/taxonomy/jppfs/2021-11-01/jppfs_cor_2021-11-01.xsd#jppfs_cor_PurchaseOfIntangibleAssetsInvCF" xlink:label="jppfs_cor_PurchaseOfIntangibleAssetsInvCF" />
    <link:loc xlink:type="locator" xlink:href="http://disclosure.edinet-fsa.go.jp/taxonomy/jppfs/2021-11-01/jppfs_cor_2021-11-01.xsd#jppfs_cor_PurchaseOfInvestmentSecuritiesInvCF" xlink:label="jppfs_cor_PurchaseOfInvestmentSecuritiesInvCF" />
    <link:loc xlink:type="locator" xlink:href="http://disclosure.edinet-fsa.go.jp/taxonomy/jppfs/2021-11-01/jppfs_cor_2021-11-01.xsd#jppfs_cor_PurchaseOfPropertyPlantAndEquipmentInvCF" xlink:label="jppfs_cor_PurchaseOfPropertyPlantAndEquipmentInvCF" />
    <link:loc xlink:type="locator" xlink:href="http://disclosure.edinet-fsa.go.jp/taxonomy/jppfs/2021-11-01/jppfs_cor_2021-11-01.xsd#jppfs_cor_PurchaseOfTreasuryStockFinCF" xlink:label="jppfs_cor_PurchaseOfTreasuryStockFinCF" />
    <link:loc xlink:type="locator" xlink:href="http://disclosure.edinet-fsa.go.jp/taxonomy/jppfs/2021-11-01/jppfs_cor_2021-11-01.xsd#jppfs_cor_RepaymentsOfLeaseObligationsFinCF" xlink:label="jppfs_cor_RepaymentsOfLeaseObligationsFinCF" />
    <link:loc xlink:type="locator" xlink:href="http://disclosure.edinet-fsa.go.jp/taxonomy/jppfs/2021-11-01/jppfs_cor_2021-11-01.xsd#jppfs_cor_RepaymentsOfLoansPayableFinCF" xlink:label="jppfs_cor_RepaymentsOfLoansPayableFinCF" />
    <link:loc xlink:type="locator" xlink:href="http://disclosure.edinet-fsa.go.jp/taxonomy/jppfs/2021-11-01/jppfs_cor_2021-11-01.xsd#jppfs_cor_SubtotalOpeCF" xlink:label="jppfs_cor_SubtotalOpeCF" />
    <link:calculationArc xlink:type="arc" xlink:from="jppfs_cor_NetCashProvidedByUsedInFinancingActivities" xlink:to="jppfs_cor_IncreaseInShortTermLoansPayableFinCF" xlink:arcrole="http://www.xbrl.org/2003/arcrole/summation-item" order="1" weight="1" />
    <link:calculationArc xlink:type="arc" xlink:from="jppfs_cor_NetCashProvidedByUsedInFinancingActivities" xlink:to="jppfs_cor_RepaymentsOfLoansPayableFinCF" xlink:arcrole="http://www.xbrl.org/2003/arcrole/summation-item" order="2" weight="1" />
    <link:calculationArc xlink:type="arc" xlink:from="jppfs_cor_NetCashProvidedByUsedInFinancingActivities" xlink:to="jppfs_cor_RepaymentsOfLeaseObligationsFinCF" xlink:arcrole="http://www.xbrl.org/2003/arcrole/summation-item" order="3" weight="1" />
    <link:calculationArc xlink:type="arc" xlink:from="jppfs_cor_NetCashProvidedByUsedInFinancingActivities" xlink:to="jppfs_cor_PurchaseOfTreasuryStockFinCF" xlink:arcrole="http://www.xbrl.org/2003/arcrole/summation-item" order="4" weight="1" />
    <link:calculationArc xlink:type="arc" xlink:from="jppfs_cor_NetCashProvidedByUsedInFinancingActivities" xlink:to="jppfs_cor_CashDividendsPaidFinCF" xlink:arcrole="http://www.xbrl.org/2003/arcrole/summation-item" order="5" weight="1" />
    <link:calculationArc xlink:type="arc" xlink:from="jppfs_cor_NetCashProvidedByUsedInInvestmentActivities" xlink:to="jppfs_cor_PurchaseOfPropertyPlantAndEquipmentInvCF" xlink:arcrole="http://www.xbrl.org/2003/arcrole/summation-item" order="1" weight="1" />
    <link:calculationArc xlink:type="arc" xlink:from="jppfs_cor_NetCashProvidedByUsedInInvestmentActivities" xlink:to="jppfs_cor_ProceedsFromSalesOfPropertyPlantAndEquipmentInvCF" xlink:arcrole="http://www.xbrl.org/2003/arcrole/summation-item" order="2" weight="1" />
    <link:calculationArc xlink:type="arc" xlink:from="jppfs_cor_NetCashProvidedByUsedInInvestmentActivities" xlink:to="jppfs_cor_PurchaseOfIntangibleAssetsInvCF" xlink:arcrole="http://www.xbrl.org/2003/arcrole/summation-item" order="3" weight="1" />
    <link:calculationArc xlink:type="arc" xlink:from="jppfs_cor_NetCashProvidedByUsedInInvestmentActivities" xlink:to="jppfs_cor_PurchaseOfInvestmentSecuritiesInvCF" xlink:arcrole="http://www.xbrl.org/2003/arcrole/summation-item" order="4" weight="1" />
    <link:calculationArc xlink:type="arc" xlink:from="jppfs_cor_NetCashProvidedByUsedInInvestmentActivities" xlink:to="jppfs_cor_ProceedsFromSalesAndRedemptionOfShortTermAndLongTermInvestmentSecuritiesInvCF" xlink:arcrole="http://www.xbrl.org/2003/arcrole/summation-item" order="5" weight="1" />
    <link:calculationArc xlink:type="arc" xlink:from="jppfs_cor_NetIncreaseDecreaseInCashAndCashEquivalents" xlink:to="jppfs_cor_NetCashProvidedByUsedInOperatingActivities" xlink:arcrole="http://www.xbrl.org/2003/arcrole/summation-item" order="1" weight="1" />
    <link:calculationArc xlink:type="arc" xlink:from="jppfs_cor_NetCashProvidedByUsedInOperatingActivities" xlink:to="jppfs_cor_SubtotalOpeCF" xlink:arcrole="http://www.xbrl.org/2003/arcrole/summation-item" order="1" weight="1" />
    <link:calculationArc xlink:type="arc" xlink:from="jppfs_cor_NetCashProvidedByUsedInOperatingActivities" xlink:to="jppfs_cor_InterestAndDividendsIncomeReceivedOpeCFInvCF" xlink:arcrole="http://www.xbrl.org/2003/arcrole/summation-item" order="2" weight="1" />
    <link:calculationArc xlink:type="arc" xlink:from="jppfs_cor_NetCashProvidedByUsedInOperatingActivities" xlink:to="jppfs_cor_InterestExpensesPaidOpeCFFinCF" xlink:arcrole="http://www.xbrl.org/2003/arcrole/summation-item" order="3" weight="1" />
    <link:calculationArc xlink:type="arc" xlink:from="jppfs_cor_NetCashProvidedByUsedInOperatingActivities" xlink:to="jppfs_cor_IncomeTaxesPaidOpeCF" xlink:arcrole="http://www.xbrl.org/2003/arcrole/summation-item" order="4" weight="1" />
    <link:calculationArc xlink:type="arc" xlink:from="jppfs_cor_NetIncreaseDecreaseInCashAndCashEquivalents" xlink:to="jppfs_cor_NetCashProvidedByUsedInInvestmentActivities" xlink:arcrole="http://www.xbrl.org/2003/arcrole/summation-item" order="2" weight="1" />
    <link:calculationArc xlink:type="arc" xlink:from="jppfs_cor_NetIncreaseDecreaseInCashAndCashEquivalents" xlink:to="jppfs_cor_NetCashProvidedByUsedInFinancingActivities" xlink:arcrole="http://www.xbrl.org/2003/arcrole/summation-item" order="3" weight="1" />
    <link:calculationArc xlink:type="arc" xlink:from="jppfs_cor_NetIncreaseDecreaseInCashAndCashEquivalents" xlink:to="jppfs_cor_EffectOfExchangeRateChangeOnCashAndCashEquivalents" xlink:arcrole="http://www.xbrl.org/2003/arcrole/summation-item" order="4" weight="1" />
    <link:calculationArc xlink:type="arc" xlink:from="jppfs_cor_SubtotalOpeCF" xlink:to="jppfs_cor_IncomeBeforeIncomeTaxes" xlink:arcrole="http://www.xbrl.org/2003/arcrole/summation-item" order="1" weight="1" />
    <link:calculationArc xlink:type="arc" xlink:from="jppfs_cor_SubtotalOpeCF" xlink:to="jppfs_cor_DepreciationAndAmortizationOpeCF" xlink:arcrole="http://www.xbrl.org/2003/arcrole/summation-item" order="2" weight="1" />
    <link:calculationArc xlink:type="arc" xlink:from="jppfs_cor_SubtotalOpeCF" xlink:to="jppfs_cor_IncreaseDecreaseInAllowanceForDoubtfulAccountsOpeCF" xlink:arcrole="http://www.xbrl.org/2003/arcrole/summation-item" order="3" weight="1" />
    <link:calculationArc xlink:type="arc" xlink:from="jppfs_cor_SubtotalOpeCF" xlink:to="jppfs_cor_IncreaseDecreaseInProvisionForBonusesOpeCF" xlink:arcrole="http://www.xbrl.org/2003/arcrole/summation-item" order="4" weight="1" />
    <link:calculationArc xlink:type="arc" xlink:from="jppfs_cor_SubtotalOpeCF" xlink:to="jppfs_cor_IncreaseDecreaseInProvisionForDirectorsBonusesOpeCF" xlink:arcrole="http://www.xbrl.org/2003/arcrole/summation-item" order="5" weight="1" />
    <link:calculationArc xlink:type="arc" xlink:from="jppfs_cor_SubtotalOpeCF" xlink:to="jppfs_cor_IncreaseDecreaseInNetDefinedBenefitLiabilityOpeCF" xlink:arcrole="http://www.xbrl.org/2003/arcrole/summation-item" order="6" weight="1" />
    <link:calculationArc xlink:type="arc" xlink:from="jppfs_cor_SubtotalOpeCF" xlink:to="jppfs_cor_IncreaseDecreaseInProvisionForDirectorsRetirementBenefitsOpeCF" xlink:arcrole="http://www.xbrl.org/2003/arcrole/summation-item" order="7" weight="1" />
    <link:calculationArc xlink:type="arc" xlink:from="jppfs_cor_SubtotalOpeCF" xlink:to="jppfs_cor_InterestAndDividendsIncomeOpeCF" xlink:arcrole="http://www.xbrl.org/2003/arcrole/summation-item" order="8" weight="1" />
    <link:calculationArc xlink:type="arc" xlink:from="jppfs_cor_SubtotalOpeCF" xlink:to="jppfs_cor_InterestExpensesOpeCF" xlink:arcrole="http://www.xbrl.org/2003/arcrole/summation-item" order="9" weight="1" />
    <link:calculationArc xlink:type="arc" xlink:from="jppfs_cor_SubtotalOpeCF" xlink:to="jppfs_cor_EquityInEarningsLossesOfAffiliatesOpeCF" xlink:arcrole="http://www.xbrl.org/2003/arcrole/summation-item" order="10" weight="1" />
    <link:calculationArc xlink:type="arc" xlink:from="jppfs_cor_SubtotalOpeCF" xlink:to="jppfs_cor_DecreaseIncreaseInNotesAndAccountsReceivableTradeOpeCF" xlink:arcrole="http://www.xbrl.org/2003/arcrole/summation-item" order="11" weight="1" />
    <link:calculationArc xlink:type="arc" xlink:from="jppfs_cor_SubtotalOpeCF" xlink:to="jppfs_cor_DecreaseIncreaseInInventoriesOpeCF" xlink:arcrole="http://www.xbrl.org/2003/arcrole/summation-item" order="12" weight="1" />
    <link:calculationArc xlink:type="arc" xlink:from="jppfs_cor_SubtotalOpeCF" xlink:to="jppfs_cor_DecreaseIncreaseInOtherAssetsOpeCF" xlink:arcrole="http://www.xbrl.org/2003/arcrole/summation-item" order="13" weight="1" />
    <link:calculationArc xlink:type="arc" xlink:from="jppfs_cor_SubtotalOpeCF" xlink:to="jppfs_cor_IncreaseDecreaseInNotesAndAccountsPayableTradeOpeCF" xlink:arcrole="http://www.xbrl.org/2003/arcrole/summation-item" order="14" weight="1" />
    <link:calculationArc xlink:type="arc" xlink:from="jppfs_cor_SubtotalOpeCF" xlink:to="jppfs_cor_IncreaseDecreaseInOtherLiabilitiesOpeCF" xlink:arcrole="http://www.xbrl.org/2003/arcrole/summation-item" order="15" weight="1" />
    <link:calculationArc xlink:type="arc" xlink:from="jppfs_cor_SubtotalOpeCF" xlink:to="jppfs_cor_IncreaseDecreaseInAccruedConsumptionTaxesOpeCF" xlink:arcrole="http://www.xbrl.org/2003/arcrole/summation-item" order="16" weight="1" />
    <link:calculationArc xlink:type="arc" xlink:from="jppfs_cor_SubtotalOpeCF" xlink:to="jppfs_cor_OtherNetOpeCF" xlink:arcrole="http://www.xbrl.org/2003/arcrole/summation-item" order="17" weight="1" />
  </link:calculationLink>
</link:linkbase>