﻿<?xml version="1.0" encoding="utf-8"?>
<!-- Edited with FutureStage XBRL Solution Library .NET 01-11 -->
<link:linkbase xmlns:xlink="http://www.w3.org/1999/xlink" xmlns:xsi="http://www.w3.org/2001/XMLSchema-instance" xmlns:link="http://www.xbrl.org/2003/linkbase">
  <link:labelLink xlink:type="extended" xlink:role="http://www.xbrl.org/2003/role/link">
    <link:label xml:lang="ja" xlink:type="resource" xlink:label="tse-qcedjpfr-49870_CostToDealWithCOVIDNOE_label" xlink:role="http://www.xbrl.org/2003/role/label">新型コロナウイルス感染症対応費用</link:label>
    <link:label xml:lang="ja" xlink:type="resource" xlink:label="tse-qcedjpfr-49870_CostToDealWithCOVIDNOE_label_1" xlink:role="http://www.xbrl.org/2003/role/verboseLabel">新型コロナウイルス感染症対応費用、営業外費用</link:label>
    <link:loc xlink:type="locator" xlink:href="tse-qcedjpfr-49870-2022-09-30-01-2022-10-28.xsd#tse-qcedjpfr-49870_CostToDealWithCOVIDNOE" xlink:label="tse-qcedjpfr-49870_CostToDealWithCOVIDNOE" />
    <link:labelArc xlink:type="arc" xlink:from="tse-qcedjpfr-49870_CostToDealWithCOVIDNOE" xlink:to="tse-qcedjpfr-49870_CostToDealWithCOVIDNOE_label_1" xlink:arcrole="http://www.xbrl.org/2003/arcrole/concept-label" order="1" />
    <link:labelArc xlink:type="arc" xlink:from="tse-qcedjpfr-49870_CostToDealWithCOVIDNOE" xlink:to="tse-qcedjpfr-49870_CostToDealWithCOVIDNOE_label" xlink:arcrole="http://www.xbrl.org/2003/arcrole/concept-label" order="1" />
  </link:labelLink>
</link:linkbase>