<?xml version="1.0" encoding="utf-8"?>
<!-- Generated by PRONEXUS WORKS --><link:linkbase xmlns:link="http://www.xbrl.org/2003/linkbase" xmlns:xsi="http://www.w3.org/2001/XMLSchema-instance" xmlns:xbrli="http://www.xbrl.org/2003/instance" xmlns:xlink="http://www.w3.org/1999/xlink">  <link:roleRef xlink:type="simple" roleURI="http://disclosure.edinet-fsa.go.jp/jpcrp/alt/ConsolidatedQuarterly/role/label" xlink:href="http://disclosure.edinet-fsa.go.jp/taxonomy/jpcrp/2020-11-01/jpcrp_rt_2020-11-01.xsd#rol_altConsolidatedQuarterlyLabel" />  <link:roleRef xlink:type="simple" roleURI="http://disclosure.edinet-fsa.go.jp/jppfs/ConsolidatedQuarterly/role/positiveLabel" xlink:href="http://disclosure.edinet-fsa.go.jp/taxonomy/jppfs/2020-11-01/jppfs_rt_2020-11-01.xsd#rol_ConsolidatedQuarterlyPositiveLabel" />  <link:roleRef xlink:type="simple" roleURI="http://disclosure.edinet-fsa.go.jp/jpcrp/alt/ConsolidatedQuarterly/role/positiveLabel" xlink:href="http://disclosure.edinet-fsa.go.jp/taxonomy/jpcrp/2020-11-01/jpcrp_rt_2020-11-01.xsd#rol_altConsolidatedQuarterlyPositiveLabel" />  <link:roleRef xlink:type="simple" roleURI="http://disclosure.edinet-fsa.go.jp/jppfs/ConsolidatedQuarterly/role/label" xlink:href="http://disclosure.edinet-fsa.go.jp/taxonomy/jppfs/2020-11-01/jppfs_rt_2020-11-01.xsd#rol_ConsolidatedQuarterlyLabel" />  <link:roleRef xlink:type="simple" roleURI="http://disclosure.edinet-fsa.go.jp/jpcrp/alt/role/totalLabel" xlink:href="http://disclosure.edinet-fsa.go.jp/taxonomy/jpcrp/2020-11-01/jpcrp_rt_2020-11-01.xsd#rol_altTotalLabel" />  <link:roleRef xlink:type="simple" roleURI="http://disclosure.edinet-fsa.go.jp/jppfs/ConsolidatedQuarterly/role/periodEndLabel" xlink:href="http://disclosure.edinet-fsa.go.jp/taxonomy/jppfs/2020-11-01/jppfs_rt_2020-11-01.xsd#rol_ConsolidatedQuarterlyPeriodEndLabel" />  <link:roleRef xlink:type="simple" roleURI="http://disclosure.edinet-fsa.go.jp/jpcrp/alt/role/label" xlink:href="http://disclosure.edinet-fsa.go.jp/taxonomy/jpcrp/2020-11-01/jpcrp_rt_2020-11-01.xsd#rol_altLabel" />  <link:labelLink xlink:type="extended" xlink:role="http://www.xbrl.org/2003/role/link">    <link:loc xlink:type="locator" xlink:href="tse-qcediffr-52010-2022-09-30-01-2022-11-02.xsd#tse-qcediffr-52010_OtherReceivablesCAIFRS" xlink:label="OtherReceivablesCAIFRS" />    <link:loc xlink:type="locator" xlink:href="tse-qcediffr-52010-2022-09-30-01-2022-11-02.xsd#tse-qcediffr-52010_LongTermInterestBearingDebtDueWithinOneYearCLIFRS" xlink:label="LongTermInterestBearingDebtDueWithinOneYearCLIFRS" />    <link:loc xlink:type="locator" xlink:href="tse-qcediffr-52010-2022-09-30-01-2022-11-02.xsd#tse-qcediffr-52010_OtherPayablesCLIFRS" xlink:label="OtherPayablesCLIFRS" />    <link:loc xlink:type="locator" xlink:href="tse-qcediffr-52010-2022-09-30-01-2022-11-02.xsd#tse-qcediffr-52010_BusinessProfitIFRS" xlink:label="BusinessProfitIFRS" />    <link:loc xlink:type="locator" xlink:href="tse-qcediffr-52010-2022-09-30-01-2022-11-02.xsd#tse-qcediffr-52010_ChangesInEquitySSIFRSAbstract" xlink:label="ChangesInEquitySSIFRSAbstract" />    <link:loc xlink:type="locator" xlink:href="tse-qcediffr-52010-2022-09-30-01-2022-11-02.xsd#tse-qcediffr-52010_OthersBusinessCombinationsAndOthersSSIFRS" xlink:label="OthersBusinessCombinationsAndOthersSSIFRS" />    <link:loc xlink:type="locator" xlink:href="tse-qcediffr-52010-2022-09-30-01-2022-11-02.xsd#tse-qcediffr-52010_ChangesInShortTermInterestBearingDebtFinCFIFRS" xlink:label="ChangesInShortTermInterestBearingDebtFinCFIFRS" />    <link:loc xlink:type="locator" xlink:href="tse-qcediffr-52010-2022-09-30-01-2022-11-02.xsd#tse-qcediffr-52010_ProceedsFromBorrowingOrIssuingLongTermInterestBearingDebtFinCFIFRS" xlink:label="ProceedsFromBorrowingOrIssuingLongTermInterestBearingDebtFinCFIFRS" />    <link:loc xlink:type="locator" xlink:href="tse-qcediffr-52010-2022-09-30-01-2022-11-02.xsd#tse-qcediffr-52010_RepaymentOrRedemptionOfLongTermInterestBearingDebtFinCFIFRS" xlink:label="RepaymentOrRedemptionOfLongTermInterestBearingDebtFinCFIFRS" />    <link:loc xlink:type="locator" xlink:href="http://disclosure.edinet-fsa.go.jp/taxonomy/jpigp/2020-11-01/jpigp_cor_2020-11-01.xsd#jpigp_cor_CashAndCashEquivalentsIFRS" xlink:label="CashAndCashEquivalentsIFRS" />    <link:loc xlink:type="locator" xlink:href="http://disclosure.edinet-fsa.go.jp/taxonomy/jpigp/2020-11-01/jpigp_cor_2020-11-01.xsd#jpigp_cor_ProfitLossAttributableToNonControllingInterestsIFRS" xlink:label="ProfitLossAttributableToNonControllingInterestsIFRS" />    <link:label xlink:type="resource" xlink:label="label_BusinessProfitIFRS" xml:lang="en" xlink:role="http://www.xbrl.org/2003/role/label" id="label_BusinessProfitIFRS">Business profit</link:label>    <link:labelArc xlink:type="arc" xlink:arcrole="http://www.xbrl.org/2003/arcrole/concept-label" xlink:from="BusinessProfitIFRS" xlink:to="label_BusinessProfitIFRS" />    <link:label xlink:type="resource" xlink:label="label_BusinessProfitIFRS_2" xml:lang="en" xlink:role="http://www.xbrl.org/2003/role/verboseLabel" id="label_BusinessProfitIFRS_2">Business profit (IFRS)</link:label>    <link:labelArc xlink:type="arc" xlink:arcrole="http://www.xbrl.org/2003/arcrole/concept-label" xlink:from="BusinessProfitIFRS" xlink:to="label_BusinessProfitIFRS_2" />    <link:loc xlink:type="locator" xlink:href="http://disclosure.edinet-fsa.go.jp/taxonomy/jpigp/2020-11-01/jpigp_cor_2020-11-01.xsd#jpigp_cor_OtherIncomeIFRS" xlink:label="OtherIncomeIFRS" />    <link:label xlink:type="resource" xlink:label="label_OtherIncomeIFRS" xml:lang="en" xlink:role="http://disclosure.edinet-fsa.go.jp/jpcrp/alt/role/label" id="label_OtherIncomeIFRS">Other income</link:label>    <link:labelArc xlink:type="arc" xlink:arcrole="http://www.xbrl.org/2003/arcrole/concept-label" xlink:from="OtherIncomeIFRS" xlink:to="label_OtherIncomeIFRS" />    <link:loc xlink:type="locator" xlink:href="http://disclosure.edinet-fsa.go.jp/taxonomy/jpigp/2020-11-01/jpigp_cor_2020-11-01.xsd#jpigp_cor_OtherExpensesIFRS" xlink:label="OtherExpensesIFRS" />    <link:label xlink:type="resource" xlink:label="label_OtherExpensesIFRS" xml:lang="en" xlink:role="http://disclosure.edinet-fsa.go.jp/jpcrp/alt/role/label" id="label_OtherExpensesIFRS">Other expenses</link:label>    <link:labelArc xlink:type="arc" xlink:arcrole="http://www.xbrl.org/2003/arcrole/concept-label" xlink:from="OtherExpensesIFRS" xlink:to="label_OtherExpensesIFRS" />    <link:loc xlink:type="locator" xlink:href="http://disclosure.edinet-fsa.go.jp/taxonomy/jpigp/2020-11-01/jpigp_cor_2020-11-01.xsd#jpigp_cor_OperatingProfitLossIFRS" xlink:label="OperatingProfitLossIFRS" />    <link:label xlink:type="resource" xlink:label="label_OperatingProfitLossIFRS" xml:lang="en" xlink:role="http://disclosure.edinet-fsa.go.jp/jpcrp/alt/role/label" id="label_OperatingProfitLossIFRS">Operating profit (loss)</link:label>    <link:labelArc xlink:type="arc" xlink:arcrole="http://www.xbrl.org/2003/arcrole/concept-label" xlink:from="OperatingProfitLossIFRS" xlink:to="label_OperatingProfitLossIFRS" />    <link:loc xlink:type="locator" xlink:href="http://disclosure.edinet-fsa.go.jp/taxonomy/jpigp/2020-11-01/jpigp_cor_2020-11-01.xsd#jpigp_cor_ShareOfProfitLossOfInvestmentsAccountedForUsingEquityMethodIFRS" xlink:label="ShareOfProfitLossOfInvestmentsAccountedForUsingEquityMethodIFRS" />    <link:label xlink:type="resource" xlink:label="label_ShareOfProfitLossOfInvestmentsAccountedForUsingEquityMethodIFRS" xml:lang="en" xlink:role="http://disclosure.edinet-fsa.go.jp/jpcrp/alt/role/label" id="label_ShareOfProfitLossOfInvestmentsAccountedForUsingEquityMethodIFRS">Share of profit (loss) of investments accounted for using equity method</link:label>    <link:labelArc xlink:type="arc" xlink:arcrole="http://www.xbrl.org/2003/arcrole/concept-label" xlink:from="ShareOfProfitLossOfInvestmentsAccountedForUsingEquityMethodIFRS" xlink:to="label_ShareOfProfitLossOfInvestmentsAccountedForUsingEquityMethodIFRS" />    <link:loc xlink:type="locator" xlink:href="http://disclosure.edinet-fsa.go.jp/taxonomy/jpigp/2020-11-01/jpigp_cor_2020-11-01.xsd#jpigp_cor_ProfitLossAttributableToOwnersOfParentIFRS" xlink:label="ProfitLossAttributableToOwnersOfParentIFRS" />    <link:label xlink:type="resource" xlink:label="label_ProfitLossAttributableToOwnersOfParentIFRS" xml:lang="en" xlink:role="http://disclosure.edinet-fsa.go.jp/jppfs/ConsolidatedQuarterly/role/positiveLabel" id="label_ProfitLossAttributableToOwnersOfParentIFRS">Owners of parent</link:label>    <link:labelArc xlink:type="arc" xlink:arcrole="http://www.xbrl.org/2003/arcrole/concept-label" xlink:from="ProfitLossAttributableToOwnersOfParentIFRS" xlink:to="label_ProfitLossAttributableToOwnersOfParentIFRS" />    <link:label xlink:type="resource" xlink:label="label_ProfitLossAttributableToNonControllingInterestsIFRS" xml:lang="en" xlink:role="http://disclosure.edinet-fsa.go.jp/jppfs/ConsolidatedQuarterly/role/label" id="label_ProfitLossAttributableToNonControllingInterestsIFRS">Net income attributable to non-controlling interests(Net loss)</link:label>    <link:labelArc xlink:type="arc" xlink:arcrole="http://www.xbrl.org/2003/arcrole/concept-label" xlink:from="ProfitLossAttributableToNonControllingInterestsIFRS" xlink:to="label_ProfitLossAttributableToNonControllingInterestsIFRS" />    <link:label xlink:type="resource" xlink:label="label_ProfitLossAttributableToNonControllingInterestsIFRS_2" xml:lang="en" xlink:role="http://disclosure.edinet-fsa.go.jp/jpcrp/alt/ConsolidatedQuarterly/role/label" id="label_ProfitLossAttributableToNonControllingInterestsIFRS_2">Net income attributable to non-controlling interests(Net loss)</link:label>    <link:labelArc xlink:type="arc" xlink:arcrole="http://www.xbrl.org/2003/arcrole/concept-label" xlink:from="ProfitLossAttributableToNonControllingInterestsIFRS" xlink:to="label_ProfitLossAttributableToNonControllingInterestsIFRS_2" />    <link:loc xlink:type="locator" xlink:href="http://disclosure.edinet-fsa.go.jp/taxonomy/jpigp/2020-11-01/jpigp_cor_2020-11-01.xsd#jpigp_cor_EarningsLossPerShareIFRSAbstract" xlink:label="EarningsLossPerShareIFRSAbstract" />    <link:label xlink:type="resource" xlink:label="label_EarningsLossPerShareIFRSAbstract" xml:lang="en" xlink:role="http://disclosure.edinet-fsa.go.jp/jpcrp/alt/ConsolidatedQuarterly/role/positiveLabel" id="label_EarningsLossPerShareIFRSAbstract">Earnings per share</link:label>    <link:labelArc xlink:type="arc" xlink:arcrole="http://www.xbrl.org/2003/arcrole/concept-label" xlink:from="EarningsLossPerShareIFRSAbstract" xlink:to="label_EarningsLossPerShareIFRSAbstract" />    <link:loc xlink:type="locator" xlink:href="http://disclosure.edinet-fsa.go.jp/taxonomy/jpigp/2020-11-01/jpigp_cor_2020-11-01.xsd#jpigp_cor_BasicEarningsLossPerShareIFRS" xlink:label="BasicEarningsLossPerShareIFRS" />    <link:label xlink:type="resource" xlink:label="label_BasicEarningsLossPerShareIFRS" xml:lang="en" xlink:role="http://disclosure.edinet-fsa.go.jp/jpcrp/alt/ConsolidatedQuarterly/role/positiveLabel" id="label_BasicEarningsLossPerShareIFRS">Basic earnings per share</link:label>    <link:labelArc xlink:type="arc" xlink:arcrole="http://www.xbrl.org/2003/arcrole/concept-label" xlink:from="BasicEarningsLossPerShareIFRS" xlink:to="label_BasicEarningsLossPerShareIFRS" />    <link:loc xlink:type="locator" xlink:href="http://disclosure.edinet-fsa.go.jp/taxonomy/jpigp/2020-11-01/jpigp_cor_2020-11-01.xsd#jpigp_cor_DilutedEarningsLossPerShareIFRS" xlink:label="DilutedEarningsLossPerShareIFRS" />    <link:label xlink:type="resource" xlink:label="label_DilutedEarningsLossPerShareIFRS" xml:lang="en" xlink:role="http://disclosure.edinet-fsa.go.jp/jpcrp/alt/ConsolidatedQuarterly/role/positiveLabel" id="label_DilutedEarningsLossPerShareIFRS">Diluted earnings per share</link:label>    <link:labelArc xlink:type="arc" xlink:arcrole="http://www.xbrl.org/2003/arcrole/concept-label" xlink:from="DilutedEarningsLossPerShareIFRS" xlink:to="label_DilutedEarningsLossPerShareIFRS" />    <link:loc xlink:type="locator" xlink:href="http://disclosure.edinet-fsa.go.jp/taxonomy/jpigp/2020-11-01/jpigp_cor_2020-11-01.xsd#jpigp_cor_FinanceIncomeAndExpensesNetIFRS" xlink:label="FinanceIncomeAndExpensesNetIFRS" />    <link:label xlink:type="resource" xlink:label="label_FinanceIncomeAndExpensesNetIFRS" xml:lang="en" xlink:role="http://disclosure.edinet-fsa.go.jp/jpcrp/alt/role/label" id="label_FinanceIncomeAndExpensesNetIFRS">Finance income and expenses, net</link:label>    <link:labelArc xlink:type="arc" xlink:arcrole="http://www.xbrl.org/2003/arcrole/concept-label" xlink:from="FinanceIncomeAndExpensesNetIFRS" xlink:to="label_FinanceIncomeAndExpensesNetIFRS" />    <link:label xlink:type="resource" xlink:label="label_OtherReceivablesCAIFRS" xml:lang="en" xlink:role="http://www.xbrl.org/2003/role/label" id="label_OtherReceivablesCAIFRS">Other receivables</link:label>    <link:labelArc xlink:type="arc" xlink:arcrole="http://www.xbrl.org/2003/arcrole/concept-label" xlink:from="OtherReceivablesCAIFRS" xlink:to="label_OtherReceivablesCAIFRS" />    <link:label xlink:type="resource" xlink:label="label_OtherReceivablesCAIFRS_2" xml:lang="en" xlink:role="http://www.xbrl.org/2003/role/verboseLabel" id="label_OtherReceivablesCAIFRS_2">Other receivables - CA (IFRS)</link:label>    <link:labelArc xlink:type="arc" xlink:arcrole="http://www.xbrl.org/2003/arcrole/concept-label" xlink:from="OtherReceivablesCAIFRS" xlink:to="label_OtherReceivablesCAIFRS_2" />    <link:label xlink:type="resource" xlink:label="label_LongTermInterestBearingDebtDueWithinOneYearCLIFRS" xml:lang="en" xlink:role="http://www.xbrl.org/2003/role/label" id="label_LongTermInterestBearingDebtDueWithinOneYearCLIFRS">Long-term interest-bearing debt due within one year</link:label>    <link:labelArc xlink:type="arc" xlink:arcrole="http://www.xbrl.org/2003/arcrole/concept-label" xlink:from="LongTermInterestBearingDebtDueWithinOneYearCLIFRS" xlink:to="label_LongTermInterestBearingDebtDueWithinOneYearCLIFRS" />    <link:label xlink:type="resource" xlink:label="label_LongTermInterestBearingDebtDueWithinOneYearCLIFRS_2" xml:lang="en" xlink:role="http://www.xbrl.org/2003/role/verboseLabel" id="label_LongTermInterestBearingDebtDueWithinOneYearCLIFRS_2">Long-term interest-bearing debt due within one year - CL (IFRS)</link:label>    <link:labelArc xlink:type="arc" xlink:arcrole="http://www.xbrl.org/2003/arcrole/concept-label" xlink:from="LongTermInterestBearingDebtDueWithinOneYearCLIFRS" xlink:to="label_LongTermInterestBearingDebtDueWithinOneYearCLIFRS_2" />    <link:label xlink:type="resource" xlink:label="label_LongTermInterestBearingDebtDueWithinOneYearCLIFRS_3" xml:lang="en" xlink:role="http://disclosure.edinet-fsa.go.jp/jpcrp/alt/role/label" id="label_LongTermInterestBearingDebtDueWithinOneYearCLIFRS_3">Long-term interest-bearing debt due within one year</link:label>    <link:labelArc xlink:type="arc" xlink:arcrole="http://www.xbrl.org/2003/arcrole/concept-label" xlink:from="LongTermInterestBearingDebtDueWithinOneYearCLIFRS" xlink:to="label_LongTermInterestBearingDebtDueWithinOneYearCLIFRS_3" />    <link:label xlink:type="resource" xlink:label="label_OtherPayablesCLIFRS" xml:lang="en" xlink:role="http://www.xbrl.org/2003/role/label" id="label_OtherPayablesCLIFRS">Other payables</link:label>    <link:labelArc xlink:type="arc" xlink:arcrole="http://www.xbrl.org/2003/arcrole/concept-label" xlink:from="OtherPayablesCLIFRS" xlink:to="label_OtherPayablesCLIFRS" />    <link:label xlink:type="resource" xlink:label="label_OtherPayablesCLIFRS_2" xml:lang="en" xlink:role="http://www.xbrl.org/2003/role/verboseLabel" id="label_OtherPayablesCLIFRS_2">Other payables - CL (IFRS)</link:label>    <link:labelArc xlink:type="arc" xlink:arcrole="http://www.xbrl.org/2003/arcrole/concept-label" xlink:from="OtherPayablesCLIFRS" xlink:to="label_OtherPayablesCLIFRS_2" />    <link:loc xlink:type="locator" xlink:href="http://disclosure.edinet-fsa.go.jp/taxonomy/jpigp/2020-11-01/jpigp_cor_2020-11-01.xsd#jpigp_cor_InterestBearingLiabilitiesCLIFRS" xlink:label="InterestBearingLiabilitiesCLIFRS" />    <link:label xlink:type="resource" xlink:label="label_InterestBearingLiabilitiesCLIFRS" xml:lang="en" xlink:role="http://disclosure.edinet-fsa.go.jp/jpcrp/alt/role/label" id="label_InterestBearingLiabilitiesCLIFRS">Interest-bearing liabilities</link:label>    <link:labelArc xlink:type="arc" xlink:arcrole="http://www.xbrl.org/2003/arcrole/concept-label" xlink:from="InterestBearingLiabilitiesCLIFRS" xlink:to="label_InterestBearingLiabilitiesCLIFRS" />    <link:loc xlink:type="locator" xlink:href="http://disclosure.edinet-fsa.go.jp/taxonomy/jpigp/2020-11-01/jpigp_cor_2020-11-01.xsd#jpigp_cor_InterestBearingLiabilitiesNCLIFRS" xlink:label="InterestBearingLiabilitiesNCLIFRS" />    <link:label xlink:type="resource" xlink:label="label_InterestBearingLiabilitiesNCLIFRS" xml:lang="en" xlink:role="http://disclosure.edinet-fsa.go.jp/jpcrp/alt/role/label" id="label_InterestBearingLiabilitiesNCLIFRS">Interest-bearing liabilities</link:label>    <link:labelArc xlink:type="arc" xlink:arcrole="http://www.xbrl.org/2003/arcrole/concept-label" xlink:from="InterestBearingLiabilitiesNCLIFRS" xlink:to="label_InterestBearingLiabilitiesNCLIFRS" />    <link:loc xlink:type="locator" xlink:href="http://disclosure.edinet-fsa.go.jp/taxonomy/jpigp/2020-11-01/jpigp_cor_2020-11-01.xsd#jpigp_cor_RemeasurementsOfDefinedBenefitPlansNetOfTaxItemsThatWillNotBeReclassifiedToProfitOrLossOCIIFRS" xlink:label="RemeasurementsOfDefinedBenefitPlansNetOfTaxItemsThatWillNotBeReclassifiedToProfitOrLossOCIIFRS" />    <link:label xlink:type="resource" xlink:label="label_RemeasurementsOfDefinedBenefitPlansNetOfTaxItemsThatWillNotBeReclassifiedToProfitOrLossOCIIFRS" xml:lang="en" xlink:role="http://disclosure.edinet-fsa.go.jp/jpcrp/alt/role/label" id="label_RemeasurementsOfDefinedBenefitPlansNetOfTaxItemsThatWillNotBeReclassifiedToProfitOrLossOCIIFRS">Remeasurements of defined benefit plans</link:label>    <link:labelArc xlink:type="arc" xlink:arcrole="http://www.xbrl.org/2003/arcrole/concept-label" xlink:from="RemeasurementsOfDefinedBenefitPlansNetOfTaxItemsThatWillNotBeReclassifiedToProfitOrLossOCIIFRS" xlink:to="label_RemeasurementsOfDefinedBenefitPlansNetOfTaxItemsThatWillNotBeReclassifiedToProfitOrLossOCIIFRS" />    <link:loc xlink:type="locator" xlink:href="http://disclosure.edinet-fsa.go.jp/taxonomy/jpigp/2020-11-01/jpigp_cor_2020-11-01.xsd#jpigp_cor_NetChangeInFairValueOfEquityInstrumentsDesignatedAsMeasuredAtFairValueThroughOtherComprehensiveIncomeNetOfTaxItemsThatWillNotBeReclassifiedToProfitOrLossOCIIFRS" xlink:label="NetChangeInFairValueOfEquityInstrumentsDesignatedAsMeasuredAtFairValueThroughOtherComprehensiveIncomeNetOfTaxItemsThatWillNotBeReclassifiedToProfitOrLossOCIIFRS" />    <link:label xlink:type="resource" xlink:label="label_NetChangeInFairValueOfEquityInstrumentsDesignatedAsMeasuredAtFairValueThroughOtherComprehensiveIncomeNetOfTaxItemsThatWillNotBeReclassifiedToProfitOrLossOCIIFRS" xml:lang="en" xlink:role="http://disclosure.edinet-fsa.go.jp/jpcrp/alt/role/label" id="label_NetChangeInFairValueOfEquityInstrumentsDesignatedAsMeasuredAtFairValueThroughOtherComprehensiveIncomeNetOfTaxItemsThatWillNotBeReclassifiedToProfitOrLossOCIIFRS">Net change in fair value of equity instruments designated as measured at fair value through other comprehensive income</link:label>    <link:labelArc xlink:type="arc" xlink:arcrole="http://www.xbrl.org/2003/arcrole/concept-label" xlink:from="NetChangeInFairValueOfEquityInstrumentsDesignatedAsMeasuredAtFairValueThroughOtherComprehensiveIncomeNetOfTaxItemsThatWillNotBeReclassifiedToProfitOrLossOCIIFRS" xlink:to="label_NetChangeInFairValueOfEquityInstrumentsDesignatedAsMeasuredAtFairValueThroughOtherComprehensiveIncomeNetOfTaxItemsThatWillNotBeReclassifiedToProfitOrLossOCIIFRS" />    <link:loc xlink:type="locator" xlink:href="http://disclosure.edinet-fsa.go.jp/taxonomy/jpigp/2020-11-01/jpigp_cor_2020-11-01.xsd#jpigp_cor_ShareOfOtherComprehensiveIncomeOfInvestmentsAccountedForUsingEquityMethodNetOfTaxItemsThatWillNotBeReclassifiedToProfitOrLossOCIIFRS" xlink:label="ShareOfOtherComprehensiveIncomeOfInvestmentsAccountedForUsingEquityMethodNetOfTaxItemsThatWillNotBeReclassifiedToProfitOrLossOCIIFRS" />    <link:label xlink:type="resource" xlink:label="label_ShareOfOtherComprehensiveIncomeOfInvestmentsAccountedForUsingEquityMethodNetOfTaxItemsThatWillNotBeReclassifiedToProfitOrLossOCIIFRS" xml:lang="en" xlink:role="http://disclosure.edinet-fsa.go.jp/jpcrp/alt/role/label" id="label_ShareOfOtherComprehensiveIncomeOfInvestmentsAccountedForUsingEquityMethodNetOfTaxItemsThatWillNotBeReclassifiedToProfitOrLossOCIIFRS">Share of other comprehensive income of investments accounted for using equity method</link:label>    <link:labelArc xlink:type="arc" xlink:arcrole="http://www.xbrl.org/2003/arcrole/concept-label" xlink:from="ShareOfOtherComprehensiveIncomeOfInvestmentsAccountedForUsingEquityMethodNetOfTaxItemsThatWillNotBeReclassifiedToProfitOrLossOCIIFRS" xlink:to="label_ShareOfOtherComprehensiveIncomeOfInvestmentsAccountedForUsingEquityMethodNetOfTaxItemsThatWillNotBeReclassifiedToProfitOrLossOCIIFRS" />    <link:loc xlink:type="locator" xlink:href="http://disclosure.edinet-fsa.go.jp/taxonomy/jpigp/2020-11-01/jpigp_cor_2020-11-01.xsd#jpigp_cor_EffectivePortionOfCashFlowHedgesNetOfTaxItemsThatMayBeReclassifiedToProfitOrLossOCIIFRS" xlink:label="EffectivePortionOfCashFlowHedgesNetOfTaxItemsThatMayBeReclassifiedToProfitOrLossOCIIFRS" />    <link:label xlink:type="resource" xlink:label="label_EffectivePortionOfCashFlowHedgesNetOfTaxItemsThatMayBeReclassifiedToProfitOrLossOCIIFRS" xml:lang="en" xlink:role="http://disclosure.edinet-fsa.go.jp/jpcrp/alt/role/label" id="label_EffectivePortionOfCashFlowHedgesNetOfTaxItemsThatMayBeReclassifiedToProfitOrLossOCIIFRS">Effective portion of cash flow hedges</link:label>    <link:labelArc xlink:type="arc" xlink:arcrole="http://www.xbrl.org/2003/arcrole/concept-label" xlink:from="EffectivePortionOfCashFlowHedgesNetOfTaxItemsThatMayBeReclassifiedToProfitOrLossOCIIFRS" xlink:to="label_EffectivePortionOfCashFlowHedgesNetOfTaxItemsThatMayBeReclassifiedToProfitOrLossOCIIFRS" />    <link:loc xlink:type="locator" xlink:href="http://disclosure.edinet-fsa.go.jp/taxonomy/jpigp/2020-11-01/jpigp_cor_2020-11-01.xsd#jpigp_cor_ShareOfOtherComprehensiveIncomeOfInvestmentsAccountedForUsingEquityMethodNetOfTaxItemsThatMayBeReclassifiedToProfitOrLossOCIIFRS" xlink:label="ShareOfOtherComprehensiveIncomeOfInvestmentsAccountedForUsingEquityMethodNetOfTaxItemsThatMayBeReclassifiedToProfitOrLossOCIIFRS" />    <link:label xlink:type="resource" xlink:label="label_ShareOfOtherComprehensiveIncomeOfInvestmentsAccountedForUsingEquityMethodNetOfTaxItemsThatMayBeReclassifiedToProfitOrLossOCIIFRS" xml:lang="en" xlink:role="http://disclosure.edinet-fsa.go.jp/jpcrp/alt/role/label" id="label_ShareOfOtherComprehensiveIncomeOfInvestmentsAccountedForUsingEquityMethodNetOfTaxItemsThatMayBeReclassifiedToProfitOrLossOCIIFRS">Share of other comprehensive income of investments accounted for using equity method</link:label>    <link:labelArc xlink:type="arc" xlink:arcrole="http://www.xbrl.org/2003/arcrole/concept-label" xlink:from="ShareOfOtherComprehensiveIncomeOfInvestmentsAccountedForUsingEquityMethodNetOfTaxItemsThatMayBeReclassifiedToProfitOrLossOCIIFRS" xlink:to="label_ShareOfOtherComprehensiveIncomeOfInvestmentsAccountedForUsingEquityMethodNetOfTaxItemsThatMayBeReclassifiedToProfitOrLossOCIIFRS" />    <link:loc xlink:type="locator" xlink:href="http://disclosure.edinet-fsa.go.jp/taxonomy/jpigp/2020-11-01/jpigp_cor_2020-11-01.xsd#jpigp_cor_ComprehensiveIncomeAttributableToOwnersOfParentIFRS" xlink:label="ComprehensiveIncomeAttributableToOwnersOfParentIFRS" />    <link:label xlink:type="resource" xlink:label="label_ComprehensiveIncomeAttributableToOwnersOfParentIFRS" xml:lang="en" xlink:role="http://disclosure.edinet-fsa.go.jp/jppfs/ConsolidatedQuarterly/role/label" id="label_ComprehensiveIncomeAttributableToOwnersOfParentIFRS">Owners of parent</link:label>    <link:labelArc xlink:type="arc" xlink:arcrole="http://www.xbrl.org/2003/arcrole/concept-label" xlink:from="ComprehensiveIncomeAttributableToOwnersOfParentIFRS" xlink:to="label_ComprehensiveIncomeAttributableToOwnersOfParentIFRS" />    <link:loc xlink:type="locator" xlink:href="http://disclosure.edinet-fsa.go.jp/taxonomy/jpigp/2020-11-01/jpigp_cor_2020-11-01.xsd#jpigp_cor_ComprehensiveIncomeAttributableToNonControllingInterestsIFRS" xlink:label="ComprehensiveIncomeAttributableToNonControllingInterestsIFRS" />    <link:label xlink:type="resource" xlink:label="label_ComprehensiveIncomeAttributableToNonControllingInterestsIFRS" xml:lang="en" xlink:role="http://disclosure.edinet-fsa.go.jp/jppfs/ConsolidatedQuarterly/role/label" id="label_ComprehensiveIncomeAttributableToNonControllingInterestsIFRS">Non-controlling interests</link:label>    <link:labelArc xlink:type="arc" xlink:arcrole="http://www.xbrl.org/2003/arcrole/concept-label" xlink:from="ComprehensiveIncomeAttributableToNonControllingInterestsIFRS" xlink:to="label_ComprehensiveIncomeAttributableToNonControllingInterestsIFRS" />    <link:label xlink:type="resource" xlink:label="label_ChangesInEquitySSIFRSAbstract" xml:lang="en" xlink:role="http://www.xbrl.org/2003/role/label" id="label_ChangesInEquitySSIFRSAbstract">Changes in equity</link:label>    <link:labelArc xlink:type="arc" xlink:arcrole="http://www.xbrl.org/2003/arcrole/concept-label" xlink:from="ChangesInEquitySSIFRSAbstract" xlink:to="label_ChangesInEquitySSIFRSAbstract" />    <link:label xlink:type="resource" xlink:label="label_ChangesInEquitySSIFRSAbstract_2" xml:lang="en" xlink:role="http://www.xbrl.org/2003/role/verboseLabel" id="label_ChangesInEquitySSIFRSAbstract_2">Changes in equity - SS (IFRS) [abstract]</link:label>    <link:labelArc xlink:type="arc" xlink:arcrole="http://www.xbrl.org/2003/arcrole/concept-label" xlink:from="ChangesInEquitySSIFRSAbstract" xlink:to="label_ChangesInEquitySSIFRSAbstract_2" />    <link:label xlink:type="resource" xlink:label="label_OthersBusinessCombinationsAndOthersSSIFRS" xml:lang="en" xlink:role="http://www.xbrl.org/2003/role/label" id="label_OthersBusinessCombinationsAndOthersSSIFRS">Others (business combinations and others)</link:label>    <link:labelArc xlink:type="arc" xlink:arcrole="http://www.xbrl.org/2003/arcrole/concept-label" xlink:from="OthersBusinessCombinationsAndOthersSSIFRS" xlink:to="label_OthersBusinessCombinationsAndOthersSSIFRS" />    <link:label xlink:type="resource" xlink:label="label_OthersBusinessCombinationsAndOthersSSIFRS_2" xml:lang="en" xlink:role="http://www.xbrl.org/2003/role/verboseLabel" id="label_OthersBusinessCombinationsAndOthersSSIFRS_2">Others (business combinations and others) - SS (IFRS)</link:label>    <link:labelArc xlink:type="arc" xlink:arcrole="http://www.xbrl.org/2003/arcrole/concept-label" xlink:from="OthersBusinessCombinationsAndOthersSSIFRS" xlink:to="label_OthersBusinessCombinationsAndOthersSSIFRS_2" />    <link:loc xlink:type="locator" xlink:href="http://disclosure.edinet-fsa.go.jp/taxonomy/jpigp/2020-11-01/jpigp_cor_2020-11-01.xsd#jpigp_cor_ProfitLossIFRS" xlink:label="ProfitLossIFRS" />    <link:label xlink:type="resource" xlink:label="label_ProfitLossIFRS" xml:lang="en" xlink:role="http://disclosure.edinet-fsa.go.jp/jpcrp/alt/ConsolidatedQuarterly/role/positiveLabel" id="label_ProfitLossIFRS">Profit</link:label>    <link:labelArc xlink:type="arc" xlink:arcrole="http://www.xbrl.org/2003/arcrole/concept-label" xlink:from="ProfitLossIFRS" xlink:to="label_ProfitLossIFRS" />    <link:loc xlink:type="locator" xlink:href="http://disclosure.edinet-fsa.go.jp/taxonomy/jpigp/2020-11-01/jpigp_cor_2020-11-01.xsd#jpigp_cor_OtherComprehensiveIncomeIFRS" xlink:label="OtherComprehensiveIncomeIFRS" />    <link:label xlink:type="resource" xlink:label="label_OtherComprehensiveIncomeIFRS" xml:lang="en" xlink:role="http://disclosure.edinet-fsa.go.jp/jpcrp/alt/role/totalLabel" id="label_OtherComprehensiveIncomeIFRS">Total other comprehensive income</link:label>    <link:labelArc xlink:type="arc" xlink:arcrole="http://www.xbrl.org/2003/arcrole/concept-label" xlink:from="OtherComprehensiveIncomeIFRS" xlink:to="label_OtherComprehensiveIncomeIFRS" />    <link:loc xlink:type="locator" xlink:href="http://disclosure.edinet-fsa.go.jp/taxonomy/jpigp/2020-11-01/jpigp_cor_2020-11-01.xsd#jpigp_cor_EquityIFRSMember" xlink:label="EquityIFRSMember" />    <link:label xlink:type="resource" xlink:label="label_EquityIFRSMember" xml:lang="en" xlink:role="http://disclosure.edinet-fsa.go.jp/jpcrp/alt/role/totalLabel" id="label_EquityIFRSMember">Total</link:label>    <link:labelArc xlink:type="arc" xlink:arcrole="http://www.xbrl.org/2003/arcrole/concept-label" xlink:from="EquityIFRSMember" xlink:to="label_EquityIFRSMember" />    <link:loc xlink:type="locator" xlink:href="http://disclosure.edinet-fsa.go.jp/taxonomy/jpigp/2020-11-01/jpigp_cor_2020-11-01.xsd#jpigp_cor_RemeasurementsOfDefinedBenefitPlansIFRSMember" xlink:label="RemeasurementsOfDefinedBenefitPlansIFRSMember" />    <link:label xlink:type="resource" xlink:label="label_RemeasurementsOfDefinedBenefitPlansIFRSMember" xml:lang="en" xlink:role="http://disclosure.edinet-fsa.go.jp/jpcrp/alt/role/label" id="label_RemeasurementsOfDefinedBenefitPlansIFRSMember">Remeasurements of defined benefit plans</link:label>    <link:labelArc xlink:type="arc" xlink:arcrole="http://www.xbrl.org/2003/arcrole/concept-label" xlink:from="RemeasurementsOfDefinedBenefitPlansIFRSMember" xlink:to="label_RemeasurementsOfDefinedBenefitPlansIFRSMember" />    <link:loc xlink:type="locator" xlink:href="http://disclosure.edinet-fsa.go.jp/taxonomy/jpigp/2020-11-01/jpigp_cor_2020-11-01.xsd#jpigp_cor_FinancialAssetsMeasuredAtFairValueThroughOtherComprehensiveIncomeIFRSMember" xlink:label="FinancialAssetsMeasuredAtFairValueThroughOtherComprehensiveIncomeIFRSMember" />    <link:label xlink:type="resource" xlink:label="label_FinancialAssetsMeasuredAtFairValueThroughOtherComprehensiveIncomeIFRSMember" xml:lang="en" xlink:role="http://disclosure.edinet-fsa.go.jp/jpcrp/alt/role/label" id="label_FinancialAssetsMeasuredAtFairValueThroughOtherComprehensiveIncomeIFRSMember">Financial assets measured at fair value through other comprehensive income</link:label>    <link:labelArc xlink:type="arc" xlink:arcrole="http://www.xbrl.org/2003/arcrole/concept-label" xlink:from="FinancialAssetsMeasuredAtFairValueThroughOtherComprehensiveIncomeIFRSMember" xlink:to="label_FinancialAssetsMeasuredAtFairValueThroughOtherComprehensiveIncomeIFRSMember" />    <link:loc xlink:type="locator" xlink:href="http://disclosure.edinet-fsa.go.jp/taxonomy/jpigp/2020-11-01/jpigp_cor_2020-11-01.xsd#jpigp_cor_EffectivePortionOfCashFlowHedgesIFRSMember" xlink:label="EffectivePortionOfCashFlowHedgesIFRSMember" />    <link:label xlink:type="resource" xlink:label="label_EffectivePortionOfCashFlowHedgesIFRSMember" xml:lang="en" xlink:role="http://disclosure.edinet-fsa.go.jp/jpcrp/alt/role/label" id="label_EffectivePortionOfCashFlowHedgesIFRSMember">Effective portion of cash flow hedges</link:label>    <link:labelArc xlink:type="arc" xlink:arcrole="http://www.xbrl.org/2003/arcrole/concept-label" xlink:from="EffectivePortionOfCashFlowHedgesIFRSMember" xlink:to="label_EffectivePortionOfCashFlowHedgesIFRSMember" />    <link:loc xlink:type="locator" xlink:href="http://disclosure.edinet-fsa.go.jp/taxonomy/jpigp/2020-11-01/jpigp_cor_2020-11-01.xsd#jpigp_cor_TransactionsWithOwnersIFRSAbstract" xlink:label="TransactionsWithOwnersIFRSAbstract" />    <link:label xlink:type="resource" xlink:label="label_TransactionsWithOwnersIFRSAbstract" xml:lang="en" xlink:role="http://disclosure.edinet-fsa.go.jp/jpcrp/alt/role/label" id="label_TransactionsWithOwnersIFRSAbstract">Transactions with owners</link:label>    <link:labelArc xlink:type="arc" xlink:arcrole="http://www.xbrl.org/2003/arcrole/concept-label" xlink:from="TransactionsWithOwnersIFRSAbstract" xlink:to="label_TransactionsWithOwnersIFRSAbstract" />    <link:loc xlink:type="locator" xlink:href="http://disclosure.edinet-fsa.go.jp/taxonomy/jpigp/2020-11-01/jpigp_cor_2020-11-01.xsd#jpigp_cor_DividendsSSIFRS" xlink:label="DividendsSSIFRS" />    <link:label xlink:type="resource" xlink:label="label_DividendsSSIFRS" xml:lang="en" xlink:role="http://disclosure.edinet-fsa.go.jp/jpcrp/alt/role/label" id="label_DividendsSSIFRS">Dividends</link:label>    <link:labelArc xlink:type="arc" xlink:arcrole="http://www.xbrl.org/2003/arcrole/concept-label" xlink:from="DividendsSSIFRS" xlink:to="label_DividendsSSIFRS" />    <link:loc xlink:type="locator" xlink:href="http://disclosure.edinet-fsa.go.jp/taxonomy/jpigp/2020-11-01/jpigp_cor_2020-11-01.xsd#jpigp_cor_TotalTransactionsWithOwnersIFRS" xlink:label="TotalTransactionsWithOwnersIFRS" />    <link:label xlink:type="resource" xlink:label="label_TotalTransactionsWithOwnersIFRS" xml:lang="en" xlink:role="http://www.xbrl.org/2003/role/totalLabel" id="label_TotalTransactionsWithOwnersIFRS">Total</link:label>    <link:labelArc xlink:type="arc" xlink:arcrole="http://www.xbrl.org/2003/arcrole/concept-label" xlink:from="TotalTransactionsWithOwnersIFRS" xlink:to="label_TotalTransactionsWithOwnersIFRS" />    <link:label xlink:type="resource" xlink:label="label_ChangesInShortTermInterestBearingDebtFinCFIFRS" xml:lang="en" xlink:role="http://www.xbrl.org/2003/role/label" id="label_ChangesInShortTermInterestBearingDebtFinCFIFRS">Changes in short-term interest-bearing debt</link:label>    <link:labelArc xlink:type="arc" xlink:arcrole="http://www.xbrl.org/2003/arcrole/concept-label" xlink:from="ChangesInShortTermInterestBearingDebtFinCFIFRS" xlink:to="label_ChangesInShortTermInterestBearingDebtFinCFIFRS" />    <link:label xlink:type="resource" xlink:label="label_ChangesInShortTermInterestBearingDebtFinCFIFRS_2" xml:lang="en" xlink:role="http://www.xbrl.org/2003/role/verboseLabel" id="label_ChangesInShortTermInterestBearingDebtFinCFIFRS_2">Changes in short-term interest-bearing debt - FinCF (IFRS)</link:label>    <link:labelArc xlink:type="arc" xlink:arcrole="http://www.xbrl.org/2003/arcrole/concept-label" xlink:from="ChangesInShortTermInterestBearingDebtFinCFIFRS" xlink:to="label_ChangesInShortTermInterestBearingDebtFinCFIFRS_2" />    <link:label xlink:type="resource" xlink:label="label_ProceedsFromBorrowingOrIssuingLongTermInterestBearingDebtFinCFIFRS" xml:lang="en" xlink:role="http://www.xbrl.org/2003/role/label" id="label_ProceedsFromBorrowingOrIssuingLongTermInterestBearingDebtFinCFIFRS">Proceeds from borrowing or issuing long-term interest-bearing debt</link:label>    <link:labelArc xlink:type="arc" xlink:arcrole="http://www.xbrl.org/2003/arcrole/concept-label" xlink:from="ProceedsFromBorrowingOrIssuingLongTermInterestBearingDebtFinCFIFRS" xlink:to="label_ProceedsFromBorrowingOrIssuingLongTermInterestBearingDebtFinCFIFRS" />    <link:label xlink:type="resource" xlink:label="label_ProceedsFromBorrowingOrIssuingLongTermInterestBearingDebtFinCFIFRS_2" xml:lang="en" xlink:role="http://www.xbrl.org/2003/role/verboseLabel" id="label_ProceedsFromBorrowingOrIssuingLongTermInterestBearingDebtFinCFIFRS_2">Proceeds from borrowing or issuing long-term interest-bearing debt - FinCF (IFRS)</link:label>    <link:labelArc xlink:type="arc" xlink:arcrole="http://www.xbrl.org/2003/arcrole/concept-label" xlink:from="ProceedsFromBorrowingOrIssuingLongTermInterestBearingDebtFinCFIFRS" xlink:to="label_ProceedsFromBorrowingOrIssuingLongTermInterestBearingDebtFinCFIFRS_2" />    <link:label xlink:type="resource" xlink:label="label_RepaymentOrRedemptionOfLongTermInterestBearingDebtFinCFIFRS" xml:lang="en" xlink:role="http://www.xbrl.org/2003/role/label" id="label_RepaymentOrRedemptionOfLongTermInterestBearingDebtFinCFIFRS">Repayment or redemption of long-term interest-bearing debt</link:label>    <link:labelArc xlink:type="arc" xlink:arcrole="http://www.xbrl.org/2003/arcrole/concept-label" xlink:from="RepaymentOrRedemptionOfLongTermInterestBearingDebtFinCFIFRS" xlink:to="label_RepaymentOrRedemptionOfLongTermInterestBearingDebtFinCFIFRS" />    <link:label xlink:type="resource" xlink:label="label_RepaymentOrRedemptionOfLongTermInterestBearingDebtFinCFIFRS_2" xml:lang="en" xlink:role="http://www.xbrl.org/2003/role/verboseLabel" id="label_RepaymentOrRedemptionOfLongTermInterestBearingDebtFinCFIFRS_2">Repayment or redemption of long-term interest-bearing debt - FinCF (IFRS)</link:label>    <link:labelArc xlink:type="arc" xlink:arcrole="http://www.xbrl.org/2003/arcrole/concept-label" xlink:from="RepaymentOrRedemptionOfLongTermInterestBearingDebtFinCFIFRS" xlink:to="label_RepaymentOrRedemptionOfLongTermInterestBearingDebtFinCFIFRS_2" />    <link:loc xlink:type="locator" xlink:href="http://disclosure.edinet-fsa.go.jp/taxonomy/jpigp/2020-11-01/label/jpigp_2020-11-01_lab-en.xml#label_CashAndCashEquivalentsIFRS_6" xlink:label="label_CashAndCashEquivalentsIFRS" xlink:role="http://disclosure.edinet-fsa.go.jp/jppfs/ConsolidatedQuarterly/role/periodEndLabel" />    <link:labelArc xlink:type="arc" xlink:arcrole="http://www.xbrl.org/2003/arcrole/concept-label" xlink:from="CashAndCashEquivalentsIFRS" xlink:to="label_CashAndCashEquivalentsIFRS" use="prohibited" priority="1" />    <link:label xlink:type="resource" xlink:label="label_CashAndCashEquivalentsIFRS_2" xml:lang="en" xlink:role="http://disclosure.edinet-fsa.go.jp/jppfs/ConsolidatedQuarterly/role/periodEndLabel" id="label_CashAndCashEquivalentsIFRS_2">Cash and cash equivalents</link:label>    <link:labelArc xlink:type="arc" xlink:arcrole="http://www.xbrl.org/2003/arcrole/concept-label" xlink:from="CashAndCashEquivalentsIFRS" xlink:to="label_CashAndCashEquivalentsIFRS_2" priority="2" />    <link:loc xlink:type="locator" xlink:href="http://disclosure.edinet-fsa.go.jp/taxonomy/jpigp/2020-11-01/jpigp_cor_2020-11-01.xsd#jpigp_cor_ShareOfLossProfitOfInvestmentsAccountedForUsingEquityMethodOpeCFIFRS" xlink:label="ShareOfLossProfitOfInvestmentsAccountedForUsingEquityMethodOpeCFIFRS" />    <link:label xlink:type="resource" xlink:label="label_ShareOfLossProfitOfInvestmentsAccountedForUsingEquityMethodOpeCFIFRS" xml:lang="en" xlink:role="http://disclosure.edinet-fsa.go.jp/jpcrp/alt/role/label" id="label_ShareOfLossProfitOfInvestmentsAccountedForUsingEquityMethodOpeCFIFRS">Share of loss (profit) of investments accounted for using equity method</link:label>    <link:labelArc xlink:type="arc" xlink:arcrole="http://www.xbrl.org/2003/arcrole/concept-label" xlink:from="ShareOfLossProfitOfInvestmentsAccountedForUsingEquityMethodOpeCFIFRS" xlink:to="label_ShareOfLossProfitOfInvestmentsAccountedForUsingEquityMethodOpeCFIFRS" />    <link:loc xlink:type="locator" xlink:href="http://disclosure.edinet-fsa.go.jp/taxonomy/jpigp/2020-11-01/jpigp_cor_2020-11-01.xsd#jpigp_cor_LossGainOnSaleAndRetirementOfFixedAssetsOpeCFIFRS" xlink:label="LossGainOnSaleAndRetirementOfFixedAssetsOpeCFIFRS" />    <link:label xlink:type="resource" xlink:label="label_LossGainOnSaleAndRetirementOfFixedAssetsOpeCFIFRS" xml:lang="en" xlink:role="http://disclosure.edinet-fsa.go.jp/jpcrp/alt/role/label" id="label_LossGainOnSaleAndRetirementOfFixedAssetsOpeCFIFRS">Loss (gain) on sale and retirement of fixed assets</link:label>    <link:labelArc xlink:type="arc" xlink:arcrole="http://www.xbrl.org/2003/arcrole/concept-label" xlink:from="LossGainOnSaleAndRetirementOfFixedAssetsOpeCFIFRS" xlink:to="label_LossGainOnSaleAndRetirementOfFixedAssetsOpeCFIFRS" />    <link:loc xlink:type="locator" xlink:href="http://disclosure.edinet-fsa.go.jp/taxonomy/jpigp/2020-11-01/jpigp_cor_2020-11-01.xsd#jpigp_cor_DecreaseIncreaseInTradeReceivablesOpeCFIFRS" xlink:label="DecreaseIncreaseInTradeReceivablesOpeCFIFRS" />    <link:label xlink:type="resource" xlink:label="label_DecreaseIncreaseInTradeReceivablesOpeCFIFRS" xml:lang="en" xlink:role="http://disclosure.edinet-fsa.go.jp/jpcrp/alt/role/label" id="label_DecreaseIncreaseInTradeReceivablesOpeCFIFRS">Decrease (increase) in trade receivables</link:label>    <link:labelArc xlink:type="arc" xlink:arcrole="http://www.xbrl.org/2003/arcrole/concept-label" xlink:from="DecreaseIncreaseInTradeReceivablesOpeCFIFRS" xlink:to="label_DecreaseIncreaseInTradeReceivablesOpeCFIFRS" />    <link:loc xlink:type="locator" xlink:href="http://disclosure.edinet-fsa.go.jp/taxonomy/jpigp/2020-11-01/jpigp_cor_2020-11-01.xsd#jpigp_cor_DecreaseIncreaseInInventoriesOpeCFIFRS" xlink:label="DecreaseIncreaseInInventoriesOpeCFIFRS" />    <link:label xlink:type="resource" xlink:label="label_DecreaseIncreaseInInventoriesOpeCFIFRS" xml:lang="en" xlink:role="http://disclosure.edinet-fsa.go.jp/jpcrp/alt/role/label" id="label_DecreaseIncreaseInInventoriesOpeCFIFRS">Decrease (increase) in inventories</link:label>    <link:labelArc xlink:type="arc" xlink:arcrole="http://www.xbrl.org/2003/arcrole/concept-label" xlink:from="DecreaseIncreaseInInventoriesOpeCFIFRS" xlink:to="label_DecreaseIncreaseInInventoriesOpeCFIFRS" />    <link:loc xlink:type="locator" xlink:href="http://disclosure.edinet-fsa.go.jp/taxonomy/jpigp/2020-11-01/jpigp_cor_2020-11-01.xsd#jpigp_cor_IncreaseDecreaseInTradePayablesOpeCFIFRS" xlink:label="IncreaseDecreaseInTradePayablesOpeCFIFRS" />    <link:label xlink:type="resource" xlink:label="label_IncreaseDecreaseInTradePayablesOpeCFIFRS" xml:lang="en" xlink:role="http://disclosure.edinet-fsa.go.jp/jpcrp/alt/role/label" id="label_IncreaseDecreaseInTradePayablesOpeCFIFRS">Increase (decrease) in trade payables</link:label>    <link:labelArc xlink:type="arc" xlink:arcrole="http://www.xbrl.org/2003/arcrole/concept-label" xlink:from="IncreaseDecreaseInTradePayablesOpeCFIFRS" xlink:to="label_IncreaseDecreaseInTradePayablesOpeCFIFRS" />    <link:loc xlink:type="locator" xlink:href="http://disclosure.edinet-fsa.go.jp/taxonomy/jpigp/2020-11-01/jpigp_cor_2020-11-01.xsd#jpigp_cor_IncomeTaxesRefundPaidOpeCFIFRS" xlink:label="IncomeTaxesRefundPaidOpeCFIFRS" />    <link:label xlink:type="resource" xlink:label="label_IncomeTaxesRefundPaidOpeCFIFRS" xml:lang="en" xlink:role="http://disclosure.edinet-fsa.go.jp/jpcrp/alt/role/label" id="label_IncomeTaxesRefundPaidOpeCFIFRS">Income taxes refund (paid)</link:label>    <link:labelArc xlink:type="arc" xlink:arcrole="http://www.xbrl.org/2003/arcrole/concept-label" xlink:from="IncomeTaxesRefundPaidOpeCFIFRS" xlink:to="label_IncomeTaxesRefundPaidOpeCFIFRS" />    <link:loc xlink:type="locator" xlink:href="http://disclosure.edinet-fsa.go.jp/taxonomy/jpigp/2020-11-01/jpigp_cor_2020-11-01.xsd#jpigp_cor_ProceedsFromSaleOfSubsidiariesInvCFIFRS" xlink:label="ProceedsFromSaleOfSubsidiariesInvCFIFRS" />    <link:label xlink:type="resource" xlink:label="label_ProceedsFromSaleOfSubsidiariesInvCFIFRS" xml:lang="en" xlink:role="http://disclosure.edinet-fsa.go.jp/jpcrp/alt/role/label" id="label_ProceedsFromSaleOfSubsidiariesInvCFIFRS">Proceeds from sale of shares of subsidiaries and associates or other businesses</link:label>    <link:labelArc xlink:type="arc" xlink:arcrole="http://www.xbrl.org/2003/arcrole/concept-label" xlink:from="ProceedsFromSaleOfSubsidiariesInvCFIFRS" xlink:to="label_ProceedsFromSaleOfSubsidiariesInvCFIFRS" />    <link:loc xlink:type="locator" xlink:href="http://disclosure.edinet-fsa.go.jp/taxonomy/jpigp/2020-11-01/jpigp_cor_2020-11-01.xsd#jpigp_cor_ProceedsFromSaleOfOtherFinancialAssetsInvCFIFRS" xlink:label="ProceedsFromSaleOfOtherFinancialAssetsInvCFIFRS" />    <link:label xlink:type="resource" xlink:label="label_ProceedsFromSaleOfOtherFinancialAssetsInvCFIFRS" xml:lang="en" xlink:role="http://disclosure.edinet-fsa.go.jp/jpcrp/alt/role/label" id="label_ProceedsFromSaleOfOtherFinancialAssetsInvCFIFRS">Proceeds from sale of other financial assets</link:label>    <link:labelArc xlink:type="arc" xlink:arcrole="http://www.xbrl.org/2003/arcrole/concept-label" xlink:from="ProceedsFromSaleOfOtherFinancialAssetsInvCFIFRS" xlink:to="label_ProceedsFromSaleOfOtherFinancialAssetsInvCFIFRS" />    <link:loc xlink:type="locator" xlink:href="http://disclosure.edinet-fsa.go.jp/taxonomy/jpigp/2020-11-01/jpigp_cor_2020-11-01.xsd#jpigp_cor_CapitalContributionFromNonControllingInterestsFinCFIFRS" xlink:label="CapitalContributionFromNonControllingInterestsFinCFIFRS" />    <link:label xlink:type="resource" xlink:label="label_CapitalContributionFromNonControllingInterestsFinCFIFRS" xml:lang="en" xlink:role="http://disclosure.edinet-fsa.go.jp/jpcrp/alt/role/label" id="label_CapitalContributionFromNonControllingInterestsFinCFIFRS">Capital contribution from non-controlling interests</link:label>    <link:labelArc xlink:type="arc" xlink:arcrole="http://www.xbrl.org/2003/arcrole/concept-label" xlink:from="CapitalContributionFromNonControllingInterestsFinCFIFRS" xlink:to="label_CapitalContributionFromNonControllingInterestsFinCFIFRS" />    <link:loc xlink:type="locator" xlink:href="http://disclosure.edinet-fsa.go.jp/taxonomy/jpigp/2020-11-01/jpigp_cor_2020-11-01.xsd#jpigp_cor_DividendsPaidToNonControllingInterestsFinCFIFRS" xlink:label="DividendsPaidToNonControllingInterestsFinCFIFRS" />    <link:label xlink:type="resource" xlink:label="label_DividendsPaidToNonControllingInterestsFinCFIFRS" xml:lang="en" xlink:role="http://disclosure.edinet-fsa.go.jp/jpcrp/alt/role/label" id="label_DividendsPaidToNonControllingInterestsFinCFIFRS">Dividends paid to non-controlling interests</link:label>    <link:labelArc xlink:type="arc" xlink:arcrole="http://www.xbrl.org/2003/arcrole/concept-label" xlink:from="DividendsPaidToNonControllingInterestsFinCFIFRS" xlink:to="label_DividendsPaidToNonControllingInterestsFinCFIFRS" />    <link:loc xlink:type="locator" xlink:href="http://disclosure.edinet-fsa.go.jp/taxonomy/jpigp/2020-11-01/jpigp_cor_2020-11-01.xsd#jpigp_cor_NetIncreaseDecreaseInCashAndCashEquivalentsIFRS" xlink:label="NetIncreaseDecreaseInCashAndCashEquivalentsIFRS" />    <link:label xlink:type="resource" xlink:label="label_NetIncreaseDecreaseInCashAndCashEquivalentsIFRS" xml:lang="en" xlink:role="http://disclosure.edinet-fsa.go.jp/jpcrp/alt/role/label" id="label_NetIncreaseDecreaseInCashAndCashEquivalentsIFRS">Net increase (decrease) in cash and cash equivalents</link:label>    <link:labelArc xlink:type="arc" xlink:arcrole="http://www.xbrl.org/2003/arcrole/concept-label" xlink:from="NetIncreaseDecreaseInCashAndCashEquivalentsIFRS" xlink:to="label_NetIncreaseDecreaseInCashAndCashEquivalentsIFRS" />  </link:labelLink></link:linkbase>