﻿<?xml version="1.0" encoding="utf-8"?>
<!-- Edited with FutureStage XBRL Solution Library .NET 01-11 -->
<link:linkbase xmlns:xlink="http://www.w3.org/1999/xlink" xmlns:xsi="http://www.w3.org/2001/XMLSchema-instance" xmlns:link="http://www.xbrl.org/2003/linkbase">
  <link:labelLink xlink:type="extended" xlink:role="http://www.xbrl.org/2003/role/link">
    <link:label xml:lang="en" xlink:type="resource" xlink:label="tse-qcedjpfr-80890_GainOnRevisionOfRetirementBenefitPlanOpeCF_label" xlink:role="http://www.xbrl.org/2003/role/label">Gain on revision of retirement benefit plan</link:label>
    <link:label xml:lang="en" xlink:type="resource" xlink:label="tse-qcedjpfr-80890_GainOnRevisionOfRetirementBenefitPlanOpeCF_label_1" xlink:role="http://www.xbrl.org/2003/role/verboseLabel">Gain on revision of retirement benefit plan-OpeCF</link:label>
    <link:loc xlink:type="locator" xlink:href="tse-qcedjpfr-80890-2022-09-30-01-2022-11-10.xsd#tse-qcedjpfr-80890_GainOnRevisionOfRetirementBenefitPlanOpeCF" xlink:label="tse-qcedjpfr-80890_GainOnRevisionOfRetirementBenefitPlanOpeCF" />
    <link:labelArc xlink:type="arc" xlink:from="tse-qcedjpfr-80890_GainOnRevisionOfRetirementBenefitPlanOpeCF" xlink:to="tse-qcedjpfr-80890_GainOnRevisionOfRetirementBenefitPlanOpeCF_label_1" xlink:arcrole="http://www.xbrl.org/2003/arcrole/concept-label" order="1" />
    <link:labelArc xlink:type="arc" xlink:from="tse-qcedjpfr-80890_GainOnRevisionOfRetirementBenefitPlanOpeCF" xlink:to="tse-qcedjpfr-80890_GainOnRevisionOfRetirementBenefitPlanOpeCF_label" xlink:arcrole="http://www.xbrl.org/2003/arcrole/concept-label" order="1" />
  </link:labelLink>
</link:linkbase>