<?xml version="1.0" encoding="utf-8"?>
<manifest xmlns="http://disclosure.edinet-fsa.go.jp/2013/manifest">
  <tocComposition>
    <title xml:lang="ja"></title>
    <title xml:lang="en"></title>
    <item ref="qcedjpfr" extrole="http://www.xbrl.tdnet.info/jp/tse/tdnet/role/RoleAttachedDocument" in="presentation" />
  </tocComposition>
  <list>
    <instance id="qcedjpfr" type="Attachment" preferredFilename="tse-qcedjpfr-67440-2022-09-30-01-2022-11-09.xbrl">
      <ixbrl>0500000-qcbs01-tse-qcedjpfr-67440-2022-09-30-01-2022-11-09-ixbrl.htm</ixbrl>
      <ixbrl>0600000-qcpl11-tse-qcedjpfr-67440-2022-09-30-01-2022-11-09-ixbrl.htm</ixbrl>
      <ixbrl>0800000-qcci11-tse-qcedjpfr-67440-2022-09-30-01-2022-11-09-ixbrl.htm</ixbrl>
      <ixbrl>1000000-qccf01-tse-qcedjpfr-67440-2022-09-30-01-2022-11-09-ixbrl.htm</ixbrl>
    </instance>
  </list>
</manifest>