<?xml version="1.0" encoding="utf-8"?>
<!-- Generated by PRONEXUS WORKS --><link:linkbase xmlns:link="http://www.xbrl.org/2003/linkbase" xmlns:xsi="http://www.w3.org/2001/XMLSchema-instance" xmlns:xbrli="http://www.xbrl.org/2003/instance" xmlns:xlink="http://www.w3.org/1999/xlink" xmlns:xbrldt="http://xbrl.org/2005/xbrldt">  <link:roleRef xlink:type="simple" roleURI="http://disclosure.edinet-fsa.go.jp/role/jppfs/rol_cai_StatementOfIncome-ListOfAccounts" xlink:href="http://disclosure.edinet-fsa.go.jp/taxonomy/jppfs/2020-11-01/jppfs_rt_2020-11-01.xsd#rol_cai_StatementOfIncome-ListOfAccounts" />  <link:roleRef xlink:type="simple" roleURI="http://disclosure.edinet-fsa.go.jp/role/jppfs/rol_YearToQuarterEndStatementOfIncome" xlink:href="http://disclosure.edinet-fsa.go.jp/taxonomy/jppfs/2020-11-01/jppfs_rt_2020-11-01.xsd#rol_YearToQuarterEndStatementOfIncome" />  <link:roleRef xlink:type="simple" roleURI="http://disclosure.edinet-fsa.go.jp/role/jppfs/rol_QuarterlyBalanceSheet" xlink:href="http://disclosure.edinet-fsa.go.jp/taxonomy/jppfs/2020-11-01/jppfs_rt_2020-11-01.xsd#rol_QuarterlyBalanceSheet" />  <link:arcroleRef xlink:type="simple" arcroleURI="http://xbrl.org/int/dim/arcrole/hypercube-dimension" xlink:href="http://www.xbrl.org/2005/xbrldt-2005.xsd#hypercube-dimension" />  <link:arcroleRef xlink:type="simple" arcroleURI="http://xbrl.org/int/dim/arcrole/domain-member" xlink:href="http://www.xbrl.org/2005/xbrldt-2005.xsd#domain-member" />  <link:arcroleRef xlink:type="simple" arcroleURI="http://xbrl.org/int/dim/arcrole/dimension-domain" xlink:href="http://www.xbrl.org/2005/xbrldt-2005.xsd#dimension-domain" />  <link:arcroleRef xlink:type="simple" arcroleURI="http://xbrl.org/int/dim/arcrole/all" xlink:href="http://www.xbrl.org/2005/xbrldt-2005.xsd#all" />  <link:definitionLink xlink:type="extended" xlink:role="http://disclosure.edinet-fsa.go.jp/role/jppfs/rol_QuarterlyBalanceSheet">    <link:loc xlink:type="locator" xlink:href="http://disclosure.edinet-fsa.go.jp/taxonomy/jppfs/2020-11-01/jppfs_cor_2020-11-01.xsd#jppfs_cor_QuarterlyBalanceSheetHeading" xlink:label="QuarterlyBalanceSheetHeading" />    <link:loc xlink:type="locator" xlink:href="http://disclosure.edinet-fsa.go.jp/taxonomy/jppfs/2020-11-01/jppfs_cor_2020-11-01.xsd#jppfs_cor_BalanceSheetTable" xlink:label="BalanceSheetTable_2" />    <link:definitionArc xlink:type="arc" xbrldt:contextElement="scenario" xbrldt:closed="true" xlink:arcrole="http://xbrl.org/int/dim/arcrole/all" xlink:from="QuarterlyBalanceSheetHeading" xlink:to="BalanceSheetTable_2" order="1.0" />    <link:loc xlink:type="locator" xlink:href="http://disclosure.edinet-fsa.go.jp/taxonomy/jppfs/2020-11-01/jppfs_cor_2020-11-01.xsd#jppfs_cor_BalanceSheetTable" xlink:label="BalanceSheetTable" />    <link:loc xlink:type="locator" xlink:href="http://disclosure.edinet-fsa.go.jp/taxonomy/jppfs/2020-11-01/jppfs_cor_2020-11-01.xsd#jppfs_cor_ConsolidatedOrNonConsolidatedAxis" xlink:label="ConsolidatedOrNonConsolidatedAxis_2" />    <link:definitionArc xlink:type="arc" xlink:arcrole="http://xbrl.org/int/dim/arcrole/hypercube-dimension" xlink:from="BalanceSheetTable" xlink:to="ConsolidatedOrNonConsolidatedAxis_2" order="1.0" />    <link:loc xlink:type="locator" xlink:href="http://disclosure.edinet-fsa.go.jp/taxonomy/jppfs/2020-11-01/jppfs_cor_2020-11-01.xsd#jppfs_cor_ConsolidatedOrNonConsolidatedAxis" xlink:label="ConsolidatedOrNonConsolidatedAxis" />    <link:loc xlink:type="locator" xlink:href="http://disclosure.edinet-fsa.go.jp/taxonomy/jppfs/2020-11-01/jppfs_cor_2020-11-01.xsd#jppfs_cor_NonConsolidatedMember" xlink:label="NonConsolidatedMember" />    <link:definitionArc xlink:type="arc" xlink:arcrole="http://xbrl.org/int/dim/arcrole/dimension-domain" xlink:from="ConsolidatedOrNonConsolidatedAxis" xlink:to="NonConsolidatedMember" order="1.0" />    <link:loc xlink:type="locator" xlink:href="http://disclosure.edinet-fsa.go.jp/taxonomy/jppfs/2020-11-01/jppfs_cor_2020-11-01.xsd#jppfs_cor_BalanceSheetLineItems" xlink:label="BalanceSheetLineItems_2" />    <link:definitionArc xlink:type="arc" xlink:arcrole="http://xbrl.org/int/dim/arcrole/domain-member" xlink:from="QuarterlyBalanceSheetHeading" xlink:to="BalanceSheetLineItems_2" order="2.0" />    <link:loc xlink:type="locator" xlink:href="http://disclosure.edinet-fsa.go.jp/taxonomy/jppfs/2020-11-01/jppfs_cor_2020-11-01.xsd#jppfs_cor_BalanceSheetLineItems" xlink:label="BalanceSheetLineItems" />    <link:loc xlink:type="locator" xlink:href="http://disclosure.edinet-fsa.go.jp/taxonomy/jppfs/2020-11-01/jppfs_cor_2020-11-01.xsd#jppfs_cor_AssetsAbstract" xlink:label="AssetsAbstract_2" />    <link:definitionArc xlink:type="arc" xlink:arcrole="http://xbrl.org/int/dim/arcrole/domain-member" xlink:from="BalanceSheetLineItems" xlink:to="AssetsAbstract_2" order="1.0" />    <link:loc xlink:type="locator" xlink:href="http://disclosure.edinet-fsa.go.jp/taxonomy/jppfs/2020-11-01/jppfs_cor_2020-11-01.xsd#jppfs_cor_AssetsAbstract" xlink:label="AssetsAbstract" />    <link:loc xlink:type="locator" xlink:href="http://disclosure.edinet-fsa.go.jp/taxonomy/jppfs/2020-11-01/jppfs_cor_2020-11-01.xsd#jppfs_cor_CurrentAssetsAbstract" xlink:label="CurrentAssetsAbstract_2" />    <link:definitionArc xlink:type="arc" xlink:arcrole="http://xbrl.org/int/dim/arcrole/domain-member" xlink:from="AssetsAbstract" xlink:to="CurrentAssetsAbstract_2" order="1.0" />    <link:loc xlink:type="locator" xlink:href="http://disclosure.edinet-fsa.go.jp/taxonomy/jppfs/2020-11-01/jppfs_cor_2020-11-01.xsd#jppfs_cor_CurrentAssetsAbstract" xlink:label="CurrentAssetsAbstract" />    <link:loc xlink:type="locator" xlink:href="http://disclosure.edinet-fsa.go.jp/taxonomy/jppfs/2020-11-01/jppfs_cor_2020-11-01.xsd#jppfs_cor_CashAndDeposits" xlink:label="CashAndDeposits" />    <link:definitionArc xlink:type="arc" xlink:arcrole="http://xbrl.org/int/dim/arcrole/domain-member" xlink:from="CurrentAssetsAbstract" xlink:to="CashAndDeposits" order="1.0" />    <link:loc xlink:type="locator" xlink:href="http://disclosure.edinet-fsa.go.jp/taxonomy/jppfs/2020-11-01/jppfs_cor_2020-11-01.xsd#jppfs_cor_AccountsReceivableTrade" xlink:label="AccountsReceivableTrade" />    <link:definitionArc xlink:type="arc" xlink:arcrole="http://xbrl.org/int/dim/arcrole/domain-member" xlink:from="CurrentAssetsAbstract" xlink:to="AccountsReceivableTrade" order="2.0" />    <link:loc xlink:type="locator" xlink:href="http://disclosure.edinet-fsa.go.jp/taxonomy/jppfs/2020-11-01/jppfs_cor_2020-11-01.xsd#jppfs_cor_AdvancePaymentsTrade" xlink:label="AdvancePaymentsTrade" />    <link:definitionArc xlink:type="arc" xlink:arcrole="http://xbrl.org/int/dim/arcrole/domain-member" xlink:from="CurrentAssetsAbstract" xlink:to="AdvancePaymentsTrade" order="3.0" />    <link:loc xlink:type="locator" xlink:href="http://disclosure.edinet-fsa.go.jp/taxonomy/jppfs/2020-11-01/jppfs_cor_2020-11-01.xsd#jppfs_cor_PrepaidExpenses" xlink:label="PrepaidExpenses" />    <link:definitionArc xlink:type="arc" xlink:arcrole="http://xbrl.org/int/dim/arcrole/domain-member" xlink:from="CurrentAssetsAbstract" xlink:to="PrepaidExpenses" order="4.0" />    <link:loc xlink:type="locator" xlink:href="http://disclosure.edinet-fsa.go.jp/taxonomy/jppfs/2020-11-01/jppfs_cor_2020-11-01.xsd#jppfs_cor_AccountsReceivableOther" xlink:label="AccountsReceivableOther" />    <link:definitionArc xlink:type="arc" xlink:arcrole="http://xbrl.org/int/dim/arcrole/domain-member" xlink:from="CurrentAssetsAbstract" xlink:to="AccountsReceivableOther" order="5.0" />    <link:loc xlink:type="locator" xlink:href="http://disclosure.edinet-fsa.go.jp/taxonomy/jppfs/2020-11-01/jppfs_cor_2020-11-01.xsd#jppfs_cor_OtherCA" xlink:label="OtherCA" />    <link:definitionArc xlink:type="arc" xlink:arcrole="http://xbrl.org/int/dim/arcrole/domain-member" xlink:from="CurrentAssetsAbstract" xlink:to="OtherCA" order="6.0" />    <link:loc xlink:type="locator" xlink:href="http://disclosure.edinet-fsa.go.jp/taxonomy/jppfs/2020-11-01/jppfs_cor_2020-11-01.xsd#jppfs_cor_AllowanceForDoubtfulAccountsCA" xlink:label="AllowanceForDoubtfulAccountsCA" />    <link:definitionArc xlink:type="arc" xlink:arcrole="http://xbrl.org/int/dim/arcrole/domain-member" xlink:from="CurrentAssetsAbstract" xlink:to="AllowanceForDoubtfulAccountsCA" order="7.0" />    <link:loc xlink:type="locator" xlink:href="http://disclosure.edinet-fsa.go.jp/taxonomy/jppfs/2020-11-01/jppfs_cor_2020-11-01.xsd#jppfs_cor_CurrentAssets" xlink:label="CurrentAssets" />    <link:definitionArc xlink:type="arc" xlink:arcrole="http://xbrl.org/int/dim/arcrole/domain-member" xlink:from="CurrentAssetsAbstract" xlink:to="CurrentAssets" order="8.0" />    <link:loc xlink:type="locator" xlink:href="http://disclosure.edinet-fsa.go.jp/taxonomy/jppfs/2020-11-01/jppfs_cor_2020-11-01.xsd#jppfs_cor_NoncurrentAssetsAbstract" xlink:label="NoncurrentAssetsAbstract_2" />    <link:definitionArc xlink:type="arc" xlink:arcrole="http://xbrl.org/int/dim/arcrole/domain-member" xlink:from="AssetsAbstract" xlink:to="NoncurrentAssetsAbstract_2" order="2.0" />    <link:loc xlink:type="locator" xlink:href="http://disclosure.edinet-fsa.go.jp/taxonomy/jppfs/2020-11-01/jppfs_cor_2020-11-01.xsd#jppfs_cor_NoncurrentAssetsAbstract" xlink:label="NoncurrentAssetsAbstract" />    <link:loc xlink:type="locator" xlink:href="http://disclosure.edinet-fsa.go.jp/taxonomy/jppfs/2020-11-01/jppfs_cor_2020-11-01.xsd#jppfs_cor_PropertyPlantAndEquipment" xlink:label="PropertyPlantAndEquipment" />    <link:definitionArc xlink:type="arc" xlink:arcrole="http://xbrl.org/int/dim/arcrole/domain-member" xlink:from="NoncurrentAssetsAbstract" xlink:to="PropertyPlantAndEquipment" order="1.0" />    <link:loc xlink:type="locator" xlink:href="http://disclosure.edinet-fsa.go.jp/taxonomy/jppfs/2020-11-01/jppfs_cor_2020-11-01.xsd#jppfs_cor_IntangibleAssets" xlink:label="IntangibleAssets" />    <link:definitionArc xlink:type="arc" xlink:arcrole="http://xbrl.org/int/dim/arcrole/domain-member" xlink:from="NoncurrentAssetsAbstract" xlink:to="IntangibleAssets" order="2.0" />    <link:loc xlink:type="locator" xlink:href="http://disclosure.edinet-fsa.go.jp/taxonomy/jppfs/2020-11-01/jppfs_cor_2020-11-01.xsd#jppfs_cor_InvestmentsAndOtherAssetsAbstract" xlink:label="InvestmentsAndOtherAssetsAbstract_2" />    <link:definitionArc xlink:type="arc" xlink:arcrole="http://xbrl.org/int/dim/arcrole/domain-member" xlink:from="NoncurrentAssetsAbstract" xlink:to="InvestmentsAndOtherAssetsAbstract_2" order="3.0" />    <link:loc xlink:type="locator" xlink:href="http://disclosure.edinet-fsa.go.jp/taxonomy/jppfs/2020-11-01/jppfs_cor_2020-11-01.xsd#jppfs_cor_InvestmentsAndOtherAssetsAbstract" xlink:label="InvestmentsAndOtherAssetsAbstract" />    <link:loc xlink:type="locator" xlink:href="http://disclosure.edinet-fsa.go.jp/taxonomy/jppfs/2020-11-01/jppfs_cor_2020-11-01.xsd#jppfs_cor_OtherIOA" xlink:label="OtherIOA" />    <link:definitionArc xlink:type="arc" xlink:arcrole="http://xbrl.org/int/dim/arcrole/domain-member" xlink:from="InvestmentsAndOtherAssetsAbstract" xlink:to="OtherIOA" order="1.0" />    <link:loc xlink:type="locator" xlink:href="http://disclosure.edinet-fsa.go.jp/taxonomy/jppfs/2020-11-01/jppfs_cor_2020-11-01.xsd#jppfs_cor_AllowanceForDoubtfulAccountsIOAByGroup" xlink:label="AllowanceForDoubtfulAccountsIOAByGroup" />    <link:definitionArc xlink:type="arc" xlink:arcrole="http://xbrl.org/int/dim/arcrole/domain-member" xlink:from="InvestmentsAndOtherAssetsAbstract" xlink:to="AllowanceForDoubtfulAccountsIOAByGroup" order="2.0" />    <link:loc xlink:type="locator" xlink:href="http://disclosure.edinet-fsa.go.jp/taxonomy/jppfs/2020-11-01/jppfs_cor_2020-11-01.xsd#jppfs_cor_InvestmentsAndOtherAssets" xlink:label="InvestmentsAndOtherAssets" />    <link:definitionArc xlink:type="arc" xlink:arcrole="http://xbrl.org/int/dim/arcrole/domain-member" xlink:from="InvestmentsAndOtherAssetsAbstract" xlink:to="InvestmentsAndOtherAssets" order="3.0" />    <link:loc xlink:type="locator" xlink:href="http://disclosure.edinet-fsa.go.jp/taxonomy/jppfs/2020-11-01/jppfs_cor_2020-11-01.xsd#jppfs_cor_NoncurrentAssets" xlink:label="NoncurrentAssets" />    <link:definitionArc xlink:type="arc" xlink:arcrole="http://xbrl.org/int/dim/arcrole/domain-member" xlink:from="NoncurrentAssetsAbstract" xlink:to="NoncurrentAssets" order="4.0" />    <link:loc xlink:type="locator" xlink:href="http://disclosure.edinet-fsa.go.jp/taxonomy/jppfs/2020-11-01/jppfs_cor_2020-11-01.xsd#jppfs_cor_Assets" xlink:label="Assets" />    <link:definitionArc xlink:type="arc" xlink:arcrole="http://xbrl.org/int/dim/arcrole/domain-member" xlink:from="AssetsAbstract" xlink:to="Assets" order="3.0" />    <link:loc xlink:type="locator" xlink:href="http://disclosure.edinet-fsa.go.jp/taxonomy/jppfs/2020-11-01/jppfs_cor_2020-11-01.xsd#jppfs_cor_LiabilitiesAbstract" xlink:label="LiabilitiesAbstract_2" />    <link:definitionArc xlink:type="arc" xlink:arcrole="http://xbrl.org/int/dim/arcrole/domain-member" xlink:from="BalanceSheetLineItems" xlink:to="LiabilitiesAbstract_2" order="2.0" />    <link:loc xlink:type="locator" xlink:href="http://disclosure.edinet-fsa.go.jp/taxonomy/jppfs/2020-11-01/jppfs_cor_2020-11-01.xsd#jppfs_cor_LiabilitiesAbstract" xlink:label="LiabilitiesAbstract" />    <link:loc xlink:type="locator" xlink:href="http://disclosure.edinet-fsa.go.jp/taxonomy/jppfs/2020-11-01/jppfs_cor_2020-11-01.xsd#jppfs_cor_CurrentLiabilitiesAbstract" xlink:label="CurrentLiabilitiesAbstract_2" />    <link:definitionArc xlink:type="arc" xlink:arcrole="http://xbrl.org/int/dim/arcrole/domain-member" xlink:from="LiabilitiesAbstract" xlink:to="CurrentLiabilitiesAbstract_2" order="1.0" />    <link:loc xlink:type="locator" xlink:href="http://disclosure.edinet-fsa.go.jp/taxonomy/jppfs/2020-11-01/jppfs_cor_2020-11-01.xsd#jppfs_cor_CurrentLiabilitiesAbstract" xlink:label="CurrentLiabilitiesAbstract" />    <link:loc xlink:type="locator" xlink:href="http://disclosure.edinet-fsa.go.jp/taxonomy/jppfs/2020-11-01/jppfs_cor_2020-11-01.xsd#jppfs_cor_AccountsPayableTrade" xlink:label="AccountsPayableTrade" />    <link:definitionArc xlink:type="arc" xlink:arcrole="http://xbrl.org/int/dim/arcrole/domain-member" xlink:from="CurrentLiabilitiesAbstract" xlink:to="AccountsPayableTrade" order="1.0" />    <link:loc xlink:type="locator" xlink:href="http://disclosure.edinet-fsa.go.jp/taxonomy/jppfs/2020-11-01/jppfs_cor_2020-11-01.xsd#jppfs_cor_CurrentPortionOfLongTermLoansPayable" xlink:label="CurrentPortionOfLongTermLoansPayable" />    <link:definitionArc xlink:type="arc" xlink:arcrole="http://xbrl.org/int/dim/arcrole/domain-member" xlink:from="CurrentLiabilitiesAbstract" xlink:to="CurrentPortionOfLongTermLoansPayable" order="2.0" />    <link:loc xlink:type="locator" xlink:href="http://disclosure.edinet-fsa.go.jp/taxonomy/jppfs/2020-11-01/jppfs_cor_2020-11-01.xsd#jppfs_cor_AccountsPayableOther" xlink:label="AccountsPayableOther" />    <link:definitionArc xlink:type="arc" xlink:arcrole="http://xbrl.org/int/dim/arcrole/domain-member" xlink:from="CurrentLiabilitiesAbstract" xlink:to="AccountsPayableOther" order="3.0" />    <link:loc xlink:type="locator" xlink:href="http://disclosure.edinet-fsa.go.jp/taxonomy/jppfs/2020-11-01/jppfs_cor_2020-11-01.xsd#jppfs_cor_AccruedExpenses" xlink:label="AccruedExpenses" />    <link:definitionArc xlink:type="arc" xlink:arcrole="http://xbrl.org/int/dim/arcrole/domain-member" xlink:from="CurrentLiabilitiesAbstract" xlink:to="AccruedExpenses" order="4.0" />    <link:loc xlink:type="locator" xlink:href="http://disclosure.edinet-fsa.go.jp/taxonomy/jppfs/2020-11-01/jppfs_cor_2020-11-01.xsd#jppfs_cor_IncomeTaxesPayable" xlink:label="IncomeTaxesPayable" />    <link:definitionArc xlink:type="arc" xlink:arcrole="http://xbrl.org/int/dim/arcrole/domain-member" xlink:from="CurrentLiabilitiesAbstract" xlink:to="IncomeTaxesPayable" order="5.0" />    <link:loc xlink:type="locator" xlink:href="http://disclosure.edinet-fsa.go.jp/taxonomy/jppfs/2020-11-01/jppfs_cor_2020-11-01.xsd#jppfs_cor_AccruedConsumptionTaxes" xlink:label="AccruedConsumptionTaxes" />    <link:definitionArc xlink:type="arc" xlink:arcrole="http://xbrl.org/int/dim/arcrole/domain-member" xlink:from="CurrentLiabilitiesAbstract" xlink:to="AccruedConsumptionTaxes" order="6.0" />    <link:loc xlink:type="locator" xlink:href="http://disclosure.edinet-fsa.go.jp/taxonomy/jppfs/2020-11-01/jppfs_cor_2020-11-01.xsd#jppfs_cor_ContractLiabilities" xlink:label="ContractLiabilities" />    <link:definitionArc xlink:type="arc" xlink:arcrole="http://xbrl.org/int/dim/arcrole/domain-member" xlink:from="CurrentLiabilitiesAbstract" xlink:to="ContractLiabilities" order="7.0" />    <link:loc xlink:type="locator" xlink:href="http://disclosure.edinet-fsa.go.jp/taxonomy/jppfs/2020-11-01/jppfs_cor_2020-11-01.xsd#jppfs_cor_AdvancesReceived" xlink:label="AdvancesReceived" />    <link:definitionArc xlink:type="arc" xlink:arcrole="http://xbrl.org/int/dim/arcrole/domain-member" xlink:from="CurrentLiabilitiesAbstract" xlink:to="AdvancesReceived" order="8.0" />    <link:loc xlink:type="locator" xlink:href="http://disclosure.edinet-fsa.go.jp/taxonomy/jppfs/2020-11-01/jppfs_cor_2020-11-01.xsd#jppfs_cor_DepositsReceived" xlink:label="DepositsReceived" />    <link:definitionArc xlink:type="arc" xlink:arcrole="http://xbrl.org/int/dim/arcrole/domain-member" xlink:from="CurrentLiabilitiesAbstract" xlink:to="DepositsReceived" order="9.0" />    <link:loc xlink:type="locator" xlink:href="http://disclosure.edinet-fsa.go.jp/taxonomy/jppfs/2020-11-01/jppfs_cor_2020-11-01.xsd#jppfs_cor_ProvisionForBonuses" xlink:label="ProvisionForBonuses" />    <link:definitionArc xlink:type="arc" xlink:arcrole="http://xbrl.org/int/dim/arcrole/domain-member" xlink:from="CurrentLiabilitiesAbstract" xlink:to="ProvisionForBonuses" order="10.0" />    <link:loc xlink:type="locator" xlink:href="http://disclosure.edinet-fsa.go.jp/taxonomy/jppfs/2020-11-01/jppfs_cor_2020-11-01.xsd#jppfs_cor_OtherCL" xlink:label="OtherCL" />    <link:definitionArc xlink:type="arc" xlink:arcrole="http://xbrl.org/int/dim/arcrole/domain-member" xlink:from="CurrentLiabilitiesAbstract" xlink:to="OtherCL" order="11.0" />    <link:loc xlink:type="locator" xlink:href="http://disclosure.edinet-fsa.go.jp/taxonomy/jppfs/2020-11-01/jppfs_cor_2020-11-01.xsd#jppfs_cor_CurrentLiabilities" xlink:label="CurrentLiabilities" />    <link:definitionArc xlink:type="arc" xlink:arcrole="http://xbrl.org/int/dim/arcrole/domain-member" xlink:from="CurrentLiabilitiesAbstract" xlink:to="CurrentLiabilities" order="12.0" />    <link:loc xlink:type="locator" xlink:href="http://disclosure.edinet-fsa.go.jp/taxonomy/jppfs/2020-11-01/jppfs_cor_2020-11-01.xsd#jppfs_cor_NoncurrentLiabilitiesAbstract" xlink:label="NoncurrentLiabilitiesAbstract_2" />    <link:definitionArc xlink:type="arc" xlink:arcrole="http://xbrl.org/int/dim/arcrole/domain-member" xlink:from="LiabilitiesAbstract" xlink:to="NoncurrentLiabilitiesAbstract_2" order="2.0" />    <link:loc xlink:type="locator" xlink:href="http://disclosure.edinet-fsa.go.jp/taxonomy/jppfs/2020-11-01/jppfs_cor_2020-11-01.xsd#jppfs_cor_NoncurrentLiabilitiesAbstract" xlink:label="NoncurrentLiabilitiesAbstract" />    <link:loc xlink:type="locator" xlink:href="http://disclosure.edinet-fsa.go.jp/taxonomy/jppfs/2020-11-01/jppfs_cor_2020-11-01.xsd#jppfs_cor_LongTermLoansPayable" xlink:label="LongTermLoansPayable" />    <link:definitionArc xlink:type="arc" xlink:arcrole="http://xbrl.org/int/dim/arcrole/domain-member" xlink:from="NoncurrentLiabilitiesAbstract" xlink:to="LongTermLoansPayable" order="1.0" />    <link:loc xlink:type="locator" xlink:href="http://disclosure.edinet-fsa.go.jp/taxonomy/jppfs/2020-11-01/jppfs_cor_2020-11-01.xsd#jppfs_cor_DeferredTaxLiabilities" xlink:label="DeferredTaxLiabilities" />    <link:definitionArc xlink:type="arc" xlink:arcrole="http://xbrl.org/int/dim/arcrole/domain-member" xlink:from="NoncurrentLiabilitiesAbstract" xlink:to="DeferredTaxLiabilities" order="2.0" />    <link:loc xlink:type="locator" xlink:href="http://disclosure.edinet-fsa.go.jp/taxonomy/jppfs/2020-11-01/jppfs_cor_2020-11-01.xsd#jppfs_cor_NoncurrentLiabilities" xlink:label="NoncurrentLiabilities" />    <link:definitionArc xlink:type="arc" xlink:arcrole="http://xbrl.org/int/dim/arcrole/domain-member" xlink:from="NoncurrentLiabilitiesAbstract" xlink:to="NoncurrentLiabilities" order="3.0" />    <link:loc xlink:type="locator" xlink:href="http://disclosure.edinet-fsa.go.jp/taxonomy/jppfs/2020-11-01/jppfs_cor_2020-11-01.xsd#jppfs_cor_Liabilities" xlink:label="Liabilities" />    <link:definitionArc xlink:type="arc" xlink:arcrole="http://xbrl.org/int/dim/arcrole/domain-member" xlink:from="LiabilitiesAbstract" xlink:to="Liabilities" order="3.0" />    <link:loc xlink:type="locator" xlink:href="http://disclosure.edinet-fsa.go.jp/taxonomy/jppfs/2020-11-01/jppfs_cor_2020-11-01.xsd#jppfs_cor_NetAssetsAbstract" xlink:label="NetAssetsAbstract_2" />    <link:definitionArc xlink:type="arc" xlink:arcrole="http://xbrl.org/int/dim/arcrole/domain-member" xlink:from="BalanceSheetLineItems" xlink:to="NetAssetsAbstract_2" order="3.0" />    <link:loc xlink:type="locator" xlink:href="http://disclosure.edinet-fsa.go.jp/taxonomy/jppfs/2020-11-01/jppfs_cor_2020-11-01.xsd#jppfs_cor_NetAssetsAbstract" xlink:label="NetAssetsAbstract" />    <link:loc xlink:type="locator" xlink:href="http://disclosure.edinet-fsa.go.jp/taxonomy/jppfs/2020-11-01/jppfs_cor_2020-11-01.xsd#jppfs_cor_ShareholdersEquityAbstract" xlink:label="ShareholdersEquityAbstract_2" />    <link:definitionArc xlink:type="arc" xlink:arcrole="http://xbrl.org/int/dim/arcrole/domain-member" xlink:from="NetAssetsAbstract" xlink:to="ShareholdersEquityAbstract_2" order="1.0" />    <link:loc xlink:type="locator" xlink:href="http://disclosure.edinet-fsa.go.jp/taxonomy/jppfs/2020-11-01/jppfs_cor_2020-11-01.xsd#jppfs_cor_ShareholdersEquityAbstract" xlink:label="ShareholdersEquityAbstract" />    <link:loc xlink:type="locator" xlink:href="http://disclosure.edinet-fsa.go.jp/taxonomy/jppfs/2020-11-01/jppfs_cor_2020-11-01.xsd#jppfs_cor_CapitalStock" xlink:label="CapitalStock" />    <link:definitionArc xlink:type="arc" xlink:arcrole="http://xbrl.org/int/dim/arcrole/domain-member" xlink:from="ShareholdersEquityAbstract" xlink:to="CapitalStock" order="1.0" />    <link:loc xlink:type="locator" xlink:href="http://disclosure.edinet-fsa.go.jp/taxonomy/jppfs/2020-11-01/jppfs_cor_2020-11-01.xsd#jppfs_cor_CapitalSurplus" xlink:label="CapitalSurplus" />    <link:definitionArc xlink:type="arc" xlink:arcrole="http://xbrl.org/int/dim/arcrole/domain-member" xlink:from="ShareholdersEquityAbstract" xlink:to="CapitalSurplus" order="2.0" />    <link:loc xlink:type="locator" xlink:href="http://disclosure.edinet-fsa.go.jp/taxonomy/jppfs/2020-11-01/jppfs_cor_2020-11-01.xsd#jppfs_cor_RetainedEarnings" xlink:label="RetainedEarnings" />    <link:definitionArc xlink:type="arc" xlink:arcrole="http://xbrl.org/int/dim/arcrole/domain-member" xlink:from="ShareholdersEquityAbstract" xlink:to="RetainedEarnings" order="3.0" />    <link:loc xlink:type="locator" xlink:href="http://disclosure.edinet-fsa.go.jp/taxonomy/jppfs/2020-11-01/jppfs_cor_2020-11-01.xsd#jppfs_cor_TreasuryStock" xlink:label="TreasuryStock" />    <link:definitionArc xlink:type="arc" xlink:arcrole="http://xbrl.org/int/dim/arcrole/domain-member" xlink:from="ShareholdersEquityAbstract" xlink:to="TreasuryStock" order="4.0" />    <link:loc xlink:type="locator" xlink:href="http://disclosure.edinet-fsa.go.jp/taxonomy/jppfs/2020-11-01/jppfs_cor_2020-11-01.xsd#jppfs_cor_ShareholdersEquity" xlink:label="ShareholdersEquity" />    <link:definitionArc xlink:type="arc" xlink:arcrole="http://xbrl.org/int/dim/arcrole/domain-member" xlink:from="ShareholdersEquityAbstract" xlink:to="ShareholdersEquity" order="5.0" />    <link:loc xlink:type="locator" xlink:href="http://disclosure.edinet-fsa.go.jp/taxonomy/jppfs/2020-11-01/jppfs_cor_2020-11-01.xsd#jppfs_cor_ValuationAndTranslationAdjustmentsAbstract" xlink:label="ValuationAndTranslationAdjustmentsAbstract_2" />    <link:definitionArc xlink:type="arc" xlink:arcrole="http://xbrl.org/int/dim/arcrole/domain-member" xlink:from="NetAssetsAbstract" xlink:to="ValuationAndTranslationAdjustmentsAbstract_2" order="2.0" />    <link:loc xlink:type="locator" xlink:href="http://disclosure.edinet-fsa.go.jp/taxonomy/jppfs/2020-11-01/jppfs_cor_2020-11-01.xsd#jppfs_cor_ValuationAndTranslationAdjustmentsAbstract" xlink:label="ValuationAndTranslationAdjustmentsAbstract" />    <link:loc xlink:type="locator" xlink:href="http://disclosure.edinet-fsa.go.jp/taxonomy/jppfs/2020-11-01/jppfs_cor_2020-11-01.xsd#jppfs_cor_ValuationDifferenceOnAvailableForSaleSecurities" xlink:label="ValuationDifferenceOnAvailableForSaleSecurities" />    <link:definitionArc xlink:type="arc" xlink:arcrole="http://xbrl.org/int/dim/arcrole/domain-member" xlink:from="ValuationAndTranslationAdjustmentsAbstract" xlink:to="ValuationDifferenceOnAvailableForSaleSecurities" order="1.0" />    <link:loc xlink:type="locator" xlink:href="http://disclosure.edinet-fsa.go.jp/taxonomy/jppfs/2020-11-01/jppfs_cor_2020-11-01.xsd#jppfs_cor_ValuationAndTranslationAdjustments" xlink:label="ValuationAndTranslationAdjustments" />    <link:definitionArc xlink:type="arc" xlink:arcrole="http://xbrl.org/int/dim/arcrole/domain-member" xlink:from="ValuationAndTranslationAdjustmentsAbstract" xlink:to="ValuationAndTranslationAdjustments" order="2.0" />    <link:loc xlink:type="locator" xlink:href="http://disclosure.edinet-fsa.go.jp/taxonomy/jppfs/2020-11-01/jppfs_cor_2020-11-01.xsd#jppfs_cor_SubscriptionRightsToShares" xlink:label="SubscriptionRightsToShares" />    <link:definitionArc xlink:type="arc" xlink:arcrole="http://xbrl.org/int/dim/arcrole/domain-member" xlink:from="NetAssetsAbstract" xlink:to="SubscriptionRightsToShares" order="3.0" />    <link:loc xlink:type="locator" xlink:href="http://disclosure.edinet-fsa.go.jp/taxonomy/jppfs/2020-11-01/jppfs_cor_2020-11-01.xsd#jppfs_cor_NetAssets" xlink:label="NetAssets" />    <link:definitionArc xlink:type="arc" xlink:arcrole="http://xbrl.org/int/dim/arcrole/domain-member" xlink:from="NetAssetsAbstract" xlink:to="NetAssets" order="4.0" />    <link:loc xlink:type="locator" xlink:href="http://disclosure.edinet-fsa.go.jp/taxonomy/jppfs/2020-11-01/jppfs_cor_2020-11-01.xsd#jppfs_cor_LiabilitiesAndNetAssets" xlink:label="LiabilitiesAndNetAssets" />    <link:definitionArc xlink:type="arc" xlink:arcrole="http://xbrl.org/int/dim/arcrole/domain-member" xlink:from="BalanceSheetLineItems" xlink:to="LiabilitiesAndNetAssets" order="4.0" />  </link:definitionLink>  <link:definitionLink xlink:type="extended" xlink:role="http://disclosure.edinet-fsa.go.jp/role/jppfs/rol_YearToQuarterEndStatementOfIncome">    <link:loc xlink:type="locator" xlink:href="http://disclosure.edinet-fsa.go.jp/taxonomy/jppfs/2020-11-01/jppfs_cor_2020-11-01.xsd#jppfs_cor_YearToQuarterEndStatementOfIncomeHeading" xlink:label="YearToQuarterEndStatementOfIncomeHeading" />    <link:loc xlink:type="locator" xlink:href="http://disclosure.edinet-fsa.go.jp/taxonomy/jppfs/2020-11-01/jppfs_cor_2020-11-01.xsd#jppfs_cor_StatementOfIncomeTable" xlink:label="StatementOfIncomeTable_2" />    <link:definitionArc xlink:type="arc" xbrldt:contextElement="scenario" xbrldt:closed="true" xlink:arcrole="http://xbrl.org/int/dim/arcrole/all" xlink:from="YearToQuarterEndStatementOfIncomeHeading" xlink:to="StatementOfIncomeTable_2" order="1.0" />    <link:loc xlink:type="locator" xlink:href="http://disclosure.edinet-fsa.go.jp/taxonomy/jppfs/2020-11-01/jppfs_cor_2020-11-01.xsd#jppfs_cor_StatementOfIncomeTable" xlink:label="StatementOfIncomeTable" />    <link:loc xlink:type="locator" xlink:href="http://disclosure.edinet-fsa.go.jp/taxonomy/jppfs/2020-11-01/jppfs_cor_2020-11-01.xsd#jppfs_cor_ConsolidatedOrNonConsolidatedAxis" xlink:label="ConsolidatedOrNonConsolidatedAxis_2" />    <link:definitionArc xlink:type="arc" xlink:arcrole="http://xbrl.org/int/dim/arcrole/hypercube-dimension" xlink:from="StatementOfIncomeTable" xlink:to="ConsolidatedOrNonConsolidatedAxis_2" order="1.0" />    <link:loc xlink:type="locator" xlink:href="http://disclosure.edinet-fsa.go.jp/taxonomy/jppfs/2020-11-01/jppfs_cor_2020-11-01.xsd#jppfs_cor_ConsolidatedOrNonConsolidatedAxis" xlink:label="ConsolidatedOrNonConsolidatedAxis" />    <link:loc xlink:type="locator" xlink:href="http://disclosure.edinet-fsa.go.jp/taxonomy/jppfs/2020-11-01/jppfs_cor_2020-11-01.xsd#jppfs_cor_NonConsolidatedMember" xlink:label="NonConsolidatedMember" />    <link:definitionArc xlink:type="arc" xlink:arcrole="http://xbrl.org/int/dim/arcrole/dimension-domain" xlink:from="ConsolidatedOrNonConsolidatedAxis" xlink:to="NonConsolidatedMember" order="1.0" />    <link:loc xlink:type="locator" xlink:href="http://disclosure.edinet-fsa.go.jp/taxonomy/jppfs/2020-11-01/jppfs_cor_2020-11-01.xsd#jppfs_cor_StatementOfIncomeLineItems" xlink:label="StatementOfIncomeLineItems_2" />    <link:definitionArc xlink:type="arc" xlink:arcrole="http://xbrl.org/int/dim/arcrole/domain-member" xlink:from="YearToQuarterEndStatementOfIncomeHeading" xlink:to="StatementOfIncomeLineItems_2" order="2.0" />    <link:loc xlink:type="locator" xlink:href="http://disclosure.edinet-fsa.go.jp/taxonomy/jppfs/2020-11-01/jppfs_cor_2020-11-01.xsd#jppfs_cor_StatementOfIncomeLineItems" xlink:label="StatementOfIncomeLineItems" />    <link:loc xlink:type="locator" xlink:href="http://disclosure.edinet-fsa.go.jp/taxonomy/jppfs/2020-11-01/jppfs_cor_2020-11-01.xsd#jppfs_cor_NetSales" xlink:label="NetSales" />    <link:definitionArc xlink:type="arc" xlink:arcrole="http://xbrl.org/int/dim/arcrole/domain-member" xlink:from="StatementOfIncomeLineItems" xlink:to="NetSales" order="1.0" />    <link:loc xlink:type="locator" xlink:href="http://disclosure.edinet-fsa.go.jp/taxonomy/jppfs/2020-11-01/jppfs_cor_2020-11-01.xsd#jppfs_cor_CostOfSales" xlink:label="CostOfSales" />    <link:definitionArc xlink:type="arc" xlink:arcrole="http://xbrl.org/int/dim/arcrole/domain-member" xlink:from="StatementOfIncomeLineItems" xlink:to="CostOfSales" order="2.0" />    <link:loc xlink:type="locator" xlink:href="http://disclosure.edinet-fsa.go.jp/taxonomy/jppfs/2020-11-01/jppfs_cor_2020-11-01.xsd#jppfs_cor_GrossProfit" xlink:label="GrossProfit" />    <link:definitionArc xlink:type="arc" xlink:arcrole="http://xbrl.org/int/dim/arcrole/domain-member" xlink:from="StatementOfIncomeLineItems" xlink:to="GrossProfit" order="3.0" />    <link:loc xlink:type="locator" xlink:href="http://disclosure.edinet-fsa.go.jp/taxonomy/jppfs/2020-11-01/jppfs_cor_2020-11-01.xsd#jppfs_cor_SellingGeneralAndAdministrativeExpenses" xlink:label="SellingGeneralAndAdministrativeExpenses" />    <link:definitionArc xlink:type="arc" xlink:arcrole="http://xbrl.org/int/dim/arcrole/domain-member" xlink:from="StatementOfIncomeLineItems" xlink:to="SellingGeneralAndAdministrativeExpenses" order="4.0" />    <link:loc xlink:type="locator" xlink:href="http://disclosure.edinet-fsa.go.jp/taxonomy/jppfs/2020-11-01/jppfs_cor_2020-11-01.xsd#jppfs_cor_OperatingIncome" xlink:label="OperatingIncome" />    <link:definitionArc xlink:type="arc" xlink:arcrole="http://xbrl.org/int/dim/arcrole/domain-member" xlink:from="StatementOfIncomeLineItems" xlink:to="OperatingIncome" order="5.0" />    <link:loc xlink:type="locator" xlink:href="http://disclosure.edinet-fsa.go.jp/taxonomy/jppfs/2020-11-01/jppfs_cor_2020-11-01.xsd#jppfs_cor_NonOperatingIncomeAbstract" xlink:label="NonOperatingIncomeAbstract_2" />    <link:definitionArc xlink:type="arc" xlink:arcrole="http://xbrl.org/int/dim/arcrole/domain-member" xlink:from="StatementOfIncomeLineItems" xlink:to="NonOperatingIncomeAbstract_2" order="6.0" />    <link:loc xlink:type="locator" xlink:href="http://disclosure.edinet-fsa.go.jp/taxonomy/jppfs/2020-11-01/jppfs_cor_2020-11-01.xsd#jppfs_cor_NonOperatingIncomeAbstract" xlink:label="NonOperatingIncomeAbstract" />    <link:loc xlink:type="locator" xlink:href="http://disclosure.edinet-fsa.go.jp/taxonomy/jppfs/2020-11-01/jppfs_cor_2020-11-01.xsd#jppfs_cor_InterestIncomeNOI" xlink:label="InterestIncomeNOI" />    <link:definitionArc xlink:type="arc" xlink:arcrole="http://xbrl.org/int/dim/arcrole/domain-member" xlink:from="NonOperatingIncomeAbstract" xlink:to="InterestIncomeNOI" order="1.0" />    <link:loc xlink:type="locator" xlink:href="tse-qnedjpfr-43740-2022-09-30-01-2022-11-11.xsd#tse-qnedjpfr-43740_GainOnReversalOfDepositsReceivedNOI" xlink:label="GainOnReversalOfDepositsReceivedNOI" />    <link:definitionArc xlink:type="arc" xlink:arcrole="http://xbrl.org/int/dim/arcrole/domain-member" xlink:from="NonOperatingIncomeAbstract" xlink:to="GainOnReversalOfDepositsReceivedNOI" order="2.0" />    <link:loc xlink:type="locator" xlink:href="http://disclosure.edinet-fsa.go.jp/taxonomy/jppfs/2020-11-01/jppfs_cor_2020-11-01.xsd#jppfs_cor_OtherNOI" xlink:label="OtherNOI" />    <link:definitionArc xlink:type="arc" xlink:arcrole="http://xbrl.org/int/dim/arcrole/domain-member" xlink:from="NonOperatingIncomeAbstract" xlink:to="OtherNOI" order="3.0" />    <link:loc xlink:type="locator" xlink:href="http://disclosure.edinet-fsa.go.jp/taxonomy/jppfs/2020-11-01/jppfs_cor_2020-11-01.xsd#jppfs_cor_NonOperatingIncome" xlink:label="NonOperatingIncome" />    <link:definitionArc xlink:type="arc" xlink:arcrole="http://xbrl.org/int/dim/arcrole/domain-member" xlink:from="NonOperatingIncomeAbstract" xlink:to="NonOperatingIncome" order="4.0" />    <link:loc xlink:type="locator" xlink:href="http://disclosure.edinet-fsa.go.jp/taxonomy/jppfs/2020-11-01/jppfs_cor_2020-11-01.xsd#jppfs_cor_NonOperatingExpensesAbstract" xlink:label="NonOperatingExpensesAbstract_2" />    <link:definitionArc xlink:type="arc" xlink:arcrole="http://xbrl.org/int/dim/arcrole/domain-member" xlink:from="StatementOfIncomeLineItems" xlink:to="NonOperatingExpensesAbstract_2" order="7.0" />    <link:loc xlink:type="locator" xlink:href="http://disclosure.edinet-fsa.go.jp/taxonomy/jppfs/2020-11-01/jppfs_cor_2020-11-01.xsd#jppfs_cor_NonOperatingExpensesAbstract" xlink:label="NonOperatingExpensesAbstract" />    <link:loc xlink:type="locator" xlink:href="http://disclosure.edinet-fsa.go.jp/taxonomy/jppfs/2020-11-01/jppfs_cor_2020-11-01.xsd#jppfs_cor_InterestExpensesNOE" xlink:label="InterestExpensesNOE" />    <link:definitionArc xlink:type="arc" xlink:arcrole="http://xbrl.org/int/dim/arcrole/domain-member" xlink:from="NonOperatingExpensesAbstract" xlink:to="InterestExpensesNOE" order="1.0" />    <link:loc xlink:type="locator" xlink:href="http://disclosure.edinet-fsa.go.jp/taxonomy/jppfs/2020-11-01/jppfs_cor_2020-11-01.xsd#jppfs_cor_ListingExpensesNOE" xlink:label="ListingExpensesNOE" />    <link:definitionArc xlink:type="arc" xlink:arcrole="http://xbrl.org/int/dim/arcrole/domain-member" xlink:from="NonOperatingExpensesAbstract" xlink:to="ListingExpensesNOE" order="2.0" />    <link:loc xlink:type="locator" xlink:href="http://disclosure.edinet-fsa.go.jp/taxonomy/jppfs/2020-11-01/jppfs_cor_2020-11-01.xsd#jppfs_cor_OtherNOE" xlink:label="OtherNOE" />    <link:definitionArc xlink:type="arc" xlink:arcrole="http://xbrl.org/int/dim/arcrole/domain-member" xlink:from="NonOperatingExpensesAbstract" xlink:to="OtherNOE" order="3.0" />    <link:loc xlink:type="locator" xlink:href="http://disclosure.edinet-fsa.go.jp/taxonomy/jppfs/2020-11-01/jppfs_cor_2020-11-01.xsd#jppfs_cor_NonOperatingExpenses" xlink:label="NonOperatingExpenses" />    <link:definitionArc xlink:type="arc" xlink:arcrole="http://xbrl.org/int/dim/arcrole/domain-member" xlink:from="NonOperatingExpensesAbstract" xlink:to="NonOperatingExpenses" order="4.0" />    <link:loc xlink:type="locator" xlink:href="http://disclosure.edinet-fsa.go.jp/taxonomy/jppfs/2020-11-01/jppfs_cor_2020-11-01.xsd#jppfs_cor_OrdinaryIncome" xlink:label="OrdinaryIncome" />    <link:definitionArc xlink:type="arc" xlink:arcrole="http://xbrl.org/int/dim/arcrole/domain-member" xlink:from="StatementOfIncomeLineItems" xlink:to="OrdinaryIncome" order="8.0" />    <link:loc xlink:type="locator" xlink:href="http://disclosure.edinet-fsa.go.jp/taxonomy/jppfs/2020-11-01/jppfs_cor_2020-11-01.xsd#jppfs_cor_IncomeBeforeIncomeTaxes" xlink:label="IncomeBeforeIncomeTaxes" />    <link:definitionArc xlink:type="arc" xlink:arcrole="http://xbrl.org/int/dim/arcrole/domain-member" xlink:from="StatementOfIncomeLineItems" xlink:to="IncomeBeforeIncomeTaxes" order="9.0" />    <link:loc xlink:type="locator" xlink:href="http://disclosure.edinet-fsa.go.jp/taxonomy/jppfs/2020-11-01/jppfs_cor_2020-11-01.xsd#jppfs_cor_IncomeTaxes" xlink:label="IncomeTaxes" />    <link:definitionArc xlink:type="arc" xlink:arcrole="http://xbrl.org/int/dim/arcrole/domain-member" xlink:from="StatementOfIncomeLineItems" xlink:to="IncomeTaxes" order="10.0" />    <link:loc xlink:type="locator" xlink:href="http://disclosure.edinet-fsa.go.jp/taxonomy/jppfs/2020-11-01/jppfs_cor_2020-11-01.xsd#jppfs_cor_ProfitLoss" xlink:label="ProfitLoss" />    <link:definitionArc xlink:type="arc" xlink:arcrole="http://xbrl.org/int/dim/arcrole/domain-member" xlink:from="StatementOfIncomeLineItems" xlink:to="ProfitLoss" order="11.0" />  </link:definitionLink>  <link:definitionLink xlink:type="extended" xlink:role="http://disclosure.edinet-fsa.go.jp/role/jppfs/rol_cai_StatementOfIncome-ListOfAccounts">    <link:loc xlink:type="locator" xlink:href="http://disclosure.edinet-fsa.go.jp/taxonomy/jppfs/2020-11-01/jppfs_cor_2020-11-01.xsd#jppfs_cor_NonOperatingIncomeAbstract" xlink:label="NonOperatingIncomeAbstract" />    <link:loc xlink:type="locator" xlink:href="tse-qnedjpfr-43740-2022-09-30-01-2022-11-11.xsd#tse-qnedjpfr-43740_GainOnReversalOfDepositsReceivedNOI" xlink:label="GainOnReversalOfDepositsReceivedNOI" />    <link:definitionArc xlink:type="arc" xlink:arcrole="http://www.xbrl.org/2003/arcrole/general-special" xlink:from="NonOperatingIncomeAbstract" xlink:to="GainOnReversalOfDepositsReceivedNOI" order="71.5" />  </link:definitionLink></link:linkbase>