<?xml version="1.0" encoding="utf-8"?>
<!-- Generated by PRONEXUS WORKS --><link:linkbase xmlns:link="http://www.xbrl.org/2003/linkbase" xmlns:xsi="http://www.w3.org/2001/XMLSchema-instance" xmlns:xbrli="http://www.xbrl.org/2003/instance" xmlns:xlink="http://www.w3.org/1999/xlink">  <link:labelLink xlink:type="extended" xlink:role="http://www.xbrl.org/2003/role/link">    <link:loc xlink:type="locator" xlink:href="tse-qcedjpfr-72660-2022-09-30-01-2022-11-07.xsd#tse-qcedjpfr-72660_EmploymentAdjustmentSubsidyOpeCF" xlink:label="EmploymentAdjustmentSubsidyOpeCF" />    <link:loc xlink:type="locator" xlink:href="tse-qcedjpfr-72660-2022-09-30-01-2022-11-07.xsd#tse-qcedjpfr-72660_EmploymentAdjustmentSubsidyReceivedOpeCF" xlink:label="EmploymentAdjustmentSubsidyReceivedOpeCF" />    <link:label xlink:type="resource" xlink:label="label_EmploymentAdjustmentSubsidyOpeCF" xml:lang="en" xlink:role="http://www.xbrl.org/2003/role/label" id="label_EmploymentAdjustmentSubsidyOpeCF">Employment adjustment subsidy</link:label>    <link:labelArc xlink:type="arc" xlink:arcrole="http://www.xbrl.org/2003/arcrole/concept-label" xlink:from="EmploymentAdjustmentSubsidyOpeCF" xlink:to="label_EmploymentAdjustmentSubsidyOpeCF" />    <link:label xlink:type="resource" xlink:label="label_EmploymentAdjustmentSubsidyOpeCF_2" xml:lang="en" xlink:role="http://www.xbrl.org/2003/role/verboseLabel" id="label_EmploymentAdjustmentSubsidyOpeCF_2">Employment adjustment subsidy-OpeCF</link:label>    <link:labelArc xlink:type="arc" xlink:arcrole="http://www.xbrl.org/2003/arcrole/concept-label" xlink:from="EmploymentAdjustmentSubsidyOpeCF" xlink:to="label_EmploymentAdjustmentSubsidyOpeCF_2" />    <link:label xlink:type="resource" xlink:label="label_EmploymentAdjustmentSubsidyReceivedOpeCF" xml:lang="en" xlink:role="http://www.xbrl.org/2003/role/label" id="label_EmploymentAdjustmentSubsidyReceivedOpeCF">Employment adjustment subsidy</link:label>    <link:labelArc xlink:type="arc" xlink:arcrole="http://www.xbrl.org/2003/arcrole/concept-label" xlink:from="EmploymentAdjustmentSubsidyReceivedOpeCF" xlink:to="label_EmploymentAdjustmentSubsidyReceivedOpeCF" />    <link:label xlink:type="resource" xlink:label="label_EmploymentAdjustmentSubsidyReceivedOpeCF_2" xml:lang="en" xlink:role="http://www.xbrl.org/2003/role/verboseLabel" id="label_EmploymentAdjustmentSubsidyReceivedOpeCF_2">Employment adjustment subsidy received-OpeCF</link:label>    <link:labelArc xlink:type="arc" xlink:arcrole="http://www.xbrl.org/2003/arcrole/concept-label" xlink:from="EmploymentAdjustmentSubsidyReceivedOpeCF" xlink:to="label_EmploymentAdjustmentSubsidyReceivedOpeCF_2" />  </link:labelLink></link:linkbase>