<?xml version="1.0" encoding="utf-8"?>
<manifest xmlns="http://disclosure.edinet-fsa.go.jp/2013/manifest">
  <tocComposition>
    <title xml:lang="ja"></title>
    <title xml:lang="en"></title>
    <item ref="qcediffr" extrole="http://www.xbrl.tdnet.info/jp/tse/tdnet/role/RoleAttachedDocument" in="presentation" />
  </tocComposition>
  <list>
    <instance id="qcediffr" type="Attachment" preferredFilename="tse-qcediffr-80580-2022-09-30-01-2022-11-08.xbrl">
      <ixbrl>0500000-qcfs03-tse-qcediffr-80580-2022-09-30-01-2022-11-08-ixbrl.htm</ixbrl>
      <ixbrl>0600000-qcpl13-tse-qcediffr-80580-2022-09-30-01-2022-11-08-ixbrl.htm</ixbrl>
      <ixbrl>0800000-qcci13-tse-qcediffr-80580-2022-09-30-01-2022-11-08-ixbrl.htm</ixbrl>
      <ixbrl>1200000-qcss03-tse-qcediffr-80580-2022-09-30-01-2022-11-08-ixbrl.htm</ixbrl>
      <ixbrl>1300000-qccf03-tse-qcediffr-80580-2022-09-30-01-2022-11-08-ixbrl.htm</ixbrl>
    </instance>
  </list>
</manifest>