<?xml version="1.0" encoding="utf-8"?>
<manifest xmlns="http://disclosure.edinet-fsa.go.jp/2013/manifest"><tocComposition><title xml:lang="ja">決算短信添付資料</title><title xml:lang="en">Earnings digest attached document</title><item in="presentation" ref="tse-acediffr" extrole="http://www.xbrl.tdnet.info/jp/tse/tdnet/role/RoleAttachedDocument" /></tocComposition><list><instance id="tse-acediffr" type="Attachment" preferredFilename="tse-acediffr-73720-2022-09-30-01-2022-11-04.xbrl"><ixbrl>0101010-acbs03-tse-acediffr-73720-2022-09-30-01-2022-11-04-ixbrl.htm</ixbrl><ixbrl>0102010-acpc03-tse-acediffr-73720-2022-09-30-01-2022-11-04-ixbrl.htm</ixbrl><ixbrl>0103010-acss03-tse-acediffr-73720-2022-09-30-01-2022-11-04-ixbrl.htm</ixbrl><ixbrl>0104010-accf03-tse-acediffr-73720-2022-09-30-01-2022-11-04-ixbrl.htm</ixbrl></instance></list></manifest>