<?xml version="1.0" encoding="utf-8"?>
<!-- Generated by PRONEXUS WORKS --><link:linkbase xmlns:link="http://www.xbrl.org/2003/linkbase" xmlns:xsi="http://www.w3.org/2001/XMLSchema-instance" xmlns:xbrli="http://www.xbrl.org/2003/instance" xmlns:xlink="http://www.w3.org/1999/xlink">  <link:labelLink xlink:type="extended" xlink:role="http://www.xbrl.org/2003/role/link">    <link:loc xlink:type="locator" xlink:href="tse-qcedjpfr-24830-2022-09-30-01-2022-11-10.xsd#tse-qcedjpfr-24830_SubsidyIncomeAndOtherOpeCF" xlink:label="SubsidyIncomeAndOtherOpeCF" />    <link:loc xlink:type="locator" xlink:href="tse-qcedjpfr-24830-2022-09-30-01-2022-11-10.xsd#tse-qcedjpfr-24830_ProceedsFromSubsidyIncomeEtcOpeCF" xlink:label="ProceedsFromSubsidyIncomeEtcOpeCF" />    <link:loc xlink:type="locator" xlink:href="tse-qcedjpfr-24830-2022-09-30-01-2022-11-10.xsd#tse-qcedjpfr-24830_SubsidyIncomeAndOtherNOI" xlink:label="SubsidyIncomeAndOtherNOI" />    <link:loc xlink:type="locator" xlink:href="tse-qcedjpfr-24830-2022-09-30-01-2022-11-10.xsd#tse-qcedjpfr-24830_RefundLiabilitiesCL" xlink:label="RefundLiabilitiesCL" />    <link:label xlink:type="resource" xlink:label="label_RefundLiabilitiesCL" xml:lang="en" xlink:role="http://www.xbrl.org/2003/role/label" id="label_RefundLiabilitiesCL">Refund liabilities</link:label>    <link:labelArc xlink:type="arc" xlink:arcrole="http://www.xbrl.org/2003/arcrole/concept-label" xlink:from="RefundLiabilitiesCL" xlink:to="label_RefundLiabilitiesCL" />    <link:label xlink:type="resource" xlink:label="label_RefundLiabilitiesCL_2" xml:lang="en" xlink:role="http://www.xbrl.org/2003/role/verboseLabel" id="label_RefundLiabilitiesCL_2">Refund liabilities-CL</link:label>    <link:labelArc xlink:type="arc" xlink:arcrole="http://www.xbrl.org/2003/arcrole/concept-label" xlink:from="RefundLiabilitiesCL" xlink:to="label_RefundLiabilitiesCL_2" />    <link:label xlink:type="resource" xlink:label="label_SubsidyIncomeAndOtherOpeCF" xml:lang="en" xlink:role="http://www.xbrl.org/2003/role/label" id="label_SubsidyIncomeAndOtherOpeCF">Subsidy income and other</link:label>    <link:labelArc xlink:type="arc" xlink:arcrole="http://www.xbrl.org/2003/arcrole/concept-label" xlink:from="SubsidyIncomeAndOtherOpeCF" xlink:to="label_SubsidyIncomeAndOtherOpeCF" />    <link:label xlink:type="resource" xlink:label="label_SubsidyIncomeAndOtherOpeCF_2" xml:lang="en" xlink:role="http://www.xbrl.org/2003/role/verboseLabel" id="label_SubsidyIncomeAndOtherOpeCF_2">Subsidy income and other -OpeCF</link:label>    <link:labelArc xlink:type="arc" xlink:arcrole="http://www.xbrl.org/2003/arcrole/concept-label" xlink:from="SubsidyIncomeAndOtherOpeCF" xlink:to="label_SubsidyIncomeAndOtherOpeCF_2" />    <link:label xlink:type="resource" xlink:label="label_ProceedsFromSubsidyIncomeEtcOpeCF" xml:lang="en" xlink:role="http://www.xbrl.org/2003/role/label" id="label_ProceedsFromSubsidyIncomeEtcOpeCF">Proceeds from subsidy income etc</link:label>    <link:labelArc xlink:type="arc" xlink:arcrole="http://www.xbrl.org/2003/arcrole/concept-label" xlink:from="ProceedsFromSubsidyIncomeEtcOpeCF" xlink:to="label_ProceedsFromSubsidyIncomeEtcOpeCF" />    <link:label xlink:type="resource" xlink:label="label_ProceedsFromSubsidyIncomeEtcOpeCF_2" xml:lang="en" xlink:role="http://www.xbrl.org/2003/role/verboseLabel" id="label_ProceedsFromSubsidyIncomeEtcOpeCF_2">Proceeds from subsidy income etc -OpeCF</link:label>    <link:labelArc xlink:type="arc" xlink:arcrole="http://www.xbrl.org/2003/arcrole/concept-label" xlink:from="ProceedsFromSubsidyIncomeEtcOpeCF" xlink:to="label_ProceedsFromSubsidyIncomeEtcOpeCF_2" />    <link:label xlink:type="resource" xlink:label="label_SubsidyIncomeAndOtherNOI" xml:lang="en" xlink:role="http://www.xbrl.org/2003/role/label" id="label_SubsidyIncomeAndOtherNOI">Subsidy income and other</link:label>    <link:labelArc xlink:type="arc" xlink:arcrole="http://www.xbrl.org/2003/arcrole/concept-label" xlink:from="SubsidyIncomeAndOtherNOI" xlink:to="label_SubsidyIncomeAndOtherNOI" />    <link:label xlink:type="resource" xlink:label="label_SubsidyIncomeAndOtherNOI_2" xml:lang="en" xlink:role="http://www.xbrl.org/2003/role/verboseLabel" id="label_SubsidyIncomeAndOtherNOI_2">Subsidy income and other-NOI</link:label>    <link:labelArc xlink:type="arc" xlink:arcrole="http://www.xbrl.org/2003/arcrole/concept-label" xlink:from="SubsidyIncomeAndOtherNOI" xlink:to="label_SubsidyIncomeAndOtherNOI_2" />  </link:labelLink></link:linkbase>