<?xml version="1.0" encoding="utf-8"?>
<manifest xmlns="http://disclosure.edinet-fsa.go.jp/2013/manifest">
  <tocComposition>
    <title xml:lang="ja"></title>
    <title xml:lang="en"></title>
    <item ref="acedjpfr" extrole="http://www.xbrl.tdnet.info/jp/tse/tdnet/role/RoleAttachedDocument" in="presentation" />
  </tocComposition>
  <list>
    <instance id="acedjpfr" type="Attachment" preferredFilename="tse-acedjpfr-17830-2022-09-30-01-2022-11-14.xbrl">
      <ixbrl>0300000-acbs01-tse-acedjpfr-17830-2022-09-30-01-2022-11-14-ixbrl.htm</ixbrl>
      <ixbrl>0301000-acpl01-tse-acedjpfr-17830-2022-09-30-01-2022-11-14-ixbrl.htm</ixbrl>
      <ixbrl>0302000-acci01-tse-acedjpfr-17830-2022-09-30-01-2022-11-14-ixbrl.htm</ixbrl>
      <ixbrl>0303000-acss01-tse-acedjpfr-17830-2022-09-30-01-2022-11-14-ixbrl.htm</ixbrl>
      <ixbrl>0304000-accf01-tse-acedjpfr-17830-2022-09-30-01-2022-11-14-ixbrl.htm</ixbrl>
    </instance>
  </list>
</manifest>