<?xml version="1.0" encoding="utf-8"?>
<!-- Generated by PRONEXUS WORKS --><link:linkbase xmlns:link="http://www.xbrl.org/2003/linkbase" xmlns:xsi="http://www.w3.org/2001/XMLSchema-instance" xmlns:xbrli="http://www.xbrl.org/2003/instance" xmlns:xlink="http://www.w3.org/1999/xlink">  <link:labelLink xlink:type="extended" xlink:role="http://www.xbrl.org/2003/role/link">    <link:loc xlink:type="locator" xlink:href="tse-qcedjpfr-63190-2022-09-30-01-2022-11-11.xsd#tse-qcedjpfr-63190_ReversalOfProvisionForEnvironmentalMeasuresEI" xlink:label="ReversalOfProvisionForEnvironmentalMeasuresEI" />    <link:label xlink:type="resource" xlink:label="label_ReversalOfProvisionForEnvironmentalMeasuresEI" xml:lang="en" xlink:role="http://www.xbrl.org/2003/role/label" id="label_ReversalOfProvisionForEnvironmentalMeasuresEI">Reversal of provision for environmental measures</link:label>    <link:labelArc xlink:type="arc" xlink:arcrole="http://www.xbrl.org/2003/arcrole/concept-label" xlink:from="ReversalOfProvisionForEnvironmentalMeasuresEI" xlink:to="label_ReversalOfProvisionForEnvironmentalMeasuresEI" />    <link:label xlink:type="resource" xlink:label="label_ReversalOfProvisionForEnvironmentalMeasuresEI_2" xml:lang="en" xlink:role="http://www.xbrl.org/2003/role/verboseLabel" id="label_ReversalOfProvisionForEnvironmentalMeasuresEI_2">Reversal of provision for environmental measures-EI</link:label>    <link:labelArc xlink:type="arc" xlink:arcrole="http://www.xbrl.org/2003/arcrole/concept-label" xlink:from="ReversalOfProvisionForEnvironmentalMeasuresEI" xlink:to="label_ReversalOfProvisionForEnvironmentalMeasuresEI_2" />  </link:labelLink></link:linkbase>