<?xml version="1.0" encoding="utf-8"?>
<manifest xmlns="http://disclosure.edinet-fsa.go.jp/2013/manifest">
  <tocComposition>
    <title xml:lang="ja"></title>
    <title xml:lang="en"></title>
    <item ref="qnedjpfr" extrole="http://www.xbrl.tdnet.info/jp/tse/tdnet/role/RoleAttachedDocument" in="presentation" />
  </tocComposition>
  <list>
    <instance id="qnedjpfr" type="Attachment" preferredFilename="tse-qnedjpfr-70770-2022-08-31-01-2022-10-14.xbrl">
      <ixbrl>0500000-qnbs02-tse-qnedjpfr-70770-2022-08-31-01-2022-10-14-ixbrl.htm</ixbrl>
      <ixbrl>0600000-qnpl12-tse-qnedjpfr-70770-2022-08-31-01-2022-10-14-ixbrl.htm</ixbrl>
      <ixbrl>0800000-qncf02-tse-qnedjpfr-70770-2022-08-31-01-2022-10-14-ixbrl.htm</ixbrl>
    </instance>
  </list>
</manifest>