<?xml version="1.0" encoding="utf-8"?>
<!-- Generated by PRONEXUS WORKS --><link:linkbase xmlns:link="http://www.xbrl.org/2003/linkbase" xmlns:xsi="http://www.w3.org/2001/XMLSchema-instance" xmlns:xbrli="http://www.xbrl.org/2003/instance" xmlns:xlink="http://www.w3.org/1999/xlink">  <link:labelLink xlink:type="extended" xlink:role="http://www.xbrl.org/2003/role/link">    <link:loc xlink:type="locator" xlink:href="tse-qcedjpfr-94010-2022-09-30-01-2022-11-10.xsd#tse-qcedjpfr-94010_ProgramRightsAndWorkInProcess" xlink:label="ProgramRightsAndWorkInProcess" />    <link:loc xlink:type="locator" xlink:href="tse-qcedjpfr-94010-2022-09-30-01-2022-11-10.xsd#tse-qcedjpfr-94010_SubsidiesForEmploymentAdjustmentEI" xlink:label="SubsidiesForEmploymentAdjustmentEI" />    <link:loc xlink:type="locator" xlink:href="tse-qcedjpfr-94010-2022-09-30-01-2022-11-10.xsd#tse-qcedjpfr-94010_LossOnTheSpreadOfInfectiousDiseasesEL" xlink:label="LossOnTheSpreadOfInfectiousDiseasesEL" />    <link:loc xlink:type="locator" xlink:href="tse-qcedjpfr-94010-2022-09-30-01-2022-11-10.xsd#tse-qcedjpfr-94010_NonDeductibleConsumptionTaxNOE" xlink:label="NonDeductibleConsumptionTaxNOE" />    <link:loc xlink:type="locator" xlink:href="tse-qcedjpfr-94010-2022-09-30-01-2022-11-10.xsd#tse-qcedjpfr-94010_ProvisionForNonCurrentAssetsRemovalCost" xlink:label="ProvisionForNonCurrentAssetsRemovalCost" />    <link:label xlink:type="resource" xlink:label="label_ProgramRightsAndWorkInProcess" xml:lang="ja" xlink:role="http://www.xbrl.org/2003/role/label" id="label_ProgramRightsAndWorkInProcess">番組及び仕掛品</link:label>    <link:labelArc xlink:type="arc" xlink:arcrole="http://www.xbrl.org/2003/arcrole/concept-label" xlink:from="ProgramRightsAndWorkInProcess" xlink:to="label_ProgramRightsAndWorkInProcess" />    <link:label xlink:type="resource" xlink:label="label_ProgramRightsAndWorkInProcess_2" xml:lang="ja" xlink:role="http://www.xbrl.org/2003/role/verboseLabel" id="label_ProgramRightsAndWorkInProcess_2">番組及び仕掛品</link:label>    <link:labelArc xlink:type="arc" xlink:arcrole="http://www.xbrl.org/2003/arcrole/concept-label" xlink:from="ProgramRightsAndWorkInProcess" xlink:to="label_ProgramRightsAndWorkInProcess_2" />    <link:label xlink:type="resource" xlink:label="label_ProvisionForNonCurrentAssetsRemovalCost" xml:lang="ja" xlink:role="http://www.xbrl.org/2003/role/label" id="label_ProvisionForNonCurrentAssetsRemovalCost">固定資産撤去費用引当金</link:label>    <link:labelArc xlink:type="arc" xlink:arcrole="http://www.xbrl.org/2003/arcrole/concept-label" xlink:from="ProvisionForNonCurrentAssetsRemovalCost" xlink:to="label_ProvisionForNonCurrentAssetsRemovalCost" />    <link:label xlink:type="resource" xlink:label="label_ProvisionForNonCurrentAssetsRemovalCost_2" xml:lang="ja" xlink:role="http://www.xbrl.org/2003/role/verboseLabel" id="label_ProvisionForNonCurrentAssetsRemovalCost_2">固定資産撤去費用引当金</link:label>    <link:labelArc xlink:type="arc" xlink:arcrole="http://www.xbrl.org/2003/arcrole/concept-label" xlink:from="ProvisionForNonCurrentAssetsRemovalCost" xlink:to="label_ProvisionForNonCurrentAssetsRemovalCost_2" />    <link:label xlink:type="resource" xlink:label="label_NonDeductibleConsumptionTaxNOE" xml:lang="ja" xlink:role="http://www.xbrl.org/2003/role/label" id="label_NonDeductibleConsumptionTaxNOE">控除対象外消費税等</link:label>    <link:labelArc xlink:type="arc" xlink:arcrole="http://www.xbrl.org/2003/arcrole/concept-label" xlink:from="NonDeductibleConsumptionTaxNOE" xlink:to="label_NonDeductibleConsumptionTaxNOE" />    <link:label xlink:type="resource" xlink:label="label_NonDeductibleConsumptionTaxNOE_2" xml:lang="ja" xlink:role="http://www.xbrl.org/2003/role/verboseLabel" id="label_NonDeductibleConsumptionTaxNOE_2">控除対象外消費税等、営業外費用</link:label>    <link:labelArc xlink:type="arc" xlink:arcrole="http://www.xbrl.org/2003/arcrole/concept-label" xlink:from="NonDeductibleConsumptionTaxNOE" xlink:to="label_NonDeductibleConsumptionTaxNOE_2" />    <link:label xlink:type="resource" xlink:label="label_SubsidiesForEmploymentAdjustmentEI" xml:lang="ja" xlink:role="http://www.xbrl.org/2003/role/label" id="label_SubsidiesForEmploymentAdjustmentEI">雇用調整助成金</link:label>    <link:labelArc xlink:type="arc" xlink:arcrole="http://www.xbrl.org/2003/arcrole/concept-label" xlink:from="SubsidiesForEmploymentAdjustmentEI" xlink:to="label_SubsidiesForEmploymentAdjustmentEI" />    <link:label xlink:type="resource" xlink:label="label_SubsidiesForEmploymentAdjustmentEI_2" xml:lang="ja" xlink:role="http://www.xbrl.org/2003/role/verboseLabel" id="label_SubsidiesForEmploymentAdjustmentEI_2">雇用調整助成金、特別利益</link:label>    <link:labelArc xlink:type="arc" xlink:arcrole="http://www.xbrl.org/2003/arcrole/concept-label" xlink:from="SubsidiesForEmploymentAdjustmentEI" xlink:to="label_SubsidiesForEmploymentAdjustmentEI_2" />    <link:label xlink:type="resource" xlink:label="label_LossOnTheSpreadOfInfectiousDiseasesEL" xml:lang="ja" xlink:role="http://www.xbrl.org/2003/role/label" id="label_LossOnTheSpreadOfInfectiousDiseasesEL">感染症拡大に伴う損失</link:label>    <link:labelArc xlink:type="arc" xlink:arcrole="http://www.xbrl.org/2003/arcrole/concept-label" xlink:from="LossOnTheSpreadOfInfectiousDiseasesEL" xlink:to="label_LossOnTheSpreadOfInfectiousDiseasesEL" />    <link:label xlink:type="resource" xlink:label="label_LossOnTheSpreadOfInfectiousDiseasesEL_2" xml:lang="ja" xlink:role="http://www.xbrl.org/2003/role/verboseLabel" id="label_LossOnTheSpreadOfInfectiousDiseasesEL_2">感染症拡大に伴う損失、特別損失</link:label>    <link:labelArc xlink:type="arc" xlink:arcrole="http://www.xbrl.org/2003/arcrole/concept-label" xlink:from="LossOnTheSpreadOfInfectiousDiseasesEL" xlink:to="label_LossOnTheSpreadOfInfectiousDiseasesEL_2" />  </link:labelLink></link:linkbase>