<?xml version="1.0" encoding="utf-8"?>
<!-- Generated by PRONEXUS WORKS --><link:linkbase xmlns:link="http://www.xbrl.org/2003/linkbase" xmlns:xsi="http://www.w3.org/2001/XMLSchema-instance" xmlns:xbrli="http://www.xbrl.org/2003/instance" xmlns:xlink="http://www.w3.org/1999/xlink">  <link:labelLink xlink:type="extended" xlink:role="http://www.xbrl.org/2003/role/link">    <link:loc xlink:type="locator" xlink:href="tse-qcedjpfr-68090-2022-09-30-01-2022-11-01.xsd#tse-qcedjpfr-68090_ReversalOfForeignCurrencyTranslationAdjustmentEI" xlink:label="ReversalOfForeignCurrencyTranslationAdjustmentEI" />    <link:loc xlink:type="locator" xlink:href="tse-qcedjpfr-68090-2022-09-30-01-2022-11-01.xsd#tse-qcedjpfr-68090_GainOnReversalOfForeignCurrencyTranslationAdjustmentOpeCF" xlink:label="GainOnReversalOfForeignCurrencyTranslationAdjustmentOpeCF" />    <link:label xlink:type="resource" xlink:label="label_GainOnReversalOfForeignCurrencyTranslationAdjustmentOpeCF" xml:lang="ja" xlink:role="http://www.xbrl.org/2003/role/label" id="label_GainOnReversalOfForeignCurrencyTranslationAdjustmentOpeCF">為替換算調整勘定取崩益</link:label>    <link:labelArc xlink:type="arc" xlink:arcrole="http://www.xbrl.org/2003/arcrole/concept-label" xlink:from="GainOnReversalOfForeignCurrencyTranslationAdjustmentOpeCF" xlink:to="label_GainOnReversalOfForeignCurrencyTranslationAdjustmentOpeCF" />    <link:label xlink:type="resource" xlink:label="label_GainOnReversalOfForeignCurrencyTranslationAdjustmentOpeCF_2" xml:lang="ja" xlink:role="http://www.xbrl.org/2003/role/verboseLabel" id="label_GainOnReversalOfForeignCurrencyTranslationAdjustmentOpeCF_2">為替換算調整勘定取崩益、営業活動によるキャッシュ・フロー</link:label>    <link:labelArc xlink:type="arc" xlink:arcrole="http://www.xbrl.org/2003/arcrole/concept-label" xlink:from="GainOnReversalOfForeignCurrencyTranslationAdjustmentOpeCF" xlink:to="label_GainOnReversalOfForeignCurrencyTranslationAdjustmentOpeCF_2" />    <link:label xlink:type="resource" xlink:label="label_ReversalOfForeignCurrencyTranslationAdjustmentEI" xml:lang="ja" xlink:role="http://www.xbrl.org/2003/role/label" id="label_ReversalOfForeignCurrencyTranslationAdjustmentEI">為替換算調整勘定取崩益</link:label>    <link:labelArc xlink:type="arc" xlink:arcrole="http://www.xbrl.org/2003/arcrole/concept-label" xlink:from="ReversalOfForeignCurrencyTranslationAdjustmentEI" xlink:to="label_ReversalOfForeignCurrencyTranslationAdjustmentEI" />    <link:label xlink:type="resource" xlink:label="label_ReversalOfForeignCurrencyTranslationAdjustmentEI_2" xml:lang="ja" xlink:role="http://www.xbrl.org/2003/role/verboseLabel" id="label_ReversalOfForeignCurrencyTranslationAdjustmentEI_2">為替換算調整勘定取崩益、特別利益</link:label>    <link:labelArc xlink:type="arc" xlink:arcrole="http://www.xbrl.org/2003/arcrole/concept-label" xlink:from="ReversalOfForeignCurrencyTranslationAdjustmentEI" xlink:to="label_ReversalOfForeignCurrencyTranslationAdjustmentEI_2" />  </link:labelLink></link:linkbase>