<?xml version="1.0" encoding="utf-8"?>
<!-- Generated by PRONEXUS WORKS --><link:linkbase xmlns:link="http://www.xbrl.org/2003/linkbase" xmlns:xsi="http://www.w3.org/2001/XMLSchema-instance" xmlns:xbrli="http://www.xbrl.org/2003/instance" xmlns:xlink="http://www.w3.org/1999/xlink">  <link:labelLink xlink:type="extended" xlink:role="http://www.xbrl.org/2003/role/link">    <link:loc xlink:type="locator" xlink:href="tse-qcedjpfr-92750-2022-08-31-01-2022-10-12.xsd#tse-qcedjpfr-92750_GrantIncomeEI" xlink:label="GrantIncomeEI" />    <link:loc xlink:type="locator" xlink:href="tse-qcedjpfr-92750-2022-08-31-01-2022-10-12.xsd#tse-qcedjpfr-92750_TemporaryClosureLossEL" xlink:label="TemporaryClosureLossEL" />    <link:loc xlink:type="locator" xlink:href="tse-qcedjpfr-92750-2022-08-31-01-2022-10-12.xsd#tse-qcedjpfr-92750_TemporaryClosureLossOpeCF" xlink:label="TemporaryClosureLossOpeCF" />    <link:loc xlink:type="locator" xlink:href="tse-qcedjpfr-92750-2022-08-31-01-2022-10-12.xsd#tse-qcedjpfr-92750_PaymentsForTemporaryClosureOpeCF" xlink:label="PaymentsForTemporaryClosureOpeCF" />    <link:loc xlink:type="locator" xlink:href="tse-qcedjpfr-92750-2022-08-31-01-2022-10-12.xsd#tse-qcedjpfr-92750_FinanceFeeNOE" xlink:label="FinanceFeeNOE" />    <link:label xlink:type="resource" xlink:label="label_FinanceFeeNOE" xml:lang="en" xlink:role="http://www.xbrl.org/2003/role/label" id="label_FinanceFeeNOE">Finance Fee</link:label>    <link:labelArc xlink:type="arc" xlink:arcrole="http://www.xbrl.org/2003/arcrole/concept-label" xlink:from="FinanceFeeNOE" xlink:to="label_FinanceFeeNOE" />    <link:label xlink:type="resource" xlink:label="label_FinanceFeeNOE_2" xml:lang="en" xlink:role="http://www.xbrl.org/2003/role/verboseLabel" id="label_FinanceFeeNOE_2">Finance Fee-NOE</link:label>    <link:labelArc xlink:type="arc" xlink:arcrole="http://www.xbrl.org/2003/arcrole/concept-label" xlink:from="FinanceFeeNOE" xlink:to="label_FinanceFeeNOE_2" />    <link:label xlink:type="resource" xlink:label="label_GrantIncomeEI" xml:lang="en" xlink:role="http://www.xbrl.org/2003/role/label" id="label_GrantIncomeEI">Grant income</link:label>    <link:labelArc xlink:type="arc" xlink:arcrole="http://www.xbrl.org/2003/arcrole/concept-label" xlink:from="GrantIncomeEI" xlink:to="label_GrantIncomeEI" />    <link:label xlink:type="resource" xlink:label="label_GrantIncomeEI_2" xml:lang="en" xlink:role="http://www.xbrl.org/2003/role/verboseLabel" id="label_GrantIncomeEI_2">Grant income-EI</link:label>    <link:labelArc xlink:type="arc" xlink:arcrole="http://www.xbrl.org/2003/arcrole/concept-label" xlink:from="GrantIncomeEI" xlink:to="label_GrantIncomeEI_2" />    <link:label xlink:type="resource" xlink:label="label_TemporaryClosureLossEL" xml:lang="en" xlink:role="http://www.xbrl.org/2003/role/label" id="label_TemporaryClosureLossEL">Temporary closure loss</link:label>    <link:labelArc xlink:type="arc" xlink:arcrole="http://www.xbrl.org/2003/arcrole/concept-label" xlink:from="TemporaryClosureLossEL" xlink:to="label_TemporaryClosureLossEL" />    <link:label xlink:type="resource" xlink:label="label_TemporaryClosureLossEL_2" xml:lang="en" xlink:role="http://www.xbrl.org/2003/role/verboseLabel" id="label_TemporaryClosureLossEL_2">Temporary closure loss-EL</link:label>    <link:labelArc xlink:type="arc" xlink:arcrole="http://www.xbrl.org/2003/arcrole/concept-label" xlink:from="TemporaryClosureLossEL" xlink:to="label_TemporaryClosureLossEL_2" />    <link:label xlink:type="resource" xlink:label="label_TemporaryClosureLossOpeCF" xml:lang="en" xlink:role="http://www.xbrl.org/2003/role/label" id="label_TemporaryClosureLossOpeCF">Temporary closure loss</link:label>    <link:labelArc xlink:type="arc" xlink:arcrole="http://www.xbrl.org/2003/arcrole/concept-label" xlink:from="TemporaryClosureLossOpeCF" xlink:to="label_TemporaryClosureLossOpeCF" />    <link:label xlink:type="resource" xlink:label="label_TemporaryClosureLossOpeCF_2" xml:lang="en" xlink:role="http://www.xbrl.org/2003/role/verboseLabel" id="label_TemporaryClosureLossOpeCF_2">Temporary closure loss-OpeCF</link:label>    <link:labelArc xlink:type="arc" xlink:arcrole="http://www.xbrl.org/2003/arcrole/concept-label" xlink:from="TemporaryClosureLossOpeCF" xlink:to="label_TemporaryClosureLossOpeCF_2" />    <link:label xlink:type="resource" xlink:label="label_PaymentsForTemporaryClosureOpeCF" xml:lang="en" xlink:role="http://www.xbrl.org/2003/role/label" id="label_PaymentsForTemporaryClosureOpeCF">Payments for temporary closure</link:label>    <link:labelArc xlink:type="arc" xlink:arcrole="http://www.xbrl.org/2003/arcrole/concept-label" xlink:from="PaymentsForTemporaryClosureOpeCF" xlink:to="label_PaymentsForTemporaryClosureOpeCF" />    <link:label xlink:type="resource" xlink:label="label_PaymentsForTemporaryClosureOpeCF_2" xml:lang="en" xlink:role="http://www.xbrl.org/2003/role/verboseLabel" id="label_PaymentsForTemporaryClosureOpeCF_2">Payments for temporary closure-OpeCF</link:label>    <link:labelArc xlink:type="arc" xlink:arcrole="http://www.xbrl.org/2003/arcrole/concept-label" xlink:from="PaymentsForTemporaryClosureOpeCF" xlink:to="label_PaymentsForTemporaryClosureOpeCF_2" />  </link:labelLink></link:linkbase>