<?xml version="1.0"?>
<!-- Generated by Fujitsu Interstage XWand B0250 --><linkbase xmlns="http://www.xbrl.org/2003/linkbase" xmlns:xbrldt="http://xbrl.org/2005/xbrldt" xmlns:xbrli="http://www.xbrl.org/2003/instance" xmlns:xlink="http://www.w3.org/1999/xlink" xmlns:xsi="http://www.w3.org/2001/XMLSchema-instance"><roleRef roleURI="http://www.xbrl.tdnet.info/jp/tse/tdnet/role/RoleConsolidatedInformationAnnual" xlink:href="http://www.xbrl.tdnet.info/taxonomy/jp/tse/tdnet/ed/o/rt/2014-01-12/tse-ed-rt-2014-01-12.xsd#RoleConsolidatedInformationAnnual" xlink:type="simple"/><roleRef roleURI="http://www.xbrl.tdnet.info/jp/tse/tdnet/role/RoleConsolidatedInformationQ2YTD" xlink:href="http://www.xbrl.tdnet.info/taxonomy/jp/tse/tdnet/ed/o/rt/2014-01-12/tse-ed-rt-2014-01-12.xsd#RoleConsolidatedInformationQ2YTD" xlink:type="simple"/><roleRef roleURI="http://www.xbrl.tdnet.info/jp/tse/tdnet/role/RoleDocumentEntityInformation" xlink:href="http://www.xbrl.tdnet.info/taxonomy/jp/tse/tdnet/ed/o/rt/2014-01-12/tse-ed-rt-2014-01-12.xsd#RoleDocumentEntityInformation" xlink:type="simple"/><roleRef roleURI="http://www.xbrl.tdnet.info/jp/tse/tdnet/role/RoleNonConsolidatedInformationAnnual" xlink:href="http://www.xbrl.tdnet.info/taxonomy/jp/tse/tdnet/ed/o/rt/2014-01-12/tse-ed-rt-2014-01-12.xsd#RoleNonConsolidatedInformationAnnual" xlink:type="simple"/><roleRef roleURI="http://www.xbrl.tdnet.info/jp/tse/tdnet/role/RoleNonConsolidatedInformationQ2YTD" xlink:href="http://www.xbrl.tdnet.info/taxonomy/jp/tse/tdnet/ed/o/rt/2014-01-12/tse-ed-rt-2014-01-12.xsd#RoleNonConsolidatedInformationQ2YTD" xlink:type="simple"/><roleRef roleURI="http://www.xbrl.tdnet.info/jp/tse/tdnet/role/RoleNoteFinancialForecastCorrection" xlink:href="http://www.xbrl.tdnet.info/taxonomy/jp/tse/tdnet/ed/o/rt/2014-01-12/tse-ed-rt-2014-01-12.xsd#RoleNoteFinancialForecastCorrection" xlink:type="simple"/><roleRef roleURI="http://www.xbrl.tdnet.info/jp/tse/tdnet/role/RoleNoteRevisedDividendForecast" xlink:href="http://www.xbrl.tdnet.info/taxonomy/jp/tse/tdnet/ed/o/rt/2014-01-12/tse-ed-rt-2014-01-12.xsd#RoleNoteRevisedDividendForecast" xlink:type="simple"/><roleRef roleURI="http://www.xbrl.tdnet.info/jp/tse/tdnet/role/RoleRevisedDividendForecast" xlink:href="http://www.xbrl.tdnet.info/taxonomy/jp/tse/tdnet/ed/o/rt/2014-01-12/tse-ed-rt-2014-01-12.xsd#RoleRevisedDividendForecast" xlink:type="simple"/><arcroleRef arcroleURI="http://xbrl.org/int/dim/arcrole/all" xlink:href="http://www.xbrl.org/2005/xbrldt-2005.xsd#all" xlink:type="simple"/><arcroleRef arcroleURI="http://xbrl.org/int/dim/arcrole/dimension-domain" xlink:href="http://www.xbrl.org/2005/xbrldt-2005.xsd#dimension-domain" xlink:type="simple"/><arcroleRef arcroleURI="http://xbrl.org/int/dim/arcrole/domain-member" xlink:href="http://www.xbrl.org/2005/xbrldt-2005.xsd#domain-member" xlink:type="simple"/><arcroleRef arcroleURI="http://xbrl.org/int/dim/arcrole/hypercube-dimension" xlink:href="http://www.xbrl.org/2005/xbrldt-2005.xsd#hypercube-dimension" xlink:type="simple"/><definitionLink xlink:role="http://www.xbrl.tdnet.info/jp/tse/tdnet/role/RoleDocumentEntityInformation" xlink:type="extended"><loc xlink:href="http://www.xbrl.tdnet.info/taxonomy/jp/tse/tdnet/ed/t/2014-01-12/tse-ed-t-2014-01-12.xsd#tse-ed-t_DocumentEntityInformationHeading" xlink:label="DocumentEntityInformationHeading" xlink:type="locator"/><loc xlink:href="http://www.xbrl.tdnet.info/taxonomy/jp/tse/tdnet/ed/t/2014-01-12/tse-ed-t-2014-01-12.xsd#tse-ed-t_DocumentEntityInformationTable" xlink:label="DocumentEntityInformationTable" xlink:type="locator"/><definitionArc order="1.0" priority="0" xbrldt:closed="true" xbrldt:contextElement="scenario" xlink:arcrole="http://xbrl.org/int/dim/arcrole/all" xlink:from="DocumentEntityInformationHeading" xlink:to="DocumentEntityInformationTable" xlink:type="arc"/><loc xlink:href="http://www.xbrl.tdnet.info/taxonomy/jp/tse/tdnet/ed/t/2014-01-12/tse-ed-t-2014-01-12.xsd#tse-ed-t_DocumentEntityInformationLineItems" xlink:label="DocumentEntityInformationLineItems" xlink:type="locator"/><definitionArc order="2.0" priority="0" xlink:arcrole="http://xbrl.org/int/dim/arcrole/domain-member" xlink:from="DocumentEntityInformationHeading" xlink:to="DocumentEntityInformationLineItems" xlink:type="arc"/><loc xlink:href="http://www.xbrl.tdnet.info/taxonomy/jp/tse/tdnet/ed/t/2014-01-12/tse-ed-t-2014-01-12.xsd#tse-ed-t_FASFMemberMark" xlink:label="FASFMemberMark" xlink:type="locator"/><definitionArc order="1.0" priority="0" xlink:arcrole="http://xbrl.org/int/dim/arcrole/domain-member" xlink:from="DocumentEntityInformationLineItems" xlink:to="FASFMemberMark" xlink:type="arc"/><loc xlink:href="http://www.xbrl.tdnet.info/taxonomy/jp/tse/tdnet/ed/t/2014-01-12/tse-ed-t-2014-01-12.xsd#tse-ed-t_DocumentName" xlink:label="DocumentName" xlink:type="locator"/><definitionArc order="2.0" priority="0" xlink:arcrole="http://xbrl.org/int/dim/arcrole/domain-member" xlink:from="DocumentEntityInformationLineItems" xlink:to="DocumentName" xlink:type="arc"/><loc xlink:href="http://www.xbrl.tdnet.info/taxonomy/jp/tse/tdnet/ed/t/2014-01-12/tse-ed-t-2014-01-12.xsd#tse-ed-t_CompanyName" xlink:label="CompanyName" xlink:type="locator"/><definitionArc order="4.0" priority="0" xlink:arcrole="http://xbrl.org/int/dim/arcrole/domain-member" xlink:from="DocumentEntityInformationLineItems" xlink:to="CompanyName" xlink:type="arc"/><loc xlink:href="http://www.xbrl.tdnet.info/taxonomy/jp/tse/tdnet/ed/t/2014-01-12/tse-ed-t-2014-01-12.xsd#tse-ed-t_SecuritiesCode" xlink:label="SecuritiesCode" xlink:type="locator"/><definitionArc order="7.0" priority="0" xlink:arcrole="http://xbrl.org/int/dim/arcrole/domain-member" xlink:from="DocumentEntityInformationLineItems" xlink:to="SecuritiesCode" xlink:type="arc"/><loc xlink:href="http://www.xbrl.tdnet.info/taxonomy/jp/tse/tdnet/ed/t/2014-01-12/tse-ed-t-2014-01-12.xsd#tse-ed-t_BusinessCategoryAbstract" xlink:label="BusinessCategoryAbstract" xlink:type="locator"/><definitionArc order="8.0" priority="0" xlink:arcrole="http://xbrl.org/int/dim/arcrole/domain-member" xlink:from="DocumentEntityInformationLineItems" xlink:to="BusinessCategoryAbstract" xlink:type="arc"/><loc xlink:href="http://www.xbrl.tdnet.info/taxonomy/jp/tse/tdnet/ed/t/2014-01-12/tse-ed-t-2014-01-12.xsd#tse-ed-t_GeneralBusiness" xlink:label="GeneralBusiness" xlink:type="locator"/><definitionArc order="1.0" priority="0" xlink:arcrole="http://xbrl.org/int/dim/arcrole/domain-member" xlink:from="BusinessCategoryAbstract" xlink:to="GeneralBusiness" xlink:type="arc"/><loc xlink:href="http://www.xbrl.tdnet.info/taxonomy/jp/tse/tdnet/ed/t/2014-01-12/tse-ed-t-2014-01-12.xsd#tse-ed-t_SpecificBusiness" xlink:label="SpecificBusiness" xlink:type="locator"/><definitionArc order="2.0" priority="0" xlink:arcrole="http://xbrl.org/int/dim/arcrole/domain-member" xlink:from="BusinessCategoryAbstract" xlink:to="SpecificBusiness" xlink:type="arc"/><loc xlink:href="http://www.xbrl.tdnet.info/taxonomy/jp/tse/tdnet/ed/t/2014-01-12/tse-ed-t-2014-01-12.xsd#tse-ed-t_FiscalYearEnd" xlink:label="FiscalYearEnd" xlink:type="locator"/><definitionArc order="9.0" priority="0" xlink:arcrole="http://xbrl.org/int/dim/arcrole/domain-member" xlink:from="DocumentEntityInformationLineItems" xlink:to="FiscalYearEnd" xlink:type="arc"/><loc xlink:href="http://www.xbrl.tdnet.info/taxonomy/jp/tse/tdnet/ed/t/2014-01-12/tse-ed-t-2014-01-12.xsd#tse-ed-t_RepresentativeAbstract" xlink:label="RepresentativeAbstract" xlink:type="locator"/><definitionArc order="5.0" priority="0" xlink:arcrole="http://xbrl.org/int/dim/arcrole/domain-member" xlink:from="DocumentEntityInformationLineItems" xlink:to="RepresentativeAbstract" xlink:type="arc"/><loc xlink:href="http://www.xbrl.tdnet.info/taxonomy/jp/tse/tdnet/ed/t/2014-01-12/tse-ed-t-2014-01-12.xsd#tse-ed-t_TitleRepresentative" xlink:label="TitleRepresentative" xlink:type="locator"/><definitionArc order="1.0" priority="0" xlink:arcrole="http://xbrl.org/int/dim/arcrole/domain-member" xlink:from="RepresentativeAbstract" xlink:to="TitleRepresentative" xlink:type="arc"/><loc xlink:href="http://www.xbrl.tdnet.info/taxonomy/jp/tse/tdnet/ed/t/2014-01-12/tse-ed-t-2014-01-12.xsd#tse-ed-t_NameRepresentative" xlink:label="NameRepresentative" xlink:type="locator"/><definitionArc order="2.0" priority="0" xlink:arcrole="http://xbrl.org/int/dim/arcrole/domain-member" xlink:from="RepresentativeAbstract" xlink:to="NameRepresentative" xlink:type="arc"/><loc xlink:href="http://www.xbrl.tdnet.info/taxonomy/jp/tse/tdnet/ed/t/2014-01-12/tse-ed-t-2014-01-12.xsd#tse-ed-t_InquiriesAbstract" xlink:label="InquiriesAbstract" xlink:type="locator"/><definitionArc order="10.0" priority="0" xlink:arcrole="http://xbrl.org/int/dim/arcrole/domain-member" xlink:from="DocumentEntityInformationLineItems" xlink:to="InquiriesAbstract" xlink:type="arc"/><loc xlink:href="http://www.xbrl.tdnet.info/taxonomy/jp/tse/tdnet/ed/t/2014-01-12/tse-ed-t-2014-01-12.xsd#tse-ed-t_TitleInquiries" xlink:label="TitleInquiries" xlink:type="locator"/><definitionArc order="1.0" priority="0" xlink:arcrole="http://xbrl.org/int/dim/arcrole/domain-member" xlink:from="InquiriesAbstract" xlink:to="TitleInquiries" xlink:type="arc"/><loc xlink:href="http://www.xbrl.tdnet.info/taxonomy/jp/tse/tdnet/ed/t/2014-01-12/tse-ed-t-2014-01-12.xsd#tse-ed-t_NameInquiries" xlink:label="NameInquiries" xlink:type="locator"/><definitionArc order="2.0" priority="0" xlink:arcrole="http://xbrl.org/int/dim/arcrole/domain-member" xlink:from="InquiriesAbstract" xlink:to="NameInquiries" xlink:type="arc"/><loc xlink:href="http://www.xbrl.tdnet.info/taxonomy/jp/tse/tdnet/ed/t/2014-01-12/tse-ed-t-2014-01-12.xsd#tse-ed-t_Tel" xlink:label="Tel" xlink:type="locator"/><definitionArc order="11.0" priority="0" xlink:arcrole="http://xbrl.org/int/dim/arcrole/domain-member" xlink:from="DocumentEntityInformationLineItems" xlink:to="Tel" xlink:type="arc"/><loc xlink:href="http://www.xbrl.tdnet.info/taxonomy/jp/tse/tdnet/ed/t/2014-01-12/tse-ed-t-2014-01-12.xsd#tse-ed-t_NoticeOfForecastCorrection" xlink:label="NoticeOfForecastCorrection" xlink:type="locator"/><definitionArc order="12.0" priority="0" xlink:arcrole="http://xbrl.org/int/dim/arcrole/domain-member" xlink:from="DocumentEntityInformationLineItems" xlink:to="NoticeOfForecastCorrection" xlink:type="arc"/><loc xlink:href="http://www.xbrl.tdnet.info/taxonomy/jp/tse/tdnet/ed/t/2014-01-12/tse-ed-t-2014-01-12.xsd#tse-ed-t_ReportingDateOfFinancialForecastCorrection" xlink:label="ReportingDateOfFinancialForecastCorrection" xlink:type="locator"/><definitionArc order="3.0" priority="0" xlink:arcrole="http://xbrl.org/int/dim/arcrole/domain-member" xlink:from="DocumentEntityInformationLineItems" xlink:to="ReportingDateOfFinancialForecastCorrection" xlink:type="arc"/><loc xlink:href="http://www.xbrl.tdnet.info/taxonomy/jp/tse/tdnet/ed/t/2014-01-12/tse-ed-t-2014-01-12.xsd#tse-ed-t_StockExchangeListingsAbstract" xlink:label="A184360a5bbe_0" xlink:type="locator"/><definitionArc order="6.0" priority="0" xlink:arcrole="http://xbrl.org/int/dim/arcrole/domain-member" xlink:from="DocumentEntityInformationLineItems" xlink:to="A184360a5bbe_0" xlink:type="arc"/><loc xlink:href="http://www.xbrl.tdnet.info/taxonomy/jp/tse/tdnet/ed/t/2014-01-12/tse-ed-t-2014-01-12.xsd#tse-ed-t_TokyoStockExchange" xlink:label="A184360a5bbe_1" xlink:type="locator"/><definitionArc order="1.0" priority="0" xlink:arcrole="http://xbrl.org/int/dim/arcrole/domain-member" xlink:from="A184360a5bbe_0" xlink:to="A184360a5bbe_1" xlink:type="arc"/><loc xlink:href="http://www.xbrl.tdnet.info/taxonomy/jp/tse/tdnet/ed/t/2014-01-12/tse-ed-t-2014-01-12.xsd#tse-ed-t_TokyoStockExchangePrime" xlink:label="A184360a5bbe_2" xlink:type="locator"/><definitionArc order="0.5" priority="0" xlink:arcrole="http://xbrl.org/int/dim/arcrole/domain-member" xlink:from="A184360a5bbe_1" xlink:to="A184360a5bbe_2" xlink:type="arc"/><loc xlink:href="http://www.xbrl.tdnet.info/taxonomy/jp/tse/tdnet/ed/t/2014-01-12/tse-ed-t-2014-01-12.xsd#tse-ed-t_TokyoStockExchangeStandard" xlink:label="A184360a5bbe_3" xlink:type="locator"/><definitionArc order="0.6" priority="0" xlink:arcrole="http://xbrl.org/int/dim/arcrole/domain-member" xlink:from="A184360a5bbe_1" xlink:to="A184360a5bbe_3" xlink:type="arc"/><loc xlink:href="http://www.xbrl.tdnet.info/taxonomy/jp/tse/tdnet/ed/t/2014-01-12/tse-ed-t-2014-01-12.xsd#tse-ed-t_TokyoStockExchangeGrowth" xlink:label="A184360a5bbe_4" xlink:type="locator"/><definitionArc order="0.7" priority="0" xlink:arcrole="http://xbrl.org/int/dim/arcrole/domain-member" xlink:from="A184360a5bbe_1" xlink:to="A184360a5bbe_4" xlink:type="arc"/><loc xlink:href="http://www.xbrl.tdnet.info/taxonomy/jp/tse/tdnet/ed/t/2014-01-12/tse-ed-t-2014-01-12.xsd#tse-ed-t_TokyoStockExchange1stSection" xlink:label="A184360a5bbe_5" xlink:type="locator"/><definitionArc order="1.0" priority="0" xlink:arcrole="http://xbrl.org/int/dim/arcrole/domain-member" xlink:from="A184360a5bbe_1" xlink:to="A184360a5bbe_5" xlink:type="arc"/><loc xlink:href="http://www.xbrl.tdnet.info/taxonomy/jp/tse/tdnet/ed/t/2014-01-12/tse-ed-t-2014-01-12.xsd#tse-ed-t_TokyoStockExchange2ndSection" xlink:label="A184360a5bbe_6" xlink:type="locator"/><definitionArc order="2.0" priority="0" xlink:arcrole="http://xbrl.org/int/dim/arcrole/domain-member" xlink:from="A184360a5bbe_1" xlink:to="A184360a5bbe_6" xlink:type="arc"/><loc xlink:href="http://www.xbrl.tdnet.info/taxonomy/jp/tse/tdnet/ed/t/2014-01-12/tse-ed-t-2014-01-12.xsd#tse-ed-t_TokyoStockExchangeMothers" xlink:label="A184360a5bbe_7" xlink:type="locator"/><definitionArc order="3.0" priority="0" xlink:arcrole="http://xbrl.org/int/dim/arcrole/domain-member" xlink:from="A184360a5bbe_1" xlink:to="A184360a5bbe_7" xlink:type="arc"/><loc xlink:href="http://www.xbrl.tdnet.info/taxonomy/jp/tse/tdnet/ed/t/2014-01-12/tse-ed-t-2014-01-12.xsd#tse-ed-t_TokyoStockExchangeJASDAQ" xlink:label="A184360a5bbe_8" xlink:type="locator"/><definitionArc order="4.0" priority="0" xlink:arcrole="http://xbrl.org/int/dim/arcrole/domain-member" xlink:from="A184360a5bbe_1" xlink:to="A184360a5bbe_8" xlink:type="arc"/><loc xlink:href="http://www.xbrl.tdnet.info/taxonomy/jp/tse/tdnet/ed/t/2014-01-12/tse-ed-t-2014-01-12.xsd#tse-ed-t_TokyoStockExchangePROMarket" xlink:label="A184360a5bbe_9" xlink:type="locator"/><definitionArc order="5.0" priority="0" xlink:arcrole="http://xbrl.org/int/dim/arcrole/domain-member" xlink:from="A184360a5bbe_1" xlink:to="A184360a5bbe_9" xlink:type="arc"/><loc xlink:href="http://www.xbrl.tdnet.info/taxonomy/jp/tse/tdnet/ed/t/2014-01-12/tse-ed-t-2014-01-12.xsd#tse-ed-t_TokyoStockExchangeOthers" xlink:label="A184360a5bbe_a" xlink:type="locator"/><definitionArc order="6.0" priority="0" xlink:arcrole="http://xbrl.org/int/dim/arcrole/domain-member" xlink:from="A184360a5bbe_1" xlink:to="A184360a5bbe_a" xlink:type="arc"/><loc xlink:href="http://www.xbrl.tdnet.info/taxonomy/jp/tse/tdnet/ed/t/2014-01-12/tse-ed-t-2014-01-12.xsd#tse-ed-t_NagoyaStockExchange" xlink:label="A184360a5bbe_b" xlink:type="locator"/><definitionArc order="2.0" priority="0" xlink:arcrole="http://xbrl.org/int/dim/arcrole/domain-member" xlink:from="A184360a5bbe_0" xlink:to="A184360a5bbe_b" xlink:type="arc"/><loc xlink:href="http://www.xbrl.tdnet.info/taxonomy/jp/tse/tdnet/ed/t/2014-01-12/tse-ed-t-2014-01-12.xsd#tse-ed-t_NagoyaStockExchange1stSection" xlink:label="A184360a5bbe_c" xlink:type="locator"/><definitionArc order="1.0" priority="0" xlink:arcrole="http://xbrl.org/int/dim/arcrole/domain-member" xlink:from="A184360a5bbe_b" xlink:to="A184360a5bbe_c" xlink:type="arc"/><loc xlink:href="http://www.xbrl.tdnet.info/taxonomy/jp/tse/tdnet/ed/t/2014-01-12/tse-ed-t-2014-01-12.xsd#tse-ed-t_NagoyaStockExchange2ndSection" xlink:label="A184360a5bbe_d" xlink:type="locator"/><definitionArc order="2.0" priority="0" xlink:arcrole="http://xbrl.org/int/dim/arcrole/domain-member" xlink:from="A184360a5bbe_b" xlink:to="A184360a5bbe_d" xlink:type="arc"/><loc xlink:href="http://www.xbrl.tdnet.info/taxonomy/jp/tse/tdnet/ed/t/2014-01-12/tse-ed-t-2014-01-12.xsd#tse-ed-t_NagoyaStockExchangeCentrex" xlink:label="A184360a5bbe_e" xlink:type="locator"/><definitionArc order="3.0" priority="0" xlink:arcrole="http://xbrl.org/int/dim/arcrole/domain-member" xlink:from="A184360a5bbe_b" xlink:to="A184360a5bbe_e" xlink:type="arc"/><loc xlink:href="http://www.xbrl.tdnet.info/taxonomy/jp/tse/tdnet/ed/t/2014-01-12/tse-ed-t-2014-01-12.xsd#tse-ed-t_NagoyaStockExchangeOthers" xlink:label="A184360a5bbe_f" xlink:type="locator"/><definitionArc order="4.0" priority="0" xlink:arcrole="http://xbrl.org/int/dim/arcrole/domain-member" xlink:from="A184360a5bbe_b" xlink:to="A184360a5bbe_f" xlink:type="arc"/><loc xlink:href="http://www.xbrl.tdnet.info/taxonomy/jp/tse/tdnet/ed/t/2014-01-12/tse-ed-t-2014-01-12.xsd#tse-ed-t_SapporoStockExchange" xlink:label="A184360a5bbe_10" xlink:type="locator"/><definitionArc order="3.0" priority="0" xlink:arcrole="http://xbrl.org/int/dim/arcrole/domain-member" xlink:from="A184360a5bbe_0" xlink:to="A184360a5bbe_10" xlink:type="arc"/><loc xlink:href="http://www.xbrl.tdnet.info/taxonomy/jp/tse/tdnet/ed/t/2014-01-12/tse-ed-t-2014-01-12.xsd#tse-ed-t_SapporoStockExchangeEstablished" xlink:label="A184360a5bbe_11" xlink:type="locator"/><definitionArc order="1.0" priority="0" xlink:arcrole="http://xbrl.org/int/dim/arcrole/domain-member" xlink:from="A184360a5bbe_10" xlink:to="A184360a5bbe_11" xlink:type="arc"/><loc xlink:href="http://www.xbrl.tdnet.info/taxonomy/jp/tse/tdnet/ed/t/2014-01-12/tse-ed-t-2014-01-12.xsd#tse-ed-t_SapporoStockExchangeAmbitious" xlink:label="A184360a5bbe_12" xlink:type="locator"/><definitionArc order="2.0" priority="0" xlink:arcrole="http://xbrl.org/int/dim/arcrole/domain-member" xlink:from="A184360a5bbe_10" xlink:to="A184360a5bbe_12" xlink:type="arc"/><loc xlink:href="http://www.xbrl.tdnet.info/taxonomy/jp/tse/tdnet/ed/t/2014-01-12/tse-ed-t-2014-01-12.xsd#tse-ed-t_SapporoStockExchangeOthers" xlink:label="A184360a5bbe_13" xlink:type="locator"/><definitionArc order="3.0" priority="0" xlink:arcrole="http://xbrl.org/int/dim/arcrole/domain-member" xlink:from="A184360a5bbe_10" xlink:to="A184360a5bbe_13" xlink:type="arc"/><loc xlink:href="http://www.xbrl.tdnet.info/taxonomy/jp/tse/tdnet/ed/t/2014-01-12/tse-ed-t-2014-01-12.xsd#tse-ed-t_FukuokaStockExchange" xlink:label="A184360a5bbe_14" xlink:type="locator"/><definitionArc order="4.0" priority="0" xlink:arcrole="http://xbrl.org/int/dim/arcrole/domain-member" xlink:from="A184360a5bbe_0" xlink:to="A184360a5bbe_14" xlink:type="arc"/><loc xlink:href="http://www.xbrl.tdnet.info/taxonomy/jp/tse/tdnet/ed/t/2014-01-12/tse-ed-t-2014-01-12.xsd#tse-ed-t_FukuokaStockExchangeEstablished" xlink:label="A184360a5bbe_15" xlink:type="locator"/><definitionArc order="1.0" priority="0" xlink:arcrole="http://xbrl.org/int/dim/arcrole/domain-member" xlink:from="A184360a5bbe_14" xlink:to="A184360a5bbe_15" xlink:type="arc"/><loc xlink:href="http://www.xbrl.tdnet.info/taxonomy/jp/tse/tdnet/ed/t/2014-01-12/tse-ed-t-2014-01-12.xsd#tse-ed-t_FukuokaStockExchangeQBoard" xlink:label="A184360a5bbe_16" xlink:type="locator"/><definitionArc order="2.0" priority="0" xlink:arcrole="http://xbrl.org/int/dim/arcrole/domain-member" xlink:from="A184360a5bbe_14" xlink:to="A184360a5bbe_16" xlink:type="arc"/><loc xlink:href="http://www.xbrl.tdnet.info/taxonomy/jp/tse/tdnet/ed/t/2014-01-12/tse-ed-t-2014-01-12.xsd#tse-ed-t_FukuokaStockExchangeOthers" xlink:label="A184360a5bbe_17" xlink:type="locator"/><definitionArc order="3.0" priority="0" xlink:arcrole="http://xbrl.org/int/dim/arcrole/domain-member" xlink:from="A184360a5bbe_14" xlink:to="A184360a5bbe_17" xlink:type="arc"/><loc xlink:href="http://www.xbrl.tdnet.info/taxonomy/jp/tse/tdnet/ed/t/2014-01-12/tse-ed-t-2014-01-12.xsd#tse-ed-t_JapanSecuritiesDealersAssociation" xlink:label="A184360a5bbe_18" xlink:type="locator"/><definitionArc order="5.0" priority="0" xlink:arcrole="http://xbrl.org/int/dim/arcrole/domain-member" xlink:from="A184360a5bbe_0" xlink:to="A184360a5bbe_18" xlink:type="arc"/><loc xlink:href="http://www.xbrl.tdnet.info/taxonomy/jp/tse/tdnet/ed/t/2014-01-12/tse-ed-t-2014-01-12.xsd#tse-ed-t_JapanSecuritiesDealersAssociationGreenSheet" xlink:label="A184360a5bbe_19" xlink:type="locator"/><definitionArc order="1.0" priority="0" xlink:arcrole="http://xbrl.org/int/dim/arcrole/domain-member" xlink:from="A184360a5bbe_18" xlink:to="A184360a5bbe_19" xlink:type="arc"/></definitionLink><definitionLink xlink:role="http://www.xbrl.tdnet.info/jp/tse/tdnet/role/RoleNoteFinancialForecastCorrection" xlink:type="extended"><loc xlink:href="http://www.xbrl.tdnet.info/taxonomy/jp/tse/tdnet/ed/t/2014-01-12/tse-ed-t-2014-01-12.xsd#tse-ed-t_NoteFinancialForecastCorrectionHeading" xlink:label="NoteFinancialForecastCorrectionHeading" xlink:type="locator"/><loc xlink:href="http://www.xbrl.tdnet.info/taxonomy/jp/tse/tdnet/ed/t/2014-01-12/tse-ed-t-2014-01-12.xsd#tse-ed-t_NoteFinancialForecastCorrectionTable" xlink:label="NoteFinancialForecastCorrectionTable" xlink:type="locator"/><definitionArc order="1.0" priority="0" xbrldt:closed="true" xbrldt:contextElement="scenario" xlink:arcrole="http://xbrl.org/int/dim/arcrole/all" xlink:from="NoteFinancialForecastCorrectionHeading" xlink:to="NoteFinancialForecastCorrectionTable" xlink:type="arc"/><loc xlink:href="http://www.xbrl.tdnet.info/taxonomy/jp/tse/tdnet/ed/t/2014-01-12/tse-ed-t-2014-01-12.xsd#tse-ed-t_NoteFinancialForecastCorrectionLineItems" xlink:label="NoteFinancialForecastCorrectionLineItems" xlink:type="locator"/><definitionArc order="2.0" priority="0" xlink:arcrole="http://xbrl.org/int/dim/arcrole/domain-member" xlink:from="NoteFinancialForecastCorrectionHeading" xlink:to="NoteFinancialForecastCorrectionLineItems" xlink:type="arc"/><loc xlink:href="http://www.xbrl.tdnet.info/taxonomy/jp/tse/tdnet/ed/t/2014-01-12/tse-ed-t-2014-01-12.xsd#tse-ed-t_NoteAndReasonForCorrectionAbstract" xlink:label="NoteAndReasonForCorrectionAbstract" xlink:type="locator"/><definitionArc order="1.0" priority="0" xlink:arcrole="http://xbrl.org/int/dim/arcrole/domain-member" xlink:from="NoteFinancialForecastCorrectionLineItems" xlink:to="NoteAndReasonForCorrectionAbstract" xlink:type="arc"/><loc xlink:href="http://www.xbrl.tdnet.info/taxonomy/jp/tse/tdnet/ed/t/2014-01-12/tse-ed-t-2014-01-12.xsd#tse-ed-t_NoteToFinancialForecastAbstract" xlink:label="NoteToFinancialForecastAbstract" xlink:type="locator"/><definitionArc order="1.0" priority="0" xlink:arcrole="http://xbrl.org/int/dim/arcrole/domain-member" xlink:from="NoteAndReasonForCorrectionAbstract" xlink:to="NoteToFinancialForecastAbstract" xlink:type="arc"/><loc xlink:href="http://www.xbrl.tdnet.info/taxonomy/jp/tse/tdnet/ed/t/2014-01-12/tse-ed-t-2014-01-12.xsd#tse-ed-t_NoteToFinancialForecast" xlink:label="NoteToFinancialForecast" xlink:type="locator"/><definitionArc order="1.0" priority="0" xlink:arcrole="http://xbrl.org/int/dim/arcrole/domain-member" xlink:from="NoteToFinancialForecastAbstract" xlink:to="NoteToFinancialForecast" xlink:type="arc"/><loc xlink:href="http://www.xbrl.tdnet.info/taxonomy/jp/tse/tdnet/ed/t/2014-01-12/tse-ed-t-2014-01-12.xsd#tse-ed-t_ReasonForForecastCorrectionAbstract" xlink:label="ReasonForForecastCorrectionAbstract" xlink:type="locator"/><definitionArc order="2.0" priority="0" xlink:arcrole="http://xbrl.org/int/dim/arcrole/domain-member" xlink:from="NoteAndReasonForCorrectionAbstract" xlink:to="ReasonForForecastCorrectionAbstract" xlink:type="arc"/><loc xlink:href="http://www.xbrl.tdnet.info/taxonomy/jp/tse/tdnet/ed/t/2014-01-12/tse-ed-t-2014-01-12.xsd#tse-ed-t_ReasonForForecastCorrection" xlink:label="ReasonForForecastCorrection" xlink:type="locator"/><definitionArc order="1.0" priority="0" xlink:arcrole="http://xbrl.org/int/dim/arcrole/domain-member" xlink:from="ReasonForForecastCorrectionAbstract" xlink:to="ReasonForForecastCorrection" xlink:type="arc"/></definitionLink><definitionLink xlink:role="http://www.xbrl.tdnet.info/jp/tse/tdnet/role/RoleNonConsolidatedInformationAnnual" xlink:type="extended"><loc xlink:href="http://www.xbrl.tdnet.info/taxonomy/jp/tse/tdnet/ed/t/2014-01-12/tse-ed-t-2014-01-12.xsd#tse-ed-t_NonConsolidatedInformationAnnualHeading" xlink:label="A15feb799265_0" xlink:type="locator"/><loc xlink:href="http://www.xbrl.tdnet.info/taxonomy/jp/tse/tdnet/ed/t/2014-01-12/tse-ed-t-2014-01-12.xsd#tse-ed-t_NonConsolidatedInformationAnnualTable" xlink:label="A15feb799265_1" xlink:type="locator"/><definitionArc order="1.0" priority="0" xbrldt:closed="true" xbrldt:contextElement="scenario" xlink:arcrole="http://xbrl.org/int/dim/arcrole/all" xlink:from="A15feb799265_0" xlink:to="A15feb799265_1" xlink:type="arc"/><loc xlink:href="http://www.xbrl.tdnet.info/taxonomy/jp/tse/tdnet/ed/t/2014-01-12/tse-ed-t-2014-01-12.xsd#tse-ed-t_ConsolidatedNonconsolidatedAxis" xlink:label="A15feb799265_2" xlink:type="locator"/><definitionArc order="1.0" priority="0" xlink:arcrole="http://xbrl.org/int/dim/arcrole/hypercube-dimension" xlink:from="A15feb799265_1" xlink:to="A15feb799265_2" xlink:type="arc"/><loc xlink:href="http://www.xbrl.tdnet.info/taxonomy/jp/tse/tdnet/ed/t/2014-01-12/tse-ed-t-2014-01-12.xsd#tse-ed-t_NonConsolidatedMember" xlink:label="A15feb799265_3" xlink:type="locator"/><definitionArc order="1.0" priority="0" xlink:arcrole="http://xbrl.org/int/dim/arcrole/dimension-domain" xlink:from="A15feb799265_2" xlink:to="A15feb799265_3" xlink:type="arc"/><loc xlink:href="http://www.xbrl.tdnet.info/taxonomy/jp/tse/tdnet/ed/t/2014-01-12/tse-ed-t-2014-01-12.xsd#tse-ed-t_ResultForecastAxis" xlink:label="A15feb799265_4" xlink:type="locator"/><definitionArc order="2.0" priority="0" xlink:arcrole="http://xbrl.org/int/dim/arcrole/hypercube-dimension" xlink:from="A15feb799265_1" xlink:to="A15feb799265_4" xlink:type="arc"/><loc xlink:href="http://www.xbrl.tdnet.info/taxonomy/jp/tse/tdnet/ed/t/2014-01-12/tse-ed-t-2014-01-12.xsd#tse-ed-t_ResultMember" xlink:label="A15feb799265_5" xlink:type="locator"/><definitionArc order="1.0" priority="0" xlink:arcrole="http://xbrl.org/int/dim/arcrole/dimension-domain" xlink:from="A15feb799265_4" xlink:to="A15feb799265_5" xlink:type="arc"/><loc xlink:href="http://www.xbrl.tdnet.info/taxonomy/jp/tse/tdnet/ed/t/2014-01-12/tse-ed-t-2014-01-12.xsd#tse-ed-t_ForecastMember" xlink:label="A15feb799265_6" xlink:type="locator"/><definitionArc order="2.0" priority="0" xlink:arcrole="http://xbrl.org/int/dim/arcrole/dimension-domain" xlink:from="A15feb799265_4" xlink:to="A15feb799265_6" xlink:type="arc"/><loc xlink:href="http://www.xbrl.tdnet.info/taxonomy/jp/tse/tdnet/ed/t/2014-01-12/tse-ed-t-2014-01-12.xsd#tse-ed-t_UpperMember" xlink:label="A15feb799265_7" xlink:type="locator"/><definitionArc order="3.0" priority="0" xlink:arcrole="http://xbrl.org/int/dim/arcrole/dimension-domain" xlink:from="A15feb799265_4" xlink:to="A15feb799265_7" xlink:type="arc"/><loc xlink:href="http://www.xbrl.tdnet.info/taxonomy/jp/tse/tdnet/ed/t/2014-01-12/tse-ed-t-2014-01-12.xsd#tse-ed-t_LowerMember" xlink:label="A15feb799265_8" xlink:type="locator"/><definitionArc order="4.0" priority="0" xlink:arcrole="http://xbrl.org/int/dim/arcrole/dimension-domain" xlink:from="A15feb799265_4" xlink:to="A15feb799265_8" xlink:type="arc"/><loc xlink:href="http://www.xbrl.tdnet.info/taxonomy/jp/tse/tdnet/ed/t/2014-01-12/tse-ed-t-2014-01-12.xsd#tse-ed-t_PreviousCurrentAxis" xlink:label="A15feb799265_9" xlink:type="locator"/><definitionArc order="3.0" priority="0" xlink:arcrole="http://xbrl.org/int/dim/arcrole/hypercube-dimension" xlink:from="A15feb799265_1" xlink:to="A15feb799265_9" xlink:type="arc"/><loc xlink:href="http://www.xbrl.tdnet.info/taxonomy/jp/tse/tdnet/ed/t/2014-01-12/tse-ed-t-2014-01-12.xsd#tse-ed-t_PreviousMember" xlink:label="A15feb799265_a" xlink:type="locator"/><definitionArc order="1.0" priority="0" xlink:arcrole="http://xbrl.org/int/dim/arcrole/dimension-domain" xlink:from="A15feb799265_9" xlink:to="A15feb799265_a" xlink:type="arc"/><loc xlink:href="http://www.xbrl.tdnet.info/taxonomy/jp/tse/tdnet/ed/t/2014-01-12/tse-ed-t-2014-01-12.xsd#tse-ed-t_CurrentMember" xlink:label="A15feb799265_b" xlink:type="locator"/><definitionArc order="2.0" priority="0" xlink:arcrole="http://xbrl.org/int/dim/arcrole/dimension-domain" xlink:from="A15feb799265_9" xlink:to="A15feb799265_b" xlink:type="arc"/><loc xlink:href="http://www.xbrl.tdnet.info/taxonomy/jp/tse/tdnet/ed/t/2014-01-12/tse-ed-t-2014-01-12.xsd#tse-ed-t_NonConsolidatedInformationAnnualLineItems" xlink:label="A15feb799265_c" xlink:type="locator"/><definitionArc order="2.0" priority="0" xlink:arcrole="http://xbrl.org/int/dim/arcrole/domain-member" xlink:from="A15feb799265_0" xlink:to="A15feb799265_c" xlink:type="arc"/><loc xlink:href="http://www.xbrl.tdnet.info/taxonomy/jp/tse/tdnet/ed/t/2014-01-12/tse-ed-t-2014-01-12.xsd#tse-ed-t_FinancialForecastCorrectionAbstract" xlink:label="A15feb799266_0" xlink:type="locator"/><definitionArc order="1.0" priority="0" xlink:arcrole="http://xbrl.org/int/dim/arcrole/domain-member" xlink:from="A15feb799265_c" xlink:to="A15feb799266_0" xlink:type="arc"/><loc xlink:href="http://www.xbrl.tdnet.info/taxonomy/jp/tse/tdnet/ed/t/2014-01-12/tse-ed-t-2014-01-12.xsd#tse-ed-t_ForecastCorrectionOfAnnualNonConsolidatedFinancialResultsAbstract" xlink:label="A15feb799266_1" xlink:type="locator"/><definitionArc order="1.0" priority="0" xlink:arcrole="http://xbrl.org/int/dim/arcrole/domain-member" xlink:from="A15feb799266_0" xlink:to="A15feb799266_1" xlink:type="arc"/><loc xlink:href="http://www.xbrl.tdnet.info/taxonomy/jp/tse/tdnet/ed/t/2014-01-12/tse-ed-t-2014-01-12.xsd#tse-ed-t_PreambleToNonConsolidatedForecastsAbstract" xlink:label="A15feb7a070f_0" xlink:type="locator"/><definitionArc order="1.0" priority="0" xlink:arcrole="http://xbrl.org/int/dim/arcrole/domain-member" xlink:from="A15feb799266_1" xlink:to="A15feb7a070f_0" xlink:type="arc"/><loc xlink:href="http://www.xbrl.tdnet.info/taxonomy/jp/tse/tdnet/ed/t/2014-01-12/tse-ed-t-2014-01-12.xsd#tse-ed-t_PreambleToForecasts" xlink:label="A15feb7a070f_1" xlink:type="locator"/><definitionArc order="1.0" priority="0" xlink:arcrole="http://xbrl.org/int/dim/arcrole/domain-member" xlink:from="A15feb7a070f_0" xlink:to="A15feb7a070f_1" xlink:type="arc"/><loc xlink:href="http://www.xbrl.tdnet.info/taxonomy/jp/tse/tdnet/ed/t/2014-01-12/tse-ed-t-2014-01-12.xsd#tse-ed-t_MainTableOfNonConsolidatedForecastsAbstract" xlink:label="A15feb7a0710_0" xlink:type="locator"/><definitionArc order="2.0" priority="0" xlink:arcrole="http://xbrl.org/int/dim/arcrole/domain-member" xlink:from="A15feb799266_1" xlink:to="A15feb7a0710_0" xlink:type="arc"/><loc xlink:href="http://www.xbrl.tdnet.info/taxonomy/jp/tse/tdnet/ed/t/2014-01-12/tse-ed-t-2014-01-12.xsd#tse-ed-t_NetSalesCorrectionAbstract" xlink:label="A15feb7a0710_1" xlink:type="locator"/><definitionArc order="1.0" priority="0" xlink:arcrole="http://xbrl.org/int/dim/arcrole/domain-member" xlink:from="A15feb7a0710_0" xlink:to="A15feb7a0710_1" xlink:type="arc"/><loc xlink:href="http://www.xbrl.tdnet.info/taxonomy/jp/tse/tdnet/ed/t/2014-01-12/tse-ed-t-2014-01-12.xsd#tse-ed-t_NetSales" xlink:label="A15feb7a0710_2" xlink:type="locator"/><definitionArc order="1.0" priority="0" xlink:arcrole="http://xbrl.org/int/dim/arcrole/domain-member" xlink:from="A15feb7a0710_1" xlink:to="A15feb7a0710_2" xlink:type="arc"/><loc xlink:href="http://www.xbrl.tdnet.info/taxonomy/jp/tse/tdnet/ed/t/2014-01-12/tse-ed-t-2014-01-12.xsd#tse-ed-t_AmountChangeNetSales" xlink:label="A15feb7a0710_3" xlink:type="locator"/><definitionArc order="2.0" priority="0" xlink:arcrole="http://xbrl.org/int/dim/arcrole/domain-member" xlink:from="A15feb7a0710_1" xlink:to="A15feb7a0710_3" xlink:type="arc"/><loc xlink:href="http://www.xbrl.tdnet.info/taxonomy/jp/tse/tdnet/ed/t/2014-01-12/tse-ed-t-2014-01-12.xsd#tse-ed-t_ChangeInNetSales" xlink:label="A15feb7a0710_4" xlink:type="locator"/><definitionArc order="3.0" priority="0" xlink:arcrole="http://xbrl.org/int/dim/arcrole/domain-member" xlink:from="A15feb7a0710_1" xlink:to="A15feb7a0710_4" xlink:type="arc"/><loc xlink:href="http://www.xbrl.tdnet.info/taxonomy/jp/tse/tdnet/ed/t/2014-01-12/tse-ed-t-2014-01-12.xsd#tse-ed-t_OrdinaryIncomeCorrectionAbstract" xlink:label="A15feb7a0710_5" xlink:type="locator"/><definitionArc order="2.0" priority="0" xlink:arcrole="http://xbrl.org/int/dim/arcrole/domain-member" xlink:from="A15feb7a0710_0" xlink:to="A15feb7a0710_5" xlink:type="arc"/><loc xlink:href="http://www.xbrl.tdnet.info/taxonomy/jp/tse/tdnet/ed/t/2014-01-12/tse-ed-t-2014-01-12.xsd#tse-ed-t_OrdinaryIncome" xlink:label="A15feb7a0710_6" xlink:type="locator"/><definitionArc order="1.0" priority="0" xlink:arcrole="http://xbrl.org/int/dim/arcrole/domain-member" xlink:from="A15feb7a0710_5" xlink:to="A15feb7a0710_6" xlink:type="arc"/><loc xlink:href="http://www.xbrl.tdnet.info/taxonomy/jp/tse/tdnet/ed/t/2014-01-12/tse-ed-t-2014-01-12.xsd#tse-ed-t_AmountChangeOrdinaryIncome" xlink:label="A15feb7a0710_7" xlink:type="locator"/><definitionArc order="2.0" priority="0" xlink:arcrole="http://xbrl.org/int/dim/arcrole/domain-member" xlink:from="A15feb7a0710_5" xlink:to="A15feb7a0710_7" xlink:type="arc"/><loc xlink:href="http://www.xbrl.tdnet.info/taxonomy/jp/tse/tdnet/ed/t/2014-01-12/tse-ed-t-2014-01-12.xsd#tse-ed-t_ChangeInOrdinaryIncome" xlink:label="A15feb7a0710_8" xlink:type="locator"/><definitionArc order="3.0" priority="0" xlink:arcrole="http://xbrl.org/int/dim/arcrole/domain-member" xlink:from="A15feb7a0710_5" xlink:to="A15feb7a0710_8" xlink:type="arc"/><loc xlink:href="http://www.xbrl.tdnet.info/taxonomy/jp/tse/tdnet/ed/t/2014-01-12/tse-ed-t-2014-01-12.xsd#tse-ed-t_NetIncomeCorrectionAbstract" xlink:label="A15feb7a0710_9" xlink:type="locator"/><definitionArc order="3.0" priority="0" xlink:arcrole="http://xbrl.org/int/dim/arcrole/domain-member" xlink:from="A15feb7a0710_0" xlink:to="A15feb7a0710_9" xlink:type="arc"/><loc xlink:href="http://www.xbrl.tdnet.info/taxonomy/jp/tse/tdnet/ed/t/2014-01-12/tse-ed-t-2014-01-12.xsd#tse-ed-t_NetIncome" xlink:label="A15feb7a0710_a" xlink:type="locator"/><definitionArc order="1.0" priority="0" xlink:arcrole="http://xbrl.org/int/dim/arcrole/domain-member" xlink:from="A15feb7a0710_9" xlink:to="A15feb7a0710_a" xlink:type="arc"/><loc xlink:href="http://www.xbrl.tdnet.info/taxonomy/jp/tse/tdnet/ed/t/2014-01-12/tse-ed-t-2014-01-12.xsd#tse-ed-t_AmountChangeNetIncome" xlink:label="A15feb7a0710_b" xlink:type="locator"/><definitionArc order="2.0" priority="0" xlink:arcrole="http://xbrl.org/int/dim/arcrole/domain-member" xlink:from="A15feb7a0710_9" xlink:to="A15feb7a0710_b" xlink:type="arc"/><loc xlink:href="http://www.xbrl.tdnet.info/taxonomy/jp/tse/tdnet/ed/t/2014-01-12/tse-ed-t-2014-01-12.xsd#tse-ed-t_ChangeInNetIncome" xlink:label="A15feb7a0710_c" xlink:type="locator"/><definitionArc order="3.0" priority="0" xlink:arcrole="http://xbrl.org/int/dim/arcrole/domain-member" xlink:from="A15feb7a0710_9" xlink:to="A15feb7a0710_c" xlink:type="arc"/><loc xlink:href="http://www.xbrl.tdnet.info/taxonomy/jp/tse/tdnet/ed/t/2014-01-12/tse-ed-t-2014-01-12.xsd#tse-ed-t_NetIncomePerShareCorrectionAbstract" xlink:label="A15feb7a0710_d" xlink:type="locator"/><definitionArc order="4.0" priority="0" xlink:arcrole="http://xbrl.org/int/dim/arcrole/domain-member" xlink:from="A15feb7a0710_0" xlink:to="A15feb7a0710_d" xlink:type="arc"/><loc xlink:href="http://www.xbrl.tdnet.info/taxonomy/jp/tse/tdnet/ed/t/2014-01-12/tse-ed-t-2014-01-12.xsd#tse-ed-t_NetIncomePerShare" xlink:label="A15feb7a0710_e" xlink:type="locator"/><definitionArc order="1.0" priority="0" xlink:arcrole="http://xbrl.org/int/dim/arcrole/domain-member" xlink:from="A15feb7a0710_d" xlink:to="A15feb7a0710_e" xlink:type="arc"/></definitionLink><definitionLink xlink:role="http://www.xbrl.tdnet.info/jp/tse/tdnet/role/RoleConsolidatedInformationAnnual" xlink:type="extended"><loc xlink:href="http://www.xbrl.tdnet.info/taxonomy/jp/tse/tdnet/ed/t/2014-01-12/tse-ed-t-2014-01-12.xsd#tse-ed-t_ConsolidatedNonconsolidatedAxis" xlink:label="A17397db65be_2" xlink:type="locator"/><loc xlink:href="http://www.xbrl.tdnet.info/taxonomy/jp/tse/tdnet/ed/t/2014-01-12/tse-ed-t-2014-01-12.xsd#tse-ed-t_ConsolidatedMember" xlink:label="A17397db65be_3" xlink:type="locator"/><definitionArc order="1.0" priority="0" xlink:arcrole="http://xbrl.org/int/dim/arcrole/dimension-domain" xlink:from="A17397db65be_2" xlink:to="A17397db65be_3" xlink:type="arc"/><loc xlink:href="http://www.xbrl.tdnet.info/taxonomy/jp/tse/tdnet/ed/t/2014-01-12/tse-ed-t-2014-01-12.xsd#tse-ed-t_ResultForecastAxis" xlink:label="A17397db65be_4" xlink:type="locator"/><loc xlink:href="http://www.xbrl.tdnet.info/taxonomy/jp/tse/tdnet/ed/t/2014-01-12/tse-ed-t-2014-01-12.xsd#tse-ed-t_ResultMember" xlink:label="A17397db65be_5" xlink:type="locator"/><definitionArc order="1.0" priority="0" xlink:arcrole="http://xbrl.org/int/dim/arcrole/dimension-domain" xlink:from="A17397db65be_4" xlink:to="A17397db65be_5" xlink:type="arc"/><loc xlink:href="http://www.xbrl.tdnet.info/taxonomy/jp/tse/tdnet/ed/t/2014-01-12/tse-ed-t-2014-01-12.xsd#tse-ed-t_ForecastMember" xlink:label="A17397db65be_6" xlink:type="locator"/><definitionArc order="2.0" priority="0" xlink:arcrole="http://xbrl.org/int/dim/arcrole/dimension-domain" xlink:from="A17397db65be_4" xlink:to="A17397db65be_6" xlink:type="arc"/><loc xlink:href="http://www.xbrl.tdnet.info/taxonomy/jp/tse/tdnet/ed/t/2014-01-12/tse-ed-t-2014-01-12.xsd#tse-ed-t_UpperMember" xlink:label="A17397db65be_7" xlink:type="locator"/><definitionArc order="3.0" priority="0" xlink:arcrole="http://xbrl.org/int/dim/arcrole/dimension-domain" xlink:from="A17397db65be_4" xlink:to="A17397db65be_7" xlink:type="arc"/><loc xlink:href="http://www.xbrl.tdnet.info/taxonomy/jp/tse/tdnet/ed/t/2014-01-12/tse-ed-t-2014-01-12.xsd#tse-ed-t_LowerMember" xlink:label="A17397db65be_8" xlink:type="locator"/><definitionArc order="4.0" priority="0" xlink:arcrole="http://xbrl.org/int/dim/arcrole/dimension-domain" xlink:from="A17397db65be_4" xlink:to="A17397db65be_8" xlink:type="arc"/><loc xlink:href="http://www.xbrl.tdnet.info/taxonomy/jp/tse/tdnet/ed/t/2014-01-12/tse-ed-t-2014-01-12.xsd#tse-ed-t_PreviousCurrentAxis" xlink:label="A17397db65be_9" xlink:type="locator"/><loc xlink:href="http://www.xbrl.tdnet.info/taxonomy/jp/tse/tdnet/ed/t/2014-01-12/tse-ed-t-2014-01-12.xsd#tse-ed-t_PreviousMember" xlink:label="A17397db65be_a" xlink:type="locator"/><definitionArc order="1.0" priority="0" xlink:arcrole="http://xbrl.org/int/dim/arcrole/dimension-domain" xlink:from="A17397db65be_9" xlink:to="A17397db65be_a" xlink:type="arc"/><loc xlink:href="http://www.xbrl.tdnet.info/taxonomy/jp/tse/tdnet/ed/t/2014-01-12/tse-ed-t-2014-01-12.xsd#tse-ed-t_CurrentMember" xlink:label="A17397db65be_b" xlink:type="locator"/><definitionArc order="2.0" priority="0" xlink:arcrole="http://xbrl.org/int/dim/arcrole/dimension-domain" xlink:from="A17397db65be_9" xlink:to="A17397db65be_b" xlink:type="arc"/><loc xlink:href="http://www.xbrl.tdnet.info/taxonomy/jp/tse/tdnet/ed/t/2014-01-12/tse-ed-t-2014-01-12.xsd#tse-ed-t_NetSalesCorrectionAbstract" xlink:label="A173a3aea6eb_1" xlink:type="locator"/><loc xlink:href="http://www.xbrl.tdnet.info/taxonomy/jp/tse/tdnet/ed/t/2014-01-12/tse-ed-t-2014-01-12.xsd#tse-ed-t_NetSales" xlink:label="A173a3aea6eb_2" xlink:type="locator"/><definitionArc order="1.0" priority="0" xlink:arcrole="http://xbrl.org/int/dim/arcrole/domain-member" xlink:from="A173a3aea6eb_1" xlink:to="A173a3aea6eb_2" xlink:type="arc"/><loc xlink:href="http://www.xbrl.tdnet.info/taxonomy/jp/tse/tdnet/ed/t/2014-01-12/tse-ed-t-2014-01-12.xsd#tse-ed-t_AmountChangeNetSales" xlink:label="A173a3aea6eb_3" xlink:type="locator"/><definitionArc order="2.0" priority="0" xlink:arcrole="http://xbrl.org/int/dim/arcrole/domain-member" xlink:from="A173a3aea6eb_1" xlink:to="A173a3aea6eb_3" xlink:type="arc"/><loc xlink:href="http://www.xbrl.tdnet.info/taxonomy/jp/tse/tdnet/ed/t/2014-01-12/tse-ed-t-2014-01-12.xsd#tse-ed-t_ChangeInNetSales" xlink:label="A173a3aea6eb_4" xlink:type="locator"/><definitionArc order="3.0" priority="0" xlink:arcrole="http://xbrl.org/int/dim/arcrole/domain-member" xlink:from="A173a3aea6eb_1" xlink:to="A173a3aea6eb_4" xlink:type="arc"/><loc xlink:href="http://www.xbrl.tdnet.info/taxonomy/jp/tse/tdnet/ed/t/2014-01-12/tse-ed-t-2014-01-12.xsd#tse-ed-t_OrdinaryIncomeCorrectionAbstract" xlink:label="A173a3aea6eb_9" xlink:type="locator"/><loc xlink:href="http://www.xbrl.tdnet.info/taxonomy/jp/tse/tdnet/ed/t/2014-01-12/tse-ed-t-2014-01-12.xsd#tse-ed-t_OrdinaryIncome" xlink:label="A173a3aea6eb_a" xlink:type="locator"/><definitionArc order="1.0" priority="0" xlink:arcrole="http://xbrl.org/int/dim/arcrole/domain-member" xlink:from="A173a3aea6eb_9" xlink:to="A173a3aea6eb_a" xlink:type="arc"/><loc xlink:href="http://www.xbrl.tdnet.info/taxonomy/jp/tse/tdnet/ed/t/2014-01-12/tse-ed-t-2014-01-12.xsd#tse-ed-t_AmountChangeOrdinaryIncome" xlink:label="A173a3aea6eb_b" xlink:type="locator"/><definitionArc order="2.0" priority="0" xlink:arcrole="http://xbrl.org/int/dim/arcrole/domain-member" xlink:from="A173a3aea6eb_9" xlink:to="A173a3aea6eb_b" xlink:type="arc"/><loc xlink:href="http://www.xbrl.tdnet.info/taxonomy/jp/tse/tdnet/ed/t/2014-01-12/tse-ed-t-2014-01-12.xsd#tse-ed-t_ChangeInOrdinaryIncome" xlink:label="A173a3aea6eb_c" xlink:type="locator"/><definitionArc order="3.0" priority="0" xlink:arcrole="http://xbrl.org/int/dim/arcrole/domain-member" xlink:from="A173a3aea6eb_9" xlink:to="A173a3aea6eb_c" xlink:type="arc"/><loc xlink:href="http://www.xbrl.tdnet.info/taxonomy/jp/tse/tdnet/ed/t/2014-01-12/tse-ed-t-2014-01-12.xsd#tse-ed-t_NetIncomeCorrectionAbstract" xlink:label="A173a3aea6eb_d" xlink:type="locator"/><loc xlink:href="http://www.xbrl.tdnet.info/taxonomy/jp/tse/tdnet/ed/t/2014-01-12/tse-ed-t-2014-01-12.xsd#tse-ed-t_NetIncome" xlink:label="A173a3aea6eb_e" xlink:type="locator"/><definitionArc order="1.0" priority="0" xlink:arcrole="http://xbrl.org/int/dim/arcrole/domain-member" xlink:from="A173a3aea6eb_d" xlink:to="A173a3aea6eb_e" xlink:type="arc"/><loc xlink:href="http://www.xbrl.tdnet.info/taxonomy/jp/tse/tdnet/ed/t/2014-01-12/tse-ed-t-2014-01-12.xsd#tse-ed-t_AmountChangeNetIncome" xlink:label="A173a3aea6eb_f" xlink:type="locator"/><definitionArc order="2.0" priority="0" xlink:arcrole="http://xbrl.org/int/dim/arcrole/domain-member" xlink:from="A173a3aea6eb_d" xlink:to="A173a3aea6eb_f" xlink:type="arc"/><loc xlink:href="http://www.xbrl.tdnet.info/taxonomy/jp/tse/tdnet/ed/t/2014-01-12/tse-ed-t-2014-01-12.xsd#tse-ed-t_ChangeInNetIncome" xlink:label="A173a3aea6eb_10" xlink:type="locator"/><definitionArc order="3.0" priority="0" xlink:arcrole="http://xbrl.org/int/dim/arcrole/domain-member" xlink:from="A173a3aea6eb_d" xlink:to="A173a3aea6eb_10" xlink:type="arc"/><loc xlink:href="http://www.xbrl.tdnet.info/taxonomy/jp/tse/tdnet/ed/t/2014-01-12/tse-ed-t-2014-01-12.xsd#tse-ed-t_NetIncomePerShareCorrectionAbstract" xlink:label="A173a3aea6eb_11" xlink:type="locator"/><loc xlink:href="http://www.xbrl.tdnet.info/taxonomy/jp/tse/tdnet/ed/t/2014-01-12/tse-ed-t-2014-01-12.xsd#tse-ed-t_NetIncomePerShare" xlink:label="A173a3aea6eb_12" xlink:type="locator"/><definitionArc order="1.0" priority="0" xlink:arcrole="http://xbrl.org/int/dim/arcrole/domain-member" xlink:from="A173a3aea6eb_11" xlink:to="A173a3aea6eb_12" xlink:type="arc"/><loc xlink:href="http://www.xbrl.tdnet.info/taxonomy/jp/tse/tdnet/ed/t/2014-01-12/tse-ed-t-2014-01-12.xsd#tse-ed-t_FinancialForecastCorrectionAbstract" xlink:label="A17397db65be_d" xlink:type="locator"/><loc xlink:href="http://www.xbrl.tdnet.info/taxonomy/jp/tse/tdnet/ed/t/2014-01-12/tse-ed-t-2014-01-12.xsd#tse-ed-t_ForecastCorrectionOfAnnualConsolidatedFinancialResultsAbstract" xlink:label="A17397db65be_e" xlink:type="locator"/><definitionArc order="1.0" priority="0" xlink:arcrole="http://xbrl.org/int/dim/arcrole/domain-member" xlink:from="A17397db65be_d" xlink:to="A17397db65be_e" xlink:type="arc"/><loc xlink:href="http://www.xbrl.tdnet.info/taxonomy/jp/tse/tdnet/ed/t/2014-01-12/tse-ed-t-2014-01-12.xsd#tse-ed-t_PreambleToConsolidatedForecastsAbstract" xlink:label="A173a3aea6ea_0" xlink:type="locator"/><definitionArc order="1.0" priority="0" xlink:arcrole="http://xbrl.org/int/dim/arcrole/domain-member" xlink:from="A17397db65be_e" xlink:to="A173a3aea6ea_0" xlink:type="arc"/><loc xlink:href="http://www.xbrl.tdnet.info/taxonomy/jp/tse/tdnet/ed/t/2014-01-12/tse-ed-t-2014-01-12.xsd#tse-ed-t_PreambleToForecasts" xlink:label="A173a3aea6ea_1" xlink:type="locator"/><definitionArc order="1.0" priority="0" xlink:arcrole="http://xbrl.org/int/dim/arcrole/domain-member" xlink:from="A173a3aea6ea_0" xlink:to="A173a3aea6ea_1" xlink:type="arc"/><loc xlink:href="http://www.xbrl.tdnet.info/taxonomy/jp/tse/tdnet/ed/t/2014-01-12/tse-ed-t-2014-01-12.xsd#tse-ed-t_MainTableOfConsolidatedForecastsAbstract" xlink:label="A173a3aea6eb_0" xlink:type="locator"/><definitionArc order="2.0" priority="0" xlink:arcrole="http://xbrl.org/int/dim/arcrole/domain-member" xlink:from="A17397db65be_e" xlink:to="A173a3aea6eb_0" xlink:type="arc"/><definitionArc order="1.0" priority="0" xlink:arcrole="http://xbrl.org/int/dim/arcrole/domain-member" xlink:from="A173a3aea6eb_0" xlink:to="A173a3aea6eb_1" xlink:type="arc"/><loc xlink:href="http://www.xbrl.tdnet.info/taxonomy/jp/tse/tdnet/ed/t/2014-01-12/tse-ed-t-2014-01-12.xsd#tse-ed-t_OperatingIncomeCorrectionAbstract" xlink:label="A173a3aea6eb_5" xlink:type="locator"/><definitionArc order="2.0" priority="0" xlink:arcrole="http://xbrl.org/int/dim/arcrole/domain-member" xlink:from="A173a3aea6eb_0" xlink:to="A173a3aea6eb_5" xlink:type="arc"/><loc xlink:href="http://www.xbrl.tdnet.info/taxonomy/jp/tse/tdnet/ed/t/2014-01-12/tse-ed-t-2014-01-12.xsd#tse-ed-t_OperatingIncome" xlink:label="A173a3aea6eb_6" xlink:type="locator"/><definitionArc order="1.0" priority="0" xlink:arcrole="http://xbrl.org/int/dim/arcrole/domain-member" xlink:from="A173a3aea6eb_5" xlink:to="A173a3aea6eb_6" xlink:type="arc"/><loc xlink:href="http://www.xbrl.tdnet.info/taxonomy/jp/tse/tdnet/ed/t/2014-01-12/tse-ed-t-2014-01-12.xsd#tse-ed-t_AmountChangeOperatingIncome" xlink:label="A173a3aea6eb_7" xlink:type="locator"/><definitionArc order="2.0" priority="0" xlink:arcrole="http://xbrl.org/int/dim/arcrole/domain-member" xlink:from="A173a3aea6eb_5" xlink:to="A173a3aea6eb_7" xlink:type="arc"/><loc xlink:href="http://www.xbrl.tdnet.info/taxonomy/jp/tse/tdnet/ed/t/2014-01-12/tse-ed-t-2014-01-12.xsd#tse-ed-t_ChangeInOperatingIncome" xlink:label="A173a3aea6eb_8" xlink:type="locator"/><definitionArc order="3.0" priority="0" xlink:arcrole="http://xbrl.org/int/dim/arcrole/domain-member" xlink:from="A173a3aea6eb_5" xlink:to="A173a3aea6eb_8" xlink:type="arc"/><definitionArc order="3.0" priority="0" xlink:arcrole="http://xbrl.org/int/dim/arcrole/domain-member" xlink:from="A173a3aea6eb_0" xlink:to="A173a3aea6eb_9" xlink:type="arc"/><definitionArc order="4.0" priority="0" xlink:arcrole="http://xbrl.org/int/dim/arcrole/domain-member" xlink:from="A173a3aea6eb_0" xlink:to="A173a3aea6eb_d" xlink:type="arc"/><definitionArc order="5.0" priority="0" xlink:arcrole="http://xbrl.org/int/dim/arcrole/domain-member" xlink:from="A173a3aea6eb_0" xlink:to="A173a3aea6eb_11" xlink:type="arc"/><loc xlink:href="http://www.xbrl.tdnet.info/taxonomy/jp/tse/tdnet/ed/t/2014-01-12/tse-ed-t-2014-01-12.xsd#tse-ed-t_ConsolidatedInformationAnnualHeading" xlink:label="A17397db65be_0" xlink:type="locator"/><loc xlink:href="http://www.xbrl.tdnet.info/taxonomy/jp/tse/tdnet/ed/t/2014-01-12/tse-ed-t-2014-01-12.xsd#tse-ed-t_ConsolidatedInformationAnnualTable" xlink:label="A17397db65be_1" xlink:type="locator"/><definitionArc order="1.0" priority="0" xbrldt:closed="true" xbrldt:contextElement="scenario" xlink:arcrole="http://xbrl.org/int/dim/arcrole/all" xlink:from="A17397db65be_0" xlink:to="A17397db65be_1" xlink:type="arc"/><definitionArc order="1.0" priority="0" xlink:arcrole="http://xbrl.org/int/dim/arcrole/hypercube-dimension" xlink:from="A17397db65be_1" xlink:to="A17397db65be_2" xlink:type="arc"/><definitionArc order="2.0" priority="0" xlink:arcrole="http://xbrl.org/int/dim/arcrole/hypercube-dimension" xlink:from="A17397db65be_1" xlink:to="A17397db65be_4" xlink:type="arc"/><definitionArc order="3.0" priority="0" xlink:arcrole="http://xbrl.org/int/dim/arcrole/hypercube-dimension" xlink:from="A17397db65be_1" xlink:to="A17397db65be_9" xlink:type="arc"/><loc xlink:href="http://www.xbrl.tdnet.info/taxonomy/jp/tse/tdnet/ed/t/2014-01-12/tse-ed-t-2014-01-12.xsd#tse-ed-t_ConsolidatedInformationAnnualLineItems" xlink:label="A17397db65be_c" xlink:type="locator"/><definitionArc order="2.0" priority="0" xlink:arcrole="http://xbrl.org/int/dim/arcrole/domain-member" xlink:from="A17397db65be_0" xlink:to="A17397db65be_c" xlink:type="arc"/><definitionArc order="1.0" priority="0" xlink:arcrole="http://xbrl.org/int/dim/arcrole/domain-member" xlink:from="A17397db65be_c" xlink:to="A17397db65be_d" xlink:type="arc"/></definitionLink></linkbase>