<?xml version="1.0" encoding="utf-8"?>
<!-- Generated by PRONEXUS WORKS --><link:linkbase xmlns:link="http://www.xbrl.org/2003/linkbase" xmlns:xsi="http://www.w3.org/2001/XMLSchema-instance" xmlns:xbrli="http://www.xbrl.org/2003/instance" xmlns:xlink="http://www.w3.org/1999/xlink">  <link:labelLink xlink:type="extended" xlink:role="http://www.xbrl.org/2003/role/link">    <link:loc xlink:type="locator" xlink:href="tse-qcedjpfr-68260-2022-09-30-01-2022-10-31.xsd#tse-qcedjpfr-68260_IntegrationRelatedExpensesCF" xlink:label="IntegrationRelatedExpensesCF" />    <link:loc xlink:type="locator" xlink:href="tse-qcedjpfr-68260-2022-09-30-01-2022-10-31.xsd#tse-qcedjpfr-68260_IntegrationRelatedExpensesPaid" xlink:label="IntegrationRelatedExpensesPaid" />    <link:loc xlink:type="locator" xlink:href="tse-qcedjpfr-68260-2022-09-30-01-2022-10-31.xsd#tse-qcedjpfr-68260_CompanyFuneralExpensesNOE" xlink:label="CompanyFuneralExpensesNOE" />    <link:loc xlink:type="locator" xlink:href="tse-qcedjpfr-68260-2022-09-30-01-2022-10-31.xsd#tse-qcedjpfr-68260_ProvisionForCompensationForDamagesEL" xlink:label="ProvisionForCompensationForDamagesEL" />    <link:loc xlink:type="locator" xlink:href="tse-qcedjpfr-68260-2022-09-30-01-2022-10-31.xsd#tse-qcedjpfr-68260_ReserveForCancellationAdjustmentCL" xlink:label="ReserveForCancellationAdjustmentCL" />    <link:loc xlink:type="locator" xlink:href="tse-qcedjpfr-68260-2022-09-30-01-2022-10-31.xsd#tse-qcedjpfr-68260_AllowanceForDamagesCL" xlink:label="AllowanceForDamagesCL" />    <link:loc xlink:type="locator" xlink:href="tse-qcedjpfr-68260-2022-09-30-01-2022-10-31.xsd#tse-qcedjpfr-68260_IntegrationRelatedExpensesEL" xlink:label="IntegrationRelatedExpensesEL" />    <link:label xlink:type="resource" xlink:label="label_ReserveForCancellationAdjustmentCL" xml:lang="ja" xlink:role="http://www.xbrl.org/2003/role/label" id="label_ReserveForCancellationAdjustmentCL">解約損失引当金</link:label>    <link:labelArc xlink:type="arc" xlink:arcrole="http://www.xbrl.org/2003/arcrole/concept-label" xlink:from="ReserveForCancellationAdjustmentCL" xlink:to="label_ReserveForCancellationAdjustmentCL" />    <link:label xlink:type="resource" xlink:label="label_ReserveForCancellationAdjustmentCL_2" xml:lang="ja" xlink:role="http://www.xbrl.org/2003/role/verboseLabel" id="label_ReserveForCancellationAdjustmentCL_2">解約損失引当金、流動負債</link:label>    <link:labelArc xlink:type="arc" xlink:arcrole="http://www.xbrl.org/2003/arcrole/concept-label" xlink:from="ReserveForCancellationAdjustmentCL" xlink:to="label_ReserveForCancellationAdjustmentCL_2" />    <link:label xlink:type="resource" xlink:label="label_AllowanceForDamagesCL" xml:lang="ja" xlink:role="http://www.xbrl.org/2003/role/label" id="label_AllowanceForDamagesCL">損害賠償引当金</link:label>    <link:labelArc xlink:type="arc" xlink:arcrole="http://www.xbrl.org/2003/arcrole/concept-label" xlink:from="AllowanceForDamagesCL" xlink:to="label_AllowanceForDamagesCL" />    <link:label xlink:type="resource" xlink:label="label_AllowanceForDamagesCL_2" xml:lang="ja" xlink:role="http://www.xbrl.org/2003/role/verboseLabel" id="label_AllowanceForDamagesCL_2">損害賠償引当金、流動負債</link:label>    <link:labelArc xlink:type="arc" xlink:arcrole="http://www.xbrl.org/2003/arcrole/concept-label" xlink:from="AllowanceForDamagesCL" xlink:to="label_AllowanceForDamagesCL_2" />    <link:loc xlink:type="locator" xlink:href="tse-qcedjpfr-68260-2022-09-30-01-2022-10-31.xsd#tse-qcedjpfr-68260_IncreaseDecreaseInAllowanceForDamagesOpeCF" xlink:label="IncreaseDecreaseInAllowanceForDamagesOpeCF" />    <link:loc xlink:type="locator" xlink:href="tse-qcedjpfr-68260-2022-09-30-01-2022-10-31.xsd#tse-qcedjpfr-68260_LossOnAmortizationOfRestrictedStockRemunerationNOE" xlink:label="LossOnAmortizationOfRestrictedStockRemunerationNOE" />    <link:label xlink:type="resource" xlink:label="label_LossOnAmortizationOfRestrictedStockRemunerationNOE" xml:lang="ja" xlink:role="http://www.xbrl.org/2003/role/label" id="label_LossOnAmortizationOfRestrictedStockRemunerationNOE">譲渡制限付株式報酬償却損</link:label>    <link:labelArc xlink:type="arc" xlink:arcrole="http://www.xbrl.org/2003/arcrole/concept-label" xlink:from="LossOnAmortizationOfRestrictedStockRemunerationNOE" xlink:to="label_LossOnAmortizationOfRestrictedStockRemunerationNOE" />    <link:label xlink:type="resource" xlink:label="label_LossOnAmortizationOfRestrictedStockRemunerationNOE_2" xml:lang="ja" xlink:role="http://www.xbrl.org/2003/role/verboseLabel" id="label_LossOnAmortizationOfRestrictedStockRemunerationNOE_2">譲渡制限付株式報酬償却損、営業外費用</link:label>    <link:labelArc xlink:type="arc" xlink:arcrole="http://www.xbrl.org/2003/arcrole/concept-label" xlink:from="LossOnAmortizationOfRestrictedStockRemunerationNOE" xlink:to="label_LossOnAmortizationOfRestrictedStockRemunerationNOE_2" />    <link:label xlink:type="resource" xlink:label="label_CompanyFuneralExpensesNOE" xml:lang="ja" xlink:role="http://www.xbrl.org/2003/role/label" id="label_CompanyFuneralExpensesNOE">社葬関連費用</link:label>    <link:labelArc xlink:type="arc" xlink:arcrole="http://www.xbrl.org/2003/arcrole/concept-label" xlink:from="CompanyFuneralExpensesNOE" xlink:to="label_CompanyFuneralExpensesNOE" />    <link:label xlink:type="resource" xlink:label="label_CompanyFuneralExpensesNOE_2" xml:lang="ja" xlink:role="http://www.xbrl.org/2003/role/verboseLabel" id="label_CompanyFuneralExpensesNOE_2">社葬関連費用、営業外費用</link:label>    <link:labelArc xlink:type="arc" xlink:arcrole="http://www.xbrl.org/2003/arcrole/concept-label" xlink:from="CompanyFuneralExpensesNOE" xlink:to="label_CompanyFuneralExpensesNOE_2" />    <link:label xlink:type="resource" xlink:label="label_IntegrationRelatedExpensesEL" xml:lang="ja" xlink:role="http://www.xbrl.org/2003/role/label" id="label_IntegrationRelatedExpensesEL">統合関連費用</link:label>    <link:labelArc xlink:type="arc" xlink:arcrole="http://www.xbrl.org/2003/arcrole/concept-label" xlink:from="IntegrationRelatedExpensesEL" xlink:to="label_IntegrationRelatedExpensesEL" />    <link:label xlink:type="resource" xlink:label="label_IntegrationRelatedExpensesEL_2" xml:lang="ja" xlink:role="http://www.xbrl.org/2003/role/verboseLabel" id="label_IntegrationRelatedExpensesEL_2">統合関連費用、特別損失</link:label>    <link:labelArc xlink:type="arc" xlink:arcrole="http://www.xbrl.org/2003/arcrole/concept-label" xlink:from="IntegrationRelatedExpensesEL" xlink:to="label_IntegrationRelatedExpensesEL_2" />    <link:label xlink:type="resource" xlink:label="label_ProvisionForCompensationForDamagesEL" xml:lang="ja" xlink:role="http://www.xbrl.org/2003/role/label" id="label_ProvisionForCompensationForDamagesEL">損害賠償引当金繰入額</link:label>    <link:labelArc xlink:type="arc" xlink:arcrole="http://www.xbrl.org/2003/arcrole/concept-label" xlink:from="ProvisionForCompensationForDamagesEL" xlink:to="label_ProvisionForCompensationForDamagesEL" />    <link:label xlink:type="resource" xlink:label="label_ProvisionForCompensationForDamagesEL_2" xml:lang="ja" xlink:role="http://www.xbrl.org/2003/role/verboseLabel" id="label_ProvisionForCompensationForDamagesEL_2">損害賠償引当金繰入額、特別損失</link:label>    <link:labelArc xlink:type="arc" xlink:arcrole="http://www.xbrl.org/2003/arcrole/concept-label" xlink:from="ProvisionForCompensationForDamagesEL" xlink:to="label_ProvisionForCompensationForDamagesEL_2" />    <link:label xlink:type="resource" xlink:label="label_IncreaseDecreaseInAllowanceForDamagesOpeCF" xml:lang="ja" xlink:role="http://www.xbrl.org/2003/role/label" id="label_IncreaseDecreaseInAllowanceForDamagesOpeCF">損害賠償引当金の増減額（△は減少）</link:label>    <link:labelArc xlink:type="arc" xlink:arcrole="http://www.xbrl.org/2003/arcrole/concept-label" xlink:from="IncreaseDecreaseInAllowanceForDamagesOpeCF" xlink:to="label_IncreaseDecreaseInAllowanceForDamagesOpeCF" />    <link:label xlink:type="resource" xlink:label="label_IncreaseDecreaseInAllowanceForDamagesOpeCF_2" xml:lang="ja" xlink:role="http://www.xbrl.org/2003/role/verboseLabel" id="label_IncreaseDecreaseInAllowanceForDamagesOpeCF_2">損害賠償引当金の増減額（△は減少）、営業活動によるキャッシュ・フロー</link:label>    <link:labelArc xlink:type="arc" xlink:arcrole="http://www.xbrl.org/2003/arcrole/concept-label" xlink:from="IncreaseDecreaseInAllowanceForDamagesOpeCF" xlink:to="label_IncreaseDecreaseInAllowanceForDamagesOpeCF_2" />    <link:label xlink:type="resource" xlink:label="label_IntegrationRelatedExpensesCF" xml:lang="ja" xlink:role="http://www.xbrl.org/2003/role/label" id="label_IntegrationRelatedExpensesCF">統合関連費用</link:label>    <link:labelArc xlink:type="arc" xlink:arcrole="http://www.xbrl.org/2003/arcrole/concept-label" xlink:from="IntegrationRelatedExpensesCF" xlink:to="label_IntegrationRelatedExpensesCF" />    <link:label xlink:type="resource" xlink:label="label_IntegrationRelatedExpensesCF_2" xml:lang="ja" xlink:role="http://www.xbrl.org/2003/role/verboseLabel" id="label_IntegrationRelatedExpensesCF_2">統合関連費用、営業活動によるキャッシュ・フロー</link:label>    <link:labelArc xlink:type="arc" xlink:arcrole="http://www.xbrl.org/2003/arcrole/concept-label" xlink:from="IntegrationRelatedExpensesCF" xlink:to="label_IntegrationRelatedExpensesCF_2" />    <link:label xlink:type="resource" xlink:label="label_IntegrationRelatedExpensesPaid" xml:lang="ja" xlink:role="http://www.xbrl.org/2003/role/label" id="label_IntegrationRelatedExpensesPaid">統合関連費用の支払額</link:label>    <link:labelArc xlink:type="arc" xlink:arcrole="http://www.xbrl.org/2003/arcrole/concept-label" xlink:from="IntegrationRelatedExpensesPaid" xlink:to="label_IntegrationRelatedExpensesPaid" />    <link:label xlink:type="resource" xlink:label="label_IntegrationRelatedExpensesPaid_2" xml:lang="ja" xlink:role="http://www.xbrl.org/2003/role/verboseLabel" id="label_IntegrationRelatedExpensesPaid_2">統合関連費用の支払額</link:label>    <link:labelArc xlink:type="arc" xlink:arcrole="http://www.xbrl.org/2003/arcrole/concept-label" xlink:from="IntegrationRelatedExpensesPaid" xlink:to="label_IntegrationRelatedExpensesPaid_2" />    <link:loc xlink:type="locator" xlink:href="http://disclosure.edinet-fsa.go.jp/taxonomy/jppfs/2021-11-01/jppfs_cor_2021-11-01.xsd#jppfs_cor_IncomeTaxesPaidOpeCF" xlink:label="IncomeTaxesPaidOpeCF" />    <link:label xlink:type="resource" xlink:label="label_IncomeTaxesPaidOpeCF" xml:lang="ja" xlink:role="http://www.xbrl.org/2003/role/totalLabel" id="label_IncomeTaxesPaidOpeCF">法人税の支払額及び還付額（△は支払）</link:label>    <link:labelArc xlink:type="arc" xlink:arcrole="http://www.xbrl.org/2003/arcrole/concept-label" xlink:from="IncomeTaxesPaidOpeCF" xlink:to="label_IncomeTaxesPaidOpeCF" />  </link:labelLink></link:linkbase>