<?xml version="1.0" encoding="utf-8"?>
<!-- Generated by PRONEXUS WORKS --><link:linkbase xmlns:link="http://www.xbrl.org/2003/linkbase" xmlns:xsi="http://www.w3.org/2001/XMLSchema-instance" xmlns:xbrli="http://www.xbrl.org/2003/instance" xmlns:xlink="http://www.w3.org/1999/xlink">  <link:labelLink xlink:type="extended" xlink:role="http://www.xbrl.org/2003/role/link">    <link:loc xlink:type="locator" xlink:href="tse-qcedjpfr-87420-2022-09-30-01-2022-11-04.xsd#tse-qcedjpfr-87420_DecreaseIncreaseInFuturesTransactionMarginCustomerOpeCF" xlink:label="DecreaseIncreaseInFuturesTransactionMarginCustomerOpeCF" />    <link:label xlink:type="resource" xlink:label="label_DecreaseIncreaseInFuturesTransactionMarginCustomerOpeCF" xml:lang="en" xlink:role="http://www.xbrl.org/2003/role/label" id="label_DecreaseIncreaseInFuturesTransactionMarginCustomerOpeCF">Decrease(Increase)in futures transaction margin-customer</link:label>    <link:labelArc xlink:type="arc" xlink:arcrole="http://www.xbrl.org/2003/arcrole/concept-label" xlink:from="DecreaseIncreaseInFuturesTransactionMarginCustomerOpeCF" xlink:to="label_DecreaseIncreaseInFuturesTransactionMarginCustomerOpeCF" />    <link:label xlink:type="resource" xlink:label="label_DecreaseIncreaseInFuturesTransactionMarginCustomerOpeCF_2" xml:lang="en" xlink:role="http://www.xbrl.org/2003/role/verboseLabel" id="label_DecreaseIncreaseInFuturesTransactionMarginCustomerOpeCF_2">Decrease(Increase)in futures transaction margin-customer-OpeCF</link:label>    <link:labelArc xlink:type="arc" xlink:arcrole="http://www.xbrl.org/2003/arcrole/concept-label" xlink:from="DecreaseIncreaseInFuturesTransactionMarginCustomerOpeCF" xlink:to="label_DecreaseIncreaseInFuturesTransactionMarginCustomerOpeCF_2" />  </link:labelLink></link:linkbase>