﻿<?xml version="1.0" encoding="utf-8"?>
<!-- Edited with FutureStage XBRL Solution Library .NET 01-11 -->
<link:linkbase xmlns:xlink="http://www.w3.org/1999/xlink" xmlns:xsi="http://www.w3.org/2001/XMLSchema-instance" xmlns:link="http://www.xbrl.org/2003/linkbase">
  <link:labelLink xlink:type="extended" xlink:role="http://www.xbrl.org/2003/role/link">
    <link:label xml:lang="ja" xlink:type="resource" xlink:label="tse-qnedjpfr-86220_HeadOfficeRelocationExpensesOpeCF_label" xlink:role="http://www.xbrl.org/2003/role/label">本社移転費用</link:label>
    <link:label xml:lang="ja" xlink:type="resource" xlink:label="tse-qnedjpfr-86220_HeadOfficeRelocationExpensesOpeCF_label_1" xlink:role="http://www.xbrl.org/2003/role/verboseLabel">本社移転費用、営業活動によるキャッシュ・フロー</link:label>
    <link:label xml:lang="ja" xlink:type="resource" xlink:label="tse-qnedjpfr-86220_IncreaseDecreaseInProvisionForEmployeeStockOwnershipPlanTrustOpeCF_label" xlink:role="http://www.xbrl.org/2003/role/label">従業員株式給付引当金の増減額（△は減少）</link:label>
    <link:label xml:lang="ja" xlink:type="resource" xlink:label="tse-qnedjpfr-86220_IncreaseDecreaseInProvisionForEmployeeStockOwnershipPlanTrustOpeCF_label_1" xlink:role="http://www.xbrl.org/2003/role/verboseLabel">従業員株式給付引当金の増減額（△は減少）、営業活動によるキャッシュ・フロー</link:label>
    <link:label xml:lang="ja" xlink:type="resource" xlink:label="tse-qnedjpfr-86220_PaymentsOfHeadOfficeRelocationExpensesOpeCF_label" xlink:role="http://www.xbrl.org/2003/role/label">本社移転費用の支払額</link:label>
    <link:label xml:lang="ja" xlink:type="resource" xlink:label="tse-qnedjpfr-86220_PaymentsOfHeadOfficeRelocationExpensesOpeCF_label_1" xlink:role="http://www.xbrl.org/2003/role/verboseLabel">本社移転費用の支払額、営業活動によるキャッシュ・フロー</link:label>
    <link:label xml:lang="ja" xlink:type="resource" xlink:label="tse-qnedjpfr-86220_ProvisionForEmployeeStockOwnershipPlanTrustCL_label" xlink:role="http://www.xbrl.org/2003/role/label">従業員株式給付引当金</link:label>
    <link:label xml:lang="ja" xlink:type="resource" xlink:label="tse-qnedjpfr-86220_ProvisionForEmployeeStockOwnershipPlanTrustCL_label_1" xlink:role="http://www.xbrl.org/2003/role/verboseLabel">従業員株式給付引当金、流動負債</link:label>
    <link:label xml:lang="ja" xlink:type="resource" xlink:label="tse-qnedjpfr-86220_ProvisionForEmployeeStockOwnershipPlanTrustNCL_label" xlink:role="http://www.xbrl.org/2003/role/label">従業員株式給付引当金</link:label>
    <link:label xml:lang="ja" xlink:type="resource" xlink:label="tse-qnedjpfr-86220_ProvisionForEmployeeStockOwnershipPlanTrustNCL_label_1" xlink:role="http://www.xbrl.org/2003/role/verboseLabel">従業員株式給付引当金、固定負債</link:label>
    <link:loc xlink:type="locator" xlink:href="tse-qnedjpfr-86220-2022-09-30-01-2022-10-28.xsd#tse-qnedjpfr-86220_HeadOfficeRelocationExpensesOpeCF" xlink:label="tse-qnedjpfr-86220_HeadOfficeRelocationExpensesOpeCF" />
    <link:loc xlink:type="locator" xlink:href="tse-qnedjpfr-86220-2022-09-30-01-2022-10-28.xsd#tse-qnedjpfr-86220_IncreaseDecreaseInProvisionForEmployeeStockOwnershipPlanTrustOpeCF" xlink:label="tse-qnedjpfr-86220_IncreaseDecreaseInProvisionForEmployeeStockOwnershipPlanTrustOpeCF" />
    <link:loc xlink:type="locator" xlink:href="tse-qnedjpfr-86220-2022-09-30-01-2022-10-28.xsd#tse-qnedjpfr-86220_PaymentsOfHeadOfficeRelocationExpensesOpeCF" xlink:label="tse-qnedjpfr-86220_PaymentsOfHeadOfficeRelocationExpensesOpeCF" />
    <link:loc xlink:type="locator" xlink:href="tse-qnedjpfr-86220-2022-09-30-01-2022-10-28.xsd#tse-qnedjpfr-86220_ProvisionForEmployeeStockOwnershipPlanTrustCL" xlink:label="tse-qnedjpfr-86220_ProvisionForEmployeeStockOwnershipPlanTrustCL" />
    <link:loc xlink:type="locator" xlink:href="tse-qnedjpfr-86220-2022-09-30-01-2022-10-28.xsd#tse-qnedjpfr-86220_ProvisionForEmployeeStockOwnershipPlanTrustNCL" xlink:label="tse-qnedjpfr-86220_ProvisionForEmployeeStockOwnershipPlanTrustNCL" />
    <link:labelArc xlink:type="arc" xlink:from="tse-qnedjpfr-86220_HeadOfficeRelocationExpensesOpeCF" xlink:to="tse-qnedjpfr-86220_HeadOfficeRelocationExpensesOpeCF_label" xlink:arcrole="http://www.xbrl.org/2003/arcrole/concept-label" order="1" />
    <link:labelArc xlink:type="arc" xlink:from="tse-qnedjpfr-86220_HeadOfficeRelocationExpensesOpeCF" xlink:to="tse-qnedjpfr-86220_HeadOfficeRelocationExpensesOpeCF_label_1" xlink:arcrole="http://www.xbrl.org/2003/arcrole/concept-label" order="1" />
    <link:labelArc xlink:type="arc" xlink:from="tse-qnedjpfr-86220_IncreaseDecreaseInProvisionForEmployeeStockOwnershipPlanTrustOpeCF" xlink:to="tse-qnedjpfr-86220_IncreaseDecreaseInProvisionForEmployeeStockOwnershipPlanTrustOpeCF_label" xlink:arcrole="http://www.xbrl.org/2003/arcrole/concept-label" order="1" />
    <link:labelArc xlink:type="arc" xlink:from="tse-qnedjpfr-86220_IncreaseDecreaseInProvisionForEmployeeStockOwnershipPlanTrustOpeCF" xlink:to="tse-qnedjpfr-86220_IncreaseDecreaseInProvisionForEmployeeStockOwnershipPlanTrustOpeCF_label_1" xlink:arcrole="http://www.xbrl.org/2003/arcrole/concept-label" order="1" />
    <link:labelArc xlink:type="arc" xlink:from="tse-qnedjpfr-86220_PaymentsOfHeadOfficeRelocationExpensesOpeCF" xlink:to="tse-qnedjpfr-86220_PaymentsOfHeadOfficeRelocationExpensesOpeCF_label" xlink:arcrole="http://www.xbrl.org/2003/arcrole/concept-label" order="1" />
    <link:labelArc xlink:type="arc" xlink:from="tse-qnedjpfr-86220_PaymentsOfHeadOfficeRelocationExpensesOpeCF" xlink:to="tse-qnedjpfr-86220_PaymentsOfHeadOfficeRelocationExpensesOpeCF_label_1" xlink:arcrole="http://www.xbrl.org/2003/arcrole/concept-label" order="1" />
    <link:labelArc xlink:type="arc" xlink:from="tse-qnedjpfr-86220_ProvisionForEmployeeStockOwnershipPlanTrustCL" xlink:to="tse-qnedjpfr-86220_ProvisionForEmployeeStockOwnershipPlanTrustCL_label" xlink:arcrole="http://www.xbrl.org/2003/arcrole/concept-label" order="1" />
    <link:labelArc xlink:type="arc" xlink:from="tse-qnedjpfr-86220_ProvisionForEmployeeStockOwnershipPlanTrustCL" xlink:to="tse-qnedjpfr-86220_ProvisionForEmployeeStockOwnershipPlanTrustCL_label_1" xlink:arcrole="http://www.xbrl.org/2003/arcrole/concept-label" order="1" />
    <link:labelArc xlink:type="arc" xlink:from="tse-qnedjpfr-86220_ProvisionForEmployeeStockOwnershipPlanTrustNCL" xlink:to="tse-qnedjpfr-86220_ProvisionForEmployeeStockOwnershipPlanTrustNCL_label" xlink:arcrole="http://www.xbrl.org/2003/arcrole/concept-label" order="1" />
    <link:labelArc xlink:type="arc" xlink:from="tse-qnedjpfr-86220_ProvisionForEmployeeStockOwnershipPlanTrustNCL" xlink:to="tse-qnedjpfr-86220_ProvisionForEmployeeStockOwnershipPlanTrustNCL_label_1" xlink:arcrole="http://www.xbrl.org/2003/arcrole/concept-label" order="1" />
  </link:labelLink>
</link:linkbase>