<?xml version="1.0" encoding="utf-8"?>
<!-- Generated by PRONEXUS WORKS --><link:linkbase xmlns:link="http://www.xbrl.org/2003/linkbase" xmlns:xsi="http://www.w3.org/2001/XMLSchema-instance" xmlns:xbrli="http://www.xbrl.org/2003/instance" xmlns:xlink="http://www.w3.org/1999/xlink">  <link:labelLink xlink:type="extended" xlink:role="http://www.xbrl.org/2003/role/link">    <link:loc xlink:type="locator" xlink:href="tse-qcedjpfr-35210-2022-09-30-01-2022-11-10.xsd#tse-qcedjpfr-35210_LossRelatedToCOVID19EL" xlink:label="LossRelatedToCOVID19EL" />    <link:loc xlink:type="locator" xlink:href="tse-qcedjpfr-35210-2022-09-30-01-2022-11-10.xsd#tse-qcedjpfr-35210_LossRelatedToCOVID19OpeCF" xlink:label="LossRelatedToCOVID19OpeCF" />    <link:loc xlink:type="locator" xlink:href="tse-qcedjpfr-35210-2022-09-30-01-2022-11-10.xsd#tse-qcedjpfr-35210_LossRelatedToCOVID19PaidOpeCF" xlink:label="LossRelatedToCOVID19PaidOpeCF" />    <link:loc xlink:type="locator" xlink:href="tse-qcedjpfr-35210-2022-09-30-01-2022-11-10.xsd#tse-qcedjpfr-35210_BountyIncomeNOI" xlink:label="BountyIncomeNOI" />    <link:label xlink:type="resource" xlink:label="label_BountyIncomeNOI" xml:lang="en" xlink:role="http://www.xbrl.org/2003/role/label" id="label_BountyIncomeNOI">Bounty income</link:label>    <link:labelArc xlink:type="arc" xlink:arcrole="http://www.xbrl.org/2003/arcrole/concept-label" xlink:from="BountyIncomeNOI" xlink:to="label_BountyIncomeNOI" />    <link:label xlink:type="resource" xlink:label="label_BountyIncomeNOI_2" xml:lang="en" xlink:role="http://www.xbrl.org/2003/role/verboseLabel" id="label_BountyIncomeNOI_2">Bounty income-NOI</link:label>    <link:labelArc xlink:type="arc" xlink:arcrole="http://www.xbrl.org/2003/arcrole/concept-label" xlink:from="BountyIncomeNOI" xlink:to="label_BountyIncomeNOI_2" />    <link:label xlink:type="resource" xlink:label="label_LossRelatedToCOVID19EL" xml:lang="en" xlink:role="http://www.xbrl.org/2003/role/label" id="label_LossRelatedToCOVID19EL">Loss related to COVID-19</link:label>    <link:labelArc xlink:type="arc" xlink:arcrole="http://www.xbrl.org/2003/arcrole/concept-label" xlink:from="LossRelatedToCOVID19EL" xlink:to="label_LossRelatedToCOVID19EL" />    <link:label xlink:type="resource" xlink:label="label_LossRelatedToCOVID19EL_2" xml:lang="en" xlink:role="http://www.xbrl.org/2003/role/verboseLabel" id="label_LossRelatedToCOVID19EL_2">Loss related to COVID-19 -EL</link:label>    <link:labelArc xlink:type="arc" xlink:arcrole="http://www.xbrl.org/2003/arcrole/concept-label" xlink:from="LossRelatedToCOVID19EL" xlink:to="label_LossRelatedToCOVID19EL_2" />    <link:label xlink:type="resource" xlink:label="label_LossRelatedToCOVID19OpeCF" xml:lang="en" xlink:role="http://www.xbrl.org/2003/role/label" id="label_LossRelatedToCOVID19OpeCF">Loss related to COVID-19</link:label>    <link:labelArc xlink:type="arc" xlink:arcrole="http://www.xbrl.org/2003/arcrole/concept-label" xlink:from="LossRelatedToCOVID19OpeCF" xlink:to="label_LossRelatedToCOVID19OpeCF" />    <link:label xlink:type="resource" xlink:label="label_LossRelatedToCOVID19OpeCF_2" xml:lang="en" xlink:role="http://www.xbrl.org/2003/role/verboseLabel" id="label_LossRelatedToCOVID19OpeCF_2">Loss related to COVID-19-OpeCF</link:label>    <link:labelArc xlink:type="arc" xlink:arcrole="http://www.xbrl.org/2003/arcrole/concept-label" xlink:from="LossRelatedToCOVID19OpeCF" xlink:to="label_LossRelatedToCOVID19OpeCF_2" />    <link:label xlink:type="resource" xlink:label="label_LossRelatedToCOVID19PaidOpeCF" xml:lang="en" xlink:role="http://www.xbrl.org/2003/role/label" id="label_LossRelatedToCOVID19PaidOpeCF">Loss related to COVID-19 paid</link:label>    <link:labelArc xlink:type="arc" xlink:arcrole="http://www.xbrl.org/2003/arcrole/concept-label" xlink:from="LossRelatedToCOVID19PaidOpeCF" xlink:to="label_LossRelatedToCOVID19PaidOpeCF" />    <link:label xlink:type="resource" xlink:label="label_LossRelatedToCOVID19PaidOpeCF_2" xml:lang="en" xlink:role="http://www.xbrl.org/2003/role/verboseLabel" id="label_LossRelatedToCOVID19PaidOpeCF_2">Loss related to COVID-19 paid-OpeCF</link:label>    <link:labelArc xlink:type="arc" xlink:arcrole="http://www.xbrl.org/2003/arcrole/concept-label" xlink:from="LossRelatedToCOVID19PaidOpeCF" xlink:to="label_LossRelatedToCOVID19PaidOpeCF_2" />  </link:labelLink></link:linkbase>