<?xml version="1.0" encoding="utf-8"?>
<!-- Generated by PRONEXUS WORKS --><link:linkbase xmlns:link="http://www.xbrl.org/2003/linkbase" xmlns:xsi="http://www.w3.org/2001/XMLSchema-instance" xmlns:xbrli="http://www.xbrl.org/2003/instance" xmlns:xlink="http://www.w3.org/1999/xlink">  <link:labelLink xlink:type="extended" xlink:role="http://www.xbrl.org/2003/role/link">    <link:loc xlink:type="locator" xlink:href="tse-qcedjpfr-78440-2022-09-30-01-2022-10-31.xsd#tse-qcedjpfr-78440_AmortizationOfVideoPictureContentsOpeCf" xlink:label="AmortizationOfVideoPictureContentsOpeCf" />    <link:loc xlink:type="locator" xlink:href="tse-qcedjpfr-78440-2022-09-30-01-2022-10-31.xsd#tse-qcedjpfr-78440_IncreaseDecreaseInRoyaltyPayableOpeCF" xlink:label="IncreaseDecreaseInRoyaltyPayableOpeCF" />    <link:loc xlink:type="locator" xlink:href="tse-qcedjpfr-78440-2022-09-30-01-2022-10-31.xsd#tse-qcedjpfr-78440_RoyaltyPayableCL" xlink:label="RoyaltyPayableCL" />    <link:label xlink:type="resource" xlink:label="label_RoyaltyPayableCL" xml:lang="en" xlink:role="http://www.xbrl.org/2003/role/label" id="label_RoyaltyPayableCL">Royalty payable</link:label>    <link:labelArc xlink:type="arc" xlink:arcrole="http://www.xbrl.org/2003/arcrole/concept-label" xlink:from="RoyaltyPayableCL" xlink:to="label_RoyaltyPayableCL" />    <link:label xlink:type="resource" xlink:label="label_RoyaltyPayableCL_2" xml:lang="en" xlink:role="http://www.xbrl.org/2003/role/verboseLabel" id="label_RoyaltyPayableCL_2">Royalty payable-CL</link:label>    <link:labelArc xlink:type="arc" xlink:arcrole="http://www.xbrl.org/2003/arcrole/concept-label" xlink:from="RoyaltyPayableCL" xlink:to="label_RoyaltyPayableCL_2" />    <link:label xlink:type="resource" xlink:label="label_AmortizationOfVideoPictureContentsOpeCf" xml:lang="en" xlink:role="http://www.xbrl.org/2003/role/label" id="label_AmortizationOfVideoPictureContentsOpeCf">Amortization of video picture contents</link:label>    <link:labelArc xlink:type="arc" xlink:arcrole="http://www.xbrl.org/2003/arcrole/concept-label" xlink:from="AmortizationOfVideoPictureContentsOpeCf" xlink:to="label_AmortizationOfVideoPictureContentsOpeCf" />    <link:label xlink:type="resource" xlink:label="label_AmortizationOfVideoPictureContentsOpeCf_2" xml:lang="en" xlink:role="http://www.xbrl.org/2003/role/verboseLabel" id="label_AmortizationOfVideoPictureContentsOpeCf_2">Amortization of video picture contents-OpeCf</link:label>    <link:labelArc xlink:type="arc" xlink:arcrole="http://www.xbrl.org/2003/arcrole/concept-label" xlink:from="AmortizationOfVideoPictureContentsOpeCf" xlink:to="label_AmortizationOfVideoPictureContentsOpeCf_2" />    <link:label xlink:type="resource" xlink:label="label_IncreaseDecreaseInRoyaltyPayableOpeCF" xml:lang="en" xlink:role="http://www.xbrl.org/2003/role/label" id="label_IncreaseDecreaseInRoyaltyPayableOpeCF">Increase(decrease) in royalty payable</link:label>    <link:labelArc xlink:type="arc" xlink:arcrole="http://www.xbrl.org/2003/arcrole/concept-label" xlink:from="IncreaseDecreaseInRoyaltyPayableOpeCF" xlink:to="label_IncreaseDecreaseInRoyaltyPayableOpeCF" />    <link:label xlink:type="resource" xlink:label="label_IncreaseDecreaseInRoyaltyPayableOpeCF_2" xml:lang="en" xlink:role="http://www.xbrl.org/2003/role/verboseLabel" id="label_IncreaseDecreaseInRoyaltyPayableOpeCF_2">Increase(decrease) in royalty payable-OpeCF</link:label>    <link:labelArc xlink:type="arc" xlink:arcrole="http://www.xbrl.org/2003/arcrole/concept-label" xlink:from="IncreaseDecreaseInRoyaltyPayableOpeCF" xlink:to="label_IncreaseDecreaseInRoyaltyPayableOpeCF_2" />  </link:labelLink></link:linkbase>