﻿<?xml version="1.0" encoding="utf-8"?>
<!-- Edited with FutureStage XBRL Solution Library .NET 01-11 -->
<link:linkbase xmlns:xlink="http://www.w3.org/1999/xlink" xmlns:xsi="http://www.w3.org/2001/XMLSchema-instance" xmlns:link="http://www.xbrl.org/2003/linkbase">
  <link:roleRef xlink:type="simple" xlink:href="http://disclosure.edinet-fsa.go.jp/taxonomy/jppfs/2021-11-01/jppfs_rt_2021-11-01.xsd#rol_ConsolidatedLabel" roleURI="http://disclosure.edinet-fsa.go.jp/jppfs/Consolidated/role/label" />
  <link:roleRef xlink:type="simple" xlink:href="http://disclosure.edinet-fsa.go.jp/taxonomy/jppfs/2021-11-01/jppfs_rt_2021-11-01.xsd#rol_NonConsolidatedLabel" roleURI="http://disclosure.edinet-fsa.go.jp/jppfs/NonConsolidated/role/label" />
  <link:labelLink xlink:type="extended" xlink:role="http://www.xbrl.org/2003/role/link">
    <link:label xml:lang="ja" xlink:type="resource" xlink:label="jppfs_cor_DecreaseIncreaseInInventoriesOpeCF_label" xlink:role="http://disclosure.edinet-fsa.go.jp/jppfs/Consolidated/role/label">たな卸資産の増減額（△は増加）</link:label>
    <link:label xml:lang="ja" xlink:type="resource" xlink:label="jppfs_cor_DecreaseIncreaseInInventoriesOpeCF_label_1" xlink:role="http://disclosure.edinet-fsa.go.jp/jppfs/NonConsolidated/role/label">たな卸資産の増減額（△は増加）</link:label>
    <link:label xml:lang="ja" xlink:type="resource" xlink:label="tse-qcedjpfr-42460_IncreaseDecreaseInProvisionForShareBasedCompensationOpeCF_label" xlink:role="http://www.xbrl.org/2003/role/label">株式報酬引当金の増減額（△は減少）</link:label>
    <link:label xml:lang="ja" xlink:type="resource" xlink:label="tse-qcedjpfr-42460_IncreaseDecreaseInProvisionForShareBasedCompensationOpeCF_label_1" xlink:role="http://www.xbrl.org/2003/role/verboseLabel">株式報酬引当金の増減額（△は減少）、営業活動によるキャッシュ・フロー</link:label>
    <link:label xml:lang="ja" xlink:type="resource" xlink:label="tse-qcedjpfr-42460_IncreaseOrDecreaseInNetDefinedBenefitAssetAndLiabilityOpeCF_label" xlink:role="http://www.xbrl.org/2003/role/label">退職給付に係る資産負債の増減額</link:label>
    <link:label xml:lang="ja" xlink:type="resource" xlink:label="tse-qcedjpfr-42460_IncreaseOrDecreaseInNetDefinedBenefitAssetAndLiabilityOpeCF_label_1" xlink:role="http://www.xbrl.org/2003/role/verboseLabel">退職給付に係る資産負債の増減額、営業活動によるキャッシュ・フロー</link:label>
    <link:label xml:lang="ja" xlink:type="resource" xlink:label="tse-qcedjpfr-42460_PaymentsForEnvironmentalExpensesOpeCF_label" xlink:role="http://www.xbrl.org/2003/role/label">環境対策費用の支払額</link:label>
    <link:label xml:lang="ja" xlink:type="resource" xlink:label="tse-qcedjpfr-42460_PaymentsForEnvironmentalExpensesOpeCF_label_1" xlink:role="http://www.xbrl.org/2003/role/verboseLabel">環境対策費用の支払額、営業活動によるキャッシュ・フロー</link:label>
    <link:label xml:lang="ja" xlink:type="resource" xlink:label="tse-qcedjpfr-42460_PaymentsIntoLongTermTimeDepositsInvCF_label" xlink:role="http://www.xbrl.org/2003/role/label">長期預金の預入による支出</link:label>
    <link:label xml:lang="ja" xlink:type="resource" xlink:label="tse-qcedjpfr-42460_PaymentsIntoLongTermTimeDepositsInvCF_label_1" xlink:role="http://www.xbrl.org/2003/role/verboseLabel">長期預金の預入による支出、投資活動によるキャッシュ・フロー</link:label>
    <link:label xml:lang="ja" xlink:type="resource" xlink:label="tse-qcedjpfr-42460_ProvisionForStockBasedCompensationNCL_label" xlink:role="http://www.xbrl.org/2003/role/label">株式報酬引当金</link:label>
    <link:label xml:lang="ja" xlink:type="resource" xlink:label="tse-qcedjpfr-42460_ProvisionForStockBasedCompensationNCL_label_1" xlink:role="http://www.xbrl.org/2003/role/verboseLabel">株式報酬引当金、固定負債</link:label>
    <link:label xml:lang="ja" xlink:type="resource" xlink:label="tse-qcedjpfr-42460_ReversalOfSpecialSuspenseAccountForReductionEntryEI_label" xlink:role="http://www.xbrl.org/2003/role/label">圧縮未決算特別勘定戻入額</link:label>
    <link:label xml:lang="ja" xlink:type="resource" xlink:label="tse-qcedjpfr-42460_ReversalOfSpecialSuspenseAccountForReductionEntryEI_label_1" xlink:role="http://www.xbrl.org/2003/role/verboseLabel">圧縮未決算特別勘定戻入額、特別利益</link:label>
    <link:label xml:lang="ja" xlink:type="resource" xlink:label="tse-qcedjpfr-42460_ReversalOfSpecialSuspenseAccountForReductionEntryOpeCF_label" xlink:role="http://www.xbrl.org/2003/role/label">圧縮未決算特別勘定戻入額</link:label>
    <link:label xml:lang="ja" xlink:type="resource" xlink:label="tse-qcedjpfr-42460_ReversalOfSpecialSuspenseAccountForReductionEntryOpeCF_label_1" xlink:role="http://www.xbrl.org/2003/role/verboseLabel">圧縮未決算特別勘定戻入額、営業活動によるキャッシュ・フロー</link:label>
    <link:loc xlink:type="locator" xlink:href="http://disclosure.edinet-fsa.go.jp/taxonomy/jppfs/2021-11-01/jppfs_cor_2021-11-01.xsd#jppfs_cor_DecreaseIncreaseInInventoriesOpeCF" xlink:label="jppfs_cor_DecreaseIncreaseInInventoriesOpeCF" />
    <link:loc xlink:type="locator" xlink:href="tse-qcedjpfr-42460-2022-09-30-01-2022-11-14.xsd#tse-qcedjpfr-42460_IncreaseDecreaseInProvisionForShareBasedCompensationOpeCF" xlink:label="tse-qcedjpfr-42460_IncreaseDecreaseInProvisionForShareBasedCompensationOpeCF" />
    <link:loc xlink:type="locator" xlink:href="tse-qcedjpfr-42460-2022-09-30-01-2022-11-14.xsd#tse-qcedjpfr-42460_IncreaseOrDecreaseInNetDefinedBenefitAssetAndLiabilityOpeCF" xlink:label="tse-qcedjpfr-42460_IncreaseOrDecreaseInNetDefinedBenefitAssetAndLiabilityOpeCF" />
    <link:loc xlink:type="locator" xlink:href="tse-qcedjpfr-42460-2022-09-30-01-2022-11-14.xsd#tse-qcedjpfr-42460_PaymentsForEnvironmentalExpensesOpeCF" xlink:label="tse-qcedjpfr-42460_PaymentsForEnvironmentalExpensesOpeCF" />
    <link:loc xlink:type="locator" xlink:href="tse-qcedjpfr-42460-2022-09-30-01-2022-11-14.xsd#tse-qcedjpfr-42460_PaymentsIntoLongTermTimeDepositsInvCF" xlink:label="tse-qcedjpfr-42460_PaymentsIntoLongTermTimeDepositsInvCF" />
    <link:loc xlink:type="locator" xlink:href="tse-qcedjpfr-42460-2022-09-30-01-2022-11-14.xsd#tse-qcedjpfr-42460_ProvisionForStockBasedCompensationNCL" xlink:label="tse-qcedjpfr-42460_ProvisionForStockBasedCompensationNCL" />
    <link:loc xlink:type="locator" xlink:href="tse-qcedjpfr-42460-2022-09-30-01-2022-11-14.xsd#tse-qcedjpfr-42460_ReversalOfSpecialSuspenseAccountForReductionEntryEI" xlink:label="tse-qcedjpfr-42460_ReversalOfSpecialSuspenseAccountForReductionEntryEI" />
    <link:loc xlink:type="locator" xlink:href="tse-qcedjpfr-42460-2022-09-30-01-2022-11-14.xsd#tse-qcedjpfr-42460_ReversalOfSpecialSuspenseAccountForReductionEntryOpeCF" xlink:label="tse-qcedjpfr-42460_ReversalOfSpecialSuspenseAccountForReductionEntryOpeCF" />
    <link:labelArc xlink:type="arc" xlink:from="jppfs_cor_DecreaseIncreaseInInventoriesOpeCF" xlink:to="jppfs_cor_DecreaseIncreaseInInventoriesOpeCF_label_1" xlink:arcrole="http://www.xbrl.org/2003/arcrole/concept-label" order="1" />
    <link:labelArc xlink:type="arc" xlink:from="jppfs_cor_DecreaseIncreaseInInventoriesOpeCF" xlink:to="jppfs_cor_DecreaseIncreaseInInventoriesOpeCF_label" xlink:arcrole="http://www.xbrl.org/2003/arcrole/concept-label" order="1" />
    <link:labelArc xlink:type="arc" xlink:from="tse-qcedjpfr-42460_IncreaseDecreaseInProvisionForShareBasedCompensationOpeCF" xlink:to="tse-qcedjpfr-42460_IncreaseDecreaseInProvisionForShareBasedCompensationOpeCF_label_1" xlink:arcrole="http://www.xbrl.org/2003/arcrole/concept-label" order="1" />
    <link:labelArc xlink:type="arc" xlink:from="tse-qcedjpfr-42460_IncreaseDecreaseInProvisionForShareBasedCompensationOpeCF" xlink:to="tse-qcedjpfr-42460_IncreaseDecreaseInProvisionForShareBasedCompensationOpeCF_label" xlink:arcrole="http://www.xbrl.org/2003/arcrole/concept-label" order="1" />
    <link:labelArc xlink:type="arc" xlink:from="tse-qcedjpfr-42460_IncreaseOrDecreaseInNetDefinedBenefitAssetAndLiabilityOpeCF" xlink:to="tse-qcedjpfr-42460_IncreaseOrDecreaseInNetDefinedBenefitAssetAndLiabilityOpeCF_label_1" xlink:arcrole="http://www.xbrl.org/2003/arcrole/concept-label" order="1" />
    <link:labelArc xlink:type="arc" xlink:from="tse-qcedjpfr-42460_IncreaseOrDecreaseInNetDefinedBenefitAssetAndLiabilityOpeCF" xlink:to="tse-qcedjpfr-42460_IncreaseOrDecreaseInNetDefinedBenefitAssetAndLiabilityOpeCF_label" xlink:arcrole="http://www.xbrl.org/2003/arcrole/concept-label" order="1" />
    <link:labelArc xlink:type="arc" xlink:from="tse-qcedjpfr-42460_PaymentsForEnvironmentalExpensesOpeCF" xlink:to="tse-qcedjpfr-42460_PaymentsForEnvironmentalExpensesOpeCF_label_1" xlink:arcrole="http://www.xbrl.org/2003/arcrole/concept-label" order="1" />
    <link:labelArc xlink:type="arc" xlink:from="tse-qcedjpfr-42460_PaymentsForEnvironmentalExpensesOpeCF" xlink:to="tse-qcedjpfr-42460_PaymentsForEnvironmentalExpensesOpeCF_label" xlink:arcrole="http://www.xbrl.org/2003/arcrole/concept-label" order="1" />
    <link:labelArc xlink:type="arc" xlink:from="tse-qcedjpfr-42460_PaymentsIntoLongTermTimeDepositsInvCF" xlink:to="tse-qcedjpfr-42460_PaymentsIntoLongTermTimeDepositsInvCF_label_1" xlink:arcrole="http://www.xbrl.org/2003/arcrole/concept-label" order="1" />
    <link:labelArc xlink:type="arc" xlink:from="tse-qcedjpfr-42460_PaymentsIntoLongTermTimeDepositsInvCF" xlink:to="tse-qcedjpfr-42460_PaymentsIntoLongTermTimeDepositsInvCF_label" xlink:arcrole="http://www.xbrl.org/2003/arcrole/concept-label" order="1" />
    <link:labelArc xlink:type="arc" xlink:from="tse-qcedjpfr-42460_ProvisionForStockBasedCompensationNCL" xlink:to="tse-qcedjpfr-42460_ProvisionForStockBasedCompensationNCL_label_1" xlink:arcrole="http://www.xbrl.org/2003/arcrole/concept-label" order="1" />
    <link:labelArc xlink:type="arc" xlink:from="tse-qcedjpfr-42460_ProvisionForStockBasedCompensationNCL" xlink:to="tse-qcedjpfr-42460_ProvisionForStockBasedCompensationNCL_label" xlink:arcrole="http://www.xbrl.org/2003/arcrole/concept-label" order="1" />
    <link:labelArc xlink:type="arc" xlink:from="tse-qcedjpfr-42460_ReversalOfSpecialSuspenseAccountForReductionEntryEI" xlink:to="tse-qcedjpfr-42460_ReversalOfSpecialSuspenseAccountForReductionEntryEI_label_1" xlink:arcrole="http://www.xbrl.org/2003/arcrole/concept-label" order="1" />
    <link:labelArc xlink:type="arc" xlink:from="tse-qcedjpfr-42460_ReversalOfSpecialSuspenseAccountForReductionEntryEI" xlink:to="tse-qcedjpfr-42460_ReversalOfSpecialSuspenseAccountForReductionEntryEI_label" xlink:arcrole="http://www.xbrl.org/2003/arcrole/concept-label" order="1" />
    <link:labelArc xlink:type="arc" xlink:from="tse-qcedjpfr-42460_ReversalOfSpecialSuspenseAccountForReductionEntryOpeCF" xlink:to="tse-qcedjpfr-42460_ReversalOfSpecialSuspenseAccountForReductionEntryOpeCF_label_1" xlink:arcrole="http://www.xbrl.org/2003/arcrole/concept-label" order="1" />
    <link:labelArc xlink:type="arc" xlink:from="tse-qcedjpfr-42460_ReversalOfSpecialSuspenseAccountForReductionEntryOpeCF" xlink:to="tse-qcedjpfr-42460_ReversalOfSpecialSuspenseAccountForReductionEntryOpeCF_label" xlink:arcrole="http://www.xbrl.org/2003/arcrole/concept-label" order="1" />
  </link:labelLink>
</link:linkbase>