﻿<?xml version="1.0" encoding="utf-8"?>
<!-- Edited with FutureStage XBRL Solution Library .NET 01-11 -->
<link:linkbase xmlns:xbrldt="http://xbrl.org/2005/xbrldt" xmlns:xlink="http://www.w3.org/1999/xlink" xmlns:xsi="http://www.w3.org/2001/XMLSchema-instance" xmlns:link="http://www.xbrl.org/2003/linkbase">
  <link:roleRef xlink:type="simple" xlink:href="http://disclosure.edinet-fsa.go.jp/taxonomy/jppfs/2020-11-01/jppfs_rt_2020-11-01.xsd#rol_cai_StatementOfIncome-ListOfAccounts" roleURI="http://disclosure.edinet-fsa.go.jp/role/jppfs/rol_cai_StatementOfIncome-ListOfAccounts" />
  <link:roleRef xlink:type="simple" xlink:href="http://disclosure.edinet-fsa.go.jp/taxonomy/jppfs/2020-11-01/jppfs_rt_2020-11-01.xsd#rol_QuarterlyConsolidatedBalanceSheet" roleURI="http://disclosure.edinet-fsa.go.jp/role/jppfs/rol_QuarterlyConsolidatedBalanceSheet" />
  <link:roleRef xlink:type="simple" xlink:href="http://disclosure.edinet-fsa.go.jp/taxonomy/jppfs/2020-11-01/jppfs_rt_2020-11-01.xsd#rol_YearToQuarterEndConsolidatedStatementOfComprehensiveIncome" roleURI="http://disclosure.edinet-fsa.go.jp/role/jppfs/rol_YearToQuarterEndConsolidatedStatementOfComprehensiveIncome" />
  <link:roleRef xlink:type="simple" xlink:href="http://disclosure.edinet-fsa.go.jp/taxonomy/jppfs/2020-11-01/jppfs_rt_2020-11-01.xsd#rol_YearToQuarterEndConsolidatedStatementOfIncome" roleURI="http://disclosure.edinet-fsa.go.jp/role/jppfs/rol_YearToQuarterEndConsolidatedStatementOfIncome" />
  <link:arcroleRef xlink:type="simple" xlink:href="http://www.xbrl.org/2005/xbrldt-2005.xsd#all" arcroleURI="http://xbrl.org/int/dim/arcrole/all" />
  <link:arcroleRef xlink:type="simple" xlink:href="http://www.xbrl.org/2005/xbrldt-2005.xsd#dimension-default" arcroleURI="http://xbrl.org/int/dim/arcrole/dimension-default" />
  <link:arcroleRef xlink:type="simple" xlink:href="http://www.xbrl.org/2005/xbrldt-2005.xsd#dimension-domain" arcroleURI="http://xbrl.org/int/dim/arcrole/dimension-domain" />
  <link:arcroleRef xlink:type="simple" xlink:href="http://www.xbrl.org/2005/xbrldt-2005.xsd#domain-member" arcroleURI="http://xbrl.org/int/dim/arcrole/domain-member" />
  <link:arcroleRef xlink:type="simple" xlink:href="http://www.xbrl.org/2005/xbrldt-2005.xsd#hypercube-dimension" arcroleURI="http://xbrl.org/int/dim/arcrole/hypercube-dimension" />
  <link:definitionLink xlink:type="extended" xlink:role="http://disclosure.edinet-fsa.go.jp/role/jppfs/rol_cai_StatementOfIncome-ListOfAccounts">
    <link:loc xlink:type="locator" xlink:href="http://disclosure.edinet-fsa.go.jp/taxonomy/jppfs/2020-11-01/jppfs_cor_2020-11-01.xsd#jppfs_cor_ExtraordinaryLossAbstract" xlink:label="jppfs_cor_ExtraordinaryLossAbstract" />
    <link:loc xlink:type="locator" xlink:href="tse-qcedjpfr-60710-2022-09-30-01-2022-11-10.xsd#tse-qcedjpfr-60710_LossOnCOVID19EL" xlink:label="tse-qcedjpfr-60710_LossOnCOVID19EL" />
    <link:definitionArc xlink:type="arc" xlink:from="jppfs_cor_ExtraordinaryLossAbstract" xlink:to="tse-qcedjpfr-60710_LossOnCOVID19EL" xlink:arcrole="http://www.xbrl.org/2003/arcrole/general-special" order="109" />
  </link:definitionLink>
  <link:definitionLink xlink:type="extended" xlink:role="http://disclosure.edinet-fsa.go.jp/role/jppfs/rol_QuarterlyConsolidatedBalanceSheet">
    <link:loc xlink:type="locator" xlink:href="http://disclosure.edinet-fsa.go.jp/taxonomy/jppfs/2020-11-01/jppfs_cor_2020-11-01.xsd#jppfs_cor_AccountsPayableOther" xlink:label="jppfs_cor_AccountsPayableOther" />
    <link:loc xlink:type="locator" xlink:href="http://disclosure.edinet-fsa.go.jp/taxonomy/jppfs/2020-11-01/jppfs_cor_2020-11-01.xsd#jppfs_cor_AccountsPayableTrade" xlink:label="jppfs_cor_AccountsPayableTrade" />
    <link:loc xlink:type="locator" xlink:href="http://disclosure.edinet-fsa.go.jp/taxonomy/jppfs/2020-11-01/jppfs_cor_2020-11-01.xsd#jppfs_cor_AccountsReceivableTrade" xlink:label="jppfs_cor_AccountsReceivableTrade" />
    <link:loc xlink:type="locator" xlink:href="http://disclosure.edinet-fsa.go.jp/taxonomy/jppfs/2020-11-01/jppfs_cor_2020-11-01.xsd#jppfs_cor_AccruedConsumptionTaxes" xlink:label="jppfs_cor_AccruedConsumptionTaxes" />
    <link:loc xlink:type="locator" xlink:href="http://disclosure.edinet-fsa.go.jp/taxonomy/jppfs/2020-11-01/jppfs_cor_2020-11-01.xsd#jppfs_cor_AccruedExpenses" xlink:label="jppfs_cor_AccruedExpenses" />
    <link:loc xlink:type="locator" xlink:href="http://disclosure.edinet-fsa.go.jp/taxonomy/jppfs/2020-11-01/jppfs_cor_2020-11-01.xsd#jppfs_cor_AccumulatedDepreciationBuildings" xlink:label="jppfs_cor_AccumulatedDepreciationBuildings" />
    <link:loc xlink:type="locator" xlink:href="http://disclosure.edinet-fsa.go.jp/taxonomy/jppfs/2020-11-01/jppfs_cor_2020-11-01.xsd#jppfs_cor_AccumulatedDepreciationLeaseAssetsPPE" xlink:label="jppfs_cor_AccumulatedDepreciationLeaseAssetsPPE" />
    <link:loc xlink:type="locator" xlink:href="http://disclosure.edinet-fsa.go.jp/taxonomy/jppfs/2020-11-01/jppfs_cor_2020-11-01.xsd#jppfs_cor_AccumulatedDepreciationToolsFurnitureAndFixtures" xlink:label="jppfs_cor_AccumulatedDepreciationToolsFurnitureAndFixtures" />
    <link:loc xlink:type="locator" xlink:href="http://disclosure.edinet-fsa.go.jp/taxonomy/jppfs/2020-11-01/jppfs_cor_2020-11-01.xsd#jppfs_cor_AccumulatedDepreciationVehicles" xlink:label="jppfs_cor_AccumulatedDepreciationVehicles" />
    <link:loc xlink:type="locator" xlink:href="http://disclosure.edinet-fsa.go.jp/taxonomy/jppfs/2020-11-01/jppfs_cor_2020-11-01.xsd#jppfs_cor_AdvancePaymentsTrade" xlink:label="jppfs_cor_AdvancePaymentsTrade" />
    <link:loc xlink:type="locator" xlink:href="http://disclosure.edinet-fsa.go.jp/taxonomy/jppfs/2020-11-01/jppfs_cor_2020-11-01.xsd#jppfs_cor_AdvancesReceived" xlink:label="jppfs_cor_AdvancesReceived" />
    <link:loc xlink:type="locator" xlink:href="http://disclosure.edinet-fsa.go.jp/taxonomy/jppfs/2020-11-01/jppfs_cor_2020-11-01.xsd#jppfs_cor_AllowanceForDoubtfulAccountsCA" xlink:label="jppfs_cor_AllowanceForDoubtfulAccountsCA" />
    <link:loc xlink:type="locator" xlink:href="http://disclosure.edinet-fsa.go.jp/taxonomy/jppfs/2020-11-01/jppfs_cor_2020-11-01.xsd#jppfs_cor_AssetRetirementObligationsNCL" xlink:label="jppfs_cor_AssetRetirementObligationsNCL" />
    <link:loc xlink:type="locator" xlink:href="http://disclosure.edinet-fsa.go.jp/taxonomy/jppfs/2020-11-01/jppfs_cor_2020-11-01.xsd#jppfs_cor_Assets" xlink:label="jppfs_cor_Assets" />
    <link:loc xlink:type="locator" xlink:href="http://disclosure.edinet-fsa.go.jp/taxonomy/jppfs/2020-11-01/jppfs_cor_2020-11-01.xsd#jppfs_cor_AssetsAbstract" xlink:label="jppfs_cor_AssetsAbstract" />
    <link:loc xlink:type="locator" xlink:href="http://disclosure.edinet-fsa.go.jp/taxonomy/jppfs/2020-11-01/jppfs_cor_2020-11-01.xsd#jppfs_cor_BalanceSheetLineItems" xlink:label="jppfs_cor_BalanceSheetLineItems" />
    <link:loc xlink:type="locator" xlink:href="http://disclosure.edinet-fsa.go.jp/taxonomy/jppfs/2020-11-01/jppfs_cor_2020-11-01.xsd#jppfs_cor_BalanceSheetTable" xlink:label="jppfs_cor_BalanceSheetTable" />
    <link:loc xlink:type="locator" xlink:href="http://disclosure.edinet-fsa.go.jp/taxonomy/jppfs/2020-11-01/jppfs_cor_2020-11-01.xsd#jppfs_cor_Buildings" xlink:label="jppfs_cor_Buildings" />
    <link:loc xlink:type="locator" xlink:href="http://disclosure.edinet-fsa.go.jp/taxonomy/jppfs/2020-11-01/jppfs_cor_2020-11-01.xsd#jppfs_cor_BuildingsNet" xlink:label="jppfs_cor_BuildingsNet" />
    <link:loc xlink:type="locator" xlink:href="http://disclosure.edinet-fsa.go.jp/taxonomy/jppfs/2020-11-01/jppfs_cor_2020-11-01.xsd#jppfs_cor_CapitalStock" xlink:label="jppfs_cor_CapitalStock" />
    <link:loc xlink:type="locator" xlink:href="http://disclosure.edinet-fsa.go.jp/taxonomy/jppfs/2020-11-01/jppfs_cor_2020-11-01.xsd#jppfs_cor_CapitalSurplus" xlink:label="jppfs_cor_CapitalSurplus" />
    <link:loc xlink:type="locator" xlink:href="http://disclosure.edinet-fsa.go.jp/taxonomy/jppfs/2020-11-01/jppfs_cor_2020-11-01.xsd#jppfs_cor_CashAndDeposits" xlink:label="jppfs_cor_CashAndDeposits" />
    <link:loc xlink:type="locator" xlink:href="http://disclosure.edinet-fsa.go.jp/taxonomy/jppfs/2020-11-01/jppfs_cor_2020-11-01.xsd#jppfs_cor_ConsolidatedMember" xlink:label="jppfs_cor_ConsolidatedMember" />
    <link:loc xlink:type="locator" xlink:href="http://disclosure.edinet-fsa.go.jp/taxonomy/jppfs/2020-11-01/jppfs_cor_2020-11-01.xsd#jppfs_cor_ConsolidatedMember" xlink:label="jppfs_cor_ConsolidatedMember_2" />
    <link:loc xlink:type="locator" xlink:href="http://disclosure.edinet-fsa.go.jp/taxonomy/jppfs/2020-11-01/jppfs_cor_2020-11-01.xsd#jppfs_cor_ConsolidatedOrNonConsolidatedAxis" xlink:label="jppfs_cor_ConsolidatedOrNonConsolidatedAxis" />
    <link:loc xlink:type="locator" xlink:href="http://disclosure.edinet-fsa.go.jp/taxonomy/jppfs/2020-11-01/jppfs_cor_2020-11-01.xsd#jppfs_cor_CurrentAssets" xlink:label="jppfs_cor_CurrentAssets" />
    <link:loc xlink:type="locator" xlink:href="http://disclosure.edinet-fsa.go.jp/taxonomy/jppfs/2020-11-01/jppfs_cor_2020-11-01.xsd#jppfs_cor_CurrentAssetsAbstract" xlink:label="jppfs_cor_CurrentAssetsAbstract" />
    <link:loc xlink:type="locator" xlink:href="http://disclosure.edinet-fsa.go.jp/taxonomy/jppfs/2020-11-01/jppfs_cor_2020-11-01.xsd#jppfs_cor_CurrentLiabilities" xlink:label="jppfs_cor_CurrentLiabilities" />
    <link:loc xlink:type="locator" xlink:href="http://disclosure.edinet-fsa.go.jp/taxonomy/jppfs/2020-11-01/jppfs_cor_2020-11-01.xsd#jppfs_cor_CurrentLiabilitiesAbstract" xlink:label="jppfs_cor_CurrentLiabilitiesAbstract" />
    <link:loc xlink:type="locator" xlink:href="http://disclosure.edinet-fsa.go.jp/taxonomy/jppfs/2020-11-01/jppfs_cor_2020-11-01.xsd#jppfs_cor_CurrentPortionOfLongTermLoansPayable" xlink:label="jppfs_cor_CurrentPortionOfLongTermLoansPayable" />
    <link:loc xlink:type="locator" xlink:href="http://disclosure.edinet-fsa.go.jp/taxonomy/jppfs/2020-11-01/jppfs_cor_2020-11-01.xsd#jppfs_cor_CurrentPortionOfLongTermLoansReceivable" xlink:label="jppfs_cor_CurrentPortionOfLongTermLoansReceivable" />
    <link:loc xlink:type="locator" xlink:href="http://disclosure.edinet-fsa.go.jp/taxonomy/jppfs/2020-11-01/jppfs_cor_2020-11-01.xsd#jppfs_cor_DeferredTaxAssets" xlink:label="jppfs_cor_DeferredTaxAssets" />
    <link:loc xlink:type="locator" xlink:href="http://disclosure.edinet-fsa.go.jp/taxonomy/jppfs/2020-11-01/jppfs_cor_2020-11-01.xsd#jppfs_cor_DeferredTaxLiabilities" xlink:label="jppfs_cor_DeferredTaxLiabilities" />
    <link:loc xlink:type="locator" xlink:href="http://disclosure.edinet-fsa.go.jp/taxonomy/jppfs/2020-11-01/jppfs_cor_2020-11-01.xsd#jppfs_cor_DepositsPaid" xlink:label="jppfs_cor_DepositsPaid" />
    <link:loc xlink:type="locator" xlink:href="http://disclosure.edinet-fsa.go.jp/taxonomy/jppfs/2020-11-01/jppfs_cor_2020-11-01.xsd#jppfs_cor_DepositsReceived" xlink:label="jppfs_cor_DepositsReceived" />
    <link:loc xlink:type="locator" xlink:href="http://disclosure.edinet-fsa.go.jp/taxonomy/jppfs/2020-11-01/jppfs_cor_2020-11-01.xsd#jppfs_cor_Goodwill" xlink:label="jppfs_cor_Goodwill" />
    <link:loc xlink:type="locator" xlink:href="http://disclosure.edinet-fsa.go.jp/taxonomy/jppfs/2020-11-01/jppfs_cor_2020-11-01.xsd#jppfs_cor_GuaranteeDepositsIOA" xlink:label="jppfs_cor_GuaranteeDepositsIOA" />
    <link:loc xlink:type="locator" xlink:href="http://disclosure.edinet-fsa.go.jp/taxonomy/jppfs/2020-11-01/jppfs_cor_2020-11-01.xsd#jppfs_cor_IncomeTaxesPayable" xlink:label="jppfs_cor_IncomeTaxesPayable" />
    <link:loc xlink:type="locator" xlink:href="http://disclosure.edinet-fsa.go.jp/taxonomy/jppfs/2020-11-01/jppfs_cor_2020-11-01.xsd#jppfs_cor_IncomeTaxesReceivable" xlink:label="jppfs_cor_IncomeTaxesReceivable" />
    <link:loc xlink:type="locator" xlink:href="http://disclosure.edinet-fsa.go.jp/taxonomy/jppfs/2020-11-01/jppfs_cor_2020-11-01.xsd#jppfs_cor_InsuranceFunds" xlink:label="jppfs_cor_InsuranceFunds" />
    <link:loc xlink:type="locator" xlink:href="http://disclosure.edinet-fsa.go.jp/taxonomy/jppfs/2020-11-01/jppfs_cor_2020-11-01.xsd#jppfs_cor_IntangibleAssets" xlink:label="jppfs_cor_IntangibleAssets" />
    <link:loc xlink:type="locator" xlink:href="http://disclosure.edinet-fsa.go.jp/taxonomy/jppfs/2020-11-01/jppfs_cor_2020-11-01.xsd#jppfs_cor_IntangibleAssetsAbstract" xlink:label="jppfs_cor_IntangibleAssetsAbstract" />
    <link:loc xlink:type="locator" xlink:href="http://disclosure.edinet-fsa.go.jp/taxonomy/jppfs/2020-11-01/jppfs_cor_2020-11-01.xsd#jppfs_cor_InvestmentsAndOtherAssets" xlink:label="jppfs_cor_InvestmentsAndOtherAssets" />
    <link:loc xlink:type="locator" xlink:href="http://disclosure.edinet-fsa.go.jp/taxonomy/jppfs/2020-11-01/jppfs_cor_2020-11-01.xsd#jppfs_cor_InvestmentsAndOtherAssetsAbstract" xlink:label="jppfs_cor_InvestmentsAndOtherAssetsAbstract" />
    <link:loc xlink:type="locator" xlink:href="http://disclosure.edinet-fsa.go.jp/taxonomy/jppfs/2020-11-01/jppfs_cor_2020-11-01.xsd#jppfs_cor_InvestmentSecurities" xlink:label="jppfs_cor_InvestmentSecurities" />
    <link:loc xlink:type="locator" xlink:href="http://disclosure.edinet-fsa.go.jp/taxonomy/jppfs/2020-11-01/jppfs_cor_2020-11-01.xsd#jppfs_cor_Land" xlink:label="jppfs_cor_Land" />
    <link:loc xlink:type="locator" xlink:href="http://disclosure.edinet-fsa.go.jp/taxonomy/jppfs/2020-11-01/jppfs_cor_2020-11-01.xsd#jppfs_cor_LeaseAssetsNetPPE" xlink:label="jppfs_cor_LeaseAssetsNetPPE" />
    <link:loc xlink:type="locator" xlink:href="http://disclosure.edinet-fsa.go.jp/taxonomy/jppfs/2020-11-01/jppfs_cor_2020-11-01.xsd#jppfs_cor_LeaseAssetsPPE" xlink:label="jppfs_cor_LeaseAssetsPPE" />
    <link:loc xlink:type="locator" xlink:href="http://disclosure.edinet-fsa.go.jp/taxonomy/jppfs/2020-11-01/jppfs_cor_2020-11-01.xsd#jppfs_cor_LeaseObligationsCL" xlink:label="jppfs_cor_LeaseObligationsCL" />
    <link:loc xlink:type="locator" xlink:href="http://disclosure.edinet-fsa.go.jp/taxonomy/jppfs/2020-11-01/jppfs_cor_2020-11-01.xsd#jppfs_cor_LeaseObligationsNCL" xlink:label="jppfs_cor_LeaseObligationsNCL" />
    <link:loc xlink:type="locator" xlink:href="http://disclosure.edinet-fsa.go.jp/taxonomy/jppfs/2020-11-01/jppfs_cor_2020-11-01.xsd#jppfs_cor_Liabilities" xlink:label="jppfs_cor_Liabilities" />
    <link:loc xlink:type="locator" xlink:href="http://disclosure.edinet-fsa.go.jp/taxonomy/jppfs/2020-11-01/jppfs_cor_2020-11-01.xsd#jppfs_cor_LiabilitiesAbstract" xlink:label="jppfs_cor_LiabilitiesAbstract" />
    <link:loc xlink:type="locator" xlink:href="http://disclosure.edinet-fsa.go.jp/taxonomy/jppfs/2020-11-01/jppfs_cor_2020-11-01.xsd#jppfs_cor_LiabilitiesAndNetAssets" xlink:label="jppfs_cor_LiabilitiesAndNetAssets" />
    <link:loc xlink:type="locator" xlink:href="http://disclosure.edinet-fsa.go.jp/taxonomy/jppfs/2020-11-01/jppfs_cor_2020-11-01.xsd#jppfs_cor_LongTermLoansPayable" xlink:label="jppfs_cor_LongTermLoansPayable" />
    <link:loc xlink:type="locator" xlink:href="http://disclosure.edinet-fsa.go.jp/taxonomy/jppfs/2020-11-01/jppfs_cor_2020-11-01.xsd#jppfs_cor_LongTermLoansReceivable" xlink:label="jppfs_cor_LongTermLoansReceivable" />
    <link:loc xlink:type="locator" xlink:href="http://disclosure.edinet-fsa.go.jp/taxonomy/jppfs/2020-11-01/jppfs_cor_2020-11-01.xsd#jppfs_cor_LongTermPrepaidExpenses" xlink:label="jppfs_cor_LongTermPrepaidExpenses" />
    <link:loc xlink:type="locator" xlink:href="http://disclosure.edinet-fsa.go.jp/taxonomy/jppfs/2020-11-01/jppfs_cor_2020-11-01.xsd#jppfs_cor_Merchandise" xlink:label="jppfs_cor_Merchandise" />
    <link:loc xlink:type="locator" xlink:href="http://disclosure.edinet-fsa.go.jp/taxonomy/jppfs/2020-11-01/jppfs_cor_2020-11-01.xsd#jppfs_cor_NetAssets" xlink:label="jppfs_cor_NetAssets" />
    <link:loc xlink:type="locator" xlink:href="http://disclosure.edinet-fsa.go.jp/taxonomy/jppfs/2020-11-01/jppfs_cor_2020-11-01.xsd#jppfs_cor_NetAssetsAbstract" xlink:label="jppfs_cor_NetAssetsAbstract" />
    <link:loc xlink:type="locator" xlink:href="http://disclosure.edinet-fsa.go.jp/taxonomy/jppfs/2020-11-01/jppfs_cor_2020-11-01.xsd#jppfs_cor_NonControllingInterests" xlink:label="jppfs_cor_NonControllingInterests" />
    <link:loc xlink:type="locator" xlink:href="http://disclosure.edinet-fsa.go.jp/taxonomy/jppfs/2020-11-01/jppfs_cor_2020-11-01.xsd#jppfs_cor_NoncurrentAssets" xlink:label="jppfs_cor_NoncurrentAssets" />
    <link:loc xlink:type="locator" xlink:href="http://disclosure.edinet-fsa.go.jp/taxonomy/jppfs/2020-11-01/jppfs_cor_2020-11-01.xsd#jppfs_cor_NoncurrentAssetsAbstract" xlink:label="jppfs_cor_NoncurrentAssetsAbstract" />
    <link:loc xlink:type="locator" xlink:href="http://disclosure.edinet-fsa.go.jp/taxonomy/jppfs/2020-11-01/jppfs_cor_2020-11-01.xsd#jppfs_cor_NoncurrentLiabilities" xlink:label="jppfs_cor_NoncurrentLiabilities" />
    <link:loc xlink:type="locator" xlink:href="http://disclosure.edinet-fsa.go.jp/taxonomy/jppfs/2020-11-01/jppfs_cor_2020-11-01.xsd#jppfs_cor_NoncurrentLiabilitiesAbstract" xlink:label="jppfs_cor_NoncurrentLiabilitiesAbstract" />
    <link:loc xlink:type="locator" xlink:href="http://disclosure.edinet-fsa.go.jp/taxonomy/jppfs/2020-11-01/jppfs_cor_2020-11-01.xsd#jppfs_cor_OperationalInvestmentSecuritiesCA" xlink:label="jppfs_cor_OperationalInvestmentSecuritiesCA" />
    <link:loc xlink:type="locator" xlink:href="http://disclosure.edinet-fsa.go.jp/taxonomy/jppfs/2020-11-01/jppfs_cor_2020-11-01.xsd#jppfs_cor_OtherCA" xlink:label="jppfs_cor_OtherCA" />
    <link:loc xlink:type="locator" xlink:href="http://disclosure.edinet-fsa.go.jp/taxonomy/jppfs/2020-11-01/jppfs_cor_2020-11-01.xsd#jppfs_cor_OtherCL" xlink:label="jppfs_cor_OtherCL" />
    <link:loc xlink:type="locator" xlink:href="http://disclosure.edinet-fsa.go.jp/taxonomy/jppfs/2020-11-01/jppfs_cor_2020-11-01.xsd#jppfs_cor_OtherIOA" xlink:label="jppfs_cor_OtherIOA" />
    <link:loc xlink:type="locator" xlink:href="http://disclosure.edinet-fsa.go.jp/taxonomy/jppfs/2020-11-01/jppfs_cor_2020-11-01.xsd#jppfs_cor_OtherNCL" xlink:label="jppfs_cor_OtherNCL" />
    <link:loc xlink:type="locator" xlink:href="http://disclosure.edinet-fsa.go.jp/taxonomy/jppfs/2020-11-01/jppfs_cor_2020-11-01.xsd#jppfs_cor_PrepaidExpenses" xlink:label="jppfs_cor_PrepaidExpenses" />
    <link:loc xlink:type="locator" xlink:href="http://disclosure.edinet-fsa.go.jp/taxonomy/jppfs/2020-11-01/jppfs_cor_2020-11-01.xsd#jppfs_cor_PropertyPlantAndEquipment" xlink:label="jppfs_cor_PropertyPlantAndEquipment" />
    <link:loc xlink:type="locator" xlink:href="http://disclosure.edinet-fsa.go.jp/taxonomy/jppfs/2020-11-01/jppfs_cor_2020-11-01.xsd#jppfs_cor_PropertyPlantAndEquipmentAbstract" xlink:label="jppfs_cor_PropertyPlantAndEquipmentAbstract" />
    <link:loc xlink:type="locator" xlink:href="http://disclosure.edinet-fsa.go.jp/taxonomy/jppfs/2020-11-01/jppfs_cor_2020-11-01.xsd#jppfs_cor_ProvisionForBonuses" xlink:label="jppfs_cor_ProvisionForBonuses" />
    <link:loc xlink:type="locator" xlink:href="http://disclosure.edinet-fsa.go.jp/taxonomy/jppfs/2020-11-01/jppfs_cor_2020-11-01.xsd#jppfs_cor_ProvisionForPointCardCertificatesCL" xlink:label="jppfs_cor_ProvisionForPointCardCertificatesCL" />
    <link:loc xlink:type="locator" xlink:href="http://disclosure.edinet-fsa.go.jp/taxonomy/jppfs/2020-11-01/jppfs_cor_2020-11-01.xsd#jppfs_cor_QuarterlyConsolidatedBalanceSheetHeading" xlink:label="jppfs_cor_QuarterlyConsolidatedBalanceSheetHeading" />
    <link:loc xlink:type="locator" xlink:href="http://disclosure.edinet-fsa.go.jp/taxonomy/jppfs/2020-11-01/jppfs_cor_2020-11-01.xsd#jppfs_cor_RetainedEarnings" xlink:label="jppfs_cor_RetainedEarnings" />
    <link:loc xlink:type="locator" xlink:href="http://disclosure.edinet-fsa.go.jp/taxonomy/jppfs/2020-11-01/jppfs_cor_2020-11-01.xsd#jppfs_cor_ShareholdersEquity" xlink:label="jppfs_cor_ShareholdersEquity" />
    <link:loc xlink:type="locator" xlink:href="http://disclosure.edinet-fsa.go.jp/taxonomy/jppfs/2020-11-01/jppfs_cor_2020-11-01.xsd#jppfs_cor_ShareholdersEquityAbstract" xlink:label="jppfs_cor_ShareholdersEquityAbstract" />
    <link:loc xlink:type="locator" xlink:href="http://disclosure.edinet-fsa.go.jp/taxonomy/jppfs/2020-11-01/jppfs_cor_2020-11-01.xsd#jppfs_cor_ShortTermLoansPayable" xlink:label="jppfs_cor_ShortTermLoansPayable" />
    <link:loc xlink:type="locator" xlink:href="http://disclosure.edinet-fsa.go.jp/taxonomy/jppfs/2020-11-01/jppfs_cor_2020-11-01.xsd#jppfs_cor_Software" xlink:label="jppfs_cor_Software" />
    <link:loc xlink:type="locator" xlink:href="http://disclosure.edinet-fsa.go.jp/taxonomy/jppfs/2020-11-01/jppfs_cor_2020-11-01.xsd#jppfs_cor_SoftwareInProgress" xlink:label="jppfs_cor_SoftwareInProgress" />
    <link:loc xlink:type="locator" xlink:href="http://disclosure.edinet-fsa.go.jp/taxonomy/jppfs/2020-11-01/jppfs_cor_2020-11-01.xsd#jppfs_cor_StocksOfSubsidiariesAndAffiliates" xlink:label="jppfs_cor_StocksOfSubsidiariesAndAffiliates" />
    <link:loc xlink:type="locator" xlink:href="http://disclosure.edinet-fsa.go.jp/taxonomy/jppfs/2020-11-01/jppfs_cor_2020-11-01.xsd#jppfs_cor_SubscriptionRightsToShares" xlink:label="jppfs_cor_SubscriptionRightsToShares" />
    <link:loc xlink:type="locator" xlink:href="http://disclosure.edinet-fsa.go.jp/taxonomy/jppfs/2020-11-01/jppfs_cor_2020-11-01.xsd#jppfs_cor_Supplies" xlink:label="jppfs_cor_Supplies" />
    <link:loc xlink:type="locator" xlink:href="http://disclosure.edinet-fsa.go.jp/taxonomy/jppfs/2020-11-01/jppfs_cor_2020-11-01.xsd#jppfs_cor_ToolsFurnitureAndFixtures" xlink:label="jppfs_cor_ToolsFurnitureAndFixtures" />
    <link:loc xlink:type="locator" xlink:href="http://disclosure.edinet-fsa.go.jp/taxonomy/jppfs/2020-11-01/jppfs_cor_2020-11-01.xsd#jppfs_cor_ToolsFurnitureAndFixturesNet" xlink:label="jppfs_cor_ToolsFurnitureAndFixturesNet" />
    <link:loc xlink:type="locator" xlink:href="http://disclosure.edinet-fsa.go.jp/taxonomy/jppfs/2020-11-01/jppfs_cor_2020-11-01.xsd#jppfs_cor_TreasuryStock" xlink:label="jppfs_cor_TreasuryStock" />
    <link:loc xlink:type="locator" xlink:href="http://disclosure.edinet-fsa.go.jp/taxonomy/jppfs/2020-11-01/jppfs_cor_2020-11-01.xsd#jppfs_cor_ValuationAndTranslationAdjustments" xlink:label="jppfs_cor_ValuationAndTranslationAdjustments" />
    <link:loc xlink:type="locator" xlink:href="http://disclosure.edinet-fsa.go.jp/taxonomy/jppfs/2020-11-01/jppfs_cor_2020-11-01.xsd#jppfs_cor_ValuationAndTranslationAdjustmentsAbstract" xlink:label="jppfs_cor_ValuationAndTranslationAdjustmentsAbstract" />
    <link:loc xlink:type="locator" xlink:href="http://disclosure.edinet-fsa.go.jp/taxonomy/jppfs/2020-11-01/jppfs_cor_2020-11-01.xsd#jppfs_cor_ValuationDifferenceOnAvailableForSaleSecurities" xlink:label="jppfs_cor_ValuationDifferenceOnAvailableForSaleSecurities" />
    <link:loc xlink:type="locator" xlink:href="http://disclosure.edinet-fsa.go.jp/taxonomy/jppfs/2020-11-01/jppfs_cor_2020-11-01.xsd#jppfs_cor_Vehicles" xlink:label="jppfs_cor_Vehicles" />
    <link:loc xlink:type="locator" xlink:href="http://disclosure.edinet-fsa.go.jp/taxonomy/jppfs/2020-11-01/jppfs_cor_2020-11-01.xsd#jppfs_cor_VehiclesNet" xlink:label="jppfs_cor_VehiclesNet" />
    <link:definitionArc xlink:type="arc" xlink:from="jppfs_cor_BalanceSheetLineItems" xlink:to="jppfs_cor_AssetsAbstract" xlink:arcrole="http://xbrl.org/int/dim/arcrole/domain-member" order="1" />
    <link:definitionArc xlink:type="arc" xlink:from="jppfs_cor_AssetsAbstract" xlink:to="jppfs_cor_CurrentAssetsAbstract" xlink:arcrole="http://xbrl.org/int/dim/arcrole/domain-member" order="1" />
    <link:definitionArc xlink:type="arc" xlink:from="jppfs_cor_AssetsAbstract" xlink:to="jppfs_cor_NoncurrentAssetsAbstract" xlink:arcrole="http://xbrl.org/int/dim/arcrole/domain-member" order="2" />
    <link:definitionArc xlink:type="arc" xlink:from="jppfs_cor_AssetsAbstract" xlink:to="jppfs_cor_Assets" xlink:arcrole="http://xbrl.org/int/dim/arcrole/domain-member" order="3" />
    <link:definitionArc xlink:type="arc" xlink:from="jppfs_cor_BalanceSheetLineItems" xlink:to="jppfs_cor_LiabilitiesAbstract" xlink:arcrole="http://xbrl.org/int/dim/arcrole/domain-member" order="2" />
    <link:definitionArc xlink:type="arc" xlink:from="jppfs_cor_BalanceSheetLineItems" xlink:to="jppfs_cor_NetAssetsAbstract" xlink:arcrole="http://xbrl.org/int/dim/arcrole/domain-member" order="3" />
    <link:definitionArc xlink:type="arc" xlink:from="jppfs_cor_BalanceSheetLineItems" xlink:to="jppfs_cor_LiabilitiesAndNetAssets" xlink:arcrole="http://xbrl.org/int/dim/arcrole/domain-member" order="4" />
    <link:definitionArc xlink:type="arc" xlink:from="jppfs_cor_BalanceSheetTable" xlink:to="jppfs_cor_ConsolidatedOrNonConsolidatedAxis" xlink:arcrole="http://xbrl.org/int/dim/arcrole/hypercube-dimension" order="1" />
    <link:definitionArc xlink:type="arc" xlink:from="jppfs_cor_Buildings" xlink:to="jppfs_cor_AccumulatedDepreciationBuildings" xlink:arcrole="http://xbrl.org/int/dim/arcrole/domain-member" order="1" />
    <link:definitionArc xlink:type="arc" xlink:from="jppfs_cor_Buildings" xlink:to="jppfs_cor_BuildingsNet" xlink:arcrole="http://xbrl.org/int/dim/arcrole/domain-member" order="2" />
    <link:definitionArc xlink:type="arc" xlink:from="jppfs_cor_ConsolidatedOrNonConsolidatedAxis" xlink:to="jppfs_cor_ConsolidatedMember" xlink:arcrole="http://xbrl.org/int/dim/arcrole/dimension-domain" order="1" />
    <link:definitionArc xlink:type="arc" xlink:from="jppfs_cor_ConsolidatedOrNonConsolidatedAxis" xlink:to="jppfs_cor_ConsolidatedMember_2" xlink:arcrole="http://xbrl.org/int/dim/arcrole/dimension-default" order="1" />
    <link:definitionArc xlink:type="arc" xlink:from="jppfs_cor_CurrentAssetsAbstract" xlink:to="jppfs_cor_CashAndDeposits" xlink:arcrole="http://xbrl.org/int/dim/arcrole/domain-member" order="1" />
    <link:definitionArc xlink:type="arc" xlink:from="jppfs_cor_CurrentAssetsAbstract" xlink:to="jppfs_cor_AccountsReceivableTrade" xlink:arcrole="http://xbrl.org/int/dim/arcrole/domain-member" order="2" />
    <link:definitionArc xlink:type="arc" xlink:from="jppfs_cor_CurrentAssetsAbstract" xlink:to="jppfs_cor_OperationalInvestmentSecuritiesCA" xlink:arcrole="http://xbrl.org/int/dim/arcrole/domain-member" order="3" />
    <link:definitionArc xlink:type="arc" xlink:from="jppfs_cor_CurrentAssetsAbstract" xlink:to="jppfs_cor_Merchandise" xlink:arcrole="http://xbrl.org/int/dim/arcrole/domain-member" order="4" />
    <link:definitionArc xlink:type="arc" xlink:from="jppfs_cor_CurrentAssetsAbstract" xlink:to="jppfs_cor_Supplies" xlink:arcrole="http://xbrl.org/int/dim/arcrole/domain-member" order="5" />
    <link:definitionArc xlink:type="arc" xlink:from="jppfs_cor_CurrentAssetsAbstract" xlink:to="jppfs_cor_AdvancePaymentsTrade" xlink:arcrole="http://xbrl.org/int/dim/arcrole/domain-member" order="6" />
    <link:definitionArc xlink:type="arc" xlink:from="jppfs_cor_CurrentAssetsAbstract" xlink:to="jppfs_cor_PrepaidExpenses" xlink:arcrole="http://xbrl.org/int/dim/arcrole/domain-member" order="7" />
    <link:definitionArc xlink:type="arc" xlink:from="jppfs_cor_CurrentAssetsAbstract" xlink:to="jppfs_cor_IncomeTaxesReceivable" xlink:arcrole="http://xbrl.org/int/dim/arcrole/domain-member" order="8" />
    <link:definitionArc xlink:type="arc" xlink:from="jppfs_cor_CurrentAssetsAbstract" xlink:to="jppfs_cor_CurrentPortionOfLongTermLoansReceivable" xlink:arcrole="http://xbrl.org/int/dim/arcrole/domain-member" order="9" />
    <link:definitionArc xlink:type="arc" xlink:from="jppfs_cor_CurrentAssetsAbstract" xlink:to="jppfs_cor_DepositsPaid" xlink:arcrole="http://xbrl.org/int/dim/arcrole/domain-member" order="10" />
    <link:definitionArc xlink:type="arc" xlink:from="jppfs_cor_CurrentAssetsAbstract" xlink:to="jppfs_cor_OtherCA" xlink:arcrole="http://xbrl.org/int/dim/arcrole/domain-member" order="11" />
    <link:definitionArc xlink:type="arc" xlink:from="jppfs_cor_CurrentAssetsAbstract" xlink:to="jppfs_cor_AllowanceForDoubtfulAccountsCA" xlink:arcrole="http://xbrl.org/int/dim/arcrole/domain-member" order="12" />
    <link:definitionArc xlink:type="arc" xlink:from="jppfs_cor_CurrentAssetsAbstract" xlink:to="jppfs_cor_CurrentAssets" xlink:arcrole="http://xbrl.org/int/dim/arcrole/domain-member" order="13" />
    <link:definitionArc xlink:type="arc" xlink:from="jppfs_cor_CurrentLiabilitiesAbstract" xlink:to="jppfs_cor_AccountsPayableTrade" xlink:arcrole="http://xbrl.org/int/dim/arcrole/domain-member" order="1" />
    <link:definitionArc xlink:type="arc" xlink:from="jppfs_cor_CurrentLiabilitiesAbstract" xlink:to="jppfs_cor_ShortTermLoansPayable" xlink:arcrole="http://xbrl.org/int/dim/arcrole/domain-member" order="2" />
    <link:definitionArc xlink:type="arc" xlink:from="jppfs_cor_CurrentLiabilitiesAbstract" xlink:to="jppfs_cor_CurrentPortionOfLongTermLoansPayable" xlink:arcrole="http://xbrl.org/int/dim/arcrole/domain-member" order="3" />
    <link:definitionArc xlink:type="arc" xlink:from="jppfs_cor_CurrentLiabilitiesAbstract" xlink:to="jppfs_cor_LeaseObligationsCL" xlink:arcrole="http://xbrl.org/int/dim/arcrole/domain-member" order="4" />
    <link:definitionArc xlink:type="arc" xlink:from="jppfs_cor_CurrentLiabilitiesAbstract" xlink:to="jppfs_cor_AccountsPayableOther" xlink:arcrole="http://xbrl.org/int/dim/arcrole/domain-member" order="5" />
    <link:definitionArc xlink:type="arc" xlink:from="jppfs_cor_CurrentLiabilitiesAbstract" xlink:to="jppfs_cor_AccruedExpenses" xlink:arcrole="http://xbrl.org/int/dim/arcrole/domain-member" order="6" />
    <link:definitionArc xlink:type="arc" xlink:from="jppfs_cor_CurrentLiabilitiesAbstract" xlink:to="jppfs_cor_IncomeTaxesPayable" xlink:arcrole="http://xbrl.org/int/dim/arcrole/domain-member" order="7" />
    <link:definitionArc xlink:type="arc" xlink:from="jppfs_cor_CurrentLiabilitiesAbstract" xlink:to="jppfs_cor_AccruedConsumptionTaxes" xlink:arcrole="http://xbrl.org/int/dim/arcrole/domain-member" order="8" />
    <link:definitionArc xlink:type="arc" xlink:from="jppfs_cor_CurrentLiabilitiesAbstract" xlink:to="jppfs_cor_AdvancesReceived" xlink:arcrole="http://xbrl.org/int/dim/arcrole/domain-member" order="9" />
    <link:definitionArc xlink:type="arc" xlink:from="jppfs_cor_CurrentLiabilitiesAbstract" xlink:to="jppfs_cor_DepositsReceived" xlink:arcrole="http://xbrl.org/int/dim/arcrole/domain-member" order="10" />
    <link:definitionArc xlink:type="arc" xlink:from="jppfs_cor_CurrentLiabilitiesAbstract" xlink:to="jppfs_cor_ProvisionForBonuses" xlink:arcrole="http://xbrl.org/int/dim/arcrole/domain-member" order="11" />
    <link:definitionArc xlink:type="arc" xlink:from="jppfs_cor_CurrentLiabilitiesAbstract" xlink:to="jppfs_cor_ProvisionForPointCardCertificatesCL" xlink:arcrole="http://xbrl.org/int/dim/arcrole/domain-member" order="12" />
    <link:definitionArc xlink:type="arc" xlink:from="jppfs_cor_CurrentLiabilitiesAbstract" xlink:to="jppfs_cor_OtherCL" xlink:arcrole="http://xbrl.org/int/dim/arcrole/domain-member" order="13" />
    <link:definitionArc xlink:type="arc" xlink:from="jppfs_cor_CurrentLiabilitiesAbstract" xlink:to="jppfs_cor_CurrentLiabilities" xlink:arcrole="http://xbrl.org/int/dim/arcrole/domain-member" order="14" />
    <link:definitionArc xlink:type="arc" xlink:from="jppfs_cor_IntangibleAssetsAbstract" xlink:to="jppfs_cor_Goodwill" xlink:arcrole="http://xbrl.org/int/dim/arcrole/domain-member" order="1" />
    <link:definitionArc xlink:type="arc" xlink:from="jppfs_cor_IntangibleAssetsAbstract" xlink:to="jppfs_cor_Software" xlink:arcrole="http://xbrl.org/int/dim/arcrole/domain-member" order="2" />
    <link:definitionArc xlink:type="arc" xlink:from="jppfs_cor_IntangibleAssetsAbstract" xlink:to="jppfs_cor_SoftwareInProgress" xlink:arcrole="http://xbrl.org/int/dim/arcrole/domain-member" order="3" />
    <link:definitionArc xlink:type="arc" xlink:from="jppfs_cor_IntangibleAssetsAbstract" xlink:to="jppfs_cor_IntangibleAssets" xlink:arcrole="http://xbrl.org/int/dim/arcrole/domain-member" order="4" />
    <link:definitionArc xlink:type="arc" xlink:from="jppfs_cor_NoncurrentAssetsAbstract" xlink:to="jppfs_cor_InvestmentsAndOtherAssetsAbstract" xlink:arcrole="http://xbrl.org/int/dim/arcrole/domain-member" order="3" />
    <link:definitionArc xlink:type="arc" xlink:from="jppfs_cor_InvestmentsAndOtherAssetsAbstract" xlink:to="jppfs_cor_InvestmentSecurities" xlink:arcrole="http://xbrl.org/int/dim/arcrole/domain-member" order="1" />
    <link:definitionArc xlink:type="arc" xlink:from="jppfs_cor_InvestmentsAndOtherAssetsAbstract" xlink:to="jppfs_cor_StocksOfSubsidiariesAndAffiliates" xlink:arcrole="http://xbrl.org/int/dim/arcrole/domain-member" order="2" />
    <link:definitionArc xlink:type="arc" xlink:from="jppfs_cor_InvestmentsAndOtherAssetsAbstract" xlink:to="jppfs_cor_LongTermLoansReceivable" xlink:arcrole="http://xbrl.org/int/dim/arcrole/domain-member" order="3" />
    <link:definitionArc xlink:type="arc" xlink:from="jppfs_cor_InvestmentsAndOtherAssetsAbstract" xlink:to="jppfs_cor_DeferredTaxAssets" xlink:arcrole="http://xbrl.org/int/dim/arcrole/domain-member" order="4" />
    <link:definitionArc xlink:type="arc" xlink:from="jppfs_cor_InvestmentsAndOtherAssetsAbstract" xlink:to="jppfs_cor_LongTermPrepaidExpenses" xlink:arcrole="http://xbrl.org/int/dim/arcrole/domain-member" order="5" />
    <link:definitionArc xlink:type="arc" xlink:from="jppfs_cor_InvestmentsAndOtherAssetsAbstract" xlink:to="jppfs_cor_InsuranceFunds" xlink:arcrole="http://xbrl.org/int/dim/arcrole/domain-member" order="6" />
    <link:definitionArc xlink:type="arc" xlink:from="jppfs_cor_InvestmentsAndOtherAssetsAbstract" xlink:to="jppfs_cor_GuaranteeDepositsIOA" xlink:arcrole="http://xbrl.org/int/dim/arcrole/domain-member" order="7" />
    <link:definitionArc xlink:type="arc" xlink:from="jppfs_cor_InvestmentsAndOtherAssetsAbstract" xlink:to="jppfs_cor_OtherIOA" xlink:arcrole="http://xbrl.org/int/dim/arcrole/domain-member" order="8" />
    <link:definitionArc xlink:type="arc" xlink:from="jppfs_cor_InvestmentsAndOtherAssetsAbstract" xlink:to="jppfs_cor_InvestmentsAndOtherAssets" xlink:arcrole="http://xbrl.org/int/dim/arcrole/domain-member" order="9" />
    <link:definitionArc xlink:type="arc" xlink:from="jppfs_cor_LeaseAssetsPPE" xlink:to="jppfs_cor_AccumulatedDepreciationLeaseAssetsPPE" xlink:arcrole="http://xbrl.org/int/dim/arcrole/domain-member" order="1" />
    <link:definitionArc xlink:type="arc" xlink:from="jppfs_cor_LeaseAssetsPPE" xlink:to="jppfs_cor_LeaseAssetsNetPPE" xlink:arcrole="http://xbrl.org/int/dim/arcrole/domain-member" order="2" />
    <link:definitionArc xlink:type="arc" xlink:from="jppfs_cor_LiabilitiesAbstract" xlink:to="jppfs_cor_CurrentLiabilitiesAbstract" xlink:arcrole="http://xbrl.org/int/dim/arcrole/domain-member" order="1" />
    <link:definitionArc xlink:type="arc" xlink:from="jppfs_cor_LiabilitiesAbstract" xlink:to="jppfs_cor_NoncurrentLiabilitiesAbstract" xlink:arcrole="http://xbrl.org/int/dim/arcrole/domain-member" order="2" />
    <link:definitionArc xlink:type="arc" xlink:from="jppfs_cor_LiabilitiesAbstract" xlink:to="jppfs_cor_Liabilities" xlink:arcrole="http://xbrl.org/int/dim/arcrole/domain-member" order="3" />
    <link:definitionArc xlink:type="arc" xlink:from="jppfs_cor_NetAssetsAbstract" xlink:to="jppfs_cor_ShareholdersEquityAbstract" xlink:arcrole="http://xbrl.org/int/dim/arcrole/domain-member" order="1" />
    <link:definitionArc xlink:type="arc" xlink:from="jppfs_cor_NetAssetsAbstract" xlink:to="jppfs_cor_ValuationAndTranslationAdjustmentsAbstract" xlink:arcrole="http://xbrl.org/int/dim/arcrole/domain-member" order="2" />
    <link:definitionArc xlink:type="arc" xlink:from="jppfs_cor_NetAssetsAbstract" xlink:to="jppfs_cor_SubscriptionRightsToShares" xlink:arcrole="http://xbrl.org/int/dim/arcrole/domain-member" order="3" />
    <link:definitionArc xlink:type="arc" xlink:from="jppfs_cor_NetAssetsAbstract" xlink:to="jppfs_cor_NonControllingInterests" xlink:arcrole="http://xbrl.org/int/dim/arcrole/domain-member" order="4" />
    <link:definitionArc xlink:type="arc" xlink:from="jppfs_cor_NetAssetsAbstract" xlink:to="jppfs_cor_NetAssets" xlink:arcrole="http://xbrl.org/int/dim/arcrole/domain-member" order="5" />
    <link:definitionArc xlink:type="arc" xlink:from="jppfs_cor_NoncurrentAssetsAbstract" xlink:to="jppfs_cor_PropertyPlantAndEquipmentAbstract" xlink:arcrole="http://xbrl.org/int/dim/arcrole/domain-member" order="1" />
    <link:definitionArc xlink:type="arc" xlink:from="jppfs_cor_NoncurrentAssetsAbstract" xlink:to="jppfs_cor_IntangibleAssetsAbstract" xlink:arcrole="http://xbrl.org/int/dim/arcrole/domain-member" order="2" />
    <link:definitionArc xlink:type="arc" xlink:from="jppfs_cor_NoncurrentAssetsAbstract" xlink:to="jppfs_cor_NoncurrentAssets" xlink:arcrole="http://xbrl.org/int/dim/arcrole/domain-member" order="4" />
    <link:definitionArc xlink:type="arc" xlink:from="jppfs_cor_NoncurrentLiabilitiesAbstract" xlink:to="jppfs_cor_LongTermLoansPayable" xlink:arcrole="http://xbrl.org/int/dim/arcrole/domain-member" order="1" />
    <link:definitionArc xlink:type="arc" xlink:from="jppfs_cor_NoncurrentLiabilitiesAbstract" xlink:to="jppfs_cor_LeaseObligationsNCL" xlink:arcrole="http://xbrl.org/int/dim/arcrole/domain-member" order="2" />
    <link:definitionArc xlink:type="arc" xlink:from="jppfs_cor_NoncurrentLiabilitiesAbstract" xlink:to="jppfs_cor_DeferredTaxLiabilities" xlink:arcrole="http://xbrl.org/int/dim/arcrole/domain-member" order="3" />
    <link:definitionArc xlink:type="arc" xlink:from="jppfs_cor_NoncurrentLiabilitiesAbstract" xlink:to="jppfs_cor_AssetRetirementObligationsNCL" xlink:arcrole="http://xbrl.org/int/dim/arcrole/domain-member" order="4" />
    <link:definitionArc xlink:type="arc" xlink:from="jppfs_cor_NoncurrentLiabilitiesAbstract" xlink:to="jppfs_cor_OtherNCL" xlink:arcrole="http://xbrl.org/int/dim/arcrole/domain-member" order="5" />
    <link:definitionArc xlink:type="arc" xlink:from="jppfs_cor_NoncurrentLiabilitiesAbstract" xlink:to="jppfs_cor_NoncurrentLiabilities" xlink:arcrole="http://xbrl.org/int/dim/arcrole/domain-member" order="6" />
    <link:definitionArc xlink:type="arc" xlink:from="jppfs_cor_PropertyPlantAndEquipmentAbstract" xlink:to="jppfs_cor_Buildings" xlink:arcrole="http://xbrl.org/int/dim/arcrole/domain-member" order="1" />
    <link:definitionArc xlink:type="arc" xlink:from="jppfs_cor_PropertyPlantAndEquipmentAbstract" xlink:to="jppfs_cor_Vehicles" xlink:arcrole="http://xbrl.org/int/dim/arcrole/domain-member" order="2" />
    <link:definitionArc xlink:type="arc" xlink:from="jppfs_cor_PropertyPlantAndEquipmentAbstract" xlink:to="jppfs_cor_ToolsFurnitureAndFixtures" xlink:arcrole="http://xbrl.org/int/dim/arcrole/domain-member" order="3" />
    <link:definitionArc xlink:type="arc" xlink:from="jppfs_cor_PropertyPlantAndEquipmentAbstract" xlink:to="jppfs_cor_Land" xlink:arcrole="http://xbrl.org/int/dim/arcrole/domain-member" order="4" />
    <link:definitionArc xlink:type="arc" xlink:from="jppfs_cor_PropertyPlantAndEquipmentAbstract" xlink:to="jppfs_cor_LeaseAssetsPPE" xlink:arcrole="http://xbrl.org/int/dim/arcrole/domain-member" order="5" />
    <link:definitionArc xlink:type="arc" xlink:from="jppfs_cor_PropertyPlantAndEquipmentAbstract" xlink:to="jppfs_cor_PropertyPlantAndEquipment" xlink:arcrole="http://xbrl.org/int/dim/arcrole/domain-member" order="6" />
    <link:definitionArc xlink:type="arc" xlink:from="jppfs_cor_QuarterlyConsolidatedBalanceSheetHeading" xlink:to="jppfs_cor_BalanceSheetTable" xlink:arcrole="http://xbrl.org/int/dim/arcrole/all" xbrldt:contextElement="scenario" xbrldt:closed="true" order="1" />
    <link:definitionArc xlink:type="arc" xlink:from="jppfs_cor_QuarterlyConsolidatedBalanceSheetHeading" xlink:to="jppfs_cor_BalanceSheetLineItems" xlink:arcrole="http://xbrl.org/int/dim/arcrole/domain-member" order="2" />
    <link:definitionArc xlink:type="arc" xlink:from="jppfs_cor_ShareholdersEquityAbstract" xlink:to="jppfs_cor_CapitalStock" xlink:arcrole="http://xbrl.org/int/dim/arcrole/domain-member" order="1" />
    <link:definitionArc xlink:type="arc" xlink:from="jppfs_cor_ShareholdersEquityAbstract" xlink:to="jppfs_cor_CapitalSurplus" xlink:arcrole="http://xbrl.org/int/dim/arcrole/domain-member" order="2" />
    <link:definitionArc xlink:type="arc" xlink:from="jppfs_cor_ShareholdersEquityAbstract" xlink:to="jppfs_cor_RetainedEarnings" xlink:arcrole="http://xbrl.org/int/dim/arcrole/domain-member" order="3" />
    <link:definitionArc xlink:type="arc" xlink:from="jppfs_cor_ShareholdersEquityAbstract" xlink:to="jppfs_cor_TreasuryStock" xlink:arcrole="http://xbrl.org/int/dim/arcrole/domain-member" order="4" />
    <link:definitionArc xlink:type="arc" xlink:from="jppfs_cor_ShareholdersEquityAbstract" xlink:to="jppfs_cor_ShareholdersEquity" xlink:arcrole="http://xbrl.org/int/dim/arcrole/domain-member" order="5" />
    <link:definitionArc xlink:type="arc" xlink:from="jppfs_cor_ToolsFurnitureAndFixtures" xlink:to="jppfs_cor_AccumulatedDepreciationToolsFurnitureAndFixtures" xlink:arcrole="http://xbrl.org/int/dim/arcrole/domain-member" order="1" />
    <link:definitionArc xlink:type="arc" xlink:from="jppfs_cor_ToolsFurnitureAndFixtures" xlink:to="jppfs_cor_ToolsFurnitureAndFixturesNet" xlink:arcrole="http://xbrl.org/int/dim/arcrole/domain-member" order="2" />
    <link:definitionArc xlink:type="arc" xlink:from="jppfs_cor_ValuationAndTranslationAdjustmentsAbstract" xlink:to="jppfs_cor_ValuationDifferenceOnAvailableForSaleSecurities" xlink:arcrole="http://xbrl.org/int/dim/arcrole/domain-member" order="1" />
    <link:definitionArc xlink:type="arc" xlink:from="jppfs_cor_ValuationAndTranslationAdjustmentsAbstract" xlink:to="jppfs_cor_ValuationAndTranslationAdjustments" xlink:arcrole="http://xbrl.org/int/dim/arcrole/domain-member" order="2" />
    <link:definitionArc xlink:type="arc" xlink:from="jppfs_cor_Vehicles" xlink:to="jppfs_cor_AccumulatedDepreciationVehicles" xlink:arcrole="http://xbrl.org/int/dim/arcrole/domain-member" order="1" />
    <link:definitionArc xlink:type="arc" xlink:from="jppfs_cor_Vehicles" xlink:to="jppfs_cor_VehiclesNet" xlink:arcrole="http://xbrl.org/int/dim/arcrole/domain-member" order="2" />
  </link:definitionLink>
  <link:definitionLink xlink:type="extended" xlink:role="http://disclosure.edinet-fsa.go.jp/role/jppfs/rol_YearToQuarterEndConsolidatedStatementOfIncome">
    <link:loc xlink:type="locator" xlink:href="http://disclosure.edinet-fsa.go.jp/taxonomy/jppfs/2020-11-01/jppfs_cor_2020-11-01.xsd#jppfs_cor_CompensationIncomeEI" xlink:label="jppfs_cor_CompensationIncomeEI" />
    <link:loc xlink:type="locator" xlink:href="http://disclosure.edinet-fsa.go.jp/taxonomy/jppfs/2020-11-01/jppfs_cor_2020-11-01.xsd#jppfs_cor_ConsolidatedMember" xlink:label="jppfs_cor_ConsolidatedMember" />
    <link:loc xlink:type="locator" xlink:href="http://disclosure.edinet-fsa.go.jp/taxonomy/jppfs/2020-11-01/jppfs_cor_2020-11-01.xsd#jppfs_cor_ConsolidatedMember" xlink:label="jppfs_cor_ConsolidatedMember_2" />
    <link:loc xlink:type="locator" xlink:href="http://disclosure.edinet-fsa.go.jp/taxonomy/jppfs/2020-11-01/jppfs_cor_2020-11-01.xsd#jppfs_cor_ConsolidatedOrNonConsolidatedAxis" xlink:label="jppfs_cor_ConsolidatedOrNonConsolidatedAxis" />
    <link:loc xlink:type="locator" xlink:href="http://disclosure.edinet-fsa.go.jp/taxonomy/jppfs/2020-11-01/jppfs_cor_2020-11-01.xsd#jppfs_cor_CostOfSales" xlink:label="jppfs_cor_CostOfSales" />
    <link:loc xlink:type="locator" xlink:href="http://disclosure.edinet-fsa.go.jp/taxonomy/jppfs/2020-11-01/jppfs_cor_2020-11-01.xsd#jppfs_cor_DividendsIncomeNOI" xlink:label="jppfs_cor_DividendsIncomeNOI" />
    <link:loc xlink:type="locator" xlink:href="http://disclosure.edinet-fsa.go.jp/taxonomy/jppfs/2020-11-01/jppfs_cor_2020-11-01.xsd#jppfs_cor_EquityInLossesOfAffiliatesNOE" xlink:label="jppfs_cor_EquityInLossesOfAffiliatesNOE" />
    <link:loc xlink:type="locator" xlink:href="http://disclosure.edinet-fsa.go.jp/taxonomy/jppfs/2020-11-01/jppfs_cor_2020-11-01.xsd#jppfs_cor_ExtraordinaryIncome" xlink:label="jppfs_cor_ExtraordinaryIncome" />
    <link:loc xlink:type="locator" xlink:href="http://disclosure.edinet-fsa.go.jp/taxonomy/jppfs/2020-11-01/jppfs_cor_2020-11-01.xsd#jppfs_cor_ExtraordinaryIncomeAbstract" xlink:label="jppfs_cor_ExtraordinaryIncomeAbstract" />
    <link:loc xlink:type="locator" xlink:href="http://disclosure.edinet-fsa.go.jp/taxonomy/jppfs/2020-11-01/jppfs_cor_2020-11-01.xsd#jppfs_cor_ExtraordinaryLoss" xlink:label="jppfs_cor_ExtraordinaryLoss" />
    <link:loc xlink:type="locator" xlink:href="http://disclosure.edinet-fsa.go.jp/taxonomy/jppfs/2020-11-01/jppfs_cor_2020-11-01.xsd#jppfs_cor_ExtraordinaryLossAbstract" xlink:label="jppfs_cor_ExtraordinaryLossAbstract" />
    <link:loc xlink:type="locator" xlink:href="http://disclosure.edinet-fsa.go.jp/taxonomy/jppfs/2020-11-01/jppfs_cor_2020-11-01.xsd#jppfs_cor_ForeignExchangeGainsNOI" xlink:label="jppfs_cor_ForeignExchangeGainsNOI" />
    <link:loc xlink:type="locator" xlink:href="http://disclosure.edinet-fsa.go.jp/taxonomy/jppfs/2020-11-01/jppfs_cor_2020-11-01.xsd#jppfs_cor_GainOnAbolishmentOfRetirementBenefitPlanEI" xlink:label="jppfs_cor_GainOnAbolishmentOfRetirementBenefitPlanEI" />
    <link:loc xlink:type="locator" xlink:href="http://disclosure.edinet-fsa.go.jp/taxonomy/jppfs/2020-11-01/jppfs_cor_2020-11-01.xsd#jppfs_cor_GainOnInvestmentsInPartnershipNOI" xlink:label="jppfs_cor_GainOnInvestmentsInPartnershipNOI" />
    <link:loc xlink:type="locator" xlink:href="http://disclosure.edinet-fsa.go.jp/taxonomy/jppfs/2020-11-01/jppfs_cor_2020-11-01.xsd#jppfs_cor_GainOnSalesOfInvestmentSecuritiesEI" xlink:label="jppfs_cor_GainOnSalesOfInvestmentSecuritiesEI" />
    <link:loc xlink:type="locator" xlink:href="http://disclosure.edinet-fsa.go.jp/taxonomy/jppfs/2020-11-01/jppfs_cor_2020-11-01.xsd#jppfs_cor_GainOnSalesOfNoncurrentAssetsEI" xlink:label="jppfs_cor_GainOnSalesOfNoncurrentAssetsEI" />
    <link:loc xlink:type="locator" xlink:href="http://disclosure.edinet-fsa.go.jp/taxonomy/jppfs/2020-11-01/jppfs_cor_2020-11-01.xsd#jppfs_cor_GainOnSalesOfSubsidiariesAndAffiliatesStocksEI" xlink:label="jppfs_cor_GainOnSalesOfSubsidiariesAndAffiliatesStocksEI" />
    <link:loc xlink:type="locator" xlink:href="http://disclosure.edinet-fsa.go.jp/taxonomy/jppfs/2020-11-01/jppfs_cor_2020-11-01.xsd#jppfs_cor_GainOnValuationOfSecuritiesNOI" xlink:label="jppfs_cor_GainOnValuationOfSecuritiesNOI" />
    <link:loc xlink:type="locator" xlink:href="http://disclosure.edinet-fsa.go.jp/taxonomy/jppfs/2020-11-01/jppfs_cor_2020-11-01.xsd#jppfs_cor_GrossProfit" xlink:label="jppfs_cor_GrossProfit" />
    <link:loc xlink:type="locator" xlink:href="http://disclosure.edinet-fsa.go.jp/taxonomy/jppfs/2020-11-01/jppfs_cor_2020-11-01.xsd#jppfs_cor_GrossProfitNetGP" xlink:label="jppfs_cor_GrossProfitNetGP" />
    <link:loc xlink:type="locator" xlink:href="http://disclosure.edinet-fsa.go.jp/taxonomy/jppfs/2020-11-01/jppfs_cor_2020-11-01.xsd#jppfs_cor_ImpairmentLossEL" xlink:label="jppfs_cor_ImpairmentLossEL" />
    <link:loc xlink:type="locator" xlink:href="http://disclosure.edinet-fsa.go.jp/taxonomy/jppfs/2020-11-01/jppfs_cor_2020-11-01.xsd#jppfs_cor_IncomeBeforeIncomeTaxes" xlink:label="jppfs_cor_IncomeBeforeIncomeTaxes" />
    <link:loc xlink:type="locator" xlink:href="http://disclosure.edinet-fsa.go.jp/taxonomy/jppfs/2020-11-01/jppfs_cor_2020-11-01.xsd#jppfs_cor_IncomeTaxes" xlink:label="jppfs_cor_IncomeTaxes" />
    <link:loc xlink:type="locator" xlink:href="http://disclosure.edinet-fsa.go.jp/taxonomy/jppfs/2020-11-01/jppfs_cor_2020-11-01.xsd#jppfs_cor_IncomeTaxesCurrent" xlink:label="jppfs_cor_IncomeTaxesCurrent" />
    <link:loc xlink:type="locator" xlink:href="http://disclosure.edinet-fsa.go.jp/taxonomy/jppfs/2020-11-01/jppfs_cor_2020-11-01.xsd#jppfs_cor_IncomeTaxesDeferred" xlink:label="jppfs_cor_IncomeTaxesDeferred" />
    <link:loc xlink:type="locator" xlink:href="http://disclosure.edinet-fsa.go.jp/taxonomy/jppfs/2020-11-01/jppfs_cor_2020-11-01.xsd#jppfs_cor_InterestExpensesNOE" xlink:label="jppfs_cor_InterestExpensesNOE" />
    <link:loc xlink:type="locator" xlink:href="http://disclosure.edinet-fsa.go.jp/taxonomy/jppfs/2020-11-01/jppfs_cor_2020-11-01.xsd#jppfs_cor_InterestIncomeNOI" xlink:label="jppfs_cor_InterestIncomeNOI" />
    <link:loc xlink:type="locator" xlink:href="http://disclosure.edinet-fsa.go.jp/taxonomy/jppfs/2020-11-01/jppfs_cor_2020-11-01.xsd#jppfs_cor_LossOnClosingOfStoresEL" xlink:label="jppfs_cor_LossOnClosingOfStoresEL" />
    <link:loc xlink:type="locator" xlink:href="http://disclosure.edinet-fsa.go.jp/taxonomy/jppfs/2020-11-01/jppfs_cor_2020-11-01.xsd#jppfs_cor_LossOnRetirementOfNoncurrentAssetsEL" xlink:label="jppfs_cor_LossOnRetirementOfNoncurrentAssetsEL" />
    <link:loc xlink:type="locator" xlink:href="http://disclosure.edinet-fsa.go.jp/taxonomy/jppfs/2020-11-01/jppfs_cor_2020-11-01.xsd#jppfs_cor_NetSales" xlink:label="jppfs_cor_NetSales" />
    <link:loc xlink:type="locator" xlink:href="http://disclosure.edinet-fsa.go.jp/taxonomy/jppfs/2020-11-01/jppfs_cor_2020-11-01.xsd#jppfs_cor_NonOperatingExpenses" xlink:label="jppfs_cor_NonOperatingExpenses" />
    <link:loc xlink:type="locator" xlink:href="http://disclosure.edinet-fsa.go.jp/taxonomy/jppfs/2020-11-01/jppfs_cor_2020-11-01.xsd#jppfs_cor_NonOperatingExpensesAbstract" xlink:label="jppfs_cor_NonOperatingExpensesAbstract" />
    <link:loc xlink:type="locator" xlink:href="http://disclosure.edinet-fsa.go.jp/taxonomy/jppfs/2020-11-01/jppfs_cor_2020-11-01.xsd#jppfs_cor_NonOperatingIncome" xlink:label="jppfs_cor_NonOperatingIncome" />
    <link:loc xlink:type="locator" xlink:href="http://disclosure.edinet-fsa.go.jp/taxonomy/jppfs/2020-11-01/jppfs_cor_2020-11-01.xsd#jppfs_cor_NonOperatingIncomeAbstract" xlink:label="jppfs_cor_NonOperatingIncomeAbstract" />
    <link:loc xlink:type="locator" xlink:href="http://disclosure.edinet-fsa.go.jp/taxonomy/jppfs/2020-11-01/jppfs_cor_2020-11-01.xsd#jppfs_cor_OperatingIncome" xlink:label="jppfs_cor_OperatingIncome" />
    <link:loc xlink:type="locator" xlink:href="http://disclosure.edinet-fsa.go.jp/taxonomy/jppfs/2020-11-01/jppfs_cor_2020-11-01.xsd#jppfs_cor_OrdinaryIncome" xlink:label="jppfs_cor_OrdinaryIncome" />
    <link:loc xlink:type="locator" xlink:href="http://disclosure.edinet-fsa.go.jp/taxonomy/jppfs/2020-11-01/jppfs_cor_2020-11-01.xsd#jppfs_cor_OtherEI" xlink:label="jppfs_cor_OtherEI" />
    <link:loc xlink:type="locator" xlink:href="http://disclosure.edinet-fsa.go.jp/taxonomy/jppfs/2020-11-01/jppfs_cor_2020-11-01.xsd#jppfs_cor_OtherEL" xlink:label="jppfs_cor_OtherEL" />
    <link:loc xlink:type="locator" xlink:href="http://disclosure.edinet-fsa.go.jp/taxonomy/jppfs/2020-11-01/jppfs_cor_2020-11-01.xsd#jppfs_cor_OtherNOE" xlink:label="jppfs_cor_OtherNOE" />
    <link:loc xlink:type="locator" xlink:href="http://disclosure.edinet-fsa.go.jp/taxonomy/jppfs/2020-11-01/jppfs_cor_2020-11-01.xsd#jppfs_cor_OtherNOI" xlink:label="jppfs_cor_OtherNOI" />
    <link:loc xlink:type="locator" xlink:href="http://disclosure.edinet-fsa.go.jp/taxonomy/jppfs/2020-11-01/jppfs_cor_2020-11-01.xsd#jppfs_cor_ProfitLoss" xlink:label="jppfs_cor_ProfitLoss" />
    <link:loc xlink:type="locator" xlink:href="http://disclosure.edinet-fsa.go.jp/taxonomy/jppfs/2020-11-01/jppfs_cor_2020-11-01.xsd#jppfs_cor_ProfitLossAttributableToNonControllingInterests" xlink:label="jppfs_cor_ProfitLossAttributableToNonControllingInterests" />
    <link:loc xlink:type="locator" xlink:href="http://disclosure.edinet-fsa.go.jp/taxonomy/jppfs/2020-11-01/jppfs_cor_2020-11-01.xsd#jppfs_cor_ProfitLossAttributableToOwnersOfParent" xlink:label="jppfs_cor_ProfitLossAttributableToOwnersOfParent" />
    <link:loc xlink:type="locator" xlink:href="http://disclosure.edinet-fsa.go.jp/taxonomy/jppfs/2020-11-01/jppfs_cor_2020-11-01.xsd#jppfs_cor_ProvisionForSalesReturnsGP" xlink:label="jppfs_cor_ProvisionForSalesReturnsGP" />
    <link:loc xlink:type="locator" xlink:href="http://disclosure.edinet-fsa.go.jp/taxonomy/jppfs/2020-11-01/jppfs_cor_2020-11-01.xsd#jppfs_cor_SellingGeneralAndAdministrativeExpenses" xlink:label="jppfs_cor_SellingGeneralAndAdministrativeExpenses" />
    <link:loc xlink:type="locator" xlink:href="http://disclosure.edinet-fsa.go.jp/taxonomy/jppfs/2020-11-01/jppfs_cor_2020-11-01.xsd#jppfs_cor_StatementOfIncomeLineItems" xlink:label="jppfs_cor_StatementOfIncomeLineItems" />
    <link:loc xlink:type="locator" xlink:href="http://disclosure.edinet-fsa.go.jp/taxonomy/jppfs/2020-11-01/jppfs_cor_2020-11-01.xsd#jppfs_cor_StatementOfIncomeTable" xlink:label="jppfs_cor_StatementOfIncomeTable" />
    <link:loc xlink:type="locator" xlink:href="http://disclosure.edinet-fsa.go.jp/taxonomy/jppfs/2020-11-01/jppfs_cor_2020-11-01.xsd#jppfs_cor_YearToQuarterEndConsolidatedStatementOfIncomeHeading" xlink:label="jppfs_cor_YearToQuarterEndConsolidatedStatementOfIncomeHeading" />
    <link:loc xlink:type="locator" xlink:href="tse-qcedjpfr-60710-2022-09-30-01-2022-11-10.xsd#tse-qcedjpfr-60710_LossOnCOVID19EL" xlink:label="tse-qcedjpfr-60710_LossOnCOVID19EL" />
    <link:definitionArc xlink:type="arc" xlink:from="jppfs_cor_ConsolidatedOrNonConsolidatedAxis" xlink:to="jppfs_cor_ConsolidatedMember_2" xlink:arcrole="http://xbrl.org/int/dim/arcrole/dimension-default" order="1" />
    <link:definitionArc xlink:type="arc" xlink:from="jppfs_cor_ConsolidatedOrNonConsolidatedAxis" xlink:to="jppfs_cor_ConsolidatedMember" xlink:arcrole="http://xbrl.org/int/dim/arcrole/dimension-domain" order="1" />
    <link:definitionArc xlink:type="arc" xlink:from="jppfs_cor_ExtraordinaryIncomeAbstract" xlink:to="jppfs_cor_GainOnSalesOfNoncurrentAssetsEI" xlink:arcrole="http://xbrl.org/int/dim/arcrole/domain-member" order="1" />
    <link:definitionArc xlink:type="arc" xlink:from="jppfs_cor_ExtraordinaryIncomeAbstract" xlink:to="jppfs_cor_GainOnSalesOfInvestmentSecuritiesEI" xlink:arcrole="http://xbrl.org/int/dim/arcrole/domain-member" order="2" />
    <link:definitionArc xlink:type="arc" xlink:from="jppfs_cor_ExtraordinaryIncomeAbstract" xlink:to="jppfs_cor_GainOnSalesOfSubsidiariesAndAffiliatesStocksEI" xlink:arcrole="http://xbrl.org/int/dim/arcrole/domain-member" order="3" />
    <link:definitionArc xlink:type="arc" xlink:from="jppfs_cor_ExtraordinaryIncomeAbstract" xlink:to="jppfs_cor_CompensationIncomeEI" xlink:arcrole="http://xbrl.org/int/dim/arcrole/domain-member" order="4" />
    <link:definitionArc xlink:type="arc" xlink:from="jppfs_cor_ExtraordinaryIncomeAbstract" xlink:to="jppfs_cor_GainOnAbolishmentOfRetirementBenefitPlanEI" xlink:arcrole="http://xbrl.org/int/dim/arcrole/domain-member" order="5" />
    <link:definitionArc xlink:type="arc" xlink:from="jppfs_cor_ExtraordinaryIncomeAbstract" xlink:to="jppfs_cor_OtherEI" xlink:arcrole="http://xbrl.org/int/dim/arcrole/domain-member" order="6" />
    <link:definitionArc xlink:type="arc" xlink:from="jppfs_cor_ExtraordinaryIncomeAbstract" xlink:to="jppfs_cor_ExtraordinaryIncome" xlink:arcrole="http://xbrl.org/int/dim/arcrole/domain-member" order="7" />
    <link:definitionArc xlink:type="arc" xlink:from="jppfs_cor_ExtraordinaryLossAbstract" xlink:to="jppfs_cor_LossOnRetirementOfNoncurrentAssetsEL" xlink:arcrole="http://xbrl.org/int/dim/arcrole/domain-member" order="1" />
    <link:definitionArc xlink:type="arc" xlink:from="jppfs_cor_ExtraordinaryLossAbstract" xlink:to="jppfs_cor_ImpairmentLossEL" xlink:arcrole="http://xbrl.org/int/dim/arcrole/domain-member" order="2" />
    <link:definitionArc xlink:type="arc" xlink:from="jppfs_cor_ExtraordinaryLossAbstract" xlink:to="jppfs_cor_LossOnClosingOfStoresEL" xlink:arcrole="http://xbrl.org/int/dim/arcrole/domain-member" order="3" />
    <link:definitionArc xlink:type="arc" xlink:from="jppfs_cor_ExtraordinaryLossAbstract" xlink:to="tse-qcedjpfr-60710_LossOnCOVID19EL" xlink:arcrole="http://xbrl.org/int/dim/arcrole/domain-member" order="4" />
    <link:definitionArc xlink:type="arc" xlink:from="jppfs_cor_ExtraordinaryLossAbstract" xlink:to="jppfs_cor_OtherEL" xlink:arcrole="http://xbrl.org/int/dim/arcrole/domain-member" order="5" />
    <link:definitionArc xlink:type="arc" xlink:from="jppfs_cor_ExtraordinaryLossAbstract" xlink:to="jppfs_cor_ExtraordinaryLoss" xlink:arcrole="http://xbrl.org/int/dim/arcrole/domain-member" order="6" />
    <link:definitionArc xlink:type="arc" xlink:from="jppfs_cor_NonOperatingExpensesAbstract" xlink:to="jppfs_cor_InterestExpensesNOE" xlink:arcrole="http://xbrl.org/int/dim/arcrole/domain-member" order="1" />
    <link:definitionArc xlink:type="arc" xlink:from="jppfs_cor_NonOperatingExpensesAbstract" xlink:to="jppfs_cor_EquityInLossesOfAffiliatesNOE" xlink:arcrole="http://xbrl.org/int/dim/arcrole/domain-member" order="2" />
    <link:definitionArc xlink:type="arc" xlink:from="jppfs_cor_NonOperatingExpensesAbstract" xlink:to="jppfs_cor_OtherNOE" xlink:arcrole="http://xbrl.org/int/dim/arcrole/domain-member" order="3" />
    <link:definitionArc xlink:type="arc" xlink:from="jppfs_cor_NonOperatingExpensesAbstract" xlink:to="jppfs_cor_NonOperatingExpenses" xlink:arcrole="http://xbrl.org/int/dim/arcrole/domain-member" order="4" />
    <link:definitionArc xlink:type="arc" xlink:from="jppfs_cor_StatementOfIncomeLineItems" xlink:to="jppfs_cor_NonOperatingIncomeAbstract" xlink:arcrole="http://xbrl.org/int/dim/arcrole/domain-member" order="8" />
    <link:definitionArc xlink:type="arc" xlink:from="jppfs_cor_NonOperatingIncomeAbstract" xlink:to="jppfs_cor_InterestIncomeNOI" xlink:arcrole="http://xbrl.org/int/dim/arcrole/domain-member" order="1" />
    <link:definitionArc xlink:type="arc" xlink:from="jppfs_cor_NonOperatingIncomeAbstract" xlink:to="jppfs_cor_DividendsIncomeNOI" xlink:arcrole="http://xbrl.org/int/dim/arcrole/domain-member" order="2" />
    <link:definitionArc xlink:type="arc" xlink:from="jppfs_cor_NonOperatingIncomeAbstract" xlink:to="jppfs_cor_ForeignExchangeGainsNOI" xlink:arcrole="http://xbrl.org/int/dim/arcrole/domain-member" order="3" />
    <link:definitionArc xlink:type="arc" xlink:from="jppfs_cor_NonOperatingIncomeAbstract" xlink:to="jppfs_cor_GainOnInvestmentsInPartnershipNOI" xlink:arcrole="http://xbrl.org/int/dim/arcrole/domain-member" order="4" />
    <link:definitionArc xlink:type="arc" xlink:from="jppfs_cor_NonOperatingIncomeAbstract" xlink:to="jppfs_cor_GainOnValuationOfSecuritiesNOI" xlink:arcrole="http://xbrl.org/int/dim/arcrole/domain-member" order="5" />
    <link:definitionArc xlink:type="arc" xlink:from="jppfs_cor_NonOperatingIncomeAbstract" xlink:to="jppfs_cor_OtherNOI" xlink:arcrole="http://xbrl.org/int/dim/arcrole/domain-member" order="6" />
    <link:definitionArc xlink:type="arc" xlink:from="jppfs_cor_NonOperatingIncomeAbstract" xlink:to="jppfs_cor_NonOperatingIncome" xlink:arcrole="http://xbrl.org/int/dim/arcrole/domain-member" order="7" />
    <link:definitionArc xlink:type="arc" xlink:from="jppfs_cor_YearToQuarterEndConsolidatedStatementOfIncomeHeading" xlink:to="jppfs_cor_StatementOfIncomeLineItems" xlink:arcrole="http://xbrl.org/int/dim/arcrole/domain-member" order="2" />
    <link:definitionArc xlink:type="arc" xlink:from="jppfs_cor_StatementOfIncomeLineItems" xlink:to="jppfs_cor_NetSales" xlink:arcrole="http://xbrl.org/int/dim/arcrole/domain-member" order="1" />
    <link:definitionArc xlink:type="arc" xlink:from="jppfs_cor_StatementOfIncomeLineItems" xlink:to="jppfs_cor_CostOfSales" xlink:arcrole="http://xbrl.org/int/dim/arcrole/domain-member" order="2" />
    <link:definitionArc xlink:type="arc" xlink:from="jppfs_cor_StatementOfIncomeLineItems" xlink:to="jppfs_cor_GrossProfit" xlink:arcrole="http://xbrl.org/int/dim/arcrole/domain-member" order="3" />
    <link:definitionArc xlink:type="arc" xlink:from="jppfs_cor_StatementOfIncomeLineItems" xlink:to="jppfs_cor_ProvisionForSalesReturnsGP" xlink:arcrole="http://xbrl.org/int/dim/arcrole/domain-member" order="4" />
    <link:definitionArc xlink:type="arc" xlink:from="jppfs_cor_StatementOfIncomeLineItems" xlink:to="jppfs_cor_GrossProfitNetGP" xlink:arcrole="http://xbrl.org/int/dim/arcrole/domain-member" order="5" />
    <link:definitionArc xlink:type="arc" xlink:from="jppfs_cor_StatementOfIncomeLineItems" xlink:to="jppfs_cor_SellingGeneralAndAdministrativeExpenses" xlink:arcrole="http://xbrl.org/int/dim/arcrole/domain-member" order="6" />
    <link:definitionArc xlink:type="arc" xlink:from="jppfs_cor_StatementOfIncomeLineItems" xlink:to="jppfs_cor_OperatingIncome" xlink:arcrole="http://xbrl.org/int/dim/arcrole/domain-member" order="7" />
    <link:definitionArc xlink:type="arc" xlink:from="jppfs_cor_StatementOfIncomeLineItems" xlink:to="jppfs_cor_NonOperatingExpensesAbstract" xlink:arcrole="http://xbrl.org/int/dim/arcrole/domain-member" order="9" />
    <link:definitionArc xlink:type="arc" xlink:from="jppfs_cor_StatementOfIncomeLineItems" xlink:to="jppfs_cor_OrdinaryIncome" xlink:arcrole="http://xbrl.org/int/dim/arcrole/domain-member" order="10" />
    <link:definitionArc xlink:type="arc" xlink:from="jppfs_cor_StatementOfIncomeLineItems" xlink:to="jppfs_cor_ExtraordinaryIncomeAbstract" xlink:arcrole="http://xbrl.org/int/dim/arcrole/domain-member" order="11" />
    <link:definitionArc xlink:type="arc" xlink:from="jppfs_cor_StatementOfIncomeLineItems" xlink:to="jppfs_cor_ExtraordinaryLossAbstract" xlink:arcrole="http://xbrl.org/int/dim/arcrole/domain-member" order="12" />
    <link:definitionArc xlink:type="arc" xlink:from="jppfs_cor_StatementOfIncomeLineItems" xlink:to="jppfs_cor_IncomeBeforeIncomeTaxes" xlink:arcrole="http://xbrl.org/int/dim/arcrole/domain-member" order="13" />
    <link:definitionArc xlink:type="arc" xlink:from="jppfs_cor_StatementOfIncomeLineItems" xlink:to="jppfs_cor_IncomeTaxesCurrent" xlink:arcrole="http://xbrl.org/int/dim/arcrole/domain-member" order="14" />
    <link:definitionArc xlink:type="arc" xlink:from="jppfs_cor_StatementOfIncomeLineItems" xlink:to="jppfs_cor_IncomeTaxesDeferred" xlink:arcrole="http://xbrl.org/int/dim/arcrole/domain-member" order="15" />
    <link:definitionArc xlink:type="arc" xlink:from="jppfs_cor_StatementOfIncomeLineItems" xlink:to="jppfs_cor_IncomeTaxes" xlink:arcrole="http://xbrl.org/int/dim/arcrole/domain-member" order="16" />
    <link:definitionArc xlink:type="arc" xlink:from="jppfs_cor_StatementOfIncomeLineItems" xlink:to="jppfs_cor_ProfitLoss" xlink:arcrole="http://xbrl.org/int/dim/arcrole/domain-member" order="17" />
    <link:definitionArc xlink:type="arc" xlink:from="jppfs_cor_StatementOfIncomeLineItems" xlink:to="jppfs_cor_ProfitLossAttributableToNonControllingInterests" xlink:arcrole="http://xbrl.org/int/dim/arcrole/domain-member" order="18" />
    <link:definitionArc xlink:type="arc" xlink:from="jppfs_cor_StatementOfIncomeLineItems" xlink:to="jppfs_cor_ProfitLossAttributableToOwnersOfParent" xlink:arcrole="http://xbrl.org/int/dim/arcrole/domain-member" order="19" />
    <link:definitionArc xlink:type="arc" xlink:from="jppfs_cor_YearToQuarterEndConsolidatedStatementOfIncomeHeading" xlink:to="jppfs_cor_StatementOfIncomeTable" xlink:arcrole="http://xbrl.org/int/dim/arcrole/all" xbrldt:contextElement="scenario" xbrldt:closed="true" order="1" />
    <link:definitionArc xlink:type="arc" xlink:from="jppfs_cor_StatementOfIncomeTable" xlink:to="jppfs_cor_ConsolidatedOrNonConsolidatedAxis" xlink:arcrole="http://xbrl.org/int/dim/arcrole/hypercube-dimension" order="1" />
  </link:definitionLink>
  <link:definitionLink xlink:type="extended" xlink:role="http://disclosure.edinet-fsa.go.jp/role/jppfs/rol_YearToQuarterEndConsolidatedStatementOfComprehensiveIncome">
    <link:loc xlink:type="locator" xlink:href="http://disclosure.edinet-fsa.go.jp/taxonomy/jppfs/2020-11-01/jppfs_cor_2020-11-01.xsd#jppfs_cor_ComprehensiveIncome" xlink:label="jppfs_cor_ComprehensiveIncome" />
    <link:loc xlink:type="locator" xlink:href="http://disclosure.edinet-fsa.go.jp/taxonomy/jppfs/2020-11-01/jppfs_cor_2020-11-01.xsd#jppfs_cor_ComprehensiveIncomeAttributableToAbstract" xlink:label="jppfs_cor_ComprehensiveIncomeAttributableToAbstract" />
    <link:loc xlink:type="locator" xlink:href="http://disclosure.edinet-fsa.go.jp/taxonomy/jppfs/2020-11-01/jppfs_cor_2020-11-01.xsd#jppfs_cor_ComprehensiveIncomeAttributableToNonControllingInterests" xlink:label="jppfs_cor_ComprehensiveIncomeAttributableToNonControllingInterests" />
    <link:loc xlink:type="locator" xlink:href="http://disclosure.edinet-fsa.go.jp/taxonomy/jppfs/2020-11-01/jppfs_cor_2020-11-01.xsd#jppfs_cor_ComprehensiveIncomeAttributableToOwnersOfTheParent" xlink:label="jppfs_cor_ComprehensiveIncomeAttributableToOwnersOfTheParent" />
    <link:loc xlink:type="locator" xlink:href="http://disclosure.edinet-fsa.go.jp/taxonomy/jppfs/2020-11-01/jppfs_cor_2020-11-01.xsd#jppfs_cor_ConsolidatedMember" xlink:label="jppfs_cor_ConsolidatedMember" />
    <link:loc xlink:type="locator" xlink:href="http://disclosure.edinet-fsa.go.jp/taxonomy/jppfs/2020-11-01/jppfs_cor_2020-11-01.xsd#jppfs_cor_ConsolidatedMember" xlink:label="jppfs_cor_ConsolidatedMember_2" />
    <link:loc xlink:type="locator" xlink:href="http://disclosure.edinet-fsa.go.jp/taxonomy/jppfs/2020-11-01/jppfs_cor_2020-11-01.xsd#jppfs_cor_ConsolidatedOrNonConsolidatedAxis" xlink:label="jppfs_cor_ConsolidatedOrNonConsolidatedAxis" />
    <link:loc xlink:type="locator" xlink:href="http://disclosure.edinet-fsa.go.jp/taxonomy/jppfs/2020-11-01/jppfs_cor_2020-11-01.xsd#jppfs_cor_OtherComprehensiveIncome" xlink:label="jppfs_cor_OtherComprehensiveIncome" />
    <link:loc xlink:type="locator" xlink:href="http://disclosure.edinet-fsa.go.jp/taxonomy/jppfs/2020-11-01/jppfs_cor_2020-11-01.xsd#jppfs_cor_OtherComprehensiveIncomeAbstract" xlink:label="jppfs_cor_OtherComprehensiveIncomeAbstract" />
    <link:loc xlink:type="locator" xlink:href="http://disclosure.edinet-fsa.go.jp/taxonomy/jppfs/2020-11-01/jppfs_cor_2020-11-01.xsd#jppfs_cor_ProfitLoss" xlink:label="jppfs_cor_ProfitLoss" />
    <link:loc xlink:type="locator" xlink:href="http://disclosure.edinet-fsa.go.jp/taxonomy/jppfs/2020-11-01/jppfs_cor_2020-11-01.xsd#jppfs_cor_StatementOfComprehensiveIncomeLineItems" xlink:label="jppfs_cor_StatementOfComprehensiveIncomeLineItems" />
    <link:loc xlink:type="locator" xlink:href="http://disclosure.edinet-fsa.go.jp/taxonomy/jppfs/2020-11-01/jppfs_cor_2020-11-01.xsd#jppfs_cor_StatementOfComprehensiveIncomeTable" xlink:label="jppfs_cor_StatementOfComprehensiveIncomeTable" />
    <link:loc xlink:type="locator" xlink:href="http://disclosure.edinet-fsa.go.jp/taxonomy/jppfs/2020-11-01/jppfs_cor_2020-11-01.xsd#jppfs_cor_ValuationDifferenceOnAvailableForSaleSecuritiesNetOfTaxOCI" xlink:label="jppfs_cor_ValuationDifferenceOnAvailableForSaleSecuritiesNetOfTaxOCI" />
    <link:loc xlink:type="locator" xlink:href="http://disclosure.edinet-fsa.go.jp/taxonomy/jppfs/2020-11-01/jppfs_cor_2020-11-01.xsd#jppfs_cor_YearToQuarterEndConsolidatedStatementOfComprehensiveIncomeHeading" xlink:label="jppfs_cor_YearToQuarterEndConsolidatedStatementOfComprehensiveIncomeHeading" />
    <link:definitionArc xlink:type="arc" xlink:from="jppfs_cor_ComprehensiveIncomeAttributableToAbstract" xlink:to="jppfs_cor_ComprehensiveIncomeAttributableToOwnersOfTheParent" xlink:arcrole="http://xbrl.org/int/dim/arcrole/domain-member" order="1" />
    <link:definitionArc xlink:type="arc" xlink:from="jppfs_cor_ComprehensiveIncomeAttributableToAbstract" xlink:to="jppfs_cor_ComprehensiveIncomeAttributableToNonControllingInterests" xlink:arcrole="http://xbrl.org/int/dim/arcrole/domain-member" order="2" />
    <link:definitionArc xlink:type="arc" xlink:from="jppfs_cor_StatementOfComprehensiveIncomeLineItems" xlink:to="jppfs_cor_OtherComprehensiveIncomeAbstract" xlink:arcrole="http://xbrl.org/int/dim/arcrole/domain-member" order="2" />
    <link:definitionArc xlink:type="arc" xlink:from="jppfs_cor_OtherComprehensiveIncomeAbstract" xlink:to="jppfs_cor_ValuationDifferenceOnAvailableForSaleSecuritiesNetOfTaxOCI" xlink:arcrole="http://xbrl.org/int/dim/arcrole/domain-member" order="1" />
    <link:definitionArc xlink:type="arc" xlink:from="jppfs_cor_OtherComprehensiveIncomeAbstract" xlink:to="jppfs_cor_OtherComprehensiveIncome" xlink:arcrole="http://xbrl.org/int/dim/arcrole/domain-member" order="2" />
    <link:definitionArc xlink:type="arc" xlink:from="jppfs_cor_StatementOfComprehensiveIncomeLineItems" xlink:to="jppfs_cor_ProfitLoss" xlink:arcrole="http://xbrl.org/int/dim/arcrole/domain-member" order="1" />
    <link:definitionArc xlink:type="arc" xlink:from="jppfs_cor_StatementOfComprehensiveIncomeLineItems" xlink:to="jppfs_cor_ComprehensiveIncome" xlink:arcrole="http://xbrl.org/int/dim/arcrole/domain-member" order="3" />
    <link:definitionArc xlink:type="arc" xlink:from="jppfs_cor_StatementOfComprehensiveIncomeLineItems" xlink:to="jppfs_cor_ComprehensiveIncomeAttributableToAbstract" xlink:arcrole="http://xbrl.org/int/dim/arcrole/domain-member" order="4" />
    <link:definitionArc xlink:type="arc" xlink:from="jppfs_cor_YearToQuarterEndConsolidatedStatementOfComprehensiveIncomeHeading" xlink:to="jppfs_cor_StatementOfComprehensiveIncomeTable" xlink:arcrole="http://xbrl.org/int/dim/arcrole/all" xbrldt:contextElement="scenario" xbrldt:closed="true" order="1" />
    <link:definitionArc xlink:type="arc" xlink:from="jppfs_cor_StatementOfComprehensiveIncomeTable" xlink:to="jppfs_cor_ConsolidatedOrNonConsolidatedAxis" xlink:arcrole="http://xbrl.org/int/dim/arcrole/hypercube-dimension" order="1" />
    <link:definitionArc xlink:type="arc" xlink:from="jppfs_cor_ConsolidatedOrNonConsolidatedAxis" xlink:to="jppfs_cor_ConsolidatedMember" xlink:arcrole="http://xbrl.org/int/dim/arcrole/dimension-domain" order="1" />
    <link:definitionArc xlink:type="arc" xlink:from="jppfs_cor_ConsolidatedOrNonConsolidatedAxis" xlink:to="jppfs_cor_ConsolidatedMember_2" xlink:arcrole="http://xbrl.org/int/dim/arcrole/dimension-default" order="1" />
    <link:definitionArc xlink:type="arc" xlink:from="jppfs_cor_YearToQuarterEndConsolidatedStatementOfComprehensiveIncomeHeading" xlink:to="jppfs_cor_StatementOfComprehensiveIncomeLineItems" xlink:arcrole="http://xbrl.org/int/dim/arcrole/domain-member" order="2" />
  </link:definitionLink>
</link:linkbase>