<?xml version="1.0" encoding="utf-8"?>
<manifest xmlns="http://disclosure.edinet-fsa.go.jp/2013/manifest">
  <tocComposition>
    <title xml:lang="ja"></title>
    <title xml:lang="en"></title>
    <item ref="qcedjpfr" extrole="http://www.xbrl.tdnet.info/jp/tse/tdnet/role/RoleAttachedDocument" in="presentation" />
  </tocComposition>
  <list>
    <instance id="qcedjpfr" type="Attachment" preferredFilename="tse-qcedjpfr-93130-2022-08-31-01-2022-10-07.xbrl">
      <ixbrl>0500000-qcbs01-tse-qcedjpfr-93130-2022-08-31-01-2022-10-07-ixbrl.htm</ixbrl>
      <ixbrl>0600000-qcpl11-tse-qcedjpfr-93130-2022-08-31-01-2022-10-07-ixbrl.htm</ixbrl>
      <ixbrl>0800000-qcci11-tse-qcedjpfr-93130-2022-08-31-01-2022-10-07-ixbrl.htm</ixbrl>
    </instance>
  </list>
</manifest>