<?xml version="1.0" encoding="utf-8"?>
<!-- Generated by PRONEXUS WORKS --><link:linkbase xmlns:link="http://www.xbrl.org/2003/linkbase" xmlns:xsi="http://www.w3.org/2001/XMLSchema-instance" xmlns:xbrli="http://www.xbrl.org/2003/instance" xmlns:xlink="http://www.w3.org/1999/xlink">  <link:labelLink xlink:type="extended" xlink:role="http://www.xbrl.org/2003/role/link">    <link:loc xlink:type="locator" xlink:href="tse-qnedjpfr-92270-2022-09-30-01-2022-11-11.xsd#tse-qnedjpfr-92270_RewardIncomeNOI" xlink:label="RewardIncomeNOI" />    <link:loc xlink:type="locator" xlink:href="tse-qnedjpfr-92270-2022-09-30-01-2022-11-11.xsd#tse-qnedjpfr-92270_IncreaseDecreaseInContractLiabilities2OpeCF" xlink:label="IncreaseDecreaseInContractLiabilities2OpeCF" />    <link:label xlink:type="resource" xlink:label="label_RewardIncomeNOI" xml:lang="en" xlink:role="http://www.xbrl.org/2003/role/label" id="label_RewardIncomeNOI">Reward income</link:label>    <link:labelArc xlink:type="arc" xlink:arcrole="http://www.xbrl.org/2003/arcrole/concept-label" xlink:from="RewardIncomeNOI" xlink:to="label_RewardIncomeNOI" />    <link:label xlink:type="resource" xlink:label="label_RewardIncomeNOI_2" xml:lang="en" xlink:role="http://www.xbrl.org/2003/role/verboseLabel" id="label_RewardIncomeNOI_2">Reward income-NOI</link:label>    <link:labelArc xlink:type="arc" xlink:arcrole="http://www.xbrl.org/2003/arcrole/concept-label" xlink:from="RewardIncomeNOI" xlink:to="label_RewardIncomeNOI_2" />    <link:label xlink:type="resource" xlink:label="label_IncreaseDecreaseInContractLiabilities2OpeCF" xml:lang="en" xlink:role="http://www.xbrl.org/2003/role/label" id="label_IncreaseDecreaseInContractLiabilities2OpeCF">Increase (decrease) in contract liabilities</link:label>    <link:labelArc xlink:type="arc" xlink:arcrole="http://www.xbrl.org/2003/arcrole/concept-label" xlink:from="IncreaseDecreaseInContractLiabilities2OpeCF" xlink:to="label_IncreaseDecreaseInContractLiabilities2OpeCF" />    <link:label xlink:type="resource" xlink:label="label_IncreaseDecreaseInContractLiabilities2OpeCF_2" xml:lang="en" xlink:role="http://www.xbrl.org/2003/role/verboseLabel" id="label_IncreaseDecreaseInContractLiabilities2OpeCF_2">Increase (decrease) in contract liabilities - 2 - OpeCF</link:label>    <link:labelArc xlink:type="arc" xlink:arcrole="http://www.xbrl.org/2003/arcrole/concept-label" xlink:from="IncreaseDecreaseInContractLiabilities2OpeCF" xlink:to="label_IncreaseDecreaseInContractLiabilities2OpeCF_2" />  </link:labelLink></link:linkbase>