﻿<?xml version="1.0" encoding="utf-8"?>
<!-- Edited with FutureStage XBRL Solution Library .NET 01-11 -->
<link:linkbase xmlns:xlink="http://www.w3.org/1999/xlink" xmlns:xsi="http://www.w3.org/2001/XMLSchema-instance" xmlns:link="http://www.xbrl.org/2003/linkbase">
  <link:labelLink xlink:type="extended" xlink:role="http://www.xbrl.org/2003/role/link">
    <link:label xml:lang="ja" xlink:type="resource" xlink:label="tse-qcedjpfr-27670_DividendsOnInvestmentNOI_label" xlink:role="http://www.xbrl.org/2003/role/label">出資分配金</link:label>
    <link:label xml:lang="ja" xlink:type="resource" xlink:label="tse-qcedjpfr-27670_DividendsOnInvestmentNOI_label_1" xlink:role="http://www.xbrl.org/2003/role/verboseLabel">出資分配金、営業外収益</link:label>
    <link:label xml:lang="ja" xlink:type="resource" xlink:label="tse-qcedjpfr-27670_IncreaseDecreaseInDebtRelatedToPaidTransactionsOpeCF_label" xlink:role="http://www.xbrl.org/2003/role/label">有償支給取引に係る負債の増減額（△は減少）</link:label>
    <link:label xml:lang="ja" xlink:type="resource" xlink:label="tse-qcedjpfr-27670_IncreaseDecreaseInDebtRelatedToPaidTransactionsOpeCF_label_1" xlink:role="http://www.xbrl.org/2003/role/verboseLabel">有償支給取引に係る負債の増減額（△は減少）、営業活動によるキャッシュ・フロー</link:label>
    <link:label xml:lang="ja" xlink:type="resource" xlink:label="tse-qcedjpfr-27670_LossOnCOVID19EL_label" xlink:role="http://www.xbrl.org/2003/role/label">新型コロナウイルス感染症による損失</link:label>
    <link:label xml:lang="ja" xlink:type="resource" xlink:label="tse-qcedjpfr-27670_LossOnCOVID19EL_label_1" xlink:role="http://www.xbrl.org/2003/role/verboseLabel">新型コロナウイルス感染症による損失、特別損失</link:label>
    <link:label xml:lang="ja" xlink:type="resource" xlink:label="tse-qcedjpfr-27670_MerchandisingRightCA_label" xlink:role="http://www.xbrl.org/2003/role/label">商品化権</link:label>
    <link:label xml:lang="ja" xlink:type="resource" xlink:label="tse-qcedjpfr-27670_MerchandisingRightCA_label_1" xlink:role="http://www.xbrl.org/2003/role/verboseLabel">商品化権、流動資産</link:label>
    <link:loc xlink:type="locator" xlink:href="tse-qcedjpfr-27670-2022-09-30-01-2022-11-08.xsd#tse-qcedjpfr-27670_DividendsOnInvestmentNOI" xlink:label="tse-qcedjpfr-27670_DividendsOnInvestmentNOI" />
    <link:loc xlink:type="locator" xlink:href="tse-qcedjpfr-27670-2022-09-30-01-2022-11-08.xsd#tse-qcedjpfr-27670_IncreaseDecreaseInDebtRelatedToPaidTransactionsOpeCF" xlink:label="tse-qcedjpfr-27670_IncreaseDecreaseInDebtRelatedToPaidTransactionsOpeCF" />
    <link:loc xlink:type="locator" xlink:href="tse-qcedjpfr-27670-2022-09-30-01-2022-11-08.xsd#tse-qcedjpfr-27670_LossOnCOVID19EL" xlink:label="tse-qcedjpfr-27670_LossOnCOVID19EL" />
    <link:loc xlink:type="locator" xlink:href="tse-qcedjpfr-27670-2022-09-30-01-2022-11-08.xsd#tse-qcedjpfr-27670_MerchandisingRightCA" xlink:label="tse-qcedjpfr-27670_MerchandisingRightCA" />
    <link:labelArc xlink:type="arc" xlink:from="tse-qcedjpfr-27670_DividendsOnInvestmentNOI" xlink:to="tse-qcedjpfr-27670_DividendsOnInvestmentNOI_label" xlink:arcrole="http://www.xbrl.org/2003/arcrole/concept-label" order="1" />
    <link:labelArc xlink:type="arc" xlink:from="tse-qcedjpfr-27670_DividendsOnInvestmentNOI" xlink:to="tse-qcedjpfr-27670_DividendsOnInvestmentNOI_label_1" xlink:arcrole="http://www.xbrl.org/2003/arcrole/concept-label" order="1" />
    <link:labelArc xlink:type="arc" xlink:from="tse-qcedjpfr-27670_IncreaseDecreaseInDebtRelatedToPaidTransactionsOpeCF" xlink:to="tse-qcedjpfr-27670_IncreaseDecreaseInDebtRelatedToPaidTransactionsOpeCF_label" xlink:arcrole="http://www.xbrl.org/2003/arcrole/concept-label" order="1" />
    <link:labelArc xlink:type="arc" xlink:from="tse-qcedjpfr-27670_IncreaseDecreaseInDebtRelatedToPaidTransactionsOpeCF" xlink:to="tse-qcedjpfr-27670_IncreaseDecreaseInDebtRelatedToPaidTransactionsOpeCF_label_1" xlink:arcrole="http://www.xbrl.org/2003/arcrole/concept-label" order="1" />
    <link:labelArc xlink:type="arc" xlink:from="tse-qcedjpfr-27670_LossOnCOVID19EL" xlink:to="tse-qcedjpfr-27670_LossOnCOVID19EL_label" xlink:arcrole="http://www.xbrl.org/2003/arcrole/concept-label" order="1" />
    <link:labelArc xlink:type="arc" xlink:from="tse-qcedjpfr-27670_LossOnCOVID19EL" xlink:to="tse-qcedjpfr-27670_LossOnCOVID19EL_label_1" xlink:arcrole="http://www.xbrl.org/2003/arcrole/concept-label" order="1" />
    <link:labelArc xlink:type="arc" xlink:from="tse-qcedjpfr-27670_MerchandisingRightCA" xlink:to="tse-qcedjpfr-27670_MerchandisingRightCA_label" xlink:arcrole="http://www.xbrl.org/2003/arcrole/concept-label" order="1" />
    <link:labelArc xlink:type="arc" xlink:from="tse-qcedjpfr-27670_MerchandisingRightCA" xlink:to="tse-qcedjpfr-27670_MerchandisingRightCA_label_1" xlink:arcrole="http://www.xbrl.org/2003/arcrole/concept-label" order="1" />
  </link:labelLink>
</link:linkbase>