﻿<?xml version="1.0" encoding="utf-8"?>
<!-- Edited with FutureStage XBRL Solution Library .NET 01-11 -->
<link:linkbase xmlns:xlink="http://www.w3.org/1999/xlink" xmlns:xsi="http://www.w3.org/2001/XMLSchema-instance" xmlns:link="http://www.xbrl.org/2003/linkbase">
  <link:labelLink xlink:type="extended" xlink:role="http://www.xbrl.org/2003/role/link">
    <link:label xml:lang="ja" xlink:type="resource" xlink:label="jppfs_cor_CumulativeEffectsOfChangesInAccountingPolicies_label" xlink:role="http://www.xbrl.org/2003/role/periodStartLabel">会計方針の変更による累積的影響額</link:label>
    <link:label xml:lang="ja" xlink:type="resource" xlink:label="jppfs_cor_RestatedBalance_label" xlink:role="http://www.xbrl.org/2003/role/periodStartLabel">会計方針の変更を反映した当期首残高</link:label>
    <link:label xml:lang="ja" xlink:type="resource" xlink:label="tse-acedjpfr-14340_BondsGuaranteeFeeNOE_label" xlink:role="http://www.xbrl.org/2003/role/label">社債保証料</link:label>
    <link:label xml:lang="ja" xlink:type="resource" xlink:label="tse-acedjpfr-14340_BondsGuaranteeFeeNOE_label_1" xlink:role="http://www.xbrl.org/2003/role/verboseLabel">社債保証料、営業外費用</link:label>
    <link:label xml:lang="ja" xlink:type="resource" xlink:label="tse-acedjpfr-14340_DecreaseIncreaseInInvestmentsAndOtherAssetsInvCF_label" xlink:role="http://www.xbrl.org/2003/role/label">その他投資等の増減額（△は増加）</link:label>
    <link:label xml:lang="ja" xlink:type="resource" xlink:label="tse-acedjpfr-14340_DecreaseIncreaseInInvestmentsAndOtherAssetsInvCF_label_1" xlink:role="http://www.xbrl.org/2003/role/verboseLabel">その他投資等の増減額（△は増加）、投資活動によるキャッシュ・フロー</link:label>
    <link:label xml:lang="ja" xlink:type="resource" xlink:label="tse-acedjpfr-14340_GainOnSalesOfScrapsNOI_label" xlink:role="http://www.xbrl.org/2003/role/label">作業屑売却益</link:label>
    <link:label xml:lang="ja" xlink:type="resource" xlink:label="tse-acedjpfr-14340_GainOnSalesOfScrapsNOI_label_1" xlink:role="http://www.xbrl.org/2003/role/verboseLabel">作業屑売却益、営業外収益</link:label>
    <link:label xml:lang="ja" xlink:type="resource" xlink:label="tse-acedjpfr-14340_InterestAndDiscountsExpensesOpeCF_label" xlink:role="http://www.xbrl.org/2003/role/label">支払利息及び割引料</link:label>
    <link:label xml:lang="ja" xlink:type="resource" xlink:label="tse-acedjpfr-14340_InterestAndDiscountsExpensesOpeCF_label_1" xlink:role="http://www.xbrl.org/2003/role/verboseLabel">支払利息及び割引料、営業活動によるキャッシュ・フロー</link:label>
    <link:loc xlink:type="locator" xlink:href="http://disclosure.edinet-fsa.go.jp/taxonomy/jppfs/2021-11-01/jppfs_cor_2021-11-01.xsd#jppfs_cor_CumulativeEffectsOfChangesInAccountingPolicies" xlink:label="jppfs_cor_CumulativeEffectsOfChangesInAccountingPolicies" />
    <link:loc xlink:type="locator" xlink:href="http://disclosure.edinet-fsa.go.jp/taxonomy/jppfs/2021-11-01/jppfs_cor_2021-11-01.xsd#jppfs_cor_RestatedBalance" xlink:label="jppfs_cor_RestatedBalance" />
    <link:loc xlink:type="locator" xlink:href="tse-acedjpfr-14340-2022-08-31-01-2022-10-14.xsd#tse-acedjpfr-14340_BondsGuaranteeFeeNOE" xlink:label="tse-acedjpfr-14340_BondsGuaranteeFeeNOE" />
    <link:loc xlink:type="locator" xlink:href="tse-acedjpfr-14340-2022-08-31-01-2022-10-14.xsd#tse-acedjpfr-14340_DecreaseIncreaseInInvestmentsAndOtherAssetsInvCF" xlink:label="tse-acedjpfr-14340_DecreaseIncreaseInInvestmentsAndOtherAssetsInvCF" />
    <link:loc xlink:type="locator" xlink:href="tse-acedjpfr-14340-2022-08-31-01-2022-10-14.xsd#tse-acedjpfr-14340_GainOnSalesOfScrapsNOI" xlink:label="tse-acedjpfr-14340_GainOnSalesOfScrapsNOI" />
    <link:loc xlink:type="locator" xlink:href="tse-acedjpfr-14340-2022-08-31-01-2022-10-14.xsd#tse-acedjpfr-14340_InterestAndDiscountsExpensesOpeCF" xlink:label="tse-acedjpfr-14340_InterestAndDiscountsExpensesOpeCF" />
    <link:labelArc xlink:type="arc" xlink:from="jppfs_cor_CumulativeEffectsOfChangesInAccountingPolicies" xlink:to="jppfs_cor_CumulativeEffectsOfChangesInAccountingPolicies_label" xlink:arcrole="http://www.xbrl.org/2003/arcrole/concept-label" order="1" />
    <link:labelArc xlink:type="arc" xlink:from="jppfs_cor_RestatedBalance" xlink:to="jppfs_cor_RestatedBalance_label" xlink:arcrole="http://www.xbrl.org/2003/arcrole/concept-label" order="1" />
    <link:labelArc xlink:type="arc" xlink:from="tse-acedjpfr-14340_BondsGuaranteeFeeNOE" xlink:to="tse-acedjpfr-14340_BondsGuaranteeFeeNOE_label_1" xlink:arcrole="http://www.xbrl.org/2003/arcrole/concept-label" order="1" />
    <link:labelArc xlink:type="arc" xlink:from="tse-acedjpfr-14340_BondsGuaranteeFeeNOE" xlink:to="tse-acedjpfr-14340_BondsGuaranteeFeeNOE_label" xlink:arcrole="http://www.xbrl.org/2003/arcrole/concept-label" order="1" />
    <link:labelArc xlink:type="arc" xlink:from="tse-acedjpfr-14340_DecreaseIncreaseInInvestmentsAndOtherAssetsInvCF" xlink:to="tse-acedjpfr-14340_DecreaseIncreaseInInvestmentsAndOtherAssetsInvCF_label_1" xlink:arcrole="http://www.xbrl.org/2003/arcrole/concept-label" order="1" />
    <link:labelArc xlink:type="arc" xlink:from="tse-acedjpfr-14340_DecreaseIncreaseInInvestmentsAndOtherAssetsInvCF" xlink:to="tse-acedjpfr-14340_DecreaseIncreaseInInvestmentsAndOtherAssetsInvCF_label" xlink:arcrole="http://www.xbrl.org/2003/arcrole/concept-label" order="1" />
    <link:labelArc xlink:type="arc" xlink:from="tse-acedjpfr-14340_GainOnSalesOfScrapsNOI" xlink:to="tse-acedjpfr-14340_GainOnSalesOfScrapsNOI_label_1" xlink:arcrole="http://www.xbrl.org/2003/arcrole/concept-label" order="1" />
    <link:labelArc xlink:type="arc" xlink:from="tse-acedjpfr-14340_GainOnSalesOfScrapsNOI" xlink:to="tse-acedjpfr-14340_GainOnSalesOfScrapsNOI_label" xlink:arcrole="http://www.xbrl.org/2003/arcrole/concept-label" order="1" />
    <link:labelArc xlink:type="arc" xlink:from="tse-acedjpfr-14340_InterestAndDiscountsExpensesOpeCF" xlink:to="tse-acedjpfr-14340_InterestAndDiscountsExpensesOpeCF_label_1" xlink:arcrole="http://www.xbrl.org/2003/arcrole/concept-label" order="1" />
    <link:labelArc xlink:type="arc" xlink:from="tse-acedjpfr-14340_InterestAndDiscountsExpensesOpeCF" xlink:to="tse-acedjpfr-14340_InterestAndDiscountsExpensesOpeCF_label" xlink:arcrole="http://www.xbrl.org/2003/arcrole/concept-label" order="1" />
  </link:labelLink>
</link:linkbase>