<?xml version="1.0" encoding="utf-8"?>
<!-- Generated by PRONEXUS WORKS --><link:linkbase xmlns:link="http://www.xbrl.org/2003/linkbase" xmlns:xsi="http://www.w3.org/2001/XMLSchema-instance" xmlns:xbrli="http://www.xbrl.org/2003/instance" xmlns:xlink="http://www.w3.org/1999/xlink">  <link:labelLink xlink:type="extended" xlink:role="http://www.xbrl.org/2003/role/link">    <link:loc xlink:type="locator" xlink:href="tse-qcedjpfr-21690-2022-09-30-01-2022-11-11.xsd#tse-qcedjpfr-21690_RestorationOfDefinedContributionPension" xlink:label="RestorationOfDefinedContributionPension" />    <link:loc xlink:type="locator" xlink:href="tse-qcedjpfr-21690-2022-09-30-01-2022-11-11.xsd#tse-qcedjpfr-21690_FinanceExpensesNOE" xlink:label="FinanceExpensesNOE" />    <link:label xlink:type="resource" xlink:label="label_RestorationOfDefinedContributionPension" xml:lang="en" xlink:role="http://www.xbrl.org/2003/role/label" id="label_RestorationOfDefinedContributionPension">Restoration of defined contribution pension</link:label>    <link:labelArc xlink:type="arc" xlink:arcrole="http://www.xbrl.org/2003/arcrole/concept-label" xlink:from="RestorationOfDefinedContributionPension" xlink:to="label_RestorationOfDefinedContributionPension" />    <link:label xlink:type="resource" xlink:label="label_RestorationOfDefinedContributionPension_2" xml:lang="en" xlink:role="http://www.xbrl.org/2003/role/verboseLabel" id="label_RestorationOfDefinedContributionPension_2">Restoration of defined contribution pension</link:label>    <link:labelArc xlink:type="arc" xlink:arcrole="http://www.xbrl.org/2003/arcrole/concept-label" xlink:from="RestorationOfDefinedContributionPension" xlink:to="label_RestorationOfDefinedContributionPension_2" />    <link:label xlink:type="resource" xlink:label="label_FinanceExpensesNOE" xml:lang="en" xlink:role="http://www.xbrl.org/2003/role/label" id="label_FinanceExpensesNOE">Finance expenses</link:label>    <link:labelArc xlink:type="arc" xlink:arcrole="http://www.xbrl.org/2003/arcrole/concept-label" xlink:from="FinanceExpensesNOE" xlink:to="label_FinanceExpensesNOE" />    <link:label xlink:type="resource" xlink:label="label_FinanceExpensesNOE_2" xml:lang="en" xlink:role="http://www.xbrl.org/2003/role/verboseLabel" id="label_FinanceExpensesNOE_2">Finance expenses-NOE</link:label>    <link:labelArc xlink:type="arc" xlink:arcrole="http://www.xbrl.org/2003/arcrole/concept-label" xlink:from="FinanceExpensesNOE" xlink:to="label_FinanceExpensesNOE_2" />  </link:labelLink></link:linkbase>