﻿<?xml version="1.0" encoding="utf-8"?>
<!-- Edited with FutureStage XBRL Solution Library .NET 01-11 -->
<link:linkbase xmlns:xbrldt="http://xbrl.org/2005/xbrldt" xmlns:xlink="http://www.w3.org/1999/xlink" xmlns:xsi="http://www.w3.org/2001/XMLSchema-instance" xmlns:link="http://www.xbrl.org/2003/linkbase">
  <link:roleRef xlink:type="simple" xlink:href="http://disclosure.edinet-fsa.go.jp/taxonomy/jppfs/2021-11-01/jppfs_rt_2021-11-01.xsd#rol_QuarterlyBalanceSheet" roleURI="http://disclosure.edinet-fsa.go.jp/role/jppfs/rol_QuarterlyBalanceSheet" />
  <link:roleRef xlink:type="simple" xlink:href="http://disclosure.edinet-fsa.go.jp/taxonomy/jppfs/2021-11-01/jppfs_rt_2021-11-01.xsd#rol_YearToQuarterEndStatementOfIncome" roleURI="http://disclosure.edinet-fsa.go.jp/role/jppfs/rol_YearToQuarterEndStatementOfIncome" />
  <link:arcroleRef xlink:type="simple" xlink:href="http://www.xbrl.org/2005/xbrldt-2005.xsd#all" arcroleURI="http://xbrl.org/int/dim/arcrole/all" />
  <link:arcroleRef xlink:type="simple" xlink:href="http://www.xbrl.org/2005/xbrldt-2005.xsd#dimension-domain" arcroleURI="http://xbrl.org/int/dim/arcrole/dimension-domain" />
  <link:arcroleRef xlink:type="simple" xlink:href="http://www.xbrl.org/2005/xbrldt-2005.xsd#domain-member" arcroleURI="http://xbrl.org/int/dim/arcrole/domain-member" />
  <link:arcroleRef xlink:type="simple" xlink:href="http://www.xbrl.org/2005/xbrldt-2005.xsd#hypercube-dimension" arcroleURI="http://xbrl.org/int/dim/arcrole/hypercube-dimension" />
  <link:definitionLink xlink:type="extended" xlink:role="http://disclosure.edinet-fsa.go.jp/role/jppfs/rol_QuarterlyBalanceSheet">
    <link:loc xlink:type="locator" xlink:href="http://disclosure.edinet-fsa.go.jp/taxonomy/jppfs/2021-11-01/jppfs_cor_2021-11-01.xsd#jppfs_cor_AllowanceForDoubtfulAccountsCA" xlink:label="jppfs_cor_AllowanceForDoubtfulAccountsCA" />
    <link:loc xlink:type="locator" xlink:href="http://disclosure.edinet-fsa.go.jp/taxonomy/jppfs/2021-11-01/jppfs_cor_2021-11-01.xsd#jppfs_cor_AllowanceForDoubtfulAccountsIOAByGroup" xlink:label="jppfs_cor_AllowanceForDoubtfulAccountsIOAByGroup" />
    <link:loc xlink:type="locator" xlink:href="http://disclosure.edinet-fsa.go.jp/taxonomy/jppfs/2021-11-01/jppfs_cor_2021-11-01.xsd#jppfs_cor_Assets" xlink:label="jppfs_cor_Assets" />
    <link:loc xlink:type="locator" xlink:href="http://disclosure.edinet-fsa.go.jp/taxonomy/jppfs/2021-11-01/jppfs_cor_2021-11-01.xsd#jppfs_cor_AssetsAbstract" xlink:label="jppfs_cor_AssetsAbstract" />
    <link:loc xlink:type="locator" xlink:href="http://disclosure.edinet-fsa.go.jp/taxonomy/jppfs/2021-11-01/jppfs_cor_2021-11-01.xsd#jppfs_cor_BalanceSheetLineItems" xlink:label="jppfs_cor_BalanceSheetLineItems" />
    <link:loc xlink:type="locator" xlink:href="http://disclosure.edinet-fsa.go.jp/taxonomy/jppfs/2021-11-01/jppfs_cor_2021-11-01.xsd#jppfs_cor_BalanceSheetTable" xlink:label="jppfs_cor_BalanceSheetTable" />
    <link:loc xlink:type="locator" xlink:href="http://disclosure.edinet-fsa.go.jp/taxonomy/jppfs/2021-11-01/jppfs_cor_2021-11-01.xsd#jppfs_cor_BuildingsNet" xlink:label="jppfs_cor_BuildingsNet" />
    <link:loc xlink:type="locator" xlink:href="http://disclosure.edinet-fsa.go.jp/taxonomy/jppfs/2021-11-01/jppfs_cor_2021-11-01.xsd#jppfs_cor_CapitalStock" xlink:label="jppfs_cor_CapitalStock" />
    <link:loc xlink:type="locator" xlink:href="http://disclosure.edinet-fsa.go.jp/taxonomy/jppfs/2021-11-01/jppfs_cor_2021-11-01.xsd#jppfs_cor_CapitalSurplus" xlink:label="jppfs_cor_CapitalSurplus" />
    <link:loc xlink:type="locator" xlink:href="http://disclosure.edinet-fsa.go.jp/taxonomy/jppfs/2021-11-01/jppfs_cor_2021-11-01.xsd#jppfs_cor_CashAndDeposits" xlink:label="jppfs_cor_CashAndDeposits" />
    <link:loc xlink:type="locator" xlink:href="http://disclosure.edinet-fsa.go.jp/taxonomy/jppfs/2021-11-01/jppfs_cor_2021-11-01.xsd#jppfs_cor_ConsolidatedOrNonConsolidatedAxis" xlink:label="jppfs_cor_ConsolidatedOrNonConsolidatedAxis" />
    <link:loc xlink:type="locator" xlink:href="http://disclosure.edinet-fsa.go.jp/taxonomy/jppfs/2021-11-01/jppfs_cor_2021-11-01.xsd#jppfs_cor_CurrentAssets" xlink:label="jppfs_cor_CurrentAssets" />
    <link:loc xlink:type="locator" xlink:href="http://disclosure.edinet-fsa.go.jp/taxonomy/jppfs/2021-11-01/jppfs_cor_2021-11-01.xsd#jppfs_cor_CurrentAssetsAbstract" xlink:label="jppfs_cor_CurrentAssetsAbstract" />
    <link:loc xlink:type="locator" xlink:href="http://disclosure.edinet-fsa.go.jp/taxonomy/jppfs/2021-11-01/jppfs_cor_2021-11-01.xsd#jppfs_cor_CurrentLiabilities" xlink:label="jppfs_cor_CurrentLiabilities" />
    <link:loc xlink:type="locator" xlink:href="http://disclosure.edinet-fsa.go.jp/taxonomy/jppfs/2021-11-01/jppfs_cor_2021-11-01.xsd#jppfs_cor_CurrentLiabilitiesAbstract" xlink:label="jppfs_cor_CurrentLiabilitiesAbstract" />
    <link:loc xlink:type="locator" xlink:href="http://disclosure.edinet-fsa.go.jp/taxonomy/jppfs/2021-11-01/jppfs_cor_2021-11-01.xsd#jppfs_cor_IncomeTaxesPayable" xlink:label="jppfs_cor_IncomeTaxesPayable" />
    <link:loc xlink:type="locator" xlink:href="http://disclosure.edinet-fsa.go.jp/taxonomy/jppfs/2021-11-01/jppfs_cor_2021-11-01.xsd#jppfs_cor_IntangibleAssets" xlink:label="jppfs_cor_IntangibleAssets" />
    <link:loc xlink:type="locator" xlink:href="http://disclosure.edinet-fsa.go.jp/taxonomy/jppfs/2021-11-01/jppfs_cor_2021-11-01.xsd#jppfs_cor_InvestmentsAndOtherAssets" xlink:label="jppfs_cor_InvestmentsAndOtherAssets" />
    <link:loc xlink:type="locator" xlink:href="http://disclosure.edinet-fsa.go.jp/taxonomy/jppfs/2021-11-01/jppfs_cor_2021-11-01.xsd#jppfs_cor_InvestmentsAndOtherAssetsAbstract" xlink:label="jppfs_cor_InvestmentsAndOtherAssetsAbstract" />
    <link:loc xlink:type="locator" xlink:href="http://disclosure.edinet-fsa.go.jp/taxonomy/jppfs/2021-11-01/jppfs_cor_2021-11-01.xsd#jppfs_cor_InvestmentSecurities" xlink:label="jppfs_cor_InvestmentSecurities" />
    <link:loc xlink:type="locator" xlink:href="http://disclosure.edinet-fsa.go.jp/taxonomy/jppfs/2021-11-01/jppfs_cor_2021-11-01.xsd#jppfs_cor_Land" xlink:label="jppfs_cor_Land" />
    <link:loc xlink:type="locator" xlink:href="http://disclosure.edinet-fsa.go.jp/taxonomy/jppfs/2021-11-01/jppfs_cor_2021-11-01.xsd#jppfs_cor_Liabilities" xlink:label="jppfs_cor_Liabilities" />
    <link:loc xlink:type="locator" xlink:href="http://disclosure.edinet-fsa.go.jp/taxonomy/jppfs/2021-11-01/jppfs_cor_2021-11-01.xsd#jppfs_cor_LiabilitiesAbstract" xlink:label="jppfs_cor_LiabilitiesAbstract" />
    <link:loc xlink:type="locator" xlink:href="http://disclosure.edinet-fsa.go.jp/taxonomy/jppfs/2021-11-01/jppfs_cor_2021-11-01.xsd#jppfs_cor_LiabilitiesAndNetAssets" xlink:label="jppfs_cor_LiabilitiesAndNetAssets" />
    <link:loc xlink:type="locator" xlink:href="http://disclosure.edinet-fsa.go.jp/taxonomy/jppfs/2021-11-01/jppfs_cor_2021-11-01.xsd#jppfs_cor_NetAssets" xlink:label="jppfs_cor_NetAssets" />
    <link:loc xlink:type="locator" xlink:href="http://disclosure.edinet-fsa.go.jp/taxonomy/jppfs/2021-11-01/jppfs_cor_2021-11-01.xsd#jppfs_cor_NetAssetsAbstract" xlink:label="jppfs_cor_NetAssetsAbstract" />
    <link:loc xlink:type="locator" xlink:href="http://disclosure.edinet-fsa.go.jp/taxonomy/jppfs/2021-11-01/jppfs_cor_2021-11-01.xsd#jppfs_cor_NonConsolidatedMember" xlink:label="jppfs_cor_NonConsolidatedMember" />
    <link:loc xlink:type="locator" xlink:href="http://disclosure.edinet-fsa.go.jp/taxonomy/jppfs/2021-11-01/jppfs_cor_2021-11-01.xsd#jppfs_cor_NoncurrentAssets" xlink:label="jppfs_cor_NoncurrentAssets" />
    <link:loc xlink:type="locator" xlink:href="http://disclosure.edinet-fsa.go.jp/taxonomy/jppfs/2021-11-01/jppfs_cor_2021-11-01.xsd#jppfs_cor_NoncurrentAssetsAbstract" xlink:label="jppfs_cor_NoncurrentAssetsAbstract" />
    <link:loc xlink:type="locator" xlink:href="http://disclosure.edinet-fsa.go.jp/taxonomy/jppfs/2021-11-01/jppfs_cor_2021-11-01.xsd#jppfs_cor_NoncurrentLiabilities" xlink:label="jppfs_cor_NoncurrentLiabilities" />
    <link:loc xlink:type="locator" xlink:href="http://disclosure.edinet-fsa.go.jp/taxonomy/jppfs/2021-11-01/jppfs_cor_2021-11-01.xsd#jppfs_cor_NoncurrentLiabilitiesAbstract" xlink:label="jppfs_cor_NoncurrentLiabilitiesAbstract" />
    <link:loc xlink:type="locator" xlink:href="http://disclosure.edinet-fsa.go.jp/taxonomy/jppfs/2021-11-01/jppfs_cor_2021-11-01.xsd#jppfs_cor_NotesAndAccountsPayableTrade" xlink:label="jppfs_cor_NotesAndAccountsPayableTrade" />
    <link:loc xlink:type="locator" xlink:href="http://disclosure.edinet-fsa.go.jp/taxonomy/jppfs/2021-11-01/jppfs_cor_2021-11-01.xsd#jppfs_cor_NotesAndAccountsReceivableTrade" xlink:label="jppfs_cor_NotesAndAccountsReceivableTrade" />
    <link:loc xlink:type="locator" xlink:href="http://disclosure.edinet-fsa.go.jp/taxonomy/jppfs/2021-11-01/jppfs_cor_2021-11-01.xsd#jppfs_cor_OtherCA" xlink:label="jppfs_cor_OtherCA" />
    <link:loc xlink:type="locator" xlink:href="http://disclosure.edinet-fsa.go.jp/taxonomy/jppfs/2021-11-01/jppfs_cor_2021-11-01.xsd#jppfs_cor_OtherCL" xlink:label="jppfs_cor_OtherCL" />
    <link:loc xlink:type="locator" xlink:href="http://disclosure.edinet-fsa.go.jp/taxonomy/jppfs/2021-11-01/jppfs_cor_2021-11-01.xsd#jppfs_cor_OtherIOA" xlink:label="jppfs_cor_OtherIOA" />
    <link:loc xlink:type="locator" xlink:href="http://disclosure.edinet-fsa.go.jp/taxonomy/jppfs/2021-11-01/jppfs_cor_2021-11-01.xsd#jppfs_cor_OtherNCL" xlink:label="jppfs_cor_OtherNCL" />
    <link:loc xlink:type="locator" xlink:href="http://disclosure.edinet-fsa.go.jp/taxonomy/jppfs/2021-11-01/jppfs_cor_2021-11-01.xsd#jppfs_cor_OtherNetPPE" xlink:label="jppfs_cor_OtherNetPPE" />
    <link:loc xlink:type="locator" xlink:href="http://disclosure.edinet-fsa.go.jp/taxonomy/jppfs/2021-11-01/jppfs_cor_2021-11-01.xsd#jppfs_cor_PropertyPlantAndEquipment" xlink:label="jppfs_cor_PropertyPlantAndEquipment" />
    <link:loc xlink:type="locator" xlink:href="http://disclosure.edinet-fsa.go.jp/taxonomy/jppfs/2021-11-01/jppfs_cor_2021-11-01.xsd#jppfs_cor_PropertyPlantAndEquipmentAbstract" xlink:label="jppfs_cor_PropertyPlantAndEquipmentAbstract" />
    <link:loc xlink:type="locator" xlink:href="http://disclosure.edinet-fsa.go.jp/taxonomy/jppfs/2021-11-01/jppfs_cor_2021-11-01.xsd#jppfs_cor_ProvisionForBonuses" xlink:label="jppfs_cor_ProvisionForBonuses" />
    <link:loc xlink:type="locator" xlink:href="http://disclosure.edinet-fsa.go.jp/taxonomy/jppfs/2021-11-01/jppfs_cor_2021-11-01.xsd#jppfs_cor_ProvisionForRetirementBenefits" xlink:label="jppfs_cor_ProvisionForRetirementBenefits" />
    <link:loc xlink:type="locator" xlink:href="http://disclosure.edinet-fsa.go.jp/taxonomy/jppfs/2021-11-01/jppfs_cor_2021-11-01.xsd#jppfs_cor_QuarterlyBalanceSheetHeading" xlink:label="jppfs_cor_QuarterlyBalanceSheetHeading" />
    <link:loc xlink:type="locator" xlink:href="http://disclosure.edinet-fsa.go.jp/taxonomy/jppfs/2021-11-01/jppfs_cor_2021-11-01.xsd#jppfs_cor_RealEstateForInvestmentNet" xlink:label="jppfs_cor_RealEstateForInvestmentNet" />
    <link:loc xlink:type="locator" xlink:href="http://disclosure.edinet-fsa.go.jp/taxonomy/jppfs/2021-11-01/jppfs_cor_2021-11-01.xsd#jppfs_cor_RetainedEarnings" xlink:label="jppfs_cor_RetainedEarnings" />
    <link:loc xlink:type="locator" xlink:href="http://disclosure.edinet-fsa.go.jp/taxonomy/jppfs/2021-11-01/jppfs_cor_2021-11-01.xsd#jppfs_cor_ShareholdersEquity" xlink:label="jppfs_cor_ShareholdersEquity" />
    <link:loc xlink:type="locator" xlink:href="http://disclosure.edinet-fsa.go.jp/taxonomy/jppfs/2021-11-01/jppfs_cor_2021-11-01.xsd#jppfs_cor_ShareholdersEquityAbstract" xlink:label="jppfs_cor_ShareholdersEquityAbstract" />
    <link:loc xlink:type="locator" xlink:href="http://disclosure.edinet-fsa.go.jp/taxonomy/jppfs/2021-11-01/jppfs_cor_2021-11-01.xsd#jppfs_cor_ShortTermInvestmentSecurities" xlink:label="jppfs_cor_ShortTermInvestmentSecurities" />
    <link:loc xlink:type="locator" xlink:href="http://disclosure.edinet-fsa.go.jp/taxonomy/jppfs/2021-11-01/jppfs_cor_2021-11-01.xsd#jppfs_cor_ShortTermLoansPayable" xlink:label="jppfs_cor_ShortTermLoansPayable" />
    <link:loc xlink:type="locator" xlink:href="http://disclosure.edinet-fsa.go.jp/taxonomy/jppfs/2021-11-01/jppfs_cor_2021-11-01.xsd#jppfs_cor_TreasuryStock" xlink:label="jppfs_cor_TreasuryStock" />
    <link:loc xlink:type="locator" xlink:href="http://disclosure.edinet-fsa.go.jp/taxonomy/jppfs/2021-11-01/jppfs_cor_2021-11-01.xsd#jppfs_cor_ValuationAndTranslationAdjustments" xlink:label="jppfs_cor_ValuationAndTranslationAdjustments" />
    <link:loc xlink:type="locator" xlink:href="http://disclosure.edinet-fsa.go.jp/taxonomy/jppfs/2021-11-01/jppfs_cor_2021-11-01.xsd#jppfs_cor_ValuationAndTranslationAdjustmentsAbstract" xlink:label="jppfs_cor_ValuationAndTranslationAdjustmentsAbstract" />
    <link:loc xlink:type="locator" xlink:href="http://disclosure.edinet-fsa.go.jp/taxonomy/jppfs/2021-11-01/jppfs_cor_2021-11-01.xsd#jppfs_cor_ValuationDifferenceOnAvailableForSaleSecurities" xlink:label="jppfs_cor_ValuationDifferenceOnAvailableForSaleSecurities" />
    <link:loc xlink:type="locator" xlink:href="http://disclosure.edinet-fsa.go.jp/taxonomy/jppfs/2021-11-01/jppfs_cor_2021-11-01.xsd#jppfs_cor_WorkInProcess" xlink:label="jppfs_cor_WorkInProcess" />
    <link:definitionArc xlink:type="arc" xlink:from="jppfs_cor_BalanceSheetLineItems" xlink:to="jppfs_cor_AssetsAbstract" xlink:arcrole="http://xbrl.org/int/dim/arcrole/domain-member" order="1" />
    <link:definitionArc xlink:type="arc" xlink:from="jppfs_cor_AssetsAbstract" xlink:to="jppfs_cor_CurrentAssetsAbstract" xlink:arcrole="http://xbrl.org/int/dim/arcrole/domain-member" order="1" />
    <link:definitionArc xlink:type="arc" xlink:from="jppfs_cor_AssetsAbstract" xlink:to="jppfs_cor_NoncurrentAssetsAbstract" xlink:arcrole="http://xbrl.org/int/dim/arcrole/domain-member" order="2" />
    <link:definitionArc xlink:type="arc" xlink:from="jppfs_cor_AssetsAbstract" xlink:to="jppfs_cor_Assets" xlink:arcrole="http://xbrl.org/int/dim/arcrole/domain-member" order="3" />
    <link:definitionArc xlink:type="arc" xlink:from="jppfs_cor_BalanceSheetLineItems" xlink:to="jppfs_cor_LiabilitiesAbstract" xlink:arcrole="http://xbrl.org/int/dim/arcrole/domain-member" order="2" />
    <link:definitionArc xlink:type="arc" xlink:from="jppfs_cor_BalanceSheetLineItems" xlink:to="jppfs_cor_NetAssetsAbstract" xlink:arcrole="http://xbrl.org/int/dim/arcrole/domain-member" order="3" />
    <link:definitionArc xlink:type="arc" xlink:from="jppfs_cor_BalanceSheetLineItems" xlink:to="jppfs_cor_LiabilitiesAndNetAssets" xlink:arcrole="http://xbrl.org/int/dim/arcrole/domain-member" order="4" />
    <link:definitionArc xlink:type="arc" xlink:from="jppfs_cor_BalanceSheetTable" xlink:to="jppfs_cor_ConsolidatedOrNonConsolidatedAxis" xlink:arcrole="http://xbrl.org/int/dim/arcrole/hypercube-dimension" order="1" />
    <link:definitionArc xlink:type="arc" xlink:from="jppfs_cor_ConsolidatedOrNonConsolidatedAxis" xlink:to="jppfs_cor_NonConsolidatedMember" xlink:arcrole="http://xbrl.org/int/dim/arcrole/dimension-domain" order="1" />
    <link:definitionArc xlink:type="arc" xlink:from="jppfs_cor_CurrentAssetsAbstract" xlink:to="jppfs_cor_CashAndDeposits" xlink:arcrole="http://xbrl.org/int/dim/arcrole/domain-member" order="1" />
    <link:definitionArc xlink:type="arc" xlink:from="jppfs_cor_CurrentAssetsAbstract" xlink:to="jppfs_cor_NotesAndAccountsReceivableTrade" xlink:arcrole="http://xbrl.org/int/dim/arcrole/domain-member" order="2" />
    <link:definitionArc xlink:type="arc" xlink:from="jppfs_cor_CurrentAssetsAbstract" xlink:to="jppfs_cor_ShortTermInvestmentSecurities" xlink:arcrole="http://xbrl.org/int/dim/arcrole/domain-member" order="3" />
    <link:definitionArc xlink:type="arc" xlink:from="jppfs_cor_CurrentAssetsAbstract" xlink:to="jppfs_cor_WorkInProcess" xlink:arcrole="http://xbrl.org/int/dim/arcrole/domain-member" order="4" />
    <link:definitionArc xlink:type="arc" xlink:from="jppfs_cor_CurrentAssetsAbstract" xlink:to="jppfs_cor_OtherCA" xlink:arcrole="http://xbrl.org/int/dim/arcrole/domain-member" order="5" />
    <link:definitionArc xlink:type="arc" xlink:from="jppfs_cor_CurrentAssetsAbstract" xlink:to="jppfs_cor_AllowanceForDoubtfulAccountsCA" xlink:arcrole="http://xbrl.org/int/dim/arcrole/domain-member" order="6" />
    <link:definitionArc xlink:type="arc" xlink:from="jppfs_cor_CurrentAssetsAbstract" xlink:to="jppfs_cor_CurrentAssets" xlink:arcrole="http://xbrl.org/int/dim/arcrole/domain-member" order="7" />
    <link:definitionArc xlink:type="arc" xlink:from="jppfs_cor_CurrentLiabilitiesAbstract" xlink:to="jppfs_cor_NotesAndAccountsPayableTrade" xlink:arcrole="http://xbrl.org/int/dim/arcrole/domain-member" order="1" />
    <link:definitionArc xlink:type="arc" xlink:from="jppfs_cor_CurrentLiabilitiesAbstract" xlink:to="jppfs_cor_ShortTermLoansPayable" xlink:arcrole="http://xbrl.org/int/dim/arcrole/domain-member" order="2" />
    <link:definitionArc xlink:type="arc" xlink:from="jppfs_cor_CurrentLiabilitiesAbstract" xlink:to="jppfs_cor_IncomeTaxesPayable" xlink:arcrole="http://xbrl.org/int/dim/arcrole/domain-member" order="3" />
    <link:definitionArc xlink:type="arc" xlink:from="jppfs_cor_CurrentLiabilitiesAbstract" xlink:to="jppfs_cor_ProvisionForBonuses" xlink:arcrole="http://xbrl.org/int/dim/arcrole/domain-member" order="4" />
    <link:definitionArc xlink:type="arc" xlink:from="jppfs_cor_CurrentLiabilitiesAbstract" xlink:to="jppfs_cor_OtherCL" xlink:arcrole="http://xbrl.org/int/dim/arcrole/domain-member" order="5" />
    <link:definitionArc xlink:type="arc" xlink:from="jppfs_cor_CurrentLiabilitiesAbstract" xlink:to="jppfs_cor_CurrentLiabilities" xlink:arcrole="http://xbrl.org/int/dim/arcrole/domain-member" order="6" />
    <link:definitionArc xlink:type="arc" xlink:from="jppfs_cor_NoncurrentAssetsAbstract" xlink:to="jppfs_cor_InvestmentsAndOtherAssetsAbstract" xlink:arcrole="http://xbrl.org/int/dim/arcrole/domain-member" order="3" />
    <link:definitionArc xlink:type="arc" xlink:from="jppfs_cor_InvestmentsAndOtherAssetsAbstract" xlink:to="jppfs_cor_InvestmentSecurities" xlink:arcrole="http://xbrl.org/int/dim/arcrole/domain-member" order="1" />
    <link:definitionArc xlink:type="arc" xlink:from="jppfs_cor_InvestmentsAndOtherAssetsAbstract" xlink:to="jppfs_cor_RealEstateForInvestmentNet" xlink:arcrole="http://xbrl.org/int/dim/arcrole/domain-member" order="2" />
    <link:definitionArc xlink:type="arc" xlink:from="jppfs_cor_InvestmentsAndOtherAssetsAbstract" xlink:to="jppfs_cor_OtherIOA" xlink:arcrole="http://xbrl.org/int/dim/arcrole/domain-member" order="3" />
    <link:definitionArc xlink:type="arc" xlink:from="jppfs_cor_InvestmentsAndOtherAssetsAbstract" xlink:to="jppfs_cor_AllowanceForDoubtfulAccountsIOAByGroup" xlink:arcrole="http://xbrl.org/int/dim/arcrole/domain-member" order="4" />
    <link:definitionArc xlink:type="arc" xlink:from="jppfs_cor_InvestmentsAndOtherAssetsAbstract" xlink:to="jppfs_cor_InvestmentsAndOtherAssets" xlink:arcrole="http://xbrl.org/int/dim/arcrole/domain-member" order="5" />
    <link:definitionArc xlink:type="arc" xlink:from="jppfs_cor_LiabilitiesAbstract" xlink:to="jppfs_cor_CurrentLiabilitiesAbstract" xlink:arcrole="http://xbrl.org/int/dim/arcrole/domain-member" order="1" />
    <link:definitionArc xlink:type="arc" xlink:from="jppfs_cor_LiabilitiesAbstract" xlink:to="jppfs_cor_NoncurrentLiabilitiesAbstract" xlink:arcrole="http://xbrl.org/int/dim/arcrole/domain-member" order="2" />
    <link:definitionArc xlink:type="arc" xlink:from="jppfs_cor_LiabilitiesAbstract" xlink:to="jppfs_cor_Liabilities" xlink:arcrole="http://xbrl.org/int/dim/arcrole/domain-member" order="3" />
    <link:definitionArc xlink:type="arc" xlink:from="jppfs_cor_NetAssetsAbstract" xlink:to="jppfs_cor_ShareholdersEquityAbstract" xlink:arcrole="http://xbrl.org/int/dim/arcrole/domain-member" order="1" />
    <link:definitionArc xlink:type="arc" xlink:from="jppfs_cor_NetAssetsAbstract" xlink:to="jppfs_cor_ValuationAndTranslationAdjustmentsAbstract" xlink:arcrole="http://xbrl.org/int/dim/arcrole/domain-member" order="2" />
    <link:definitionArc xlink:type="arc" xlink:from="jppfs_cor_NetAssetsAbstract" xlink:to="jppfs_cor_NetAssets" xlink:arcrole="http://xbrl.org/int/dim/arcrole/domain-member" order="3" />
    <link:definitionArc xlink:type="arc" xlink:from="jppfs_cor_NoncurrentAssetsAbstract" xlink:to="jppfs_cor_PropertyPlantAndEquipmentAbstract" xlink:arcrole="http://xbrl.org/int/dim/arcrole/domain-member" order="1" />
    <link:definitionArc xlink:type="arc" xlink:from="jppfs_cor_NoncurrentAssetsAbstract" xlink:to="jppfs_cor_IntangibleAssets" xlink:arcrole="http://xbrl.org/int/dim/arcrole/domain-member" order="2" />
    <link:definitionArc xlink:type="arc" xlink:from="jppfs_cor_NoncurrentAssetsAbstract" xlink:to="jppfs_cor_NoncurrentAssets" xlink:arcrole="http://xbrl.org/int/dim/arcrole/domain-member" order="4" />
    <link:definitionArc xlink:type="arc" xlink:from="jppfs_cor_NoncurrentLiabilitiesAbstract" xlink:to="jppfs_cor_ProvisionForRetirementBenefits" xlink:arcrole="http://xbrl.org/int/dim/arcrole/domain-member" order="1" />
    <link:definitionArc xlink:type="arc" xlink:from="jppfs_cor_NoncurrentLiabilitiesAbstract" xlink:to="jppfs_cor_OtherNCL" xlink:arcrole="http://xbrl.org/int/dim/arcrole/domain-member" order="2" />
    <link:definitionArc xlink:type="arc" xlink:from="jppfs_cor_NoncurrentLiabilitiesAbstract" xlink:to="jppfs_cor_NoncurrentLiabilities" xlink:arcrole="http://xbrl.org/int/dim/arcrole/domain-member" order="3" />
    <link:definitionArc xlink:type="arc" xlink:from="jppfs_cor_PropertyPlantAndEquipmentAbstract" xlink:to="jppfs_cor_BuildingsNet" xlink:arcrole="http://xbrl.org/int/dim/arcrole/domain-member" order="1" />
    <link:definitionArc xlink:type="arc" xlink:from="jppfs_cor_PropertyPlantAndEquipmentAbstract" xlink:to="jppfs_cor_Land" xlink:arcrole="http://xbrl.org/int/dim/arcrole/domain-member" order="2" />
    <link:definitionArc xlink:type="arc" xlink:from="jppfs_cor_PropertyPlantAndEquipmentAbstract" xlink:to="jppfs_cor_OtherNetPPE" xlink:arcrole="http://xbrl.org/int/dim/arcrole/domain-member" order="3" />
    <link:definitionArc xlink:type="arc" xlink:from="jppfs_cor_PropertyPlantAndEquipmentAbstract" xlink:to="jppfs_cor_PropertyPlantAndEquipment" xlink:arcrole="http://xbrl.org/int/dim/arcrole/domain-member" order="4" />
    <link:definitionArc xlink:type="arc" xlink:from="jppfs_cor_QuarterlyBalanceSheetHeading" xlink:to="jppfs_cor_BalanceSheetTable" xlink:arcrole="http://xbrl.org/int/dim/arcrole/all" xbrldt:contextElement="scenario" xbrldt:closed="true" order="1" />
    <link:definitionArc xlink:type="arc" xlink:from="jppfs_cor_QuarterlyBalanceSheetHeading" xlink:to="jppfs_cor_BalanceSheetLineItems" xlink:arcrole="http://xbrl.org/int/dim/arcrole/domain-member" order="2" />
    <link:definitionArc xlink:type="arc" xlink:from="jppfs_cor_ShareholdersEquityAbstract" xlink:to="jppfs_cor_CapitalStock" xlink:arcrole="http://xbrl.org/int/dim/arcrole/domain-member" order="1" />
    <link:definitionArc xlink:type="arc" xlink:from="jppfs_cor_ShareholdersEquityAbstract" xlink:to="jppfs_cor_CapitalSurplus" xlink:arcrole="http://xbrl.org/int/dim/arcrole/domain-member" order="2" />
    <link:definitionArc xlink:type="arc" xlink:from="jppfs_cor_ShareholdersEquityAbstract" xlink:to="jppfs_cor_RetainedEarnings" xlink:arcrole="http://xbrl.org/int/dim/arcrole/domain-member" order="3" />
    <link:definitionArc xlink:type="arc" xlink:from="jppfs_cor_ShareholdersEquityAbstract" xlink:to="jppfs_cor_TreasuryStock" xlink:arcrole="http://xbrl.org/int/dim/arcrole/domain-member" order="4" />
    <link:definitionArc xlink:type="arc" xlink:from="jppfs_cor_ShareholdersEquityAbstract" xlink:to="jppfs_cor_ShareholdersEquity" xlink:arcrole="http://xbrl.org/int/dim/arcrole/domain-member" order="5" />
    <link:definitionArc xlink:type="arc" xlink:from="jppfs_cor_ValuationAndTranslationAdjustmentsAbstract" xlink:to="jppfs_cor_ValuationDifferenceOnAvailableForSaleSecurities" xlink:arcrole="http://xbrl.org/int/dim/arcrole/domain-member" order="1" />
    <link:definitionArc xlink:type="arc" xlink:from="jppfs_cor_ValuationAndTranslationAdjustmentsAbstract" xlink:to="jppfs_cor_ValuationAndTranslationAdjustments" xlink:arcrole="http://xbrl.org/int/dim/arcrole/domain-member" order="2" />
  </link:definitionLink>
  <link:definitionLink xlink:type="extended" xlink:role="http://disclosure.edinet-fsa.go.jp/role/jppfs/rol_YearToQuarterEndStatementOfIncome">
    <link:loc xlink:type="locator" xlink:href="http://disclosure.edinet-fsa.go.jp/taxonomy/jppfs/2021-11-01/jppfs_cor_2021-11-01.xsd#jppfs_cor_ConsolidatedOrNonConsolidatedAxis" xlink:label="jppfs_cor_ConsolidatedOrNonConsolidatedAxis" />
    <link:loc xlink:type="locator" xlink:href="http://disclosure.edinet-fsa.go.jp/taxonomy/jppfs/2021-11-01/jppfs_cor_2021-11-01.xsd#jppfs_cor_CostOfSales" xlink:label="jppfs_cor_CostOfSales" />
    <link:loc xlink:type="locator" xlink:href="http://disclosure.edinet-fsa.go.jp/taxonomy/jppfs/2021-11-01/jppfs_cor_2021-11-01.xsd#jppfs_cor_DividendsIncomeNOI" xlink:label="jppfs_cor_DividendsIncomeNOI" />
    <link:loc xlink:type="locator" xlink:href="http://disclosure.edinet-fsa.go.jp/taxonomy/jppfs/2021-11-01/jppfs_cor_2021-11-01.xsd#jppfs_cor_GrossProfit" xlink:label="jppfs_cor_GrossProfit" />
    <link:loc xlink:type="locator" xlink:href="http://disclosure.edinet-fsa.go.jp/taxonomy/jppfs/2021-11-01/jppfs_cor_2021-11-01.xsd#jppfs_cor_IncomeBeforeIncomeTaxes" xlink:label="jppfs_cor_IncomeBeforeIncomeTaxes" />
    <link:loc xlink:type="locator" xlink:href="http://disclosure.edinet-fsa.go.jp/taxonomy/jppfs/2021-11-01/jppfs_cor_2021-11-01.xsd#jppfs_cor_IncomeTaxes" xlink:label="jppfs_cor_IncomeTaxes" />
    <link:loc xlink:type="locator" xlink:href="http://disclosure.edinet-fsa.go.jp/taxonomy/jppfs/2021-11-01/jppfs_cor_2021-11-01.xsd#jppfs_cor_IncomeTaxesCurrent" xlink:label="jppfs_cor_IncomeTaxesCurrent" />
    <link:loc xlink:type="locator" xlink:href="http://disclosure.edinet-fsa.go.jp/taxonomy/jppfs/2021-11-01/jppfs_cor_2021-11-01.xsd#jppfs_cor_IncomeTaxesDeferred" xlink:label="jppfs_cor_IncomeTaxesDeferred" />
    <link:loc xlink:type="locator" xlink:href="http://disclosure.edinet-fsa.go.jp/taxonomy/jppfs/2021-11-01/jppfs_cor_2021-11-01.xsd#jppfs_cor_InterestExpensesNOE" xlink:label="jppfs_cor_InterestExpensesNOE" />
    <link:loc xlink:type="locator" xlink:href="http://disclosure.edinet-fsa.go.jp/taxonomy/jppfs/2021-11-01/jppfs_cor_2021-11-01.xsd#jppfs_cor_InterestIncomeNOI" xlink:label="jppfs_cor_InterestIncomeNOI" />
    <link:loc xlink:type="locator" xlink:href="http://disclosure.edinet-fsa.go.jp/taxonomy/jppfs/2021-11-01/jppfs_cor_2021-11-01.xsd#jppfs_cor_NetSales" xlink:label="jppfs_cor_NetSales" />
    <link:loc xlink:type="locator" xlink:href="http://disclosure.edinet-fsa.go.jp/taxonomy/jppfs/2021-11-01/jppfs_cor_2021-11-01.xsd#jppfs_cor_NonConsolidatedMember" xlink:label="jppfs_cor_NonConsolidatedMember" />
    <link:loc xlink:type="locator" xlink:href="http://disclosure.edinet-fsa.go.jp/taxonomy/jppfs/2021-11-01/jppfs_cor_2021-11-01.xsd#jppfs_cor_NonOperatingExpenses" xlink:label="jppfs_cor_NonOperatingExpenses" />
    <link:loc xlink:type="locator" xlink:href="http://disclosure.edinet-fsa.go.jp/taxonomy/jppfs/2021-11-01/jppfs_cor_2021-11-01.xsd#jppfs_cor_NonOperatingExpensesAbstract" xlink:label="jppfs_cor_NonOperatingExpensesAbstract" />
    <link:loc xlink:type="locator" xlink:href="http://disclosure.edinet-fsa.go.jp/taxonomy/jppfs/2021-11-01/jppfs_cor_2021-11-01.xsd#jppfs_cor_NonOperatingIncome" xlink:label="jppfs_cor_NonOperatingIncome" />
    <link:loc xlink:type="locator" xlink:href="http://disclosure.edinet-fsa.go.jp/taxonomy/jppfs/2021-11-01/jppfs_cor_2021-11-01.xsd#jppfs_cor_NonOperatingIncomeAbstract" xlink:label="jppfs_cor_NonOperatingIncomeAbstract" />
    <link:loc xlink:type="locator" xlink:href="http://disclosure.edinet-fsa.go.jp/taxonomy/jppfs/2021-11-01/jppfs_cor_2021-11-01.xsd#jppfs_cor_OperatingIncome" xlink:label="jppfs_cor_OperatingIncome" />
    <link:loc xlink:type="locator" xlink:href="http://disclosure.edinet-fsa.go.jp/taxonomy/jppfs/2021-11-01/jppfs_cor_2021-11-01.xsd#jppfs_cor_OrdinaryIncome" xlink:label="jppfs_cor_OrdinaryIncome" />
    <link:loc xlink:type="locator" xlink:href="http://disclosure.edinet-fsa.go.jp/taxonomy/jppfs/2021-11-01/jppfs_cor_2021-11-01.xsd#jppfs_cor_OtherNOE" xlink:label="jppfs_cor_OtherNOE" />
    <link:loc xlink:type="locator" xlink:href="http://disclosure.edinet-fsa.go.jp/taxonomy/jppfs/2021-11-01/jppfs_cor_2021-11-01.xsd#jppfs_cor_OtherNOI" xlink:label="jppfs_cor_OtherNOI" />
    <link:loc xlink:type="locator" xlink:href="http://disclosure.edinet-fsa.go.jp/taxonomy/jppfs/2021-11-01/jppfs_cor_2021-11-01.xsd#jppfs_cor_ProfitLoss" xlink:label="jppfs_cor_ProfitLoss" />
    <link:loc xlink:type="locator" xlink:href="http://disclosure.edinet-fsa.go.jp/taxonomy/jppfs/2021-11-01/jppfs_cor_2021-11-01.xsd#jppfs_cor_RealEstateRentNOI" xlink:label="jppfs_cor_RealEstateRentNOI" />
    <link:loc xlink:type="locator" xlink:href="http://disclosure.edinet-fsa.go.jp/taxonomy/jppfs/2021-11-01/jppfs_cor_2021-11-01.xsd#jppfs_cor_RentExpensesOnRealEstatesNOE" xlink:label="jppfs_cor_RentExpensesOnRealEstatesNOE" />
    <link:loc xlink:type="locator" xlink:href="http://disclosure.edinet-fsa.go.jp/taxonomy/jppfs/2021-11-01/jppfs_cor_2021-11-01.xsd#jppfs_cor_SellingGeneralAndAdministrativeExpenses" xlink:label="jppfs_cor_SellingGeneralAndAdministrativeExpenses" />
    <link:loc xlink:type="locator" xlink:href="http://disclosure.edinet-fsa.go.jp/taxonomy/jppfs/2021-11-01/jppfs_cor_2021-11-01.xsd#jppfs_cor_StatementOfIncomeLineItems" xlink:label="jppfs_cor_StatementOfIncomeLineItems" />
    <link:loc xlink:type="locator" xlink:href="http://disclosure.edinet-fsa.go.jp/taxonomy/jppfs/2021-11-01/jppfs_cor_2021-11-01.xsd#jppfs_cor_StatementOfIncomeTable" xlink:label="jppfs_cor_StatementOfIncomeTable" />
    <link:loc xlink:type="locator" xlink:href="http://disclosure.edinet-fsa.go.jp/taxonomy/jppfs/2021-11-01/jppfs_cor_2021-11-01.xsd#jppfs_cor_SubsidyIncomeNOIBounty" xlink:label="jppfs_cor_SubsidyIncomeNOIBounty" />
    <link:loc xlink:type="locator" xlink:href="http://disclosure.edinet-fsa.go.jp/taxonomy/jppfs/2021-11-01/jppfs_cor_2021-11-01.xsd#jppfs_cor_YearToQuarterEndStatementOfIncomeHeading" xlink:label="jppfs_cor_YearToQuarterEndStatementOfIncomeHeading" />
    <link:definitionArc xlink:type="arc" xlink:from="jppfs_cor_ConsolidatedOrNonConsolidatedAxis" xlink:to="jppfs_cor_NonConsolidatedMember" xlink:arcrole="http://xbrl.org/int/dim/arcrole/dimension-domain" order="1" />
    <link:definitionArc xlink:type="arc" xlink:from="jppfs_cor_NonOperatingExpensesAbstract" xlink:to="jppfs_cor_RentExpensesOnRealEstatesNOE" xlink:arcrole="http://xbrl.org/int/dim/arcrole/domain-member" order="1" />
    <link:definitionArc xlink:type="arc" xlink:from="jppfs_cor_NonOperatingExpensesAbstract" xlink:to="jppfs_cor_InterestExpensesNOE" xlink:arcrole="http://xbrl.org/int/dim/arcrole/domain-member" order="2" />
    <link:definitionArc xlink:type="arc" xlink:from="jppfs_cor_NonOperatingExpensesAbstract" xlink:to="jppfs_cor_OtherNOE" xlink:arcrole="http://xbrl.org/int/dim/arcrole/domain-member" order="3" />
    <link:definitionArc xlink:type="arc" xlink:from="jppfs_cor_NonOperatingExpensesAbstract" xlink:to="jppfs_cor_NonOperatingExpenses" xlink:arcrole="http://xbrl.org/int/dim/arcrole/domain-member" order="4" />
    <link:definitionArc xlink:type="arc" xlink:from="jppfs_cor_NonOperatingIncomeAbstract" xlink:to="jppfs_cor_InterestIncomeNOI" xlink:arcrole="http://xbrl.org/int/dim/arcrole/domain-member" order="1" />
    <link:definitionArc xlink:type="arc" xlink:from="jppfs_cor_NonOperatingIncomeAbstract" xlink:to="jppfs_cor_RealEstateRentNOI" xlink:arcrole="http://xbrl.org/int/dim/arcrole/domain-member" order="2" />
    <link:definitionArc xlink:type="arc" xlink:from="jppfs_cor_NonOperatingIncomeAbstract" xlink:to="jppfs_cor_DividendsIncomeNOI" xlink:arcrole="http://xbrl.org/int/dim/arcrole/domain-member" order="3" />
    <link:definitionArc xlink:type="arc" xlink:from="jppfs_cor_NonOperatingIncomeAbstract" xlink:to="jppfs_cor_SubsidyIncomeNOIBounty" xlink:arcrole="http://xbrl.org/int/dim/arcrole/domain-member" order="4" />
    <link:definitionArc xlink:type="arc" xlink:from="jppfs_cor_NonOperatingIncomeAbstract" xlink:to="jppfs_cor_OtherNOI" xlink:arcrole="http://xbrl.org/int/dim/arcrole/domain-member" order="5" />
    <link:definitionArc xlink:type="arc" xlink:from="jppfs_cor_NonOperatingIncomeAbstract" xlink:to="jppfs_cor_NonOperatingIncome" xlink:arcrole="http://xbrl.org/int/dim/arcrole/domain-member" order="6" />
    <link:definitionArc xlink:type="arc" xlink:from="jppfs_cor_YearToQuarterEndStatementOfIncomeHeading" xlink:to="jppfs_cor_StatementOfIncomeLineItems" xlink:arcrole="http://xbrl.org/int/dim/arcrole/domain-member" order="2" />
    <link:definitionArc xlink:type="arc" xlink:from="jppfs_cor_StatementOfIncomeLineItems" xlink:to="jppfs_cor_NetSales" xlink:arcrole="http://xbrl.org/int/dim/arcrole/domain-member" order="1" />
    <link:definitionArc xlink:type="arc" xlink:from="jppfs_cor_StatementOfIncomeLineItems" xlink:to="jppfs_cor_CostOfSales" xlink:arcrole="http://xbrl.org/int/dim/arcrole/domain-member" order="2" />
    <link:definitionArc xlink:type="arc" xlink:from="jppfs_cor_StatementOfIncomeLineItems" xlink:to="jppfs_cor_GrossProfit" xlink:arcrole="http://xbrl.org/int/dim/arcrole/domain-member" order="3" />
    <link:definitionArc xlink:type="arc" xlink:from="jppfs_cor_StatementOfIncomeLineItems" xlink:to="jppfs_cor_SellingGeneralAndAdministrativeExpenses" xlink:arcrole="http://xbrl.org/int/dim/arcrole/domain-member" order="4" />
    <link:definitionArc xlink:type="arc" xlink:from="jppfs_cor_StatementOfIncomeLineItems" xlink:to="jppfs_cor_OperatingIncome" xlink:arcrole="http://xbrl.org/int/dim/arcrole/domain-member" order="5" />
    <link:definitionArc xlink:type="arc" xlink:from="jppfs_cor_StatementOfIncomeLineItems" xlink:to="jppfs_cor_NonOperatingIncomeAbstract" xlink:arcrole="http://xbrl.org/int/dim/arcrole/domain-member" order="6" />
    <link:definitionArc xlink:type="arc" xlink:from="jppfs_cor_StatementOfIncomeLineItems" xlink:to="jppfs_cor_NonOperatingExpensesAbstract" xlink:arcrole="http://xbrl.org/int/dim/arcrole/domain-member" order="7" />
    <link:definitionArc xlink:type="arc" xlink:from="jppfs_cor_StatementOfIncomeLineItems" xlink:to="jppfs_cor_OrdinaryIncome" xlink:arcrole="http://xbrl.org/int/dim/arcrole/domain-member" order="8" />
    <link:definitionArc xlink:type="arc" xlink:from="jppfs_cor_StatementOfIncomeLineItems" xlink:to="jppfs_cor_IncomeBeforeIncomeTaxes" xlink:arcrole="http://xbrl.org/int/dim/arcrole/domain-member" order="9" />
    <link:definitionArc xlink:type="arc" xlink:from="jppfs_cor_StatementOfIncomeLineItems" xlink:to="jppfs_cor_IncomeTaxesCurrent" xlink:arcrole="http://xbrl.org/int/dim/arcrole/domain-member" order="10" />
    <link:definitionArc xlink:type="arc" xlink:from="jppfs_cor_StatementOfIncomeLineItems" xlink:to="jppfs_cor_IncomeTaxesDeferred" xlink:arcrole="http://xbrl.org/int/dim/arcrole/domain-member" order="11" />
    <link:definitionArc xlink:type="arc" xlink:from="jppfs_cor_StatementOfIncomeLineItems" xlink:to="jppfs_cor_IncomeTaxes" xlink:arcrole="http://xbrl.org/int/dim/arcrole/domain-member" order="12" />
    <link:definitionArc xlink:type="arc" xlink:from="jppfs_cor_StatementOfIncomeLineItems" xlink:to="jppfs_cor_ProfitLoss" xlink:arcrole="http://xbrl.org/int/dim/arcrole/domain-member" order="13" />
    <link:definitionArc xlink:type="arc" xlink:from="jppfs_cor_YearToQuarterEndStatementOfIncomeHeading" xlink:to="jppfs_cor_StatementOfIncomeTable" xlink:arcrole="http://xbrl.org/int/dim/arcrole/all" xbrldt:contextElement="scenario" xbrldt:closed="true" order="1" />
    <link:definitionArc xlink:type="arc" xlink:from="jppfs_cor_StatementOfIncomeTable" xlink:to="jppfs_cor_ConsolidatedOrNonConsolidatedAxis" xlink:arcrole="http://xbrl.org/int/dim/arcrole/hypercube-dimension" order="1" />
  </link:definitionLink>
</link:linkbase>