<?xml version="1.0" encoding="utf-8"?>
<!-- Generated by PRONEXUS WORKS --><link:linkbase xmlns:link="http://www.xbrl.org/2003/linkbase" xmlns:xsi="http://www.w3.org/2001/XMLSchema-instance" xmlns:xbrli="http://www.xbrl.org/2003/instance" xmlns:xlink="http://www.w3.org/1999/xlink">  <link:labelLink xlink:type="extended" xlink:role="http://www.xbrl.org/2003/role/link">    <link:loc xlink:type="locator" xlink:href="tse-qcedjpfr-85110-2022-09-30-01-2022-11-07.xsd#tse-qcedjpfr-85110_BranchTransferExpensesEL" xlink:label="BranchTransferExpensesEL" />    <link:label xlink:type="resource" xlink:label="label_BranchTransferExpensesEL" xml:lang="ja" xlink:role="http://www.xbrl.org/2003/role/label" id="label_BranchTransferExpensesEL">支社移転費用</link:label>    <link:labelArc xlink:type="arc" xlink:arcrole="http://www.xbrl.org/2003/arcrole/concept-label" xlink:from="BranchTransferExpensesEL" xlink:to="label_BranchTransferExpensesEL" />    <link:label xlink:type="resource" xlink:label="label_BranchTransferExpensesEL_2" xml:lang="ja" xlink:role="http://www.xbrl.org/2003/role/verboseLabel" id="label_BranchTransferExpensesEL_2">支社移転費用、特別損失</link:label>    <link:labelArc xlink:type="arc" xlink:arcrole="http://www.xbrl.org/2003/arcrole/concept-label" xlink:from="BranchTransferExpensesEL" xlink:to="label_BranchTransferExpensesEL_2" />  </link:labelLink></link:linkbase>