<?xml version="1.0" encoding="utf-8"?>
<!-- Generated by PRONEXUS WORKS --><link:linkbase xmlns:link="http://www.xbrl.org/2003/linkbase" xmlns:xsi="http://www.w3.org/2001/XMLSchema-instance" xmlns:xbrli="http://www.xbrl.org/2003/instance" xmlns:xlink="http://www.w3.org/1999/xlink">  <link:labelLink xlink:type="extended" xlink:role="http://www.xbrl.org/2003/role/link">    <link:loc xlink:type="locator" xlink:href="tse-qcedjpfr-79420-2022-09-30-01-2022-10-31.xsd#tse-qcedjpfr-79420_LossOnFireOpeCF" xlink:label="LossOnFireOpeCF" />    <link:loc xlink:type="locator" xlink:href="tse-qcedjpfr-79420-2022-09-30-01-2022-10-31.xsd#tse-qcedjpfr-79420_OperationPreparationExpensesNOE" xlink:label="OperationPreparationExpensesNOE" />    <link:loc xlink:type="locator" xlink:href="tse-qcedjpfr-79420-2022-09-30-01-2022-10-31.xsd#tse-qcedjpfr-79420_LossOnFireEL" xlink:label="LossOnFireEL" />    <link:loc xlink:type="locator" xlink:href="tse-qcedjpfr-79420-2022-09-30-01-2022-10-31.xsd#tse-qcedjpfr-79420_GainOnRecoveryOfMoneyTransferScamAtSubsidiaryEI" xlink:label="GainOnRecoveryOfMoneyTransferScamAtSubsidiaryEI" />    <link:loc xlink:type="locator" xlink:href="tse-qcedjpfr-79420-2022-09-30-01-2022-10-31.xsd#tse-qcedjpfr-79420_GainOnRecoveryOfMoneyTransferScamAtSubsidiaryOpeCF" xlink:label="GainOnRecoveryOfMoneyTransferScamAtSubsidiaryOpeCF" />    <link:loc xlink:type="locator" xlink:href="tse-qcedjpfr-79420-2022-09-30-01-2022-10-31.xsd#tse-qcedjpfr-79420_GainOnRecoveryOfMoneyTransferScamAtSubsidiaryOpeCFSubtotal" xlink:label="GainOnRecoveryOfMoneyTransferScamAtSubsidiaryOpeCFSubtotal" />    <link:loc xlink:type="locator" xlink:href="tse-qcedjpfr-79420-2022-09-30-01-2022-10-31.xsd#tse-qcedjpfr-79420_LossOnDisasterNOE" xlink:label="LossOnDisasterNOE" />    <link:loc xlink:type="locator" xlink:href="tse-qcedjpfr-79420-2022-09-30-01-2022-10-31.xsd#tse-qcedjpfr-79420_PurchaseOfInvestmentsInCapitalOfAssociatesInvCF" xlink:label="PurchaseOfInvestmentsInCapitalOfAssociatesInvCF" />    <link:label xlink:type="resource" xlink:label="label_PurchaseOfInvestmentsInCapitalOfAssociatesInvCF" xml:lang="ja" xlink:role="http://www.xbrl.org/2003/role/label" id="label_PurchaseOfInvestmentsInCapitalOfAssociatesInvCF">関係会社出資金の取得による支出</link:label>    <link:labelArc xlink:type="arc" xlink:arcrole="http://www.xbrl.org/2003/arcrole/concept-label" xlink:from="PurchaseOfInvestmentsInCapitalOfAssociatesInvCF" xlink:to="label_PurchaseOfInvestmentsInCapitalOfAssociatesInvCF" />    <link:label xlink:type="resource" xlink:label="label_PurchaseOfInvestmentsInCapitalOfAssociatesInvCF_2" xml:lang="ja" xlink:role="http://www.xbrl.org/2003/role/verboseLabel" id="label_PurchaseOfInvestmentsInCapitalOfAssociatesInvCF_2">関係会社出資金の取得による支出、投資活動によるキャッシュ・フロー</link:label>    <link:labelArc xlink:type="arc" xlink:arcrole="http://www.xbrl.org/2003/arcrole/concept-label" xlink:from="PurchaseOfInvestmentsInCapitalOfAssociatesInvCF" xlink:to="label_PurchaseOfInvestmentsInCapitalOfAssociatesInvCF_2" />    <link:label xlink:type="resource" xlink:label="label_LossOnFireOpeCF" xml:lang="ja" xlink:role="http://www.xbrl.org/2003/role/label" id="label_LossOnFireOpeCF">火災による損失</link:label>    <link:labelArc xlink:type="arc" xlink:arcrole="http://www.xbrl.org/2003/arcrole/concept-label" xlink:from="LossOnFireOpeCF" xlink:to="label_LossOnFireOpeCF" />    <link:label xlink:type="resource" xlink:label="label_LossOnFireOpeCF_2" xml:lang="ja" xlink:role="http://www.xbrl.org/2003/role/verboseLabel" id="label_LossOnFireOpeCF_2">火災による損失、営業活動によるキャッシュ・フロー</link:label>    <link:labelArc xlink:type="arc" xlink:arcrole="http://www.xbrl.org/2003/arcrole/concept-label" xlink:from="LossOnFireOpeCF" xlink:to="label_LossOnFireOpeCF_2" />    <link:label xlink:type="resource" xlink:label="label_GainOnRecoveryOfMoneyTransferScamAtSubsidiaryOpeCF" xml:lang="ja" xlink:role="http://www.xbrl.org/2003/role/label" id="label_GainOnRecoveryOfMoneyTransferScamAtSubsidiaryOpeCF">子会社における送金詐欺回収益</link:label>    <link:labelArc xlink:type="arc" xlink:arcrole="http://www.xbrl.org/2003/arcrole/concept-label" xlink:from="GainOnRecoveryOfMoneyTransferScamAtSubsidiaryOpeCF" xlink:to="label_GainOnRecoveryOfMoneyTransferScamAtSubsidiaryOpeCF" />    <link:label xlink:type="resource" xlink:label="label_GainOnRecoveryOfMoneyTransferScamAtSubsidiaryOpeCF_2" xml:lang="ja" xlink:role="http://www.xbrl.org/2003/role/verboseLabel" id="label_GainOnRecoveryOfMoneyTransferScamAtSubsidiaryOpeCF_2">子会社における送金詐欺回収益、営業活動によるキャッシュ・フロー</link:label>    <link:labelArc xlink:type="arc" xlink:arcrole="http://www.xbrl.org/2003/arcrole/concept-label" xlink:from="GainOnRecoveryOfMoneyTransferScamAtSubsidiaryOpeCF" xlink:to="label_GainOnRecoveryOfMoneyTransferScamAtSubsidiaryOpeCF_2" />    <link:label xlink:type="resource" xlink:label="label_GainOnRecoveryOfMoneyTransferScamAtSubsidiaryOpeCFSubtotal" xml:lang="ja" xlink:role="http://www.xbrl.org/2003/role/label" id="label_GainOnRecoveryOfMoneyTransferScamAtSubsidiaryOpeCFSubtotal">子会社における送金詐欺回収益</link:label>    <link:labelArc xlink:type="arc" xlink:arcrole="http://www.xbrl.org/2003/arcrole/concept-label" xlink:from="GainOnRecoveryOfMoneyTransferScamAtSubsidiaryOpeCFSubtotal" xlink:to="label_GainOnRecoveryOfMoneyTransferScamAtSubsidiaryOpeCFSubtotal" />    <link:label xlink:type="resource" xlink:label="label_GainOnRecoveryOfMoneyTransferScamAtSubsidiaryOpeCFSubtotal_2" xml:lang="ja" xlink:role="http://www.xbrl.org/2003/role/verboseLabel" id="label_GainOnRecoveryOfMoneyTransferScamAtSubsidiaryOpeCFSubtotal_2">子会社における送金詐欺回収益、営業活動によるキャッシュ・フロー、小計の下</link:label>    <link:labelArc xlink:type="arc" xlink:arcrole="http://www.xbrl.org/2003/arcrole/concept-label" xlink:from="GainOnRecoveryOfMoneyTransferScamAtSubsidiaryOpeCFSubtotal" xlink:to="label_GainOnRecoveryOfMoneyTransferScamAtSubsidiaryOpeCFSubtotal_2" />    <link:label xlink:type="resource" xlink:label="label_OperationPreparationExpensesNOE" xml:lang="ja" xlink:role="http://www.xbrl.org/2003/role/label" id="label_OperationPreparationExpensesNOE">操業準備費用</link:label>    <link:labelArc xlink:type="arc" xlink:arcrole="http://www.xbrl.org/2003/arcrole/concept-label" xlink:from="OperationPreparationExpensesNOE" xlink:to="label_OperationPreparationExpensesNOE" />    <link:label xlink:type="resource" xlink:label="label_OperationPreparationExpensesNOE_2" xml:lang="ja" xlink:role="http://www.xbrl.org/2003/role/verboseLabel" id="label_OperationPreparationExpensesNOE_2">操業準備費用、営業外費用</link:label>    <link:labelArc xlink:type="arc" xlink:arcrole="http://www.xbrl.org/2003/arcrole/concept-label" xlink:from="OperationPreparationExpensesNOE" xlink:to="label_OperationPreparationExpensesNOE_2" />    <link:label xlink:type="resource" xlink:label="label_LossOnDisasterNOE" xml:lang="ja" xlink:role="http://www.xbrl.org/2003/role/label" id="label_LossOnDisasterNOE">災害による損失</link:label>    <link:labelArc xlink:type="arc" xlink:arcrole="http://www.xbrl.org/2003/arcrole/concept-label" xlink:from="LossOnDisasterNOE" xlink:to="label_LossOnDisasterNOE" />    <link:label xlink:type="resource" xlink:label="label_LossOnDisasterNOE_2" xml:lang="ja" xlink:role="http://www.xbrl.org/2003/role/verboseLabel" id="label_LossOnDisasterNOE_2">災害による損失、営業外費用</link:label>    <link:labelArc xlink:type="arc" xlink:arcrole="http://www.xbrl.org/2003/arcrole/concept-label" xlink:from="LossOnDisasterNOE" xlink:to="label_LossOnDisasterNOE_2" />    <link:label xlink:type="resource" xlink:label="label_GainOnRecoveryOfMoneyTransferScamAtSubsidiaryEI" xml:lang="ja" xlink:role="http://www.xbrl.org/2003/role/label" id="label_GainOnRecoveryOfMoneyTransferScamAtSubsidiaryEI">子会社における送金詐欺回収益</link:label>    <link:labelArc xlink:type="arc" xlink:arcrole="http://www.xbrl.org/2003/arcrole/concept-label" xlink:from="GainOnRecoveryOfMoneyTransferScamAtSubsidiaryEI" xlink:to="label_GainOnRecoveryOfMoneyTransferScamAtSubsidiaryEI" />    <link:label xlink:type="resource" xlink:label="label_GainOnRecoveryOfMoneyTransferScamAtSubsidiaryEI_2" xml:lang="ja" xlink:role="http://www.xbrl.org/2003/role/verboseLabel" id="label_GainOnRecoveryOfMoneyTransferScamAtSubsidiaryEI_2">子会社における送金詐欺回収益、特別利益</link:label>    <link:labelArc xlink:type="arc" xlink:arcrole="http://www.xbrl.org/2003/arcrole/concept-label" xlink:from="GainOnRecoveryOfMoneyTransferScamAtSubsidiaryEI" xlink:to="label_GainOnRecoveryOfMoneyTransferScamAtSubsidiaryEI_2" />    <link:label xlink:type="resource" xlink:label="label_LossOnFireEL" xml:lang="ja" xlink:role="http://www.xbrl.org/2003/role/label" id="label_LossOnFireEL">火災による損失</link:label>    <link:labelArc xlink:type="arc" xlink:arcrole="http://www.xbrl.org/2003/arcrole/concept-label" xlink:from="LossOnFireEL" xlink:to="label_LossOnFireEL" />    <link:label xlink:type="resource" xlink:label="label_LossOnFireEL_2" xml:lang="ja" xlink:role="http://www.xbrl.org/2003/role/verboseLabel" id="label_LossOnFireEL_2">火災による損失、特別損失</link:label>    <link:labelArc xlink:type="arc" xlink:arcrole="http://www.xbrl.org/2003/arcrole/concept-label" xlink:from="LossOnFireEL" xlink:to="label_LossOnFireEL_2" />  </link:labelLink></link:linkbase>