<?xml version="1.0" encoding="utf-8"?>
<!-- Generated by PRONEXUS WORKS --><link:linkbase xmlns:link="http://www.xbrl.org/2003/linkbase" xmlns:xsi="http://www.w3.org/2001/XMLSchema-instance" xmlns:xbrli="http://www.xbrl.org/2003/instance" xmlns:xlink="http://www.w3.org/1999/xlink">  <link:roleRef xlink:type="simple" roleURI="http://disclosure.edinet-fsa.go.jp/jppfs/ConsolidatedQuarterly/role/label" xlink:href="http://disclosure.edinet-fsa.go.jp/taxonomy/jppfs/2021-11-01/jppfs_rt_2021-11-01.xsd#rol_ConsolidatedQuarterlyLabel" />  <link:roleRef xlink:type="simple" roleURI="http://disclosure.edinet-fsa.go.jp/jpcrp/alt/role/label" xlink:href="http://disclosure.edinet-fsa.go.jp/taxonomy/jpcrp/2021-11-01/jpcrp_rt_2021-11-01.xsd#rol_altLabel" />  <link:roleRef xlink:type="simple" roleURI="http://disclosure.edinet-fsa.go.jp/jpcrp/alt/role/totalLabel" xlink:href="http://disclosure.edinet-fsa.go.jp/taxonomy/jpcrp/2021-11-01/jpcrp_rt_2021-11-01.xsd#rol_altTotalLabel" />  <link:roleRef xlink:type="simple" roleURI="http://disclosure.edinet-fsa.go.jp/jppfs/ConsolidatedQuarterly/role/periodEndLabel" xlink:href="http://disclosure.edinet-fsa.go.jp/taxonomy/jppfs/2021-11-01/jppfs_rt_2021-11-01.xsd#rol_ConsolidatedQuarterlyPeriodEndLabel" />  <link:labelLink xlink:type="extended" xlink:role="http://www.xbrl.org/2003/role/link">    <link:loc xlink:type="locator" xlink:href="tse-qcediffr-64480-2022-09-30-01-2022-11-09.xsd#tse-qcediffr-64480_PurchaseOfInvestmentsInDebtInstrumentsIFRS" xlink:label="PurchaseOfInvestmentsInDebtInstrumentsIFRS" />    <link:loc xlink:type="locator" xlink:href="tse-qcediffr-64480-2022-09-30-01-2022-11-09.xsd#tse-qcediffr-64480_ProceedsFromSalesOrRedemptionOfInvestmentsInDebtInstrumentsIFRS" xlink:label="ProceedsFromSalesOrRedemptionOfInvestmentsInDebtInstrumentsIFRS" />    <link:loc xlink:type="locator" xlink:href="http://disclosure.edinet-fsa.go.jp/taxonomy/jpigp/2021-11-01/jpigp_cor_2021-11-01.xsd#jpigp_cor_CashAndCashEquivalentsIFRS" xlink:label="CashAndCashEquivalentsIFRS" />    <link:loc xlink:type="locator" xlink:href="http://disclosure.edinet-fsa.go.jp/taxonomy/jpigp/2021-11-01/jpigp_cor_2021-11-01.xsd#jpigp_cor_ItemsThatWillNotBeReclassifiedToProfitOrLossOCIIFRSAbstract" xlink:label="ItemsThatWillNotBeReclassifiedToProfitOrLossOCIIFRSAbstract" />    <link:label xlink:type="resource" xlink:label="label_ItemsThatWillNotBeReclassifiedToProfitOrLossOCIIFRSAbstract" xml:lang="en" xlink:role="http://disclosure.edinet-fsa.go.jp/jpcrp/alt/role/label" id="label_ItemsThatWillNotBeReclassifiedToProfitOrLossOCIIFRSAbstract">Items that will not be reclassified to profit or loss</link:label>    <link:labelArc xlink:type="arc" xlink:arcrole="http://www.xbrl.org/2003/arcrole/concept-label" xlink:from="ItemsThatWillNotBeReclassifiedToProfitOrLossOCIIFRSAbstract" xlink:to="label_ItemsThatWillNotBeReclassifiedToProfitOrLossOCIIFRSAbstract" />    <link:loc xlink:type="locator" xlink:href="http://disclosure.edinet-fsa.go.jp/taxonomy/jpigp/2021-11-01/jpigp_cor_2021-11-01.xsd#jpigp_cor_NetChangeInFairValueOfEquityInstrumentsDesignatedAsMeasuredAtFairValueThroughOtherComprehensiveIncomeNetOfTaxItemsThatWillNotBeReclassifiedToProfitOrLossOCIIFRS" xlink:label="NetChangeInFairValueOfEquityInstrumentsDesignatedAsMeasuredAtFairValueThroughOtherComprehensiveIncomeNetOfTaxItemsThatWillNotBeReclassifiedToProfitOrLossOCIIFRS" />    <link:label xlink:type="resource" xlink:label="label_NetChangeInFairValueOfEquityInstrumentsDesignatedAsMeasuredAtFairValueThroughOtherComprehensiveIncomeNetOfTaxItemsThatWillNotBeReclassifiedToProfitOrLossOCIIFRS" xml:lang="en" xlink:role="http://disclosure.edinet-fsa.go.jp/jpcrp/alt/role/label" id="label_NetChangeInFairValueOfEquityInstrumentsDesignatedAsMeasuredAtFairValueThroughOtherComprehensiveIncomeNetOfTaxItemsThatWillNotBeReclassifiedToProfitOrLossOCIIFRS">Net change in fair value of equity instruments designated as measured at fair value through other comprehensive income</link:label>    <link:labelArc xlink:type="arc" xlink:arcrole="http://www.xbrl.org/2003/arcrole/concept-label" xlink:from="NetChangeInFairValueOfEquityInstrumentsDesignatedAsMeasuredAtFairValueThroughOtherComprehensiveIncomeNetOfTaxItemsThatWillNotBeReclassifiedToProfitOrLossOCIIFRS" xlink:to="label_NetChangeInFairValueOfEquityInstrumentsDesignatedAsMeasuredAtFairValueThroughOtherComprehensiveIncomeNetOfTaxItemsThatWillNotBeReclassifiedToProfitOrLossOCIIFRS" />    <link:loc xlink:type="locator" xlink:href="http://disclosure.edinet-fsa.go.jp/taxonomy/jpigp/2021-11-01/jpigp_cor_2021-11-01.xsd#jpigp_cor_TotalOfItemsThatWillNotBeReclassifiedToProfitOrLossOCIIFRS" xlink:label="TotalOfItemsThatWillNotBeReclassifiedToProfitOrLossOCIIFRS" />    <link:label xlink:type="resource" xlink:label="label_TotalOfItemsThatWillNotBeReclassifiedToProfitOrLossOCIIFRS" xml:lang="en" xlink:role="http://disclosure.edinet-fsa.go.jp/jpcrp/alt/role/totalLabel" id="label_TotalOfItemsThatWillNotBeReclassifiedToProfitOrLossOCIIFRS">Total</link:label>    <link:labelArc xlink:type="arc" xlink:arcrole="http://www.xbrl.org/2003/arcrole/concept-label" xlink:from="TotalOfItemsThatWillNotBeReclassifiedToProfitOrLossOCIIFRS" xlink:to="label_TotalOfItemsThatWillNotBeReclassifiedToProfitOrLossOCIIFRS" />    <link:loc xlink:type="locator" xlink:href="http://disclosure.edinet-fsa.go.jp/taxonomy/jpigp/2021-11-01/jpigp_cor_2021-11-01.xsd#jpigp_cor_ItemsThatMayBeReclassifiedToProfitOrLossOCIIFRSAbstract" xlink:label="ItemsThatMayBeReclassifiedToProfitOrLossOCIIFRSAbstract" />    <link:label xlink:type="resource" xlink:label="label_ItemsThatMayBeReclassifiedToProfitOrLossOCIIFRSAbstract" xml:lang="en" xlink:role="http://disclosure.edinet-fsa.go.jp/jpcrp/alt/role/label" id="label_ItemsThatMayBeReclassifiedToProfitOrLossOCIIFRSAbstract">Items that may be reclassified to profit or loss</link:label>    <link:labelArc xlink:type="arc" xlink:arcrole="http://www.xbrl.org/2003/arcrole/concept-label" xlink:from="ItemsThatMayBeReclassifiedToProfitOrLossOCIIFRSAbstract" xlink:to="label_ItemsThatMayBeReclassifiedToProfitOrLossOCIIFRSAbstract" />    <link:loc xlink:type="locator" xlink:href="http://disclosure.edinet-fsa.go.jp/taxonomy/jpigp/2021-11-01/jpigp_cor_2021-11-01.xsd#jpigp_cor_TotalOfItemsThatMayBeReclassifiedToProfitOrLossOCIIFRS" xlink:label="TotalOfItemsThatMayBeReclassifiedToProfitOrLossOCIIFRS" />    <link:label xlink:type="resource" xlink:label="label_TotalOfItemsThatMayBeReclassifiedToProfitOrLossOCIIFRS" xml:lang="en" xlink:role="http://disclosure.edinet-fsa.go.jp/jpcrp/alt/role/totalLabel" id="label_TotalOfItemsThatMayBeReclassifiedToProfitOrLossOCIIFRS">Total</link:label>    <link:labelArc xlink:type="arc" xlink:arcrole="http://www.xbrl.org/2003/arcrole/concept-label" xlink:from="TotalOfItemsThatMayBeReclassifiedToProfitOrLossOCIIFRS" xlink:to="label_TotalOfItemsThatMayBeReclassifiedToProfitOrLossOCIIFRS" />    <link:loc xlink:type="locator" xlink:href="http://disclosure.edinet-fsa.go.jp/taxonomy/jpigp/2021-11-01/jpigp_cor_2021-11-01.xsd#jpigp_cor_ComprehensiveIncomeAttributableToIFRSAbstract" xlink:label="ComprehensiveIncomeAttributableToIFRSAbstract" />    <link:label xlink:type="resource" xlink:label="label_ComprehensiveIncomeAttributableToIFRSAbstract" xml:lang="en" xlink:role="http://disclosure.edinet-fsa.go.jp/jppfs/ConsolidatedQuarterly/role/label" id="label_ComprehensiveIncomeAttributableToIFRSAbstract">Comprehensive income attributable to</link:label>    <link:labelArc xlink:type="arc" xlink:arcrole="http://www.xbrl.org/2003/arcrole/concept-label" xlink:from="ComprehensiveIncomeAttributableToIFRSAbstract" xlink:to="label_ComprehensiveIncomeAttributableToIFRSAbstract" />    <link:loc xlink:type="locator" xlink:href="http://disclosure.edinet-fsa.go.jp/taxonomy/jpigp/2021-11-01/jpigp_cor_2021-11-01.xsd#jpigp_cor_RevenueIFRS" xlink:label="RevenueIFRS" />    <link:label xlink:type="resource" xlink:label="label_RevenueIFRS" xml:lang="en" xlink:role="http://disclosure.edinet-fsa.go.jp/jpcrp/alt/role/totalLabel" id="label_RevenueIFRS">Total</link:label>    <link:labelArc xlink:type="arc" xlink:arcrole="http://www.xbrl.org/2003/arcrole/concept-label" xlink:from="RevenueIFRS" xlink:to="label_RevenueIFRS" />    <link:loc xlink:type="locator" xlink:href="http://disclosure.edinet-fsa.go.jp/taxonomy/jpigp/2021-11-01/jpigp_cor_2021-11-01.xsd#jpigp_cor_ShareOfProfitLossOfInvestmentsAccountedForUsingEquityMethodIFRS" xlink:label="ShareOfProfitLossOfInvestmentsAccountedForUsingEquityMethodIFRS" />    <link:label xlink:type="resource" xlink:label="label_ShareOfProfitLossOfInvestmentsAccountedForUsingEquityMethodIFRS" xml:lang="en" xlink:role="http://disclosure.edinet-fsa.go.jp/jpcrp/alt/role/label" id="label_ShareOfProfitLossOfInvestmentsAccountedForUsingEquityMethodIFRS">Share of profit (loss) of investments accounted for using equity method</link:label>    <link:labelArc xlink:type="arc" xlink:arcrole="http://www.xbrl.org/2003/arcrole/concept-label" xlink:from="ShareOfProfitLossOfInvestmentsAccountedForUsingEquityMethodIFRS" xlink:to="label_ShareOfProfitLossOfInvestmentsAccountedForUsingEquityMethodIFRS" />    <link:label xlink:type="resource" xlink:label="label_PurchaseOfInvestmentsInDebtInstrumentsIFRS" xml:lang="en" xlink:role="http://www.xbrl.org/2003/role/label" id="label_PurchaseOfInvestmentsInDebtInstrumentsIFRS">Purchase of investments in debt instruments</link:label>    <link:labelArc xlink:type="arc" xlink:arcrole="http://www.xbrl.org/2003/arcrole/concept-label" xlink:from="PurchaseOfInvestmentsInDebtInstrumentsIFRS" xlink:to="label_PurchaseOfInvestmentsInDebtInstrumentsIFRS" />    <link:label xlink:type="resource" xlink:label="label_PurchaseOfInvestmentsInDebtInstrumentsIFRS_2" xml:lang="en" xlink:role="http://www.xbrl.org/2003/role/verboseLabel" id="label_PurchaseOfInvestmentsInDebtInstrumentsIFRS_2">Purchase of investments in debt instruments (IFRS)</link:label>    <link:labelArc xlink:type="arc" xlink:arcrole="http://www.xbrl.org/2003/arcrole/concept-label" xlink:from="PurchaseOfInvestmentsInDebtInstrumentsIFRS" xlink:to="label_PurchaseOfInvestmentsInDebtInstrumentsIFRS_2" />    <link:label xlink:type="resource" xlink:label="label_ProceedsFromSalesOrRedemptionOfInvestmentsInDebtInstrumentsIFRS" xml:lang="en" xlink:role="http://www.xbrl.org/2003/role/label" id="label_ProceedsFromSalesOrRedemptionOfInvestmentsInDebtInstrumentsIFRS">Proceeds from sales or redemption of investments in debt instruments</link:label>    <link:labelArc xlink:type="arc" xlink:arcrole="http://www.xbrl.org/2003/arcrole/concept-label" xlink:from="ProceedsFromSalesOrRedemptionOfInvestmentsInDebtInstrumentsIFRS" xlink:to="label_ProceedsFromSalesOrRedemptionOfInvestmentsInDebtInstrumentsIFRS" />    <link:label xlink:type="resource" xlink:label="label_ProceedsFromSalesOrRedemptionOfInvestmentsInDebtInstrumentsIFRS_2" xml:lang="en" xlink:role="http://www.xbrl.org/2003/role/verboseLabel" id="label_ProceedsFromSalesOrRedemptionOfInvestmentsInDebtInstrumentsIFRS_2">Proceeds from sales or redemption of investments in debt instruments (IFRS)</link:label>    <link:labelArc xlink:type="arc" xlink:arcrole="http://www.xbrl.org/2003/arcrole/concept-label" xlink:from="ProceedsFromSalesOrRedemptionOfInvestmentsInDebtInstrumentsIFRS" xlink:to="label_ProceedsFromSalesOrRedemptionOfInvestmentsInDebtInstrumentsIFRS_2" />    <link:loc xlink:type="locator" xlink:href="http://disclosure.edinet-fsa.go.jp/taxonomy/jpigp/2021-11-01/label/jpigp_2021-11-01_lab-en.xml#label_CashAndCashEquivalentsIFRS_8" xlink:label="label_CashAndCashEquivalentsIFRS" xlink:role="http://disclosure.edinet-fsa.go.jp/jppfs/ConsolidatedQuarterly/role/periodEndLabel" />    <link:labelArc xlink:type="arc" xlink:arcrole="http://www.xbrl.org/2003/arcrole/concept-label" xlink:from="CashAndCashEquivalentsIFRS" xlink:to="label_CashAndCashEquivalentsIFRS" use="prohibited" priority="1" />    <link:label xlink:type="resource" xlink:label="label_CashAndCashEquivalentsIFRS_2" xml:lang="en" xlink:role="http://disclosure.edinet-fsa.go.jp/jppfs/ConsolidatedQuarterly/role/periodEndLabel" id="label_CashAndCashEquivalentsIFRS_2">Cash and cash equivalents</link:label>    <link:labelArc xlink:type="arc" xlink:arcrole="http://www.xbrl.org/2003/arcrole/concept-label" xlink:from="CashAndCashEquivalentsIFRS" xlink:to="label_CashAndCashEquivalentsIFRS_2" priority="2" />    <link:loc xlink:type="locator" xlink:href="http://disclosure.edinet-fsa.go.jp/taxonomy/jpigp/2021-11-01/jpigp_cor_2021-11-01.xsd#jpigp_cor_FinanceIncomeAndFinanceCostsOpeCFIFRS" xlink:label="FinanceIncomeAndFinanceCostsOpeCFIFRS" />    <link:label xlink:type="resource" xlink:label="label_FinanceIncomeAndFinanceCostsOpeCFIFRS" xml:lang="en" xlink:role="http://disclosure.edinet-fsa.go.jp/jpcrp/alt/role/label" id="label_FinanceIncomeAndFinanceCostsOpeCFIFRS">Finance income and finance costs</link:label>    <link:labelArc xlink:type="arc" xlink:arcrole="http://www.xbrl.org/2003/arcrole/concept-label" xlink:from="FinanceIncomeAndFinanceCostsOpeCFIFRS" xlink:to="label_FinanceIncomeAndFinanceCostsOpeCFIFRS" />    <link:loc xlink:type="locator" xlink:href="http://disclosure.edinet-fsa.go.jp/taxonomy/jpigp/2021-11-01/jpigp_cor_2021-11-01.xsd#jpigp_cor_ProceedsFromShortTermBorrowingsFinCFIFRS" xlink:label="ProceedsFromShortTermBorrowingsFinCFIFRS" />    <link:label xlink:type="resource" xlink:label="label_ProceedsFromShortTermBorrowingsFinCFIFRS" xml:lang="en" xlink:role="http://disclosure.edinet-fsa.go.jp/jpcrp/alt/role/label" id="label_ProceedsFromShortTermBorrowingsFinCFIFRS">Proceeds from short-term borrowings</link:label>    <link:labelArc xlink:type="arc" xlink:arcrole="http://www.xbrl.org/2003/arcrole/concept-label" xlink:from="ProceedsFromShortTermBorrowingsFinCFIFRS" xlink:to="label_ProceedsFromShortTermBorrowingsFinCFIFRS" />    <link:loc xlink:type="locator" xlink:href="http://disclosure.edinet-fsa.go.jp/taxonomy/jpigp/2021-11-01/jpigp_cor_2021-11-01.xsd#jpigp_cor_ProceedsFromLongTermBorrowingsFinCFIFRS" xlink:label="ProceedsFromLongTermBorrowingsFinCFIFRS" />    <link:label xlink:type="resource" xlink:label="label_ProceedsFromLongTermBorrowingsFinCFIFRS" xml:lang="en" xlink:role="http://disclosure.edinet-fsa.go.jp/jpcrp/alt/role/label" id="label_ProceedsFromLongTermBorrowingsFinCFIFRS">Proceeds from long-term borrowings</link:label>    <link:labelArc xlink:type="arc" xlink:arcrole="http://www.xbrl.org/2003/arcrole/concept-label" xlink:from="ProceedsFromLongTermBorrowingsFinCFIFRS" xlink:to="label_ProceedsFromLongTermBorrowingsFinCFIFRS" />    <link:loc xlink:type="locator" xlink:href="http://disclosure.edinet-fsa.go.jp/taxonomy/jpigp/2021-11-01/jpigp_cor_2021-11-01.xsd#jpigp_cor_EffectOfExchangeRateChangesOnCashAndCashEquivalentsIFRS" xlink:label="EffectOfExchangeRateChangesOnCashAndCashEquivalentsIFRS" />    <link:label xlink:type="resource" xlink:label="label_EffectOfExchangeRateChangesOnCashAndCashEquivalentsIFRS" xml:lang="en" xlink:role="http://disclosure.edinet-fsa.go.jp/jpcrp/alt/role/label" id="label_EffectOfExchangeRateChangesOnCashAndCashEquivalentsIFRS">Effect of exchange rate changes on cash and cash equivalents</link:label>    <link:labelArc xlink:type="arc" xlink:arcrole="http://www.xbrl.org/2003/arcrole/concept-label" xlink:from="EffectOfExchangeRateChangesOnCashAndCashEquivalentsIFRS" xlink:to="label_EffectOfExchangeRateChangesOnCashAndCashEquivalentsIFRS" />    <link:loc xlink:type="locator" xlink:href="http://disclosure.edinet-fsa.go.jp/taxonomy/jpigp/2021-11-01/jpigp_cor_2021-11-01.xsd#jpigp_cor_NetChangeInFairValueOfEquityInstrumentsDesignatedAsMeasuredAtFairValueThroughOtherComprehensiveIncomeIFRSMember" xlink:label="NetChangeInFairValueOfEquityInstrumentsDesignatedAsMeasuredAtFairValueThroughOtherComprehensiveIncomeIFRSMember" />    <link:label xlink:type="resource" xlink:label="label_NetChangeInFairValueOfEquityInstrumentsDesignatedAsMeasuredAtFairValueThroughOtherComprehensiveIncomeIFRSMember" xml:lang="en" xlink:role="http://disclosure.edinet-fsa.go.jp/jpcrp/alt/role/label" id="label_NetChangeInFairValueOfEquityInstrumentsDesignatedAsMeasuredAtFairValueThroughOtherComprehensiveIncomeIFRSMember">Net change in fair value of equity instruments designated as measured at fair value through other comprehensive income</link:label>    <link:labelArc xlink:type="arc" xlink:arcrole="http://www.xbrl.org/2003/arcrole/concept-label" xlink:from="NetChangeInFairValueOfEquityInstrumentsDesignatedAsMeasuredAtFairValueThroughOtherComprehensiveIncomeIFRSMember" xlink:to="label_NetChangeInFairValueOfEquityInstrumentsDesignatedAsMeasuredAtFairValueThroughOtherComprehensiveIncomeIFRSMember" />    <link:loc xlink:type="locator" xlink:href="http://disclosure.edinet-fsa.go.jp/taxonomy/jpigp/2021-11-01/jpigp_cor_2021-11-01.xsd#jpigp_cor_DisposalOfTreasurySharesSSIFRS" xlink:label="DisposalOfTreasurySharesSSIFRS" />    <link:label xlink:type="resource" xlink:label="label_DisposalOfTreasurySharesSSIFRS" xml:lang="en" xlink:role="http://disclosure.edinet-fsa.go.jp/jpcrp/alt/role/label" id="label_DisposalOfTreasurySharesSSIFRS">Disposal of treasury shares</link:label>    <link:labelArc xlink:type="arc" xlink:arcrole="http://www.xbrl.org/2003/arcrole/concept-label" xlink:from="DisposalOfTreasurySharesSSIFRS" xlink:to="label_DisposalOfTreasurySharesSSIFRS" />    <link:loc xlink:type="locator" xlink:href="http://disclosure.edinet-fsa.go.jp/taxonomy/jpigp/2021-11-01/jpigp_cor_2021-11-01.xsd#jpigp_cor_ShareBasedPaymentTransactionsSSIFRS" xlink:label="ShareBasedPaymentTransactionsSSIFRS" />    <link:label xlink:type="resource" xlink:label="label_ShareBasedPaymentTransactionsSSIFRS" xml:lang="en" xlink:role="http://disclosure.edinet-fsa.go.jp/jpcrp/alt/role/label" id="label_ShareBasedPaymentTransactionsSSIFRS">Share-based payment transactions</link:label>    <link:labelArc xlink:type="arc" xlink:arcrole="http://www.xbrl.org/2003/arcrole/concept-label" xlink:from="ShareBasedPaymentTransactionsSSIFRS" xlink:to="label_ShareBasedPaymentTransactionsSSIFRS" />    <link:loc xlink:type="locator" xlink:href="http://disclosure.edinet-fsa.go.jp/taxonomy/jpigp/2021-11-01/jpigp_cor_2021-11-01.xsd#jpigp_cor_TotalTransactionsWithOwnersIFRS" xlink:label="TotalTransactionsWithOwnersIFRS" />    <link:label xlink:type="resource" xlink:label="label_TotalTransactionsWithOwnersIFRS" xml:lang="en" xlink:role="http://www.xbrl.org/2003/role/totalLabel" id="label_TotalTransactionsWithOwnersIFRS">Total</link:label>    <link:labelArc xlink:type="arc" xlink:arcrole="http://www.xbrl.org/2003/arcrole/concept-label" xlink:from="TotalTransactionsWithOwnersIFRS" xlink:to="label_TotalTransactionsWithOwnersIFRS" />  </link:labelLink></link:linkbase>